id,sales
3000888,4.351731945097158
3000889,0.0
3000890,3.800478643048951
3000891,2454.443294568062
3000892,0.48184900766984745
3000893,403.76599407045103
3000894,17.139995575199272
3000895,827.4624585160416
3000896,826.6594301400997
3000897,138.9357424882417
3000898,162.46159699706007
3000899,157.95473669867354
3000900,3106.5290321159305
3000901,30.579037052521443
3000902,2.4055845382586503
3000903,28.902773424511782
3000904,27.5415988296252
3000905,0.4453127285353107
3000906,196.6476113392568
3000907,16.82737237118724
3000908,25.660693721034924
3000909,9.744934944354476
3000910,97.64629290756338
3000911,8.527582252449491
3000912,291.9458626820508
3000913,155.13004920215602
3000914,5.279791536173272
3000915,11.102686545007987
3000916,358.8099118316701
3000917,66.99128626121954
3000918,4100.324224870216
3000919,0.10453998797335726
3000920,30.45019251427484
3000921,0.944693096914802
3000922,0.0
3000923,2.0189655610366453
3000924,1017.6233968908041
3000925,0.0
3000926,81.70035415292226
3000927,4.010977834518107
3000928,531.8717137068594
3000929,363.8993487432507
3000930,188.33152954313684
3000931,34.46730695962609
3000932,26.794623135924713
3000933,2117.49975258582
3000934,6.661039370735169
3000935,0.28462539377778157
3000936,9.853439810432615
3000937,6.603936725843554
3000938,0.2168957574643114
3000939,119.89550601897321
3000940,0.0
3000941,0.0
3000942,1.570447257069154
3000943,11.190491374553165
3000944,0.5554437544395313
3000945,138.73136037618622
3000946,111.44075451879361
3000947,0.6421565675207039
3000948,1.6430182692623145
3000949,117.25373327311408
3000950,17.40347757828202
3000951,204.71804942455555
3000952,0.7937178110062868
3000953,0.9206012373156183
3000954,4.53278727043713
3000955,0.20080010208149648
3000956,1.9614421272241278
3000957,3537.4477268590554
3000958,0.0
3000959,566.9074291909413
3000960,10.087838762600896
3000961,1289.941087852402
3000962,600.4712166852834
3000963,390.3791428001473
3000964,176.98713403490552
3000965,68.09797212727473
3000966,5658.919288114761
3000967,28.451370131617573
3000968,0.3248460827366164
3000969,10.382034315365338
3000970,14.783960932281584
3000971,0.33098494417051444
3000972,345.1607283611487
3000973,12.238527740513874
3000974,2.7985237487576216
3000975,9.83214053251268
3000976,47.83329089275498
3000977,2.945799258613881
3000978,530.472250465651
3000979,260.8588697485264
3000980,1.8105634047371675
3000981,12.392746501872972
3000982,341.18950936919066
3000983,95.11855222010699
3000984,947.5794928138149
3000985,8.533105771827193
3000986,5.937916205838313
3000987,3.907162638191004
3000988,0.0895012302631987
3000989,1.3095421791110025
3000990,1449.85543736666
3000991,0.0
3000992,197.45240273544835
3000993,13.72549182604831
3000994,735.802296375425
3000995,519.325079851688
3000996,202.86000580729154
3000997,39.76927964925744
3000998,30.297635171108716
3000999,2719.2710785540908
3001000,11.785586815351106
3001001,0.5680275691523874
3001002,12.846479951891162
3001003,16.216561152771167
3001004,0.48301742440284595
3001005,137.5107293607613
3001006,8.942840141369638
3001007,0.0
3001008,3.8136322100042266
3001009,34.422964641940325
3001010,1.589917171619287
3001011,120.25325112758044
3001012,133.09837345860186
3001013,1.5873892323252168
3001014,4.644261299972601
3001015,128.51748948024505
3001016,39.75592201417282
3001017,328.96059349585903
3001018,2.2440950169829668
3001019,5.000609651336125
3001020,2.092327115221497
3001021,0.0
3001022,3.5920563947314275
3001023,1253.6766882215252
3001024,0.0
3001025,103.40361928442563
3001026,7.817649252679563
3001027,504.1938847562508
3001028,301.03849088488226
3001029,117.61382498250639
3001030,53.47918171738828
3001031,25.191473692413798
3001032,2264.3060489840245
3001033,14.672686035288896
3001034,0.1459282748523811
3001035,10.69180832887912
3001036,6.652041254932119
3001037,0.1264180875217256
3001038,102.24891298552177
3001039,0.4863059049750141
3001040,0.0
3001041,2.80337405038122
3001042,39.302844454929755
3001043,0.7826245201561854
3001044,123.30056368971586
3001045,116.85121613752315
3001046,0.6110330746209791
3001047,3.7075696970980774
3001048,46.80168317647037
3001049,33.05114798286516
3001050,158.74353318448422
3001051,1.4547414898540518
3001052,2.460783656552343
3001053,1.822836952713461
3001054,0.0
3001055,2.944096340193576
3001056,1250.515765514197
3001057,0.0
3001058,137.05055104068862
3001059,6.7294880672218875
3001060,1042.8385513563453
3001061,447.86143457307685
3001062,214.7894130720837
3001063,26.39465271718723
3001064,44.46777120381643
3001065,2602.0166173020207
3001066,11.897059929038521
3001067,0.2945900766664655
3001068,4.156938764408693
3001069,20.15812196068644
3001070,0.06877074405305561
3001071,145.92503359704423
3001072,2.573927055746753
3001073,0.0
3001074,2.9259856296988698
3001075,15.13606084390788
3001076,1.8149011552091443
3001077,173.80610954313
3001078,232.13106789900996
3001079,1.1287587293115031
3001080,4.456138605728109
3001081,66.6697219425802
3001082,86.70732563085875
3001083,330.44250941698255
3001084,1.2115306348645054
3001085,2.3890727787658106
3001086,3.0297678709583122
3001087,1.7518233015014237
3001088,3.344729178422875
3001089,1556.1220118828041
3001090,0.0
3001091,151.42860800216567
3001092,2.213860387062081
3001093,784.0592532967521
3001094,458.8755918831465
3001095,258.6506814138051
3001096,82.99019473108557
3001097,56.904415788782515
3001098,2665.0063738520766
3001099,8.932277851801185
3001100,0.9406913840054745
3001101,14.675374832905879
3001102,18.373482501450788
3001103,0.26057851006496263
3001104,190.5503290141005
3001105,8.705341020718565
3001106,0.0
3001107,4.065872013702787
3001108,19.59372787455713
3001109,2.0809186320051096
3001110,144.8485861166308
3001111,146.29924870973252
3001112,0.9310967251407668
3001113,4.684859995565948
3001114,109.64739680986602
3001115,46.84455766746604
3001116,603.66867949801
3001117,1.5918703831422267
3001118,5.788792049052245
3001119,3.2307032080977516
3001120,0.08406920693735692
3001121,1.7629177434193566
3001122,1445.7960016470117
3001123,0.0
3001124,130.46293472728925
3001125,4.195633228080468
3001126,1400.4995726794668
3001127,241.85193571435732
3001128,138.13795565126557
3001129,110.11219182709895
3001130,26.03362273297909
3001131,2052.5186689232182
3001132,7.999344123990518
3001133,0.4272156156527211
3001134,8.222225029953831
3001135,8.78689962921751
3001136,0.11451380214305576
3001137,141.38074515251878
3001138,0.0
3001139,0.0
3001140,1.454474527307522
3001141,44.99901121968489
3001142,0.8890519506325867
3001143,50.99933820676167
3001144,104.75871791442333
3001145,1.0110753813974094
3001146,2.116307105352787
3001147,58.79459845418716
3001148,26.54537431182314
3001149,447.9340477587508
3001150,1.1796977175249739
3001151,1.6136092100316122
3001152,6.716246102672616
3001153,0.5285398572868566
3001154,2.3986336426586257
3001155,2409.343279261171
3001156,0.0
3001157,264.7810033464685
3001158,3.6403565965924622
3001159,706.2736856173111
3001160,876.2562810207561
3001161,405.4026667091717
3001162,120.59570401140103
3001163,76.47412807058544
3001164,3417.793810785367
3001165,11.740025704217135
3001166,0.40125466665020704
3001167,14.452893587779128
3001168,5.839264956836395
3001169,0.39807705285507944
3001170,205.55647756969108
3001171,1.4447102476039424
3001172,0.0
3001173,3.3548858752237423
3001174,25.222318903245938
3001175,3.4771878705089794
3001176,236.39310303796725
3001177,172.35281989831884
3001178,1.3214035509696482
3001179,4.728158744785443
3001180,269.130700787977
3001181,42.657625266093525
3001182,1076.0514609131453
3001183,4.093530269045581
3001184,10.60625664674726
3001185,3.403406289817787
3001186,0.10609006481784503
3001187,2.110098905563268
3001188,1494.1669226033525
3001189,0.0
3001190,502.5262529304509
3001191,6.1270031542117405
3001192,371.48692434921156
3001193,634.2155625687825
3001194,148.38048753807337
3001195,118.312358434856
3001196,43.50564718644303
3001197,2097.3097336211085
3001198,9.339194245894733
3001199,0.722327384862681
3001200,9.247787670925138
3001201,13.29587734398183
3001202,0.4911522282790112
3001203,129.76420618430532
3001204,10.3319565243532
3001205,5.4200638879688805
3001206,4.823413183864395
3001207,46.03196649593674
3001208,1.6496386085629084
3001209,65.19651484611154
3001210,105.06913379322374
3001211,3.7830739800733344
3001212,4.697495868411695
3001213,114.48236120899534
3001214,56.36258087100688
3001215,1210.026773823659
3001216,11.436300394089958
3001217,6.613507087240809
3001218,3.079344624085162
3001219,0.2558710944625236
3001220,2.8534762534913356
3001221,1835.1200340675805
3001222,0.0
3001223,132.39125928316767
3001224,5.3217558923427974
3001225,665.4174874618881
3001226,294.9497927332996
3001227,244.24134415001086
3001228,48.59024753520873
3001229,41.00771689435758
3001230,2731.517139695973
3001231,26.268613616646043
3001232,0.8839076077579522
3001233,11.941218277094206
3001234,13.026378182400036
3001235,0.06683262637336906
3001236,118.2827041496858
3001237,4.629180886905586
3001238,0.0
3001239,3.3422893659329964
3001240,23.073817778622022
3001241,2.8893404201678203
3001242,103.84133229179255
3001243,112.63531809268278
3001244,1.0791877231777447
3001245,3.9010686365041702
3001246,74.83483185385292
3001247,23.01068344744537
3001248,326.3505064381034
3001249,1.3705283419618408
3001250,3.0151812185447366
3001251,4.142159803334505
3001252,0.0
3001253,6.2910563539276625
3001254,2621.963195386932
3001255,0.0
3001256,584.1778662288499
3001257,10.253253920787689
3001258,780.0745815566183
3001259,759.1061930104779
3001260,188.06787142369083
3001261,156.65393218973148
3001262,104.23013207379273
3001263,3454.9767422474924
3001264,42.24906979162544
3001265,0.5994250373751704
3001266,12.576124536488358
3001267,51.941451079376876
3001268,0.2878992744793671
3001269,199.1639818467212
3001270,16.206299111782474
3001271,21.52680006178709
3001272,4.93475338367413
3001273,73.34467735641049
3001274,8.18620569683545
3001275,447.3564074058777
3001276,177.79678243913347
3001277,8.207984635161761
3001278,7.506979504980392
3001279,383.26923002966936
3001280,89.32623498135605
3001281,3197.9699515899383
3001282,0.0
3001283,33.15185662146893
3001284,5.807699792844859
3001285,0.0
3001286,3.478924957513793
3001287,2390.0080373680676
3001288,0.0
3001289,340.18690243145227
3001290,6.792379418797577
3001291,951.2790280763139
3001292,687.8192838989615
3001293,417.467053317865
3001294,66.26885897106436
3001295,47.31180554273712
3001296,3820.3327978602565
3001297,13.440547385674142
3001298,0.5458916246971887
3001299,0.9356462072552995
3001300,12.15168981450323
3001301,0.13538137325615027
3001302,206.9271747162561
3001303,1.1401205546465067
3001304,6.357055288941836
3001305,2.9802172382248706
3001306,39.7115331946164
3001307,1.4826578503089936
3001308,247.4042772012951
3001309,179.91608200549524
3001310,3.052279014349442
3001311,2.7162183273852776
3001312,178.90947796591064
3001313,34.715676312713335
3001314,624.0057782930572
3001315,18.647422918578485
3001316,10.08927954454846
3001317,7.699156518959756
3001318,0.0
3001319,2.8297976256809885
3001320,2129.5595410069773
3001321,0.0
3001322,357.9520284727898
3001323,5.836617504012295
3001324,1514.9686074091321
3001325,587.6627007759107
3001326,241.92927045491277
3001327,206.4473698549724
3001328,76.49071851659109
3001329,3153.852480950514
3001330,15.490484761629247
3001331,0.7779412813671763
3001332,17.712983196423792
3001333,42.13843055682586
3001334,0.16007199530131544
3001335,214.67263607389432
3001336,3.0536401023534174
3001337,3.766862417087991
3001338,9.700722489328895
3001339,65.80414522108524
3001340,1.7435501004289864
3001341,96.23825101257127
3001342,170.09120115876408
3001343,3.182146032211982
3001344,3.734219985314801
3001345,136.90592095043144
3001346,128.00510907899042
3001347,1078.315063027292
3001348,3.653367970167463
3001349,5.472289360089716
3001350,2.7193018005033074
3001351,0.11786615277398255
3001352,2.9454310615550376
3001353,1374.587268468431
3001354,0.0
3001355,124.21677555048956
3001356,6.820737735689512
3001357,500.03435062362854
3001358,330.75270386352446
3001359,121.33326323887854
3001360,49.17787500055358
3001361,43.81719853394125
3001362,2104.7757645739903
3001363,11.909556758157724
3001364,0.9622919431870521
3001365,13.737707997611702
3001366,13.522401854151838
3001367,0.0023291567938717866
3001368,124.28197126536982
3001369,2.5069950585054555
3001370,0.0
3001371,3.7149498398230087
3001372,67.40842978422758
3001373,2.2177903232429768
3001374,101.79775465968837
3001375,115.45023100768664
3001376,1.1363779704965624
3001377,3.639529475048184
3001378,137.43461347475775
3001379,35.42257337552487
3001380,410.6032859741001
3001381,1.4773672423972473
3001382,1.8840828565094951
3001383,1.720604343007407
3001384,0.0
3001385,0.6170813424555217
3001386,1371.4701629274032
3001387,0.0
3001388,261.4213735122589
3001389,10.138611909255578
3001390,516.5538779754066
3001391,464.6476188353053
3001392,116.1789523769533
3001393,47.95903421296649
3001394,63.82115609023549
3001395,2070.9630995373677
3001396,26.031014609403535
3001397,0.5755180069886047
3001398,12.422937780468647
3001399,13.528501175591074
3001400,0.13301879859832982
3001401,112.1201714610126
3001402,11.30119027437803
3001403,3.8791884849788953
3001404,2.0622346030173397
3001405,34.76893578699774
3001406,4.320913456952082
3001407,487.592115103686
3001408,127.26196315417718
3001409,4.254109457499138
3001410,5.525149418222897
3001411,316.94684649843333
3001412,31.17955447395551
3001413,1541.7619194776582
3001414,0.0
3001415,5.649591299269777
3001416,3.1364449163814516
3001417,0.003310903600437089
3001418,3.2622382860794517
3001419,3657.6917003424164
3001420,0.0
3001421,781.7145930503704
3001422,13.290013338228588
3001423,1169.5966372429575
3001424,1342.912885313465
3001425,271.01891671478654
3001426,262.0231026246032
3001427,186.92356321036272
3001428,4377.061124713308
3001429,37.304133158352904
3001430,0.926699569613347
3001431,20.9103125918497
3001432,37.5064755370009
3001433,0.14411951602255654
3001434,265.081678818884
3001435,12.41067885944512
3001436,46.904765805268404
3001437,8.795855992573054
3001438,86.04235824807606
3001439,12.86283665772983
3001440,398.3033107267817
3001441,250.79722634839592
3001442,16.485871999018254
3001443,8.500487183999356
3001444,561.9674641272128
3001445,118.82764681657989
3001446,6028.900978193078
3001447,0.05628640030236571
3001448,24.76491472100138
3001449,2.2271030304421635
3001450,0.05522869004182614
3001451,1.7301001191114689
3001452,1329.402752278127
3001453,0.0
3001454,288.66304603086684
3001455,4.259055137762286
3001456,294.2625766511056
3001457,449.0503985229446
3001458,108.5292100267095
3001459,92.59627928045855
3001460,0.0
3001461,1470.4491194773495
3001462,16.140687839689566
3001463,0.40215981676684953
3001464,8.894413467022618
3001465,9.779543815132582
3001466,0.10677269710852406
3001467,74.21658125487356
3001468,0.0
3001469,33.598928805222684
3001470,0.4821267518964754
3001471,41.96194445842286
3001472,6.523250965653298
3001473,186.96415200263252
3001474,79.48784696491813
3001475,4.572619033745072
3001476,3.8048269655489277
3001477,151.31427535120991
3001478,27.9977918117783
3001479,2326.0421092297142
3001480,3.4615292985722244
3001481,1.88035843157293
3001482,3.9208319347718246
3001483,0.0
3001484,0.0
3001485,725.9612651425027
3001486,0.0
3001487,197.62465574120128
3001488,6.185066207623968
3001489,352.78613262735706
3001490,225.6406896381707
3001491,69.16592425865618
3001492,28.658168216063313
3001493,26.91355650567812
3001494,1314.4461856011603
3001495,12.027659778581414
3001496,0.949255923637629
3001497,10.9076962165848
3001498,9.454265139730651
3001499,0.3925565801392868
3001500,61.36560286460295
3001501,0.0
3001502,9.313349143780474
3001503,0.23033828521389027
3001504,20.35452049504267
3001505,0.5197810735800227
3001506,238.50351088038562
3001507,87.81349344334092
3001508,2.128222704860116
3001509,1.4198775070127474
3001510,115.39195185217633
3001511,18.012882950535765
3001512,940.6166977929189
3001513,1.3661728108870108
3001514,1.6171762574163606
3001515,4.711953849854156
3001516,0.2746803769799528
3001517,1.8690115651473926
3001518,2930.2757506724897
3001519,0.0
3001520,581.8121837112135
3001521,12.780558309114953
3001522,843.4072737335641
3001523,923.7706348836255
3001524,279.34194470603126
3001525,239.7466782809775
3001526,106.6414153214856
3001527,3667.9137097757016
3001528,23.986183445632275
3001529,2.729570609639357
3001530,25.65579771225584
3001531,27.500508727395005
3001532,0.5657864775843914
3001533,208.41064221247166
3001534,5.626740051317015
3001535,43.62909651505435
3001536,8.134226288638143
3001537,88.53096434222904
3001538,4.275214169462029
3001539,265.90335642612825
3001540,198.37988755485762
3001541,10.205288991742428
3001542,7.16583104723578
3001543,347.7672847877813
3001544,68.79622358442138
3001545,4019.095426373798
3001546,2.0862306794611962
3001547,17.414008344196265
3001548,4.4543466024460345
3001549,0.0
3001550,1.5417921769579035
3001551,2312.5465462482075
3001552,0.0
3001553,523.6695467833428
3001554,15.318963732723294
3001555,859.6943665217393
3001556,777.9577424952192
3001557,295.9148107558335
3001558,183.00813380192585
3001559,44.55452550774515
3001560,3778.8942867376268
3001561,12.244043122914007
3001562,0.6759458918062443
3001563,26.745850543434383
3001564,12.962671163540971
3001565,0.8642703263051179
3001566,198.1412980936275
3001567,0.0
3001568,8.955524975295068
3001569,6.411696899962869
3001570,25.519482533372294
3001571,1.2254920468619483
3001572,160.01331849150137
3001573,188.57556714063847
3001574,4.622803971879098
3001575,4.086562419230439
3001576,174.90932800270136
3001577,67.9727503423863
3001578,1157.9372626891604
3001579,6.081946277818824
3001580,0.36596295714396737
3001581,5.997415879373218
3001582,0.6209841660635833
3001583,1.6209214661922555
3001584,2361.3482146956067
3001585,0.0
3001586,513.8797569740418
3001587,9.349836432921672
3001588,735.1459882727821
3001589,711.0875002738046
3001590,221.94261154709457
3001591,187.74202315913408
3001592,49.88947044502286
3001593,3127.869343828417
3001594,14.47353916682793
3001595,1.3203363615307964
3001596,24.61567064252623
3001597,10.963345138198084
3001598,0.34116976789346026
3001599,196.19417429901188
3001600,0.0
3001601,8.43487957449536
3001602,4.978265702933954
3001603,68.32828087503862
3001604,0.822360920021755
3001605,96.09827585940619
3001606,185.66178807175808
3001607,4.4339614353816685
3001608,3.8515279190852714
3001609,153.18145678446692
3001610,52.54744003171555
3001611,852.3436282404774
3001612,1.7406976096042932
3001613,4.475418216693128
3001614,9.668240122533033
3001615,1.0699801934079223
3001616,12.002258429988702
3001617,7081.200290440146
3001618,0.0
3001619,1116.2896401260891
3001620,36.98136347922695
3001621,1743.9051363182973
3001622,1977.5085565832417
3001623,298.51086598849827
3001624,463.3404685415222
3001625,324.8309114464522
3001626,7056.5425677402145
3001627,86.61432881332314
3001628,3.201646320520366
3001629,45.245914067826746
3001630,49.45484604838257
3001631,1.1702893016391496
3001632,424.5603813575144
3001633,29.879580584216157
3001634,78.04035210074902
3001635,17.284420849280654
3001636,186.14294236689864
3001637,26.531901307654056
3001638,606.7218797883756
3001639,384.71145648928876
3001640,15.589033084378105
3001641,18.19298942291694
3001642,949.5513775812599
3001643,196.29898074657143
3001644,10373.42566601563
3001645,1.0905758321708086
3001646,74.68351175440644
3001647,2.5755873054273986
3001648,0.2442465016042588
3001649,1.0024544892861582
3001650,1311.956183153652
3001651,0.0
3001652,136.22344278822553
3001653,4.061557113471438
3001654,833.1543167519696
3001655,307.3008485455983
3001656,104.22402208043397
3001657,126.04839406555695
3001658,45.94079601962648
3001659,2420.6049409171815
3001660,6.652044154786246
3001661,0.25287999987834886
3001662,13.747055633940342
3001663,6.864925289618752
3001664,0.349318596357523
3001665,147.7922981567079
3001666,0.3169596375366825
3001667,0.0
3001668,4.497782209318397
3001669,54.01539430584075
3001670,0.6006969654907931
3001671,55.520760237143485
3001672,94.61397392429811
3001673,1.6685355260508707
3001674,5.068040501170636
3001675,103.37026448500123
3001676,15.416547721072444
3001677,442.97907829037916
3001678,1.803168730816918
3001679,3.4133601907357725
3001680,7.47201915588038
3001681,0.0
3001682,2.039077595539272
3001683,2583.682441562021
3001684,0.0
3001685,417.24099640145926
3001686,10.054211718844307
3001687,863.8716323561129
3001688,679.7378213044126
3001689,180.17987908859268
3001690,223.53979833624751
3001691,78.79076293453208
3001692,3414.1079125965157
3001693,11.813691196381725
3001694,0.3085679614477401
3001695,8.62441399380455
3001696,12.76105013109589
3001697,0.4346783830117721
3001698,199.54424612523232
3001699,2.1958858336447054
3001700,5.20588830400793
3001701,10.608005207770072
3001702,15.126389055477917
3001703,1.6732743477788814
3001704,259.97747018706417
3001705,149.6102711462038
3001706,3.8516914726038793
3001707,5.042254038582314
3001708,103.3339667463442
3001709,57.29778108517366
3001710,1009.7772248383469
3001711,0.10903951723850051
3001712,5.285460527975981
3001713,0.9783102317039375
3001714,0.0
3001715,0.5907322332048881
3001716,808.2041544096376
3001717,0.0
3001718,97.26847927583337
3001719,2.355278010012544
3001720,763.2772099017396
3001721,175.1267072161629
3001722,81.4007825543582
3001723,163.47429936381675
3001724,13.178828969807235
3001725,2385.7102938322914
3001726,1.9469342180025868
3001727,0.24039242240321101
3001728,9.229147659006772
3001729,3.3280118414487663
3001730,0.10155537009004655
3001731,76.27981770804611
3001732,0.0
3001733,0.0
3001734,0.9078447208025187
3001735,5.628123763390354
3001736,0.15682934635670007
3001737,59.833143945850544
3001738,53.77964571783449
3001739,0.8168821765007895
3001740,1.3117875000461454
3001741,44.63200404782206
3001742,9.018219451297202
3001743,142.341333823736
3001744,1.776533727483421
3001745,1.65705105629918
3001746,6.412692329463716
3001747,0.0
3001748,2.4404786204029802
3001749,1723.6288175057036
3001750,0.0
3001751,185.040155447744
3001752,7.5691724669702785
3001753,749.6782925980071
3001754,463.869292450872
3001755,137.81370181361152
3001756,129.50833084118847
3001757,54.27917898408985
3001758,2629.3009858405853
3001759,5.05251386562935
3001760,0.6665859116808558
3001761,20.60255351515645
3001762,12.958029781136458
3001763,0.10758023847554876
3001764,166.77133290204497
3001765,0.0
3001766,0.0
3001767,12.036614038434502
3001768,16.78025617977549
3001769,0.9485746497382642
3001770,223.0271605430037
3001771,139.15148447875157
3001772,1.969376864225002
3001773,4.839421609173592
3001774,197.73631300493906
3001775,29.36306763766302
3001776,1101.267072321797
3001777,3.0091497865384964
3001778,0.8314815664199503
3001779,3.2867139425278435
3001780,0.29121254554908255
3001781,1.9839611914096913
3001782,1634.6653900663423
3001783,0.0
3001784,576.6831580837987
3001785,6.264669395478956
3001786,683.3810503638331
3001787,720.1937318794254
3001788,194.19400823734068
3001789,95.85832499359171
3001790,62.07015440158991
3001791,3165.1093206378378
3001792,5.835258815970911
3001793,4.936830693394723
3001794,5.960600134070971
3001795,36.95046860127145
3001796,0.06064114084956641
3001797,185.77534010126732
3001798,3.096538676957344
3001799,5.809885221697412
3001800,2.133643085898498
3001801,26.196247655261143
3001802,2.0592713393915343
3001803,160.98797650566792
3001804,217.97368930262576
3001805,4.495932229380243
3001806,5.706361813459094
3001807,135.84503711091998
3001808,32.15812003776951
3001809,584.9774007694921
3001810,4.920480459891781
3001811,4.837361866845657
3001812,3.717243140809716
3001813,0.0
3001814,0.43287116260168435
3001815,1103.7452012197043
3001816,0.0
3001817,68.20547471999458
3001818,1.976555009817577
3001819,337.2789696233246
3001820,187.53587568532689
3001821,64.67540357675766
3001822,95.91124017325062
3001823,12.737245036743907
3001824,1433.7504335372034
3001825,3.8601779766691053
3001826,0.5270626915392489
3001827,9.836945373876011
3001828,7.138317991507807
3001829,0.26425569146084216
3001830,73.2215237761526
3001831,0.0
3001832,0.0
3001833,0.30856878723442627
3001834,0.0
3001835,0.5051764214293414
3001836,166.8171660411287
3001837,59.44513777466916
3001838,0.25711721654251846
3001839,0.9954206405152949
3001840,27.324341479679855
3001841,12.440293553649328
3001842,268.93092255799695
3001843,1.5091090772928801
3001844,0.601220505397833
3001845,3.7497309121879923
3001846,0.00980440181336142
3001847,1.031271188077139
3001848,2554.369505715583
3001849,0.0
3001850,394.8334152047849
3001851,6.529376403314595
3001852,598.7057626389886
3001853,599.5271640250656
3001854,181.9041153187943
3001855,108.50032659771097
3001856,46.28328480165197
3001857,3003.7289858780337
3001858,6.850824730207002
3001859,0.9446462500350896
3001860,22.574148017415506
3001861,7.6176850190397065
3001862,0.03116337391695198
3001863,148.9992927549571
3001864,0.0
3001865,25.708144217746767
3001866,4.779129406863355
3001867,14.068111806120172
3001868,0.8728958681151091
3001869,196.768426537168
3001870,129.73666509810747
3001871,2.649373185770747
3001872,2.77213154272834
3001873,96.48696220155955
3001874,41.73810243002621
3001875,956.4258929861832
3001876,0.0
3001877,0.9758279608001216
3001878,4.6748705555131815
3001879,0.0
3001880,5.493851233909122
3001881,3012.5089576049313
3001882,0.16660540930257312
3001883,552.3218006188806
3001884,7.215876653569511
3001885,1038.2032799326662
3001886,926.6903512964706
3001887,156.7522321575082
3001888,134.69534872161344
3001889,129.44809568691497
3001890,3820.1239948245916
3001891,64.5947097907039
3001892,2.0411835381550407
3001893,25.960462307286445
3001894,31.219017193819322
3001895,0.42549726202270277
3001896,239.11907912098144
3001897,19.2535872643115
3001898,34.996189640604776
3001899,2.312509633381086
3001900,91.84744561748889
3001901,9.517366764922462
3001902,220.128862138709
3001903,232.5681935172261
3001904,12.368815957102512
3001905,14.560326129280575
3001906,271.5324698034916
3001907,59.623059046977225
3001908,3958.380713269762
3001909,0.0
3001910,13.136309999925087
3001911,5.382676703989824
3001912,0.0
3001913,3.433724461942247
3001914,2711.782483995322
3001915,0.0
3001916,416.2117758360196
3001917,10.720364946055705
3001918,913.7830868657908
3001919,811.1856989336318
3001920,133.7654862549761
3001921,80.77727941392682
3001922,153.77915486152932
3001923,3319.653383107219
3001924,30.276580832178237
3001925,1.1019477067443468
3001926,31.872976108590528
3001927,69.72510133161487
3001928,0.13175144853337187
3001929,247.05404330075288
3001930,14.871032203861272
3001931,24.53452656437689
3001932,10.267248264985701
3001933,131.43157405303413
3001934,9.6307927675673
3001935,178.62910762297767
3001936,317.49274238644625
3001937,8.009757480870084
3001938,9.301176627733254
3001939,125.28842830979221
3001940,59.592248882374484
3001941,3141.4264849800065
3001942,1.271277978006688
3001943,15.081590696893167
3001944,5.767899656928443
3001945,0.20003390044772276
3001946,2.4298342450291743
3001947,3064.279038533672
3001948,0.0
3001949,611.9420602640229
3001950,9.430904441751277
3001951,1221.69937795877
3001952,633.1423587048685
3001953,179.98108926369332
3001954,274.05432327793704
3001955,60.04011176204454
3001956,4803.999143280415
3001957,32.591603450844005
3001958,1.3238160272235773
3001959,3.5855319632629215
3001960,15.018183683020853
3001961,0.17691465604276604
3001962,260.28516955315575
3001963,5.233312617699392
3001964,13.159252001859029
3001965,4.842799306921939
3001966,49.66775178837707
3001967,4.015132723683228
3001968,123.57723321270754
3001969,196.2624773865729
3001970,6.482673168431088
3001971,6.690256309778579
3001972,185.1511629354672
3001973,43.44041683641543
3001974,1260.2688097411065
3001975,3.7873840668619776
3001976,15.131271050392032
3001977,3.090688887714022
3001978,0.060187305147689614
3001979,3.202773258238113
3001980,2097.2554875231067
3001981,0.0
3001982,320.15959651346964
3001983,7.2161064240949
3001984,678.9253633070805
3001985,686.2433594654493
3001986,157.3566003115483
3001987,120.7831088360488
3001988,77.45493582746023
3001989,2796.916490160499
3001990,24.52065143368796
3001991,1.3466554683776666
3001992,16.166032860364098
3001993,7.804282902089928
3001994,0.16924082503505386
3001995,184.68865792933494
3001996,15.486724518457354
3001997,24.20541483539553
3001998,1.3412458910097458
3001999,53.21173324783449
3002000,7.094997601280832
3002001,311.594286195817
3002002,161.2181253256596
3002003,6.1174154518380215
3002004,7.776432066640412
3002005,299.0346797826816
3002006,31.209054840425637
3002007,3018.5891675791436
3002008,0.0
3002009,20.74750548939746
3002010,3.20405360186821
3002011,0.2701031060144547
3002012,2.383375240768937
3002013,4007.010579090909
3002014,0.0
3002015,348.25773262962207
3002016,14.489121937725642
3002017,1641.9651366675007
3002018,762.5896224180545
3002019,252.39605652918286
3002020,162.52022178174073
3002021,62.746275466581764
3002022,5143.000373860508
3002023,14.309475086603218
3002024,2.317292053777352
3002025,23.62824662516342
3002026,21.500308017898956
3002027,0.12081881773744875
3002028,340.25781029771093
3002029,0.0
3002030,0.08069200266134428
3002031,11.398524369026582
3002032,3.3160650167572228
3002033,1.623038235515705
3002034,130.4192428374414
3002035,285.0997283444556
3002036,3.8564992656908337
3002037,9.233169660394998
3002038,157.11279023919516
3002039,58.48100622611654
3002040,1003.0039224746084
3002041,1.6241005775607724
3002042,5.460004134851913
3002043,7.633728369197279
3002044,0.0
3002045,6.944616007059791
3002046,2665.186406095054
3002047,0.0
3002048,469.6060010224879
3002049,10.123922403441542
3002050,1235.3608748726608
3002051,698.7416658166168
3002052,210.55748393094586
3002053,136.3671328520505
3002054,122.96709947230173
3002055,3847.2418019620177
3002056,35.84419670575042
3002057,1.669703866728166
3002058,25.382146175722884
3002059,35.318282221864166
3002060,0.5296498120451721
3002061,212.88107953774505
3002062,18.538729933428417
3002063,24.723186464024803
3002064,7.374225344043448
3002065,92.03416586137469
3002066,10.57646795750027
3002067,198.99223843611668
3002068,407.9409578697168
3002069,12.348225664523731
3002070,8.885113526860774
3002071,200.33683055965633
3002072,59.4767465749371
3002073,2920.722191343365
3002074,0.0
3002075,7.8225704652661046
3002076,2.4237684781980433
3002077,0.00726649137121672
3002078,3.589760645430687
3002079,2427.0247722909708
3002080,0.0
3002081,428.4427446184634
3002082,8.38577140341065
3002083,676.0834579692117
3002084,797.8302760954065
3002085,155.3415200370302
3002086,131.18037588857405
3002087,109.36643811594129
3002088,2934.0414126653445
3002089,37.850762980520024
3002090,1.3124619324171027
3002091,23.017818051431977
3002092,18.306951198728058
3002093,0.30074013848200376
3002094,180.97873885050262
3002095,14.535899003456699
3002096,48.50896459762937
3002097,4.661687715754195
3002098,57.84104900134398
3002099,9.900862640558143
3002100,218.55792429084087
3002101,158.85672180866203
3002102,10.439805205288256
3002103,9.018319523484855
3002104,220.2220958502888
3002105,40.278582471128516
3002106,3310.828140817553
3002107,0.0
3002108,13.491334003675572
3002109,3.160591241620183
3002110,0.10200488299348043
3002111,2.687866889412784
3002112,3906.273252873907
3002113,0.0
3002114,474.67513216401966
3002115,15.688071740494843
3002116,854.2541797476546
3002117,645.7348545602579
3002118,195.0992698232377
3002119,173.63007059515724
3002120,44.59018024048188
3002121,3717.6141225192914
3002122,9.341428241210556
3002123,0.13524324362782292
3002124,6.9457523387440805
3002125,15.284635814270851
3002126,0.06526637508659468
3002127,179.90494038110245
3002128,0.0
3002129,8.30456167438401
3002130,1.1531192961467889
3002131,12.043115127548052
3002132,3.753551552120855
3002133,193.1297755901422
3002134,195.9483138701048
3002135,2.3772476930074338
3002136,1.2847588545405226
3002137,215.41439773837646
3002138,112.8444415797095
3002139,993.1780154557956
3002140,5.014728508140911
3002141,1.58946207524606
3002142,13.131658962325579
3002143,0.0
3002144,12.744201061227544
3002145,7858.380592505184
3002146,0.0
3002147,1454.2855520723567
3002148,27.38334698023533
3002149,2236.0807436732603
3002150,2168.2646745504526
3002151,436.42407040836304
3002152,554.618802048566
3002153,375.53814934946337
3002154,8152.455438948725
3002155,101.79612035431525
3002156,4.123010129661569
3002157,81.59833232759561
3002158,105.00857432262715
3002159,1.2327790467301705
3002160,537.7647351354223
3002161,27.93887870214744
3002162,21.144999953768565
3002163,20.018093258093543
3002164,297.43226047122363
3002165,24.461206931086693
3002166,692.9374117490312
3002167,367.14300202922317
3002168,32.46907364159967
3002169,28.933261748045577
3002170,856.5964785289024
3002171,246.69061546552112
3002172,12303.981864823785
3002173,96.15439876431265
3002174,70.02385813984925
3002175,10.826557602843467
3002176,0.0
3002177,8.281152121265853
3002178,7021.83473912579
3002179,0.0
3002180,1043.4125745162148
3002181,25.247344117998185
3002182,1928.8527546015152
3002183,1880.7449625883974
3002184,507.15078276182913
3002185,322.03060522033155
3002186,271.17526627743763
3002187,8601.007810653517
3002188,144.37990090667367
3002189,2.077708425340759
3002190,39.91268472736427
3002191,92.71324587345879
3002192,0.6238717711693388
3002193,471.423235497671
3002194,14.058540281977248
3002195,42.826438023141215
3002196,4.018346086995344
3002197,182.65613864807185
3002198,15.768449693881207
3002199,785.9999785216136
3002200,458.2690318505601
3002201,17.04097468894828
3002202,22.44085777550053
3002203,983.2562389931503
3002204,204.11433444402024
3002205,7794.161146770654
3002206,159.12617758738585
3002207,69.33695151434863
3002208,9.452955965491821
3002209,0.0
3002210,12.286847382523277
3002211,4154.244202223801
3002212,0.0
3002213,806.5368534995579
3002214,13.688614678738402
3002215,1594.4358050658748
3002216,1095.6964245301556
3002217,494.95784610426404
3002218,106.28675851941006
3002219,167.5968267620692
3002220,6506.156673016955
3002221,31.608756098055295
3002222,2.4054727418507054
3002223,28.083034200097682
3002224,22.97411648366211
3002225,0.257345623785051
3002226,367.8657557716208
3002227,14.503464907537708
3002228,30.120875350473682
3002229,6.097853872997477
3002230,100.59482862036057
3002231,7.478848441921824
3002232,784.1336463654504
3002233,380.0203074533401
3002234,19.36660115916797
3002235,39.02294426729336
3002236,399.30013337322816
3002237,86.33238031317765
3002238,2976.5461809994567
3002239,86.06402243899223
3002240,29.43545785025793
3002241,13.131118985087095
3002242,0.0
3002243,13.175622264790658
3002244,6458.201093792692
3002245,0.0
3002246,969.4447178713791
3002247,20.917325935009508
3002248,1746.0448207587588
3002249,1791.139144701425
3002250,527.7172624341439
3002251,292.2816821119061
3002252,191.43894206114288
3002253,8077.246780801934
3002254,52.608928033068516
3002255,1.8886178440780752
3002256,46.53916900935176
3002257,70.90645200387881
3002258,0.9877022195292797
3002259,444.93631391473383
3002260,18.309543023701934
3002261,43.632830283714895
3002262,7.11565303651625
3002263,159.34899637426966
3002264,12.165699979891233
3002265,677.7492664475697
3002266,415.6179867106272
3002267,18.534338296615967
3002268,19.410126491702457
3002269,818.3657211821841
3002270,136.6213857350713
3002271,6865.103605000983
3002272,120.37456669925662
3002273,52.55488045976136
3002274,9.614682801519404
3002275,0.0
3002276,12.520215994995098
3002277,2666.34545587339
3002278,0.016377960336300585
3002279,560.9226252850233
3002280,13.540291459485495
3002281,1117.719941545264
3002282,786.3192818121199
3002283,407.23002314277534
3002284,78.1606238195835
3002285,124.78434578972463
3002286,4778.966376682148
3002287,38.74106659844167
3002288,0.12004415919314726
3002289,16.60354528266063
3002290,38.5446560929894
3002291,0.5282439769634207
3002292,299.9823895759379
3002293,11.21272708115985
3002294,14.98062434882183
3002295,2.557350982115177
3002296,90.98366934643072
3002297,3.503454142039117
3002298,543.4093785161162
3002299,369.39750406269417
3002300,12.728407469597933
3002301,13.914456844133563
3002302,478.6665950300159
3002303,40.793258465695835
3002304,1950.1007710249028
3002305,104.77110520717649
3002306,12.18848855407605
3002307,9.95009668793541
3002308,0.0
3002309,9.480636928949803
3002310,6151.554931998975
3002311,0.0
3002312,1176.4665585233008
3002313,30.473141695423504
3002314,1723.8809150463708
3002315,2120.1293011113985
3002316,353.95685528801977
3002317,467.3407463134272
3002318,340.4064586883495
3002319,7276.707307137167
3002320,72.42087088398996
3002321,2.064320319883098
3002322,52.55533803004593
3002323,58.994048482994856
3002324,1.2324498343902168
3002325,410.83879226534054
3002326,13.379539007633456
3002327,39.337578733470814
3002328,11.361775880466324
3002329,217.01990765685917
3002330,17.007714594400607
3002331,640.4186783133762
3002332,391.44268795535504
3002333,17.15043006286704
3002334,25.082643094828175
3002335,847.1178914001839
3002336,191.58570227504825
3002337,10470.564491480174
3002338,76.54750911004783
3002339,76.15319839719878
3002340,5.772634209394694
3002341,0.12392927401612144
3002342,3.4388979931141583
3002343,1787.7995532179564
3002344,0.0
3002345,341.93889125203475
3002346,19.170648749030637
3002347,849.3209611135011
3002348,531.2991553539257
3002349,201.81064514251818
3002350,84.47897091922967
3002351,88.56252662965633
3002352,2757.566938370417
3002353,47.06769013379449
3002354,1.192875632615876
3002355,20.950784099516397
3002356,21.831406306884606
3002357,0.2216427006126974
3002358,194.99334679281287
3002359,11.997262497330478
3002360,11.721594453619476
3002361,10.640105369691101
3002362,43.268161395572584
3002363,6.607693431223709
3002364,222.44676073479053
3002365,209.7980552062308
3002366,2.7618875354955588
3002367,6.621627253717973
3002368,207.976043416896
3002369,50.695996426395666
3002370,2023.5781015385191
3002371,2.6252054917387184
3002372,9.726035931580931
3002373,8.723045807471127
3002374,0.0
3002375,9.930000550171066
3002376,3426.4153126786086
3002377,0.0
3002378,490.5291452367498
3002379,26.242858914881317
3002380,1310.6596110433395
3002381,937.2742539541011
3002382,355.6704783784791
3002383,87.64683053677213
3002384,124.11532555101415
3002385,5164.385465341615
3002386,105.2896585863646
3002387,1.927084115220786
3002388,44.92160858020439
3002389,56.511950143607265
3002390,0.7547801575950728
3002391,331.1358079216482
3002392,12.475020469740373
3002393,10.135374180706625
3002394,2.4254721278266653
3002395,128.07723405122334
3002396,9.580513312779162
3002397,532.1686289946855
3002398,361.0795698787866
3002399,10.518904523925952
3002400,16.284548970434702
3002401,326.14389404200676
3002402,62.216730047355256
3002403,2467.9831525353543
3002404,99.66860337112495
3002405,17.15026005999691
3002406,8.503169728117092
3002407,0.0
3002408,3.857759185702743
3002409,4566.332042889176
3002410,0.0
3002411,893.7250237869312
3002412,8.641654311641592
3002413,1505.3060486949826
3002414,1711.5563953958347
3002415,249.27348865013437
3002416,374.33472812303376
3002417,248.46001396562986
3002418,5370.879843962546
3002419,50.11464004414543
3002420,1.6414669187893736
3002421,44.36883921872167
3002422,51.89925217421992
3002423,1.2724208622115523
3002424,331.2783639399131
3002425,3.1386259179860527
3002426,55.54875675106088
3002427,8.799736787492455
3002428,119.0869687427432
3002429,12.510678504319523
3002430,599.8762651953786
3002431,275.99413415251274
3002432,21.77197565170824
3002433,10.899076269492031
3002434,614.0584349468901
3002435,124.15449450351721
3002436,8468.417146938415
3002437,21.096435346876635
3002438,45.37717380703845
3002439,13.628012063770933
3002440,0.0
3002441,9.117426047250254
3002442,5210.878425053797
3002443,0.0
3002444,971.4338080677118
3002445,13.478857062700325
3002446,1982.9026113354341
3002447,1401.7719894839477
3002448,415.4308879927854
3002449,258.6774400989042
3002450,388.6317429096017
3002451,7136.58030589033
3002452,62.214642185876194
3002453,3.9908228869122517
3002454,60.292030186773765
3002455,55.191646069499235
3002456,0.809799064440388
3002457,416.04018859663415
3002458,10.679664223813129
3002459,85.17195765782773
3002460,9.479828545773838
3002461,255.09425138840712
3002462,11.777903318167835
3002463,576.6412290081464
3002464,409.2338382760424
3002465,16.481580248722622
3002466,32.4802651125987
3002467,590.060116102944
3002468,163.07235363917104
3002469,7264.530483692991
3002470,6.773494916542861
3002471,10.891530575214965
3002472,8.425150134077814
3002473,0.2538994614780065
3002474,3.2246202099212784
3002475,2203.343417160569
3002476,0.0
3002477,470.508152019498
3002478,7.611003062787928
3002479,999.7130789063976
3002480,540.8879890227633
3002481,209.96891698471154
3002482,94.88722831946691
3002483,95.06259802448358
3002484,3140.4184419117164
3002485,18.32755492213354
3002486,2.1336899739714035
3002487,24.735254467217153
3002488,28.958113517078665
3002489,0.21259579445787802
3002490,177.53758881037982
3002491,5.7498892605643865
3002492,20.52507884074053
3002493,5.787377921236915
3002494,66.59314745295424
3002495,4.81820435038155
3002496,267.10116665582706
3002497,195.49219228038513
3002498,5.526301412020538
3002499,7.058160681150503
3002500,188.63202198589434
3002501,98.06235499723805
3002502,3189.1590756305
3002503,1.9653679525261334
3002504,3.336727700277124
3002505,5.687829279808652
3002506,0.0
3002507,1.4499243614010142
3002508,3216.3788958119203
3002509,0.0
3002510,190.8158037108757
3002511,2.944265533198676
3002512,888.410819097285
3002513,229.4458934899481
3002514,185.76245351223642
3002515,55.99525522676128
3002516,24.70776563315072
3002517,3246.676934524237
3002518,8.109470876717195
3002519,0.7462822967956297
3002520,17.964742832931123
3002521,10.791314274190803
3002522,0.022309549865090244
3002523,167.940424616342
3002524,0.0
3002525,0.0
3002526,3.6469562325126903
3002527,24.46672011831364
3002528,1.2302256098567208
3002529,47.25443275611786
3002530,125.69709259240516
3002531,0.022313216206375403
3002532,1.062738203799184
3002533,57.86058905328192
3002534,87.1906255608496
3002535,569.1953515652315
3002536,1.7227529850234868
3002537,3.9839118350743146
3002538,4.876410591709455
3002539,0.17776527995714483
3002540,4.40348611873526
3002541,2821.4566258891987
3002542,0.0
3002543,487.46934102134543
3002544,10.532066616501773
3002545,1008.0591397366451
3002546,852.5780842016645
3002547,270.7328039616023
3002548,162.14329479070648
3002549,115.67576303444766
3002550,3986.8167095888243
3002551,47.22959093052557
3002552,0.9017995060489489
3002553,21.737172813628483
3002554,44.105536033168086
3002555,0.11228294779471208
3002556,247.7242126809043
3002557,16.318958352631196
3002558,17.230162306176627
3002559,9.595612071097998
3002560,67.21372250442552
3002561,7.112642465609201
3002562,361.4994148651749
3002563,223.26026034944658
3002564,8.060939265387308
3002565,11.940389762939734
3002566,404.33836122718094
3002567,65.90864274636978
3002568,3465.8211651977895
3002569,0.017409277320915312
3002570,28.357667062151485
3002571,5.446203876189105
3002572,0.0
3002573,5.724360016540988
3002574,4180.015638063223
3002575,0.127407014655429
3002576,753.4337089412651
3002577,15.59586377623064
3002578,1225.1167721991837
3002579,1443.6070605486846
3002580,192.97115096572583
3002581,312.56812840194993
3002582,215.7047702300688
3002583,4359.932527235801
3002584,53.24544382031951
3002585,3.589002638845294
3002586,37.69361204272411
3002587,40.749213884672784
3002588,1.080229063367805
3002589,253.4664033484279
3002590,16.834844037756636
3002591,50.05985793776332
3002592,6.82933650428424
3002593,136.3473546143973
3002594,14.299741469072263
3002595,455.1280380250743
3002596,243.54982751369462
3002597,8.454498886179636
3002598,12.822690341183455
3002599,669.4377367486006
3002600,123.5231170605616
3002601,7426.6473132674855
3002602,0.32465056661193714
3002603,48.2395128127278
3002604,5.211121315931453
3002605,0.3826811699916245
3002606,6.254282602886701
3002607,4063.9555093326817
3002608,0.0
3002609,808.1707447175729
3002610,22.981799107123198
3002611,1169.821942359995
3002612,1383.2595688520832
3002613,244.30641836659572
3002614,309.0094964433993
3002615,159.79593726874802
3002616,4680.8921661603745
3002617,43.21505835491631
3002618,4.539840371656964
3002619,43.200300376730496
3002620,49.23803344580724
3002621,1.2796750572657307
3002622,300.6204074093327
3002623,23.12568590515798
3002624,49.95109722481524
3002625,16.448700604753917
3002626,127.37425679656897
3002627,18.229082844673915
3002628,375.9854024563377
3002629,281.86804953193365
3002630,15.959882599095428
3002631,22.276621473841786
3002632,516.1256324367852
3002633,119.04555248363623
3002634,6587.817269890734
3002635,0.09256679688670129
3002636,38.32186930830806
3002637,12.21344408558219
3002638,0.0
3002639,4.920421616010663
3002640,2078.8035178382775
3002641,0.0
3002642,421.0519160844219
3002643,15.385149952231506
3002644,983.152835855125
3002645,700.6826676825945
3002646,382.6159086438725
3002647,152.34624804097996
3002648,70.00284843010226
3002649,4195.233417000034
3002650,12.746055014141168
3002651,1.0651751320201925
3002652,0.0
3002653,28.994402282950624
3002654,0.2586597543558957
3002655,282.0168584421945
3002656,10.743279347220112
3002657,6.969658328368787
3002658,4.093407768198608
3002659,35.22227203184817
3002660,3.7941754931182015
3002661,272.7951278977848
3002662,258.34572461531326
3002663,6.787900218072196
3002664,5.68765200671397
3002665,273.03947423958124
3002666,94.601288981897
3002667,1071.5191562724658
3002668,37.22543641616067
3002669,15.663168093691484
3002670,4.473857138477406
3002671,0.0
3002672,3.3088923036145386
3002673,2087.5937641833652
3002674,0.16506161395742644
3002675,346.68289525711805
3002676,20.81900455332279
3002677,653.5637134353101
3002678,673.6719663647506
3002679,114.58723861921374
3002680,126.06909616947856
3002681,138.45964058201528
3002682,2556.723033241467
3002683,29.797380938238796
3002684,2.426104526553539
3002685,30.412255822667586
3002686,24.77667616659756
3002687,0.9435671642589154
3002688,155.96906850827895
3002689,12.15455884925079
3002690,17.71133069002066
3002691,7.865974249931946
3002692,95.62902710954344
3002693,7.360609890538545
3002694,273.6060431312664
3002695,125.73076972294012
3002696,4.662786338895966
3002697,9.42660269633207
3002698,284.7809809766335
3002699,66.16638367352864
3002700,2160.992983176424
3002701,0.07433004648473247
3002702,23.01630922843348
3002703,0.9776163276246586
3002704,0.0
3002705,1.9906056392704676
3002706,957.2675704759629
3002707,0.0
3002708,74.32531534284699
3002709,3.43295393386917
3002710,559.0861127370672
3002711,194.4490682430341
3002712,175.104940198771
3002713,22.63301318717049
3002714,25.18481127935355
3002715,1921.2183459631947
3002716,5.145561941993793
3002717,0.4231075087455223
3002718,10.32717301653618
3002719,5.693443902536828
3002720,0.18562248128534115
3002721,113.34443212903435
3002722,0.3609578619202809
3002723,0.0
3002724,0.6717184082665736
3002725,11.339516019816433
3002726,0.5516670777687791
3002727,188.60520903553237
3002728,102.36564926833667
3002729,0.37391529383195815
3002730,2.568744654899794
3002731,107.07591075238103
3002732,17.765650964020896
3002733,191.42829238203234
3002734,0.7569436681899787
3002735,0.728776393848822
3002736,4.549493003811339
3002737,0.2204117291034652
3002738,1.4349431704868432
3002739,3341.063410135047
3002740,0.0
3002741,586.7988187376128
3002742,12.830077384014526
3002743,1076.2138685527116
3002744,464.3022900796579
3002745,364.84201495965084
3002746,167.73243701548097
3002747,58.081752039243085
3002748,5025.485067273306
3002749,31.89898845180825
3002750,0.7619845020662048
3002751,9.487747686751197
3002752,12.519848151170859
3002753,0.3576509128256809
3002754,319.79415991724983
3002755,8.894467450354018
3002756,2.8584169909928354
3002757,8.720164917337804
3002758,57.15475612047688
3002759,2.947892136319534
3002760,830.8687672007447
3002761,201.0477188264688
3002762,1.8321647373045762
3002763,12.9785852841734
3002764,212.26258335074448
3002765,92.28431344926895
3002766,877.5290142181776
3002767,8.079156402964903
3002768,4.8055322820230195
3002769,3.6913428308883582
3002770,0.08695558343908887
3002771,0.8247454770063012
3002772,1343.5315123160362
3002773,0.0
3002774,147.5962452521807
3002775,10.553494104757057
3002776,731.6060051874341
3002777,358.5169616014574
3002778,180.17472875695097
3002779,54.3650593091975
3002780,33.80579634349798
3002781,2404.031804557052
3002782,10.596100474400542
3002783,0.748562592838403
3002784,15.461937045655683
3002785,15.835816286228406
3002786,0.24510692722819574
3002787,121.0096345580423
3002788,8.716571305902304
3002789,0.0
3002790,5.0299388659178454
3002791,41.92797720121671
3002792,1.5471571250686735
3002793,232.7238142807112
3002794,111.94807132285491
3002795,1.5514387771324605
3002796,5.309587678078098
3002797,152.4545875417012
3002798,29.551625722226945
3002799,332.73854083308987
3002800,1.665522921610936
3002801,4.517974372918734
3002802,2.2880946075573676
3002803,0.0
3002804,3.504339863771467
3002805,1219.0276768025258
3002806,0.0
3002807,93.53164067744113
3002808,6.363191914908232
3002809,605.6851777398049
3002810,198.93094110326618
3002811,93.70636045766426
3002812,27.03521281385352
3002813,25.302620624421706
3002814,2138.6886408952205
3002815,13.604052588506601
3002816,0.0
3002817,12.143973589022169
3002818,7.505127930934255
3002819,0.004750332559395032
3002820,89.55013780600264
3002821,1.4445626924345374
3002822,0.0
3002823,2.67697534462398
3002824,45.351255057091784
3002825,1.0423724473927114
3002826,167.74223371807565
3002827,91.47743091735072
3002828,0.6714663548080545
3002829,4.107137117106212
3002830,88.93005201439846
3002831,15.550267500341926
3002832,160.19781023550686
3002833,1.4979493023558865
3002834,1.7928184673421266
3002835,1.7401451982327527
3002836,0.0
3002837,2.678349642352867
3002838,1160.8204141276424
3002839,0.0
3002840,125.0384876955756
3002841,7.493138794811672
3002842,1239.3650833491001
3002843,296.021293946225
3002844,236.67126770855512
3002845,23.88311220091168
3002846,43.55193017334952
3002847,2316.8958433744424
3002848,13.522543118012965
3002849,0.5376447072906217
3002850,19.39144583660929
3002851,16.978258372601207
3002852,0.13190619128833586
3002853,137.50036634168097
3002854,2.8579271355434437
3002855,0.0
3002856,3.1080619123046236
3002857,14.427993822602954
3002858,2.352257170766567
3002859,381.39385878932865
3002860,174.46834188850727
3002861,1.1302069228186702
3002862,3.4995279607490297
3002863,66.92684529417913
3002864,86.93931938154556
3002865,366.35141608607944
3002866,1.4672085495735578
3002867,4.0840856163166235
3002868,2.6639914986326207
3002869,0.7263831930958277
3002870,3.657654314667441
3002871,1475.304716054836
3002872,0.0
3002873,143.66442858721916
3002874,2.952557153732246
3002875,745.786091224471
3002876,309.8292282060585
3002877,242.61056752383962
3002878,85.11287332860152
3002879,64.23330847605217
3002880,2410.051582031919
3002881,9.530303688615174
3002882,0.8812672596574831
3002883,10.214568100231263
3002884,16.66835310522328
3002885,0.07301003302010851
3002886,169.79186216703292
3002887,8.903617505752946
3002888,0.0
3002889,3.8435835045178597
3002890,23.9908806645944
3002891,1.7598455995197533
3002892,148.74452142974826
3002893,147.91602267266143
3002894,0.9142497993671662
3002895,3.952108034471999
3002896,102.62381442123255
3002897,40.44948596281546
3002898,540.2411119512544
3002899,1.3509736621061865
3002900,5.256868276523728
3002901,3.0191186986222176
3002902,0.19544952888266928
3002903,1.3494536077879569
3002904,1082.8329899647626
3002905,0.0
3002906,114.2492575154757
3002907,5.0739474150826505
3002908,909.3568493564961
3002909,184.33661337347462
3002910,117.64656347560829
3002911,103.64648519719235
3002912,26.660619034112667
3002913,1715.9410643588653
3002914,7.626329993585427
3002915,0.4604084663931686
3002916,8.785540863166087
3002917,11.272525478147996
3002918,0.08706267339939414
3002919,127.19444108947971
3002920,0.0
3002921,0.0
3002922,2.3016252493449616
3002923,57.81602832965488
3002924,1.427011223102263
3002925,45.599631375934926
3002926,93.24032436500532
3002927,0.6733926882849921
3002928,2.8517401884920455
3002929,52.69364633132686
3002930,26.332936678953274
3002931,395.08327074025044
3002932,0.7167918465904519
3002933,1.0973612001924995
3002934,6.108713202234754
3002935,0.44990250004257837
3002936,1.9605250266578425
3002937,2145.4895022541054
3002938,0.0
3002939,230.10754526931206
3002940,4.383374096018019
3002941,612.5825359708134
3002942,500.29475795910554
3002943,362.68551298520657
3002944,122.27899496540687
3002945,72.09102220043371
3002946,2882.540206791797
3002947,12.990835871188466
3002948,0.6881026012659448
3002949,14.916817342741213
3002950,12.792251341682151
3002951,0.2659556123646181
3002952,171.95240146221016
3002953,1.6407575368993526
3002954,0.0
3002955,5.003698929480815
3002956,33.50435460834884
3002957,3.6495955529284547
3002958,267.0252409928405
3002959,135.69785024563998
3002960,1.9093786736030132
3002961,4.815851327212098
3002962,248.38673410033883
3002963,39.64598207435924
3002964,1006.0854703927808
3002965,3.9528396982621734
3002966,10.900641690407712
3002967,3.0869047690224996
3002968,0.196891893002234
3002969,2.3220000808335874
3002970,1415.9226491102079
3002971,0.0
3002972,496.4986199346394
3002973,7.558730492476573
3002974,364.0686408685147
3002975,435.344078796944
3002976,145.61447065369924
3002977,104.46294948874201
3002978,42.88685268399039
3002979,1995.262527318384
3002980,10.267924520160767
3002981,0.8638681582105261
3002982,4.8103994083666395
3002983,10.225088684801307
3002984,0.6357667731097152
3002985,129.18340701462503
3002986,7.742043874718672
3002987,5.831712153873814
3002988,2.564540692839492
3002989,72.2278443016086
3002990,2.0176786492343863
3002991,258.67724076195213
3002992,81.52202680751512
3002993,3.711136766422393
3002994,3.4703067954248157
3002995,120.23541424819064
3002996,47.95451906312465
3002997,1133.386022892221
3002998,11.680503868476777
3002999,7.500096300298679
3003000,3.2601574642067783
3003001,0.3004599764183965
3003002,2.2947312328482745
3003003,1716.4538376700361
3003004,0.0
3003005,121.47779646735839
3003006,6.091624087464319
3003007,571.0801477686257
3003008,231.75211739350507
3003009,205.73683180357546
3003010,50.77728522154507
3003011,34.321974123191566
3003012,2437.403049308134
3003013,27.295737586376635
3003014,1.268818510558806
3003015,19.926126875379982
3003016,9.733038923485543
3003017,0.14904531445799363
3003018,100.92983523885076
3003019,3.733493455910385
3003020,0.0
3003021,2.33897012737267
3003022,37.18878670162018
3003023,2.0283580770239342
3003024,120.970704938147
3003025,93.93518593010629
3003026,1.1606011356663983
3003027,3.603436818554775
3003028,199.03315285489597
3003029,19.176397625606196
3003030,347.74546947073173
3003031,1.475192523350527
3003032,3.650357355343845
3003033,5.167165796913356
3003034,0.0
3003035,5.569796618111801
3003036,2230.1348863357516
3003037,0.0
3003038,492.6747314832151
3003039,10.7472411098906
3003040,673.2271715569686
3003041,611.7847631133915
3003042,157.54880903871728
3003043,128.42595134277894
3003044,78.62005663271668
3003045,2880.635447043583
3003046,38.64473664633387
3003047,1.358983873594686
3003048,15.732826501194864
3003049,41.16272648155783
3003050,0.3035074354597414
3003051,164.47676476061835
3003052,13.956359736221053
3003053,14.904745305280588
3003054,6.276659805424028
3003055,82.90843003922184
3003056,7.681671508579697
3003057,371.41523694691864
3003058,138.33590066279896
3003059,8.512310548257938
3003060,6.376543235072675
3003061,314.1240460442523
3003062,77.32669675716296
3003063,1619.4330860200944
3003064,0.0
3003065,24.573007709705525
3003066,6.409917116337487
3003067,0.1482496787764533
3003068,2.8324275878316083
3003069,2384.693528156903
3003070,0.0
3003071,324.92861603867186
3003072,6.620613300697623
3003073,945.1841004759384
3003074,430.2988722073826
3003075,428.1671976316585
3003076,59.583508636564844
3003077,49.77184024909185
3003078,3781.981580405979
3003079,15.350765323039806
3003080,0.6171411498998767
3003081,1.1163889876293727
3003082,11.759364363983442
3003083,0.0671208927731552
3003084,216.73548837884317
3003085,0.09168022671506347
3003086,5.888356443340583
3003087,2.993872812419421
3003088,45.94260477028065
3003089,1.47627558165219
3003090,631.4320075466238
3003091,169.6213070444764
3003092,3.0801331947242585
3003093,2.6437848631835115
3003094,184.899128223384
3003095,31.810795576601993
3003096,637.1275073631999
3003097,15.704496349229112
3003098,8.648253391176164
3003099,9.19106088165937
3003100,0.0
3003101,2.879430592189714
3003102,1944.0338243618653
3003103,0.0
3003104,302.08901710072024
3003105,5.366682491129039
3003106,1375.0768047877762
3003107,377.47101958464134
3003108,211.73133182434987
3003109,212.86494802213625
3003110,71.38321948220636
3003111,2616.9440121648836
3003112,13.608005247165208
3003113,0.8847162071897586
3003114,22.365979484255373
3003115,21.901709206684266
3003116,0.18900295080521465
3003117,195.0423228026508
3003118,4.366964154911919
3003119,2.852464153867652
3003120,9.070537198756332
3003121,78.95601554782573
3003122,1.313487888074723
3003123,110.2010602022886
3003124,145.3409358503867
3003125,2.332978128263882
3003126,2.422934397371268
3003127,116.3977657670554
3003128,126.6191058233107
3003129,922.1055922735062
3003130,3.3507716079235816
3003131,5.86276460610702
3003132,3.539662184639169
3003133,0.058744321516792375
3003134,2.196650303123939
3003135,1350.5819344083116
3003136,0.0
3003137,113.10206032995657
3003138,9.19094030220079
3003139,452.387904139314
3003140,256.78562773289144
3003141,106.38842253584839
3003142,46.72528941370872
3003143,54.48552120058855
3003144,2071.450484122499
3003145,12.380197937258979
3003146,0.501707473777317
3003147,15.163751198393753
3003148,11.768384842737992
3003149,0.0
3003150,105.68444233605636
3003151,2.6183513154973532
3003152,0.0
3003153,2.5152189361539383
3003154,80.49018735347623
3003155,2.6518946015768674
3003156,99.55371572866838
3003157,89.32635204714666
3003158,1.2259755639011156
3003159,3.7586755589397893
3003160,125.35940912897281
3003161,25.44573745364519
3003162,393.05744645613913
3003163,1.5899962248121804
3003164,2.4671944240497323
3003165,1.7101895919049406
3003166,0.0
3003167,0.9591043005441151
3003168,1195.7929688307838
3003169,0.0
3003170,227.44565570336346
3003171,13.861738456879097
3003172,430.30610785699076
3003173,424.70974784029215
3003174,105.17846329652131
3003175,42.690350305866666
3003176,72.3973020678677
3003177,1825.7087451134219
3003178,31.543631967651244
3003179,0.5549414650222092
3003180,12.016892039141345
3003181,11.601488219134954
3003182,0.16025595323839478
3003183,95.6990806930047
3003184,8.574850509313936
3003185,3.8937358348580218
3003186,1.82155172595472
3003187,51.29280396141991
3003188,4.062939837190425
3003189,868.6942385348719
3003190,109.18022779314364
3003191,3.209792964170102
3003192,4.338516075480126
3003193,233.18479629969065
3003194,26.72776799696535
3003195,957.6869402837749
3003196,0.0
3003197,5.827850081208582
3003198,3.388013425064426
3003199,0.11297895490525188
3003200,2.1726141818109537
3003201,3016.577620545513
3003202,0.0
3003203,638.2820973762578
3003204,15.310382976347876
3003205,993.9938218885285
3003206,1098.6226560742257
3003207,231.0991383012051
3003208,199.61097570471432
3003209,157.63303624842882
3003210,3801.6869622127692
3003211,39.10917319012697
3003212,1.0707431627410742
3003213,19.615839716794092
3003214,35.92801124331579
3003215,0.09037317703082878
3003216,217.81805901229146
3003217,10.763112228224923
3003218,34.323280656060035
3003219,8.119972897206566
3003220,92.59434789367641
3003221,12.96404124860587
3003222,330.0258287887855
3003223,203.59715239572327
3003224,14.10353363750396
3003225,8.082149603699225
3003226,437.39726059978176
3003227,94.26057473298776
3003228,3004.3415058576593
3003229,0.32687303435899695
3003230,17.95636998164902
3003231,2.841660160188701
3003232,0.08208724859737404
3003233,1.837784270600229
3003234,1379.1388853115523
3003235,0.0
3003236,255.44884541130077
3003237,5.235606573792461
3003238,264.89822148035597
3003239,385.10595613213
3003240,95.77041838950974
3003241,90.74746426622292
3003242,0.0
3003243,1269.8026151331565
3003244,15.189769516265605
3003245,0.29728316853913245
3003246,8.03745804796339
3003247,12.773095387361414
3003248,0.43826379383360875
3003249,64.85917929809263
3003250,0.0
3003251,19.919347012100538
3003252,0.9989011404295679
3003253,80.83115907075292
3003254,6.726048595003041
3003255,143.42820749333328
3003256,61.13281427083897
3003257,4.467635956141348
3003258,3.9999688908669815
3003259,121.09352387365239
3003260,20.94385833458432
3003261,1002.4370401472922
3003262,1.544264078349927
3003263,2.0534410766683457
3003264,2.744580857514938
3003265,0.0
3003266,0.09285710280340972
3003267,557.8813543241538
3003268,0.0
3003269,159.18550043054296
3003270,5.116969064189193
3003271,273.6803515243997
3003272,177.3727242132678
3003273,55.32538767802129
3003274,22.654149908130496
3003275,24.72897520728441
3003276,1115.0386143303267
3003277,10.206588465968624
3003278,0.49866145556762564
3003279,6.378836918256194
3003280,8.332947770821471
3003281,0.49800384969841865
3003282,50.9996057104281
3003283,0.0
3003284,8.172412676128904
3003285,0.8571308169956043
3003286,21.542603785022227
3003287,0.47919359653809795
3003288,196.5803607417951
3003289,128.58388982285038
3003290,1.9547300996795594
3003291,1.286524148059853
3003292,97.82080166532546
3003293,12.7442962768062
3003294,320.2257768668142
3003295,1.784784573432248
3003296,0.8358096725137486
3003297,4.482544197571619
3003298,0.0504087947146808
3003299,0.7810851245598148
3003300,2289.147181040474
3003301,0.0
3003302,421.5195281986523
3003303,15.134811868428145
3003304,622.1243578905206
3003305,677.895611260112
3003306,231.7233698645459
3003307,179.17353957668797
3003308,91.77482683853103
3003309,2865.1298362774132
3003310,20.623212749566413
3003311,2.674109583099311
3003312,20.769874497662368
3003313,24.077720555677562
3003314,0.43427357492185253
3003315,160.06543073071552
3003316,4.931764498372252
3003317,33.44206926549787
3003318,7.567802668940529
3003319,113.23261843537375
3003320,4.500659267832275
3003321,205.91500041525637
3003322,148.9499596161321
3003323,8.979033698963919
3003324,5.799439780657148
3003325,263.27596243423847
3003326,48.53270706030591
3003327,1875.274021845228
3003328,2.606787215096275
3003329,9.642606229240334
3003330,6.390579494211608
3003331,0.0
3003332,1.9624382443095296
3003333,2391.558758761997
3003334,0.0
3003335,481.2335837421154
3003336,14.28644565866574
3003337,924.3005903283828
3003338,618.603673750034
3003339,297.7704972743605
3003340,188.28992318675918
3003341,41.985711189377625
3003342,3803.470044608322
3003343,12.297362572810474
3003344,0.8425377600602929
3003345,30.11989970686848
3003346,16.155152509457594
3003347,0.6627874431578203
3003348,199.45661613267382
3003349,0.0
3003350,7.339519930480097
3003351,5.571059846230354
3003352,52.206919647434425
3003353,0.7314592724434721
3003354,327.72693698902947
3003355,208.51446007090564
3003356,4.462625726722972
3003357,3.166448637673821
3003358,175.3956249787232
3003359,65.63415833203125
3003360,1092.1347860103197
3003361,1.9387613362227871
3003362,0.5338231597618497
3003363,3.9822979364035658
3003364,0.055685130349432115
3003365,1.4177490591751092
3003366,2226.919465668483
3003367,0.0
3003368,486.917749338538
3003369,12.5813137935111
3003370,703.9009099110742
3003371,499.6554946901703
3003372,209.753522968819
3003373,180.6072196655095
3003374,53.00093698625713
3003375,3036.696962447194
3003376,15.520732853921169
3003377,1.2656238487053242
3003378,25.5137372282861
3003379,11.025227555284479
3003380,0.1727206115645785
3003381,181.9544948823063
3003382,0.0
3003383,7.933857327359522
3003384,4.573908941790804
3003385,98.58302575229378
3003386,1.3339252638600465
3003387,132.06463199373457
3003388,149.77508477228866
3003389,3.4921479350690543
3003390,2.9622208683503213
3003391,146.26817999290083
3003392,47.70282641480439
3003393,790.7992110032678
3003394,2.145701403719098
3003395,3.1784397826248387
3003396,7.290523454603974
3003397,0.8284332445635849
3003398,9.167668292870212
3003399,5916.345855981283
3003400,0.0
3003401,917.3255582449724
3003402,69.88537346882818
3003403,1336.6455185676414
3003404,1507.8863149036522
3003405,258.683722439542
3003406,363.6980821535628
3003407,267.2120968462281
3003408,5739.815242175381
3003409,74.76221142696967
3003410,2.8151815825728868
3003411,47.444587800489025
3003412,40.363684121474385
3003413,0.47827120547168034
3003414,308.29222460397335
3003415,24.13186802594244
3003416,47.71198754989538
3003417,14.568872211241395
3003418,219.5048804009789
3003419,30.663236660044937
3003420,505.22591089548314
3003421,270.77132073351294
3003422,12.70130354784789
3003423,17.031710995774358
3003424,740.0056743031571
3003425,175.2298913443044
3003426,5409.781616751641
3003427,0.9834965396907093
3003428,57.539799377381996
3003429,4.492737207181893
3003430,0.1911721275090804
3003431,1.1900723083954898
3003432,1389.198240636677
3003433,0.0
3003434,143.49537982911383
3003435,4.73942514863139
3003436,971.6292042053653
3003437,245.12206082670897
3003438,94.86241160831986
3003439,143.27886528167693
3003440,46.5203842882603
3003441,2519.3928095645974
3003442,6.150284131201883
3003443,0.8250934155840409
3003444,13.896527246104897
3003445,7.510246615801279
3003446,0.404590979966883
3003447,164.98245631230998
3003448,0.3003231577646656
3003449,0.0
3003450,3.1208003891398852
3003451,67.09099391786096
3003452,0.7400173909057429
3003453,156.71057428817736
3003454,101.67363939281833
3003455,1.9460761055589457
3003456,5.478518394410099
3003457,109.16702700725553
3003458,22.384910295507655
3003459,521.9767136088536
3003460,1.9860929235182638
3003461,4.738111890962294
3003462,6.53609527639449
3003463,0.13494456940295907
3003464,2.028316317065795
3003465,2466.1100707204314
3003466,0.0
3003467,425.9247197371764
3003468,10.030727564139072
3003469,937.9657547853452
3003470,488.19306073852016
3003471,194.61043586308787
3003472,253.7503844576026
3003473,90.66644146707573
3003474,3476.4449148791377
3003475,12.5091482459389
3003476,0.4606398837031857
3003477,18.269457903682266
3003478,14.271282990241453
3003479,0.36218760257178434
3003480,211.9252566625375
3003481,2.0595523111315117
3003482,5.305429489814112
3003483,8.887471389867565
3003484,17.13040799971726
3003485,1.620329147512451
3003486,628.2926333870622
3003487,156.8013091628057
3003488,3.7315965958173694
3003489,4.725078088948549
3003490,152.2878206952026
3003491,48.36126338281685
3003492,1151.5264838408625
3003493,6.650912182418132
3003494,4.605324097836898
3003495,1.5983495210912981
3003496,0.0
3003497,0.6722585403265483
3003498,750.0697177502873
3003499,0.0
3003500,112.24140196155615
3003501,3.031736111564256
3003502,1240.1093175388346
3003503,133.64583799702552
3003504,83.8463395968892
3003505,197.89214500464277
3003506,14.60104890847633
3003507,1840.9341919401932
3003508,2.0778057441042708
3003509,0.25686776411205586
3003510,8.991903088141193
3003511,2.805053261189892
3003512,0.07082745597786169
3003513,77.01932596026866
3003514,0.0
3003515,0.0
3003516,0.8924034879414192
3003517,24.614295756802335
3003518,0.16781732814713543
3003519,113.69277870009583
3003520,55.86010967620157
3003521,0.71781060002454
3003522,1.3033996926970306
3003523,49.81173777082146
3003524,8.830566157061641
3003525,172.75262452961942
3003526,3.1968367566984788
3003527,1.4632464903953963
3003528,6.427575222484491
3003529,0.0
3003530,2.671478670790161
3003531,1632.3536244244574
3003532,0.0
3003533,177.17845435144483
3003534,10.700781898886847
3003535,686.5733334147185
3003536,293.61540531739126
3003537,136.71139931215137
3003538,134.01489641254122
3003539,60.02634299625358
3003540,2268.172095603335
3003541,4.503028301710271
3003542,0.5449254267261072
3003543,19.743881982433045
3003544,11.409239387072779
3003545,0.3489761641714779
3003546,145.60550330996486
3003547,0.0
3003548,0.0
3003549,11.46490460584881
3003550,22.4153109698711
3003551,0.9944301781925559
3003552,384.3055449130309
3003553,118.41126039634061
3003554,1.8594938072417957
3003555,3.75456860193984
3003556,196.40151877069636
3003557,26.478937761264604
3003558,1061.043998396184
3003559,3.6426946174133787
3003560,1.8334514043231036
3003561,3.0526618807677197
3003562,0.08827391690558183
3003563,2.0320642779727747
3003564,1715.4447505911553
3003565,0.0
3003566,571.6136264492168
3003567,7.655388857047028
3003568,735.0487017580879
3003569,482.3085406006647
3003570,192.9848473549935
3003571,102.03806573844342
3003572,64.66403053155571
3003573,3367.8973993478085
3003574,6.34219558249715
3003575,6.068569264707378
3003576,0.0
3003577,35.463942533876704
3003578,0.20937600830879383
3003579,177.2448954747984
3003580,2.8427999193009232
3003581,4.226996205411094
3003582,3.6537903095643536
3003583,30.949072282592567
3003584,2.221968613889109
3003585,230.29922633357359
3003586,199.9007820835931
3003587,5.0703660695564166
3003588,6.02515875918548
3003589,128.9838967930243
3003590,35.6757241609056
3003591,565.5621365127118
3003592,3.873881146446445
3003593,4.374783373110325
3003594,4.050117169891092
3003595,0.0
3003596,0.4145498659579105
3003597,1095.3812175382395
3003598,0.0
3003599,76.68727395310331
3003600,1.2157227548915621
3003601,348.00724282894237
3003602,139.65351856024608
3003603,71.05581095639852
3003604,109.04134369156893
3003605,21.441880915799704
3003606,1480.7189711676758
3003607,3.032041785297125
3003608,0.26666348490487896
3003609,12.904957847174451
3003610,7.425157966701452
3003611,0.1994536297124766
3003612,73.645031454905
3003613,0.0
3003614,0.0
3003615,0.7133398055080872
3003616,15.551628209686713
3003617,0.7042830261599416
3003618,323.94676460055126
3003619,60.698260838988546
3003620,0.23489359250257416
3003621,0.8540744381492412
3003622,65.30031834864324
3003623,12.261138812731453
3003624,315.0038110553165
3003625,2.9009820378859894
3003626,0.6662141913416137
3003627,3.5700528813051706
3003628,0.07405743134755569
3003629,1.073498026066839
3003630,2552.99094567861
3003631,0.0
3003632,400.28010581162476
3003633,9.394698688891753
3003634,627.6305801313149
3003635,445.9808133296979
3003636,165.38375270169504
3003637,140.1892727362138
3003638,64.53523626753869
3003639,3007.434255201583
3003640,6.346121552903696
3003641,0.6513197740902072
3003642,18.18630906727898
3003643,7.551146065159541
3003644,0.0
3003645,143.88414510118753
3003646,0.0
3003647,30.57305052876115
3003648,3.6851067021406543
3003649,20.595686768558856
3003650,1.068482367445756
3003651,386.65347540173525
3003652,147.2213849813988
3003653,2.9057669309565997
3003654,1.5580750457123322
3003655,109.79870517032072
3003656,37.32118125658141
3003657,968.6122660302368
3003658,6.293907104907027
3003659,1.0678771385704837
3003660,3.145923545495284
3003661,0.0
3003662,4.645232600072606
3003663,2403.9640981545763
3003664,0.18219484203710595
3003665,450.2230319546107
3003666,9.07923522171078
3003667,787.5500916535726
3003668,752.3116161218928
3003669,137.40267764082338
3003670,111.95527791899707
3003671,117.9469854383744
3003672,3112.107421701443
3003673,58.17567518845978
3003674,1.7741306609661212
3003675,20.622018959795387
3003676,26.897183245530556
3003677,0.08395121474719881
3003678,183.60266352530203
3003679,13.759708632996913
3003680,21.369600644221656
3003681,2.435509214137531
3003682,96.96513630951144
3003683,11.021690377321688
3003684,207.35486611690118
3003685,159.96100945592738
3003686,10.523123567833203
3003687,12.5785444456933
3003688,226.68711622137155
3003689,54.21595020783494
3003690,2069.0486991231614
3003691,0.028632299369776622
3003692,10.991501259601733
3003693,5.5926413045799075
3003694,0.0
3003695,2.481718239580702
3003696,2460.403431648516
3003697,0.0
3003698,303.7203331581329
3003699,13.837793525805091
3003700,660.2919631409873
3003701,568.818467645292
3003702,110.81885992684784
3003703,58.43969394494225
3003704,96.02510372957691
3003705,2552.059317883183
3003706,23.360754228539065
3003707,1.052970170064033
3003708,27.64024433452215
3003709,66.06068946757848
3003710,0.1538446194849891
3003711,197.87228602459604
3003712,8.74081712792625
3003713,14.42046183586771
3003714,10.497163234269323
3003715,113.43682371397236
3003716,10.493607574529907
3003717,119.43719694762002
3003718,176.0986899010175
3003719,5.977723183142204
3003720,9.273530282645579
3003721,85.25577429171925
3003722,44.804520824612275
3003723,1423.7850549978846
3003724,1.1360051643463789
3003725,17.13943451681895
3003726,7.20604716058662
3003727,0.025533279607792277
3003728,2.594432588570739
3003729,2710.9318631648557
3003730,0.0
3003731,587.0289368784244
3003732,11.260334461151952
3003733,1350.18662842356
3003734,486.96792483526906
3003735,158.32800414735354
3003736,194.2582677523811
3003737,59.506907061116785
3003738,4257.979185765979
3003739,34.08410578248717
3003740,0.8498576160944075
3003741,7.0647848556102915
3003742,11.353643915180983
3003743,0.28747447175948526
3003744,254.74681975424014
3003745,5.161998704262004
3003746,13.24855316315362
3003747,5.336587618535176
3003748,59.0341273706376
3003749,3.7799296478772666
3003750,211.06782270647602
3003751,172.22687093760442
3003752,6.694933563498472
3003753,6.335632613718525
3003754,204.21361363341924
3003755,41.50749558438957
3003756,1244.2797169290275
3003757,3.767977311517372
3003758,12.589454020915067
3003759,3.0966710589955473
3003760,0.048871780617736234
3003761,2.2619983331089304
3003762,1578.6423098721903
3003763,0.0
3003764,239.43221432603775
3003765,8.144668629555113
3003766,516.5638634081363
3003767,514.9808723320388
3003768,135.2698418665872
3003769,91.04937246589296
3003770,48.86581491262109
3003771,2155.4891139757656
3003772,19.976576079222358
3003773,1.3409276856768895
3003774,12.270887380357758
3003775,13.049356250388389
3003776,0.31590773626677404
3003777,148.62640709218832
3003778,12.498491485853108
3003779,15.21776775993314
3003780,0.9438055139421391
3003781,67.64040736006378
3003782,6.684433555147341
3003783,248.440719054766
3003784,109.04489304686527
3003785,5.672054733267197
3003786,5.277159829584344
3003787,215.3509127458698
3003788,28.308595836484383
3003789,1369.0499262279773
3003790,0.0
3003791,14.12837257270001
3003792,3.557079477059462
3003793,0.17208392255411037
3003794,2.23593050897778
3003795,3473.965144220097
3003796,0.0
3003797,320.4312729776984
3003798,9.892057698498919
3003799,1446.004323189549
3003800,481.8504409831534
3003801,232.1320091785234
3003802,138.89822932742808
3003803,74.92764532196614
3003804,4548.207465747265
3003805,12.96702369545942
3003806,1.962227213726188
3003807,27.253685446102086
3003808,21.73256735955754
3003809,0.19532697532157467
3003810,314.3440313430131
3003811,0.0
3003812,0.15920633765321962
3003813,10.259142824267133
3003814,22.664350109195144
3003815,1.7340071607700909
3003816,145.33277430648297
3003817,172.69647924088193
3003818,3.48830761244186
3003819,9.42839966721009
3003820,151.62621012694055
3003821,45.7899774368918
3003822,936.2392216396502
3003823,6.017871220611974
3003824,6.639565580724055
3003825,4.311650487580172
3003826,0.0
3003827,6.480249879271934
3003828,2397.324080195145
3003829,0.0
3003830,360.4011355590905
3003831,14.017913183587549
3003832,993.5037694782369
3003833,532.748786537665
3003834,179.49695891982648
3003835,104.82845889787512
3003836,138.625167748468
3003837,2703.0865550353424
3003838,32.67695980439016
3003839,1.2675451476663966
3003840,20.489057217265017
3003841,30.0685489481248
3003842,0.5271217330677385
3003843,165.93551596159216
3003844,14.818750765906088
3003845,18.93867650080884
3003846,7.207525533440112
3003847,97.57714698002832
3003848,9.349411877950923
3003849,167.8992626377759
3003850,301.1989623625244
3003851,10.933815946605009
3003852,6.57448164264798
3003853,153.61958994705722
3003854,42.76129485545926
3003855,1685.0045143201448
3003856,0.0
3003857,6.544249628391035
3003858,2.162926865856281
3003859,0.023413509388179297
3003860,2.6770294477083
3003861,1934.5614824879985
3003862,0.0
3003863,350.9027205644958
3003864,9.178152468426239
3003865,509.71465161585286
3003866,645.4328794341509
3003867,135.24129245221093
3003868,108.36833250349507
3003869,100.41694887590933
3003870,2357.2446377313336
3003871,30.130837384983593
3003872,1.0414253272522467
3003873,23.495955353197854
3003874,19.31359633180599
3003875,0.2854979000285253
3003876,133.80760058717482
3003877,12.33984069833117
3003878,34.86388993030252
3003879,4.086283451325359
3003880,69.41477247842953
3003881,9.751853894079687
3003882,207.37867362833248
3003883,120.14591767534907
3003884,8.120437168420318
3003885,7.625015779170887
3003886,163.1942420409877
3003887,38.14654549314764
3003888,1911.8819427804162
3003889,0.0
3003890,11.902040686346698
3003891,3.9202356490183448
3003892,0.21757498664159036
3003893,2.184281557775235
3003894,3744.931896029573
3003895,0.0
3003896,443.8546305076601
3003897,15.843099431584358
3003898,842.8265869219539
3003899,462.43087175112294
3003900,193.43186988583665
3003901,166.7305767440654
3003902,45.22685597712516
3003903,3581.6580784050993
3003904,9.24433040690477
3003905,0.01293617388456637
3003906,7.938172361817343
3003907,15.453232068727816
3003908,0.15965360663675107
3003909,169.5952626967951
3003910,0.0
3003911,8.87329058506723
3003912,0.0
3003913,61.78863320277838
3003914,3.350437713319234
3003915,232.03334222899426
3003916,187.18012268066533
3003917,2.3755987041708875
3003918,1.4512092113802115
3003919,194.90267331076763
3003920,129.13395830536848
3003921,974.3171660590943
3003922,3.4456376572665617
3003923,1.4340686093487671
3003924,14.161677956009719
3003925,0.0
3003926,10.303780047113028
3003927,6563.090508313224
3003928,0.0
3003929,1161.6589395578244
3003930,35.12982782799735
3003931,1732.5145318649097
3003932,1637.3670048490187
3003933,363.4766309423206
3003934,414.083515305341
3003935,342.42307809153414
3003936,6350.999263444351
3003937,83.70378821143979
3003938,3.65134638343812
3003939,98.47665465449845
3003940,103.85135178410131
3003941,0.8308935450483103
3003942,422.42826077401884
3003943,21.695421573574166
3003944,19.9195256248513
3003945,17.882576308408343
3003946,345.12546213020676
3003947,25.803032828655397
3003948,598.9271706448868
3003949,261.3088651874228
3003950,30.69488877306257
3003951,25.27819117138081
3003952,741.2907010343671
3003953,237.15514225975295
3003954,5956.82665074998
3003955,90.30530702192273
3003956,54.86852826774296
3003957,10.869753733588283
3003958,0.0
3003959,8.097722285173948
3003960,5559.004184990476
3003961,0.0
3003962,803.6825245767392
3003963,30.04611995381274
3003964,1519.313015290855
3003965,1475.7837225176902
3003966,412.82898838361086
3003967,242.8062390791027
3003968,224.17434286632277
3003969,6834.57976330788
3003970,139.4007704296908
3003971,1.536788407111051
3003972,43.65242918276628
3003973,72.1625149150644
3003974,0.5383535840505476
3003975,362.8045993969543
3003976,13.922621830694094
3003977,35.486318813302276
3003978,4.8731568720705996
3003979,204.73676323592014
3003980,17.760297351972355
3003981,684.6224686015157
3003982,329.621551072642
3003983,15.568089344150144
3003984,20.371693942289273
3003985,729.0472035194952
3003986,148.91055579891395
3003987,3944.010891184595
3003988,142.49563165586645
3003989,47.43571811111161
3003990,10.443725514470453
3003991,0.0
3003992,11.989791881581379
3003993,3657.935609786219
3003994,0.007883752496165495
3003995,638.9897379779591
3003996,12.30167246535357
3003997,1411.7840891958317
3003998,942.9766300533788
3003999,451.8910711970203
3004000,88.2034501621316
3004001,157.7398585943609
3004002,5525.650850017061
3004003,40.071129075128646
3004004,1.8519695037470763
3004005,28.6290379369266
3004006,18.727233881699732
3004007,0.23871189411398433
3004008,319.3779405094107
3004009,12.372177387772924
3004010,22.330969632927648
3004011,7.22981256488829
3004012,114.8848469008685
3004013,7.78456751682002
3004014,693.9216488435252
3004015,309.0844180244606
3004016,17.226192305339392
3004017,37.14019123339114
3004018,321.07123882641025
3004019,76.99404451304169
3004020,1560.5505167624253
3004021,80.32832902947025
3004022,27.54947375918536
3004023,11.542567484842515
3004024,0.0
3004025,10.368748986771713
3004026,5503.656128515652
3004027,0.0
3004028,758.4246468905396
3004029,28.9973199539388
3004030,1476.4604235639329
3004031,1448.1858533226084
3004032,425.02749316557544
3004033,229.62331434568011
3004034,164.94910918957433
3004035,6610.526436932849
3004036,48.39200637499817
3004037,1.4996751538432533
3004038,47.45760037590454
3004039,63.969503018432356
3004040,0.7503089560875693
3004041,397.2078611302256
3004042,20.156192937365454
3004043,35.251835663029055
3004044,5.909736008982922
3004045,179.70296515783534
3004046,13.512304729971422
3004047,584.0274672453384
3004048,317.4412495243994
3004049,18.459034906857525
3004050,17.231722002664213
3004051,651.318463150949
3004052,121.81536426078857
3004053,3525.5447227846903
3004054,104.76622257169785
3004055,40.88304542385649
3004056,10.099997238481823
3004057,0.0
3004058,12.081627645262685
3004059,2388.5439558039006
3004060,0.0511092726192805
3004061,512.9829481465528
3004062,14.404003123571881
3004063,978.0596413385512
3004064,699.1509728556207
3004065,347.7964090759912
3004066,63.72932494026547
3004067,116.15927756141642
3004068,4294.530972418444
3004069,37.731307283050704
3004070,0.21784961804792602
3004071,14.485740054990291
3004072,32.80739924195177
3004073,0.5494343424218375
3004074,260.3066538308968
3004075,11.549815645573082
3004076,15.703317256463134
3004077,2.049931041217306
3004078,108.0106572992238
3004079,3.8027104510522687
3004080,503.66940594191544
3004081,272.8199899252369
3004082,14.216960998687526
3004083,11.474889118294797
3004084,460.57127128885344
3004085,43.114650347802204
3004086,1058.8227609704293
3004087,99.95274430081028
3004088,12.31804574391323
3004089,9.024834248087002
3004090,0.0
3004091,7.313571577199646
3004092,4823.213669257496
3004093,0.0
3004094,879.7156247235074
3004095,27.08758083535386
3004096,1259.548492596969
3004097,1591.2327115976764
3004098,308.01092361049854
3004099,356.16641004118713
3004100,253.53140597013683
3004101,5559.525937755666
3004102,69.59517743579586
3004103,1.5069069868353384
3004104,56.81975684636499
3004105,53.39231609916851
3004106,0.8023825562944309
3004107,301.0968632920656
3004108,12.086682197718057
3004109,33.663119963081314
3004110,10.703715168521109
3004111,259.36599983726654
3004112,19.01358242334035
3004113,562.9104324351913
3004114,278.57872587224267
3004115,15.049398717988199
3004116,23.92039600828727
3004117,669.1278244203083
3004118,136.33834007621536
3004119,5409.943899682222
3004120,68.00106570651283
3004121,54.73961426030393
3004122,5.989226186468381
3004123,0.16326291999788967
3004124,3.3457538338582915
3004125,1509.7880884977967
3004126,0.0
3004127,267.9811713948804
3004128,21.51087544993758
3004129,787.9772214494465
3004130,433.7023789976279
3004131,173.38666597701652
3004132,65.84575117610196
3004133,85.34363584419289
3004134,2390.270099912748
3004135,48.17237269556792
3004136,1.1151342856716377
3004137,18.743918344736098
3004138,24.492147832645262
3004139,0.4175055597137838
3004140,168.48081534656097
3004141,9.636661621480181
3004142,8.942334666363848
3004143,10.116596386829515
3004144,54.94487361383059
3004145,7.512401789042767
3004146,196.8061677656016
3004147,157.57114312044934
3004148,2.3319113795636204
3004149,5.47529430296874
3004150,166.616560166765
3004151,42.14070468896012
3004152,1242.050071805703
3004153,2.3085385535061613
3004154,13.779604264036864
3004155,8.113571097710068
3004156,0.0
3004157,9.353629372603566
3004158,3022.7616878840613
3004159,0.0
3004160,374.36994093149855
3004161,21.280234334688664
3004162,1127.7036534612862
3004163,799.1052064850296
3004164,313.52640356882296
3004165,71.52432283125266
3004166,126.86452532823374
3004167,4455.956946015657
3004168,106.9396581719074
3004169,1.4829841282090936
3004170,42.13812423345843
3004171,49.074743672358046
3004172,0.6397715220038777
3004173,299.46638552473075
3004174,8.833315841150464
3004175,6.991315708371985
3004176,2.4128373526434888
3004177,135.7251220365174
3004178,9.167048252866438
3004179,414.43871368748927
3004180,291.07133495646707
3004181,9.905243631631796
3004182,13.686053856606383
3004183,281.13983717827426
3004184,56.14808512596146
3004185,1552.4557837251914
3004186,83.12734061497625
3004187,15.791138789250462
3004188,7.350701528356343
3004189,0.0
3004190,2.214008524041894
3004191,3412.4126205887555
3004192,0.0
3004193,621.0328772895729
3004194,10.197644583759883
3004195,1048.1444369703534
3004196,1217.7625641419359
3004197,196.2461643738409
3004198,271.5905516802685
3004199,216.3451673183362
3004200,3824.230123311145
3004201,41.6325174604418
3004202,1.276531072193741
3004203,32.624425389421006
3004204,35.878543232735524
3004205,0.7133657341998865
3004206,228.94417412774632
3004207,2.6927482145045545
3004208,43.33726762474442
3004209,5.952463850823007
3004210,126.90781273435165
3004211,10.897223965346738
3004212,462.23422787627175
3004213,175.31316355348346
3004214,18.69757026963334
3004215,7.336673113056058
3004216,401.6582414438898
3004217,96.16770351510236
3004218,4173.777468235524
3004219,14.570108028462087
3004220,31.751052678201212
3004221,14.109167888923794
3004222,0.0
3004223,8.575948669364205
3004224,5037.779114254789
3004225,0.0
3004226,929.6166290582074
3004227,14.293480076876913
3004228,1894.610612909411
3004229,1311.778343449399
3004230,401.62053040465105
3004231,234.73950610504298
3004232,398.4042615533347
3004233,6937.234761990747
3004234,57.53002033358503
3004235,4.027262854092807
3004236,71.45957400506298
3004237,55.534580842216194
3004238,0.9898705542000241
3004239,404.5402621866948
3004240,10.774616340204258
3004241,86.46882001867124
3004242,8.985063279544468
3004243,280.32835630026784
3004244,13.05279506269326
3004245,564.4945121813655
3004246,390.9212170569998
3004247,18.470360955741835
3004248,31.755776805161975
3004249,553.4904027737781
3004250,150.27484628571096
3004251,5516.8647003197475
3004252,11.613007619708489
3004253,11.796404012958158
3004254,7.108420845453451
3004255,0.14692386545714248
3004256,1.7499133770810429
3004257,1671.5940953551617
3004258,0.0
3004259,341.922766020769
3004260,8.241503708419637
3004261,636.1807746900558
3004262,372.8972408592954
3004263,176.4739004902792
3004264,67.42840358334892
3004265,90.92953247479389
3004266,2432.2252220306073
3004267,13.395637914774468
3004268,1.775327585720692
3004269,19.87872864161618
3004270,23.353178579968237
3004271,0.07773888381765215
3004272,128.43149144856403
3004273,4.310850080061917
3004274,14.971479539432941
3004275,5.93675573855192
3004276,82.34471407088778
3004277,3.5602981205639166
3004278,203.76107420640977
3004279,145.28819720499968
3004280,5.651198067068238
3004281,5.580655131857547
3004282,140.4976372014546
3004283,40.995733999809154
3004284,1391.818063844449
3004285,1.6786037695208325
3004286,3.021082907830668
3004287,3.913251308675974
3004288,0.0
3004289,1.3167101917686626
3004290,2868.9492517295403
3004291,0.0
3004292,159.56032468769945
3004293,3.712197426981203
3004294,822.5009622851946
3004295,170.77823936153433
3004296,159.66979886264346
3004297,48.55279254114121
3004298,24.559018864558375
3004299,2535.5773441549272
3004300,9.17787979740663
3004301,0.61680868189582
3004302,18.239833331030532
3004303,10.752776929323627
3004304,0.27636555389804024
3004305,143.3394194721131
3004306,0.0
3004307,0.0
3004308,3.3391190264030355
3004309,32.07884589549538
3004310,0.8025062533606032
3004311,58.22259894748223
3004312,100.41689293357157
3004313,0.0
3004314,0.7344491725883389
3004315,60.11051145791326
3004316,75.79809468373571
3004317,507.7044002090661
3004318,1.0442065014855633
3004319,2.7549440619442116
3004320,3.72106738986913
3004321,0.22973606555105253
3004322,3.0098178957997828
3004323,2124.2540192962915
3004324,0.0
3004325,392.53024039170134
3004326,12.81220187113472
3004327,840.1173922042943
3004328,672.4345823327232
3004329,226.60152097306067
3004330,122.0335732668737
3004331,96.43996147183137
3004332,3281.5057625688582
3004333,38.725817097199645
3004334,1.3069062479752604
3004335,23.10314410875706
3004336,45.51655711335378
3004337,0.14842153720182852
3004338,203.39779952354354
3004339,13.098868066820065
3004340,14.993025846475032
3004341,7.240059699066222
3004342,76.75980864323233
3004343,6.088117233330581
3004344,302.85456872027936
3004345,161.18662267581217
3004346,6.65711686214738
3004347,10.647610946826553
3004348,307.880889444767
3004349,57.0869318155643
3004350,1682.9317455052674
3004351,0.01441345465437061
3004352,19.01815941282541
3004353,5.1204899724031945
3004354,0.0
3004355,5.27097328756388
3004356,3268.3727528678974
3004357,0.002825872102632869
3004358,584.680965296444
3004359,17.57761066525703
3004360,914.0590646081733
3004361,1109.2036371525935
3004362,152.2168991051258
3004363,234.15003638956597
3004364,181.27866052080842
3004365,3364.803170869021
3004366,43.61841990889883
3004367,2.339660983041728
3004368,32.066174831248425
3004369,30.052321191645984
3004370,0.8377794076971852
3004371,190.25117363515477
3004372,15.354577819110025
3004373,35.97897060078444
3004374,7.874048536688035
3004375,156.89286234940042
3004376,13.591116015772593
3004377,368.9421372370183
3004378,179.08913267485985
3004379,7.741454357241507
3004380,12.238007775471587
3004381,493.6567590394322
3004382,99.76472688218351
3004383,4098.387607238546
3004384,0.30346702511330137
3004385,33.89547310478102
3004386,3.382474068831775
3004387,0.3744597118231969
3004388,5.247695190705732
3004389,3195.070973079727
3004390,0.0
3004391,645.8203379039163
3004392,25.269202577352058
3004393,925.298841291124
3004394,1084.1164112017643
3004395,200.71313213514864
3004396,228.72062397526435
3004397,127.21722005113172
3004398,3830.649726857635
3004399,36.32432950432804
3004400,3.085327099561995
3004401,31.567899732130137
3004402,33.32899929340764
3004403,0.7781816840068949
3004404,238.42852946485866
3004405,15.181302708322818
3004406,31.730367852543534
3004407,23.70928584863285
3004408,147.42416226805904
3004409,21.58787245374079
3004410,329.5693051747436
3004411,217.67798412955864
3004412,16.331917238335045
3004413,17.561320532093752
3004414,393.25047175858776
3004415,112.50860710339781
3004416,3102.358456511978
3004417,0.17570599063712314
3004418,28.362659303107147
3004419,14.388861112411618
3004420,0.13915486682736994
3004421,4.493532998239851
3004422,1974.6991875381275
3004423,0.0
3004424,397.5579946591739
3004425,13.47860751637827
3004426,976.0335361622467
3004427,520.785698645934
3004428,368.29702235707845
3004429,137.58242787087232
3004430,63.38833906030856
3004431,4006.2241413001198
3004432,15.735679914723951
3004433,1.426136133288156
3004434,1.1076333769225515
3004435,28.044274258263577
3004436,0.16393186179207253
3004437,273.0124604924724
3004438,11.259119239412522
3004439,6.627968528126747
3004440,3.5192027634085514
3004441,44.45797987325054
3004442,3.6633153160868743
3004443,464.77729877536143
3004444,231.28929586155888
3004445,5.426100708306519
3004446,5.8394739034507275
3004447,250.94678973548747
3004448,92.30782175345708
3004449,1041.7575832413845
3004450,36.54126175260786
3004451,14.504906285233533
3004452,5.80261223266787
3004453,0.0
3004454,2.975741391424348
3004455,2283.3713636271714
3004456,0.15835277486750016
3004457,349.13335441652964
3004458,22.2240767982029
3004459,689.0514078286047
3004460,739.8618884872573
3004461,164.5415809115237
3004462,156.95853391317257
3004463,149.10981851310197
3004464,2737.169420491055
3004465,27.717362306809417
3004466,2.0956991666644833
3004467,27.544793694848313
3004468,23.840049459547316
3004469,0.534028652810384
3004470,157.94276891409933
3004471,11.596646359643664
3004472,26.64958305777824
3004473,8.414487046747293
3004474,133.11490541271644
3004475,8.377244668499397
3004476,665.3816343770427
3004477,109.44786070712588
3004478,4.867269289978896
3004479,8.645486965363547
3004480,494.8420207004897
3004481,70.36942182215776
3004482,2329.074910180843
3004483,0.0
3004484,41.510706362997006
3004485,0.9072804799115498
3004486,0.0
3004487,2.11735288423882
3004488,955.8970296245059
3004489,0.0
3004490,61.449562720766835
3004491,3.8915127425071727
3004492,562.7384605969199
3004493,170.48508883186898
3004494,240.9902978662186
3004495,24.537812953500122
3004496,21.266132437105334
3004497,1880.5956932180195
3004498,7.77496964152043
3004499,0.40432354825146344
3004500,10.37830068113358
3004501,6.348690042863674
3004502,0.12201072173016873
3004503,95.57601411357365
3004504,0.0
3004505,0.0
3004506,0.7818080024354781
3004507,18.099885175586817
3004508,0.38829821752715765
3004509,107.34410602322255
3004510,84.5547417719946
3004511,0.5161814895128941
3004512,2.3548611531897916
3004513,114.05928903110046
3004514,14.956500874503028
3004515,199.289235993015
3004516,0.710424513447291
3004517,0.42281035572883763
3004518,6.224309123510318
3004519,0.11914422481793212
3004520,1.308554633741507
3004521,4088.2857916348444
3004522,0.0
3004523,575.2592647956083
3004524,15.277067343382976
3004525,1084.3780547360334
3004526,471.0834955107017
3004527,487.61293018997014
3004528,210.85777711744154
3004529,75.61776741767369
3004530,5046.6288126957015
3004531,31.710428301430497
3004532,0.6141913327911236
3004533,10.976359028671592
3004534,8.460142279883998
3004535,0.19634755263658954
3004536,254.29518536032936
3004537,12.288509360596926
3004538,3.64761802183215
3004539,8.348828856603948
3004540,65.53201314625174
3004541,3.056278163633604
3004542,436.4013751319754
3004543,149.67436087773658
3004544,1.664137886845055
3004545,9.16357056268472
3004546,446.9744810591647
3004547,94.11023607841054
3004548,1298.9791031887878
3004549,5.971246112319537
3004550,6.2871227236666805
3004551,3.1769313184653174
3004552,0.08181604443252022
3004553,0.6033460555015865
3004554,1353.0855101577679
3004555,0.0
3004556,152.60606873461302
3004557,12.497489887541805
3004558,719.8252040342143
3004559,328.2962026745403
3004560,237.086714797713
3004561,37.51630674787248
3004562,35.97762776951183
3004563,2396.896812990456
3004564,12.600029591819656
3004565,0.6758829508163455
3004566,14.624465182963107
3004567,15.156493495494846
3004568,0.258293693423605
3004569,115.02155546397695
3004570,8.517498706644378
3004571,0.0
3004572,5.467660179798383
3004573,58.7540070866787
3004574,1.8138801074279833
3004575,101.25207000376237
3004576,97.67033395693134
3004577,1.174190203578852
3004578,4.031128647159058
3004579,160.41493566268778
3004580,23.512070405924895
3004581,312.52597061526325
3004582,1.5463956336067457
3004583,2.9747230289195947
3004584,2.4215574279681826
3004585,0.0
3004586,3.621733747568815
3004587,1344.2289917322057
3004588,0.0
3004589,90.73385111826096
3004590,6.455139084533452
3004591,536.5332947896499
3004592,194.47423915489117
3004593,151.81182935336741
3004594,36.41189692591514
3004595,28.66036912800729
3004596,2177.240655973194
3004597,18.19662399458249
3004598,0.05999458242312064
3004599,12.071388973709276
3004600,6.7473999198166865
3004601,0.00913779449312844
3004602,94.60084290170983
3004603,1.4281614856259366
3004604,0.0
3004605,2.7273107143309296
3004606,74.0825555793395
3004607,0.8934721782622363
3004608,127.59513840590719
3004609,103.01819893922068
3004610,0.6997851649355119
3004611,2.995417169389197
3004612,80.85939561105927
3004613,10.158660820497783
3004614,167.66453658750632
3004615,1.4308286841740645
3004616,4.512157786672972
3004617,1.8524341788830792
3004618,0.0
3004619,2.574359468517187
3004620,1184.9119667877337
3004621,0.0
3004622,117.73135813701892
3004623,7.9976141534126075
3004624,1462.382926747889
3004625,253.78313959354546
3004626,299.2090579094005
3004627,28.58137142160552
3004628,47.97851475644933
3004629,2480.95323563075
3004630,13.628423013127401
3004631,0.03591596723659165
3004632,5.699768160684414
3004633,19.094833151098975
3004634,0.13291934741569386
3004635,130.65986638427853
3004636,2.975032030133243
3004637,0.0
3004638,2.9366079976428052
3004639,26.437408791595605
3004640,2.469655448328539
3004641,182.49336402949814
3004642,205.56368429764214
3004643,1.605141570218091
3004644,3.520804586509927
3004645,75.73337580112658
3004646,76.18430543981196
3004647,333.2317874700008
3004648,0.904234743523044
3004649,4.5489310239790015
3004650,3.336051578503565
3004651,0.9782767742109085
3004652,3.4904792769828
3004653,1379.97246521866
3004654,0.0
3004655,128.21093738667093
3004656,5.266401208033981
3004657,717.4653529284138
3004658,285.88472398114413
3004659,313.6853271004403
3004660,78.12121103057491
3004661,63.38726022119526
3004662,2203.813302943514
3004663,10.679383754918572
3004664,0.7925261730609325
3004665,11.49725431520757
3004666,13.682347266902331
3004667,0.13593880412376444
3004668,163.92455847220177
3004669,8.379670629442789
3004670,0.0
3004671,4.95302721513664
3004672,35.59531216959074
3004673,2.7384957485741137
3004674,124.81242507430423
3004675,125.40826057141594
3004676,0.3664907545231306
3004677,5.174715198494547
3004678,129.4138313580552
3004679,48.745945582841465
3004680,543.1844306343015
3004681,1.4396067486991626
3004682,5.141573011219756
3004683,3.939852096444589
3004684,0.15223990438305668
3004685,1.448548745034252
3004686,1207.3912972704393
3004687,0.0
3004688,113.50488816430618
3004689,6.050506282119021
3004690,1183.6883010829406
3004691,191.582706399656
3004692,144.15341810399963
3004693,83.49222174699625
3004694,33.47325379387103
3004695,1718.4225120113026
3004696,7.290090285180928
3004697,0.3678207863601824
3004698,10.467703230846993
3004699,15.354971481469788
3004700,0.061693641765325775
3004701,111.43749389596677
3004702,0.0
3004703,0.0
3004704,2.3870108746973013
3004705,55.71169771438603
3004706,1.2731545401726925
3004707,43.06283944731464
3004708,88.10049753200128
3004709,1.0875636200412289
3004710,2.4328282088607787
3004711,64.66987456353574
3004712,26.771124522688208
3004713,463.0119664546891
3004714,3.900092343971606
3004715,1.5786052170888076
3004716,5.883589538429745
3004717,0.5316208491311928
3004718,2.2485887545260925
3004719,2244.79686251005
3004720,0.0
3004721,207.48470776719722
3004722,7.047994505719756
3004723,634.812062542845
3004724,468.1035938534823
3004725,530.0663526821505
3004726,123.08690113344419
3004727,81.1554667305822
3004728,2784.073394732376
3004729,14.476210781204141
3004730,1.1688000182924967
3004731,15.723224291951732
3004732,4.91967737027793
3004733,0.22419685861852207
3004734,169.82158959248216
3004735,1.596041104409816
3004736,0.0
3004737,2.987704513865766
3004738,55.229368365382015
3004739,4.17864140909399
3004740,181.07250151952152
3004741,126.79508555761474
3004742,1.9660043340540114
3004743,4.54471862804226
3004744,289.4540708413995
3004745,39.19601793612173
3004746,960.0108504583382
3004747,4.235488573753004
3004748,10.496881439708888
3004749,3.202365201581883
3004750,0.010300377104527964
3004751,1.6958267350224556
3004752,1414.4922310931445
3004753,0.0
3004754,451.202053359197
3004755,9.849629358645846
3004756,369.5122931293174
3004757,410.2993668398613
3004758,195.14273250290398
3004759,102.08707633679539
3004760,43.026068377357234
3004761,1818.3146181148752
3004762,9.479344807671376
3004763,0.9416628437665151
3004764,7.324495621457925
3004765,11.170945380900143
3004766,0.4002544669739535
3004767,120.80972429321181
3004768,5.892764811368753
3004769,5.095847623285009
3004770,2.7742211805276575
3004771,86.20703907257736
3004772,2.0069874284258367
3004773,62.890471080903616
3004774,81.02417640968598
3004775,3.0352630630551216
3004776,4.182032062723039
3004777,181.8762194146674
3004778,45.02171984048778
3004779,1065.9314680957234
3004780,9.913230036231736
3004781,6.454385089076146
3004782,4.462917897932725
3004783,0.34355912297037194
3004784,2.7865349565598367
3004785,2154.8073972410216
3004786,0.0
3004787,112.9376705960919
3004788,5.594554025030979
3004789,714.6038021620757
3004790,251.66447850517335
3004791,270.9064422822079
3004792,45.593920960123214
3004793,35.10865307354329
3004794,2859.8461350422504
3004795,34.36094739040045
3004796,1.1285294516876214
3004797,14.781806933718341
3004798,11.874050450283024
3004799,0.29445465469659654
3004800,119.06419436583086
3004801,4.166766568648548
3004802,0.0
3004803,4.045252689309833
3004804,52.78604664807168
3004805,3.118878053026652
3004806,112.59445853199757
3004807,144.43595862272852
3004808,1.4937645494562002
3004809,3.3266756010503253
3004810,118.16363086128331
3004811,18.289718129316206
3004812,358.3371004602577
3004813,1.4107310230248677
3004814,2.7565244975057928
3004815,5.92655873729467
3004816,0.0
3004817,5.963185122345684
3004818,2774.8190574743317
3004819,0.0
3004820,601.033358754469
3004821,15.743077233537546
3004822,815.2500740750185
3004823,791.0802801721932
3004824,229.0025565282798
3004825,177.83099300058956
3004826,122.51743175496836
3004827,3559.448708956606
3004828,42.445927268562684
3004829,1.8074163495107556
3004830,20.626133449471688
3004831,32.58636893997407
3004832,0.22702181546034245
3004833,203.51969103359102
3004834,15.200063914523586
3004835,19.810554927144693
3004836,5.381715799075166
3004837,124.75782348014435
3004838,10.076029404375683
3004839,1222.5604421467694
3004840,162.42827624606085
3004841,9.986056525164065
3004842,9.02545081238289
3004843,584.112304030928
3004844,76.81285671325254
3004845,1948.5306762062423
3004846,0.0
3004847,42.194832726137435
3004848,5.914853907229528
3004849,0.0
3004850,1.962991163310268
3004851,2310.153861050491
3004852,0.0
3004853,287.1011470480755
3004854,10.561382342889347
3004855,950.4009695301206
3004856,368.79175622283475
3004857,850.1426556230933
3004858,53.75625276373469
3004859,59.92138079491159
3004860,3585.858767383124
3004861,14.741303888241266
3004862,0.19197195041529647
3004863,6.302326419443064
3004864,11.94723204026987
3004865,0.0
3004866,181.1722735170162
3004867,1.4387970326091866
3004868,5.908914291492085
3004869,2.824057770374319
3004870,67.19611895915148
3004871,1.641758988327877
3004872,209.51187520066034
3004873,134.9110050815778
3004874,2.5850848336684975
3004875,2.158832062764437
3004876,438.5189036917101
3004877,40.50071160773047
3004878,542.9583397957164
3004879,15.38415809908761
3004880,7.1981972053804615
3004881,8.372116741195557
3004882,0.002324810107408452
3004883,3.0385739731756014
3004884,2166.5419831747736
3004885,0.0
3004886,308.7883323636013
3004887,6.31453147157419
3004888,1399.7403758811724
3004889,378.03846021071996
3004890,262.68194519562735
3004891,176.62565338503953
3004892,98.91563914366279
3004893,2707.1976733300758
3004894,11.857376467772365
3004895,0.49491179583572936
3004896,24.028963254654023
3004897,22.477471263444265
3004898,0.1899551527372346
3004899,191.59339141896
3004900,3.6941924918992344
3004901,3.2636501528970254
3004902,12.880553298411261
3004903,127.69274479976796
3004904,1.5633728474021122
3004905,85.07293060833344
3004906,157.7198521234328
3004907,2.486072268746816
3004908,1.1203242162513263
3004909,135.73018122199045
3004910,139.88612591628305
3004911,971.4761006512052
3004912,4.661961264991088
3004913,5.229962637993518
3004914,2.6180054928112306
3004915,0.003740220603438877
3004916,2.334703046910839
3004917,1410.7449405429531
3004918,0.0
3004919,130.79410996120768
3004920,8.594607990340055
3004921,448.5998195212973
3004922,254.4008088129814
3004923,130.17461200156865
3004924,52.133395235789166
3004925,62.2499303937237
3004926,2029.40826245955
3004927,13.955887930029245
3004928,0.7935459285413133
3004929,18.63670831301966
3004930,14.382913775486008
3004931,0.0
3004932,115.91734733830368
3004933,2.7626208022250993
3004934,0.0
3004935,4.344339976351038
3004936,111.73102600196634
3004937,2.2825371598695616
3004938,89.96282574533342
3004939,95.39510867429708
3004940,0.8183359269778869
3004941,3.29446078320966
3004942,241.1367380130132
3004943,20.005493935771405
3004944,456.3452701844496
3004945,1.877380854181803
3004946,1.936563029467704
3004947,1.4873280987186108
3004948,0.0
3004949,0.2828047559716268
3004950,1326.4084793977568
3004951,0.0
3004952,244.90410057761724
3004953,14.054737964639028
3004954,476.92363900805645
3004955,497.38418334656586
3004956,134.2319576871832
3004957,51.808158436089364
3004958,82.20794940816154
3004959,1989.6196264980656
3004960,30.707589451839535
3004961,0.5965039161865024
3004962,14.466489455855966
3004963,16.497911003937663
3004964,0.0651078063809566
3004965,95.05137086400099
3004966,8.933949888642024
3004967,5.016181937994084
3004968,2.9754401949590217
3004969,81.64552966500239
3004970,5.075156424863331
3004971,464.04591363799585
3004972,112.81069034711714
3004973,3.5842017587210275
3004974,4.831832813931319
3004975,396.2606958265991
3004976,39.129597725289116
3004977,1167.782847805726
3004978,0.0
3004979,9.105720805543823
3004980,3.0549194135347864
3004981,0.130128645096295
3004982,3.5463799422511535
3004983,3779.4178234801034
3004984,0.05591435411120752
3004985,778.920690626166
3004986,19.042451087758685
3004987,1196.3079566698855
3004988,1353.424051221549
3004989,319.1014540747015
3004990,269.7409702297066
3004991,231.37217396675115
3004992,4570.895744121361
3004993,38.859594328204956
3004994,0.963783688004542
3004995,19.484104965157545
3004996,29.20299608658717
3004997,0.5362635762754289
3004998,250.50130020283746
3004999,11.441193400588709
3005000,50.78260434601359
3005001,10.10127393817064
3005002,151.27327760848206
3005003,16.08436945661999
3005004,704.3309170365368
3005005,237.21048761775722
3005006,15.06688087781244
3005007,9.20291888838449
3005008,813.2221308214088
3005009,127.80462161945039
3005010,3685.700560876381
3005011,0.081078626645505
3005012,42.666554408364284
3005013,2.3116518925698
3005014,0.07813893211211456
3005015,3.959990959278959
3005016,2862.1234193853306
3005017,0.0
3005018,422.92614612500165
3005019,7.83613264901839
3005020,475.8521329533021
3005021,718.3568851207953
3005022,175.80233954292325
3005023,158.87679620114326
3005024,137.55287538429633
3005025,2111.9954599823463
3005026,25.435402718701575
3005027,1.414697212729776
3005028,14.637259436094894
3005029,17.568662198449147
3005030,0.1772553909974865
3005031,105.65440442789237
3005032,0.0
3005033,35.92265056006898
3005034,3.509483235639467
3005035,260.6921965958513
3005036,14.049824035913602
3005037,381.2534627448396
3005038,105.14738623805185
3005039,5.60290094812903
3005040,9.023725191796975
3005041,282.5354062968059
3005042,43.27511805023675
3005043,1964.4080281558615
3005044,2.0791784321890012
3005045,11.422255230198775
3005046,3.401242184580827
3005047,0.0
3005048,0.22101197600827965
3005049,998.4209352366291
3005050,0.0
3005051,202.97440022729035
3005052,6.300089628079168
3005053,346.92972380784556
3005054,216.80259780933923
3005055,91.29516381957717
3005056,30.698665081228807
3005057,30.225853886768675
3005058,1372.012123595426
3005059,12.588682496502393
3005060,0.8921454568193785
3005061,10.446589448204513
3005062,9.647113397249447
3005063,0.2912981946985364
3005064,58.51523063438267
3005065,0.21688459174972793
3005066,11.388094265906206
3005067,0.39046070266436195
3005068,34.496736826394425
3005069,0.7129374254090212
3005070,391.2639461435844
3005071,89.03628720530138
3005072,2.2621957422073664
3005073,1.0969596753380795
3005074,189.37463809732643
3005075,22.185262853289604
3005076,472.08496190407675
3005077,1.24335658869707
3005078,2.182616072028073
3005079,5.704205640021785
3005080,0.14024930387520015
3005081,0.9904283101660352
3005082,2733.090079713526
3005083,0.0
3005084,488.7764644385384
3005085,20.44243889333605
3005086,766.9977295264191
3005087,812.798110336904
3005088,327.56759567986234
3005089,228.89477624845196
3005090,165.95525938116535
3005091,3362.25479481504
3005092,23.889617369363343
3005093,2.5505303361633236
3005094,26.19098604892229
3005095,25.542121257307517
3005096,0.4901986066628799
3005097,184.02845523720742
3005098,5.038180725712633
3005099,45.45937432511695
3005100,8.978101409784431
3005101,213.1767708086707
3005102,4.816066830162446
3005103,402.32256182843656
3005104,164.60421870610668
3005105,10.48483291417593
3005106,7.1404807631975356
3005107,448.99460073944266
3005108,63.6782992805575
3005109,2152.420086130603
3005110,2.7581965427876503
3005111,19.219296473659494
3005112,6.509111588513663
3005113,0.0
3005114,1.4478100604611044
3005115,2371.9552714096026
3005116,0.0
3005117,465.7021308201865
3005118,17.142715417322712
3005119,967.6196802285916
3005120,596.9024712395922
3005121,388.4789621894342
3005122,158.23897814992785
3005123,64.47160715671866
3005124,3557.777427374876
3005125,13.844963250370375
3005126,0.9529951088632462
3005127,27.35889881584988
3005128,14.554273163946041
3005129,0.5278495301246902
3005130,179.87418152781635
3005131,0.0
3005132,6.6392237105871565
3005133,6.084050757382621
3005134,87.7100193782069
3005135,1.075911790086003
3005136,116.74623286199672
3005137,186.22648734119423
3005138,4.1301799125906
3005139,3.1031939820895227
3005140,206.33951086955935
3005141,63.534337361093606
3005142,976.028305498584
3005143,3.8918205161471833
3005144,0.4333470956185563
3005145,4.939385882470994
3005146,0.0
3005147,1.5165062344117803
3005148,2114.4469628624856
3005149,0.0
3005150,453.56534244721684
3005151,13.30136892866322
3005152,757.8909847482252
3005153,474.7272198959223
3005154,280.66885490873887
3005155,139.85836652445246
3005156,73.22467754352084
3005157,2920.4522335350284
3005158,14.120383951899472
3005159,1.3311526447103215
3005160,23.723014350784595
3005161,11.32214117327195
3005162,0.16222365141257525
3005163,173.7469820462083
3005164,0.0
3005165,7.91179221318102
3005166,4.193037699408483
3005167,149.7145124654796
3005168,1.3167298609638014
3005169,87.77674170621437
3005170,148.72300567955833
3005171,3.4635707987197994
3005172,3.570873391465799
3005173,218.52098843794153
3005174,49.232865258634384
3005175,680.4130617940273
3005176,0.6731477649957744
3005177,3.808661645248066
3005178,9.56556003030851
3005179,1.2211198383474435
3005180,12.310185553508024
3005181,7574.53372082388
3005182,0.0
3005183,1122.1887660426435
3005184,52.073375594560304
3005185,1688.4789173086267
3005186,2053.7472402648805
3005187,400.463272881534
3005188,503.0885407047176
3005189,394.51752975317316
3005190,7369.63513004863
3005191,88.15916360529876
3005192,2.7757171624894377
3005193,48.9667798059493
3005194,47.50295423898211
3005195,1.2669456189216552
3005196,406.7580783845524
3005197,29.131396739361954
3005198,75.15261966487375
3005199,17.972150807783997
3005200,351.7337861731983
3005201,35.99140861839422
3005202,1381.5393278670424
3005203,374.2179787217987
3005204,16.978382918872395
3005205,19.964654940632684
3005206,1540.6717775847483
3005207,229.31014905151537
3005208,6748.695601120897
3005209,0.5665286936727509
3005210,124.20142916139713
3005211,3.4699380876109527
3005212,0.3293702721327793
3005213,1.2851928360324893
3005214,1242.7512051523256
3005215,0.0
3005216,124.32062690785953
3005217,5.124033398663647
3005218,1102.0458639015667
3005219,227.54993833670704
3005220,145.32779171279864
3005221,134.42147119426173
3005222,52.793485811731685
3005223,2051.574550190923
3005224,6.700087935477173
3005225,0.33490253971814654
3005226,13.046577918530033
3005227,7.268251312323964
3005228,0.4560334280946568
3005229,143.82531644451367
3005230,0.5574204531891139
3005231,0.0
3005232,4.331988442878238
3005233,89.67357631165673
3005234,0.8140805002490565
3005235,49.42059646400721
3005236,98.2648921679224
3005237,2.2841732619885
3005238,4.340813033279477
3005239,130.35081485286958
3005240,15.345277074291669
3005241,431.50768042976466
3005242,1.8929936924728477
3005243,4.214208833218446
3005244,7.3516060461831145
3005245,0.3118825556142316
3005246,2.178314065775378
3005247,2711.5670535699683
3005248,0.0
3005249,439.8569586334466
3005250,14.061260684711156
3005251,989.6041828896451
3005252,522.0315052513914
3005253,268.05239744523095
3005254,279.9901572875424
3005255,110.9882594140605
3005256,3607.2283621034394
3005257,10.59703021803915
3005258,0.2982852573667399
3005259,19.26898974691052
3005260,14.526239134585126
3005261,0.3445312109670172
3005262,231.08975976652968
3005263,1.6625916059959607
3005264,5.055883996108834
3005265,7.763378797814744
3005266,19.594359234084216
3005267,2.365692884939122
3005268,304.99409845259964
3005269,174.20472713720574
3005270,3.568386000867505
3005271,5.533603516781131
3005272,155.36279082788712
3005273,51.384285660309594
3005274,1184.5760579391301
3005275,0.0
3005276,4.104155904456866
3005277,1.166532875343118
3005278,0.0
3005279,0.7574327582195765
3005280,751.2936689361238
3005281,0.0
3005282,89.53639919734083
3005283,3.2417956714225347
3005284,786.5728505936355
3005285,122.54563444515578
3005286,137.1381973139426
3005287,163.29997290731652
3005288,15.619456937210735
3005289,1255.5153149029347
3005290,2.898310442684334
3005291,0.3329951051282476
3005292,8.499249931070556
3005293,2.9695160284186004
3005294,0.10336061951001464
3005295,71.49275715115665
3005296,0.0
3005297,0.0
3005298,0.5330299528039634
3005299,95.39569543614334
3005300,0.11927505461822556
3005301,56.07441517857259
3005302,53.785719816008736
3005303,0.836169516105369
3005304,1.3584058221194626
3005305,71.91425030606123
3005306,8.611869638018037
3005307,183.8335247940855
3005308,0.8190675081547714
3005309,1.8384652937568555
3005310,6.578101413365136
3005311,0.0
3005312,2.2883032857626664
3005313,1648.4243839124317
3005314,0.0
3005315,158.65009668694796
3005316,8.448763542032967
3005317,670.6659245342564
3005318,289.7308683342733
3005319,183.4225551119159
3005320,114.40650920272311
3005321,90.61361223391947
3005322,2445.7094846744058
3005323,4.218403898481145
3005324,0.5556118593427477
3005325,18.89258957033165
3005326,13.85430793550079
3005327,0.34093219252912804
3005328,142.70482372717098
3005329,0.0
3005330,0.0
3005331,10.242344474041273
3005332,55.96047092916637
3005333,1.5311376269373274
3005334,182.0650602405363
3005335,113.09232393573217
3005336,2.0648824873478797
3005337,3.599666437781733
3005338,275.18675857994833
3005339,25.821523834179263
3005340,1049.700124848426
3005341,3.0967535710637386
3005342,1.1460249474045736
3005343,2.927593381883116
3005344,0.20015354000923374
3005345,1.8082427148359255
3005346,2157.07128973499
3005347,0.0
3005348,610.3635962562007
3005349,9.859236355580306
3005350,880.3361836303203
3005351,604.0294626560501
3005352,247.57708772715904
3005353,125.27082638219495
3005354,76.19335418609795
3005355,3995.490536559557
3005356,8.135688121877854
3005357,5.37312081386901
3005358,14.950762792802715
3005359,41.7303311889589
3005360,0.20271704489137823
3005361,207.4393463815237
3005362,2.5737080478300522
3005363,7.433339821833087
3005364,2.565860028754111
3005365,54.482620900652876
3005366,2.24908787474003
3005367,162.0083274571894
3005368,235.83312413348827
3005369,5.507290596473349
3005370,5.003735399386601
3005371,167.30144385762983
3005372,39.91833462126895
3005373,578.723489678484
3005374,4.662438364613985
3005375,2.672556381837335
3005376,5.286469490279796
3005377,0.0820977917283473
3005378,0.4305312568400426
3005379,1191.9444881696284
3005380,0.0
3005381,79.39888076241421
3005382,3.2922698929646836
3005383,392.0910958789524
3005384,138.59007882805093
3005385,107.63626020154331
3005386,147.48359015003848
3005387,53.854544914895015
3005388,1553.2718980071727
3005389,5.033592313497819
3005390,0.19774937502977602
3005391,10.82771499091841
3005392,8.136876392162801
3005393,0.04016277879646306
3005394,84.59061654894185
3005395,0.0
3005396,0.0
3005397,0.771733690270543
3005398,43.727172222935096
3005399,1.0240290011340825
3005400,163.88112473401395
3005401,62.66992975555264
3005402,0.37821795445311773
3005403,0.8706899569564496
3005404,73.49286177832559
3005405,15.896494644103216
3005406,305.03766079916505
3005407,3.651155564114673
3005408,1.0156981176733408
3005409,4.824743382405386
3005410,0.0
3005411,1.435306839361492
3005412,2636.05564487751
3005413,0.0
3005414,413.0751318363709
3005415,7.425014504370399
3005416,662.5201033009479
3005417,434.7858070956165
3005418,215.565842823308
3005419,117.1172418832947
3005420,92.19592015578849
3005421,3002.2220914969125
3005422,6.747278925056946
3005423,1.069548815558113
3005424,18.375476195396786
3005425,7.384562670244587
3005426,0.06737576142846563
3005427,153.49978939833125
3005428,0.0
3005429,43.815543879536804
3005430,3.223237665935064
3005431,49.317591480091494
3005432,1.5623897313206117
3005433,178.31071145034338
3005434,134.37598124213375
3005435,2.8480773723838477
3005436,2.2573778432853597
3005437,120.01623316203917
3005438,36.143946289897876
3005439,1010.1189353329507
3005440,1.8820399689905418
3005441,1.2248977205355738
3005442,2.871451912583339
3005443,0.0
3005444,4.40259414413564
3005445,2788.5725359162393
3005446,0.037606324635904735
3005447,494.12390556466136
3005448,10.926419077446777
3005449,856.1122408398851
3005450,860.7947406752374
3005451,163.0674983050701
3005452,127.26495045806998
3005453,150.68352384049248
3005454,3322.2118928264345
3005455,61.41871509691161
3005456,2.1338333136921173
3005457,29.434805733126787
3005458,21.728811417610654
3005459,0.18095140467138282
3005460,190.45016416850189
3005461,12.962258835250836
3005462,27.484774588540045
3005463,2.7481768941335334
3005464,145.3837619030453
3005465,10.969106278695202
3005466,330.62221251500426
3005467,176.53197814250552
3005468,10.254674236745897
3005469,14.322036050526263
3005470,302.8658044989651
3005471,73.36219129074166
3005472,2381.450815458241
3005473,0.12602439687154982
3005474,16.860334897606727
3005475,6.705363437924861
3005476,0.0
3005477,2.8868755033332616
3005478,2742.5768410726164
3005479,0.0
3005480,340.3029040579567
3005481,16.579942392062133
3005482,818.651988035264
3005483,730.9723530670816
3005484,157.14376881970824
3005485,75.54385806268239
3005486,111.34744386523518
3005487,3010.63625972686
3005488,24.148127990388282
3005489,0.859946773301146
3005490,29.32142216525741
3005491,77.43262993240273
3005492,0.11337825873981441
3005493,234.3352332385729
3005494,11.96428699896192
3005495,18.552916943069476
3005496,10.402993327672906
3005497,145.9772626106262
3005498,12.035622967511854
3005499,220.08847177063709
3005500,222.25831004813267
3005501,6.840789684586485
3005502,8.300067641157888
3005503,168.55155985317384
3005504,62.709600795407525
3005505,1720.099027265763
3005506,1.2043038063405032
3005507,19.253539535802084
3005508,7.755611324485446
3005509,0.09865575409643
3005510,2.503464829506325
3005511,2799.249440896326
3005512,0.0
3005513,612.7313230172695
3005514,11.536095901099026
3005515,1340.8438710833118
3005516,501.0874931146187
3005517,192.91258308414896
3005518,220.02542894717848
3005519,81.50101832159172
3005520,4496.865504379637
3005521,34.270779934034536
3005522,1.263560741534074
3005523,17.141535100610835
3005524,12.552456155207828
3005525,0.0
3005526,253.88395046510897
3005527,5.337054386604266
3005528,17.005274939499593
3005529,7.818438597672013
3005530,85.9508507460713
3005531,5.664339899555326
3005532,253.5141112922467
3005533,156.53039089808624
3005534,5.932049410997272
3005535,7.383041780552689
3005536,278.169882360902
3005537,50.530291312796244
3005538,1354.7875375138165
3005539,3.2221500535935945
3005540,15.923316563028852
3005541,3.9876734074203344
3005542,0.1050755000327582
3005543,3.620704476747959
3005544,2244.640226641567
3005545,0.0
3005546,297.27603349545484
3005547,10.313179374022324
3005548,703.7996168105719
3005549,644.5005479692239
3005550,198.28601965802997
3005551,124.70482455260507
3005552,85.2310084708892
3005553,2905.6596762486697
3005554,24.540739112251448
3005555,1.3614251591864213
3005556,20.27647936552432
3005557,8.395973345668859
3005558,0.24570486035046302
3005559,180.7108303116685
3005560,13.930946513407212
3005561,26.658999648079167
3005562,1.00890530969443
3005563,124.52083883905846
3005564,9.31751184979243
3005565,562.5503732745442
3005566,148.6174617554775
3005567,5.464076253326456
3005568,7.401988237265414
3005569,457.9020936764797
3005570,43.58368856717731
3005571,1714.1311479253034
3005572,0.0
3005573,27.308010188801845
3005574,2.9820453559965303
3005575,0.1604567826479932
3005576,2.2252486837197334
3005577,4012.764618788486
3005578,0.0
3005579,318.47054239947994
3005580,13.827694660297578
3005581,1574.819391106866
3005582,471.77591735772154
3005583,346.4780090484805
3005584,148.9385000215439
3005585,86.25933130570057
3005586,4739.2058656882045
3005587,14.551807048660468
3005588,2.139567774485764
3005589,24.32365879929862
3005590,24.393245161638408
3005591,0.20829232587838337
3005592,291.34380263470933
3005593,0.0
3005594,0.3957399755601841
3005595,8.854460183833432
3005596,61.158123838551056
3005597,2.2687790509443757
3005598,124.75164743357986
3005599,169.6088762700771
3005600,4.459513876757554
3005601,8.648861641582252
3005602,250.13185040537897
3005603,47.358969534792344
3005604,987.2547168975465
3005605,2.2531966898453133
3005606,6.909217196090271
3005607,5.956340267336986
3005608,0.0
3005609,6.851723834777525
3005610,2578.1193679484077
3005611,0.0
3005612,405.2804636120424
3005613,14.512162579933353
3005614,1303.1178364425095
3005615,623.2433209367379
3005616,220.76669871320678
3005617,121.1665644579771
3005618,198.60488265078564
3005619,3041.4840858523885
3005620,36.60178297861157
3005621,1.2966844076813255
3005622,25.4315268723414
3005623,27.550383485152715
3005624,0.6790916846291307
3005625,191.87943272526687
3005626,16.809729676031655
3005627,21.634368789038728
3005628,8.235058446266494
3005629,147.3090538119878
3005630,12.952771573348773
3005631,330.93835240113646
3005632,312.21799813851965
3005633,12.369137110889868
3005634,7.167512798031579
3005635,223.89944642758036
3005636,50.32754246765399
3005637,1915.4516837028636
3005638,0.0
3005639,7.351504653464675
3005640,2.3343028578748153
3005641,0.10044377587339536
3005642,2.2663104235184193
3005643,2306.6497751704537
3005644,0.0
3005645,402.43142819402505
3005646,11.327209872958313
3005647,593.4898024041557
3005648,763.1355271845696
3005649,183.79613963144132
3005650,129.38018647913623
3005651,128.10276080860606
3005652,2646.1567810190454
3005653,34.33410818808546
3005654,1.2007820860355307
3005655,23.007354277673176
3005656,15.681628776382857
3005657,0.20527843718951297
3005658,141.75284544133868
3005659,12.79548054500696
3005660,46.37832980237239
3005661,4.845376859818838
3005662,97.80329674079314
3005663,10.69048937207617
3005664,308.75615997290055
3005665,129.78397493114755
3005666,8.589633578702303
3005667,8.998641649136989
3005668,261.53386424133896
3005669,45.93597027864357
3005670,2188.9695380751123
3005671,0.0
3005672,17.55895792527931
3005673,4.264311803984878
3005674,0.1768195621285112
3005675,2.7379610351481736
3005676,4063.212108426766
3005677,0.0
3005678,444.05871214303863
3005679,21.31590135764429
3005680,962.767613872102
3005681,492.1719803755239
3005682,261.2861329923624
3005683,158.14929412270345
3005684,63.451114401250194
3005685,3874.2942848972743
3005686,10.578824922359184
3005687,0.0
3005688,10.262834777436801
3005689,15.542060752907412
3005690,0.06657943732749241
3005691,178.87226002923498
3005692,0.0
3005693,9.117594620209228
3005694,0.14899482313882148
3005695,101.59865560482758
3005696,4.277043028570086
3005697,188.26347823231825
3005698,193.86145263840504
3005699,2.3837538015204314
3005700,1.4266489742537374
3005701,284.1954503916344
3005702,114.25141591594101
3005703,1022.7265793030541
3005704,7.16304160600255
3005705,1.2180053144887424
3005706,15.391539682983842
3005707,0.0
3005708,14.564883473214596
3005709,8802.669837504627
3005710,0.0
3005711,1577.4101624491693
3005712,43.782031039142375
3005713,2153.738898546332
3005714,2394.848691665258
3005715,626.299892193852
3005716,631.6468075373286
3005717,471.47463927738454
3005718,8933.084996857378
3005719,99.9091458905012
3005720,4.0947309544211015
3005721,103.83046933536585
3005722,105.10850679482101
3005723,1.5990056131917976
3005724,563.4588031915937
3005725,24.923179296669716
3005726,31.510060574248104
3005727,18.548982100324462
3005728,521.3780739495107
3005729,32.31818747898316
3005730,1504.3878076029857
3005731,383.9036831915158
3005732,31.777636637539896
3005733,30.06020470367115
3005734,1627.400124511545
3005735,221.11958921959922
3005736,7901.800618016901
3005737,90.27416621447021
3005738,119.21695099602242
3005739,12.174576886372746
3005740,0.0
3005741,8.139120428417872
3005742,8237.488365241932
3005743,0.0
3005744,1179.3538047614852
3005745,41.039662785183125
3005746,2240.48851939288
3005747,2151.656900486185
3005748,753.944067761238
3005749,382.88746263578145
3005750,392.5089929824107
3005751,9716.826147749407
3005752,163.64997126002325
3005753,1.6198764758452344
3005754,47.500698279002755
3005755,105.50458364645799
3005756,0.6774336044839783
3005757,533.5102008778892
3005758,18.968824546479272
3005759,54.375411966093075
3005760,5.084827631413389
3005761,341.06310264234185
3005762,23.776176900562724
3005763,1849.9231734610116
3005764,474.8085622724238
3005765,21.467987361057634
3005766,26.654589675106486
3005767,1691.113567174984
3005768,226.95766837504559
3005769,5519.941935728845
3005770,168.67622110514537
3005771,117.40639574383616
3005772,9.785229006613033
3005773,0.0
3005774,13.72299287528543
3005775,4873.126178978279
3005776,0.0
3005777,779.9815813610425
3005778,19.270110924153652
3005779,1857.0969082657696
3005780,1222.3752077621064
3005781,656.2524886594467
3005782,121.83730146808182
3005783,231.12825309242106
3005784,7430.12796543262
3005785,42.932007740471846
3005786,2.6439060991203642
3005787,40.32403040996502
3005788,25.31490264836348
3005789,0.31494201341126143
3005790,414.599253363563
3005791,12.940982022137783
3005792,32.81265974135224
3005793,6.299854983939041
3005794,170.52348120973207
3005795,8.873548852685575
3005796,1754.4934706339461
3005797,435.4213827374284
3005798,18.478551531529973
3005799,41.07990705308425
3005800,864.4449111784888
3005801,119.32699146838658
3005802,2036.4081591189558
3005803,81.94178878829389
3005804,52.75585279441581
3005805,13.0739045652786
3005806,0.0
3005807,12.212240845948912
3005808,7604.519910786879
3005809,0.0
3005810,1068.892055712244
3005811,37.98386636868538
3005812,1913.4551919855944
3005813,1955.8327534478867
3005814,706.2894265780992
3005815,347.2508815876614
3005816,258.2648687872457
3005817,8512.899341314747
3005818,67.43263717498834
3005819,1.6232090972515518
3005820,51.28581072543239
3005821,73.63810153153396
3005822,0.8734351106319584
3005823,493.9343989412542
3005824,21.630401335055083
3005825,47.294696404992706
3005826,6.738406513470209
3005827,294.56133912509335
3005828,18.750247102227128
3005829,1689.762976913254
3005830,423.4859576255188
3005831,18.729853302171193
3005832,19.02653066997676
3005833,1423.3742201266118
3005834,180.180499908539
3005835,4697.811209820114
3005836,108.49988690389749
3005837,85.71967997968227
3005838,10.453168165527215
3005839,0.0
3005840,13.194499198554519
3005841,3292.2171061551403
3005842,0.02322151194158908
3005843,649.5476140133865
3005844,21.309597285030883
3005845,1299.3747928362704
3005846,887.198977845411
3005847,534.6310106977764
3005848,86.96363898497052
3005849,167.12733028665244
3005850,5517.434385781023
3005851,41.329096343417895
3005852,0.2676178518121557
3005853,25.044030779227036
3005854,41.513841413320094
3005855,0.9161501772908607
3005856,335.06380501091263
3005857,12.091484882674546
3005858,16.43237154179876
3005859,1.6774671721281182
3005860,163.3200715071458
3005861,5.204476374643086
3005862,1481.3455793937842
3005863,360.40893901233244
3005864,16.981976246754957
3005865,14.454439301931016
3005866,846.8621369963815
3005867,60.83641444445683
3005868,1333.9020799024918
3005869,94.44766039488078
3005870,27.326344888498856
3005871,10.12749948425443
3005872,0.0
3005873,7.547643393725401
3005874,6738.031849464362
3005875,0.0
3005876,1216.7099898695076
3005877,43.23835738008739
3005878,1658.7246107936387
3005879,2224.7941178235683
3005880,501.8825028157106
3005881,514.379635724658
3005882,419.8311501993142
3005883,7352.615899397427
3005884,77.962151319425
3005885,1.1478535766410334
3005886,59.99622355233445
3005887,63.109575474810036
3005888,0.809637696725662
3005889,396.39752496269176
3005890,14.169950126965833
3005891,52.74229852782285
3005892,20.725208739458925
3005893,408.796479495916
3005894,24.082215351248404
3005895,1443.3699860100098
3005896,367.24901513209073
3005897,19.971530048228455
3005898,30.314715498495467
3005899,1415.575778939391
3005900,226.7262775675951
3005901,7176.6267143472605
3005902,74.50818261955972
3005903,113.914766560335
3005904,5.9509547531323355
3005905,0.0
3005906,3.3927120269208593
3005907,1771.8143597447322
3005908,0.0
3005909,309.4605638570689
3005910,28.465309929534882
3005911,824.7143064289767
3005912,486.4904402777565
3005913,233.48040112052246
3005914,88.34548339317993
3005915,119.55086962945249
3005916,2740.8298024616324
3005917,52.20462605788411
3005918,1.4203464714676233
3005919,21.415757837268803
3005920,19.320887462412973
3005921,0.5201905144314167
3005922,192.75519631654447
3005923,9.50805776186769
3005924,10.617134178847051
3005925,10.954651621427322
3005926,76.39931064665998
3005927,8.538833975857528
3005928,306.6735224508796
3005929,171.5787338681984
3005930,3.3817735901959787
3005931,6.788792859447638
3005932,286.010647629042
3005933,48.79867098827501
3005934,1483.6977447646436
3005935,2.8371744162449684
3005936,12.363276529411813
3005937,9.702197459512835
3005938,0.0
3005939,9.687750465170593
3005940,3881.316194742218
3005941,0.0
3005942,532.1933033002359
3005943,33.243165630962736
3005944,1431.110771604407
3005945,987.7204360105454
3005946,451.4801547278426
3005947,89.18141749865363
3005948,179.7847113003806
3005949,5611.18613068223
3005950,145.82043072712887
3005951,1.971243701235713
3005952,46.684874955084936
3005953,50.570651629780045
3005954,0.7423060102546123
3005955,371.83357967875145
3005956,13.870459932176393
3005957,9.954046035513283
3005958,4.020152474130505
3005959,187.54397366414622
3005960,11.290279690846347
3005961,836.8696668072998
3005962,353.0566714706821
3005963,11.07029091889355
3005964,17.689874293813425
3005965,467.49087982093334
3005966,70.07796225363892
3005967,1901.3607884124558
3005968,84.72073264222139
3005969,22.884879409266066
3005970,7.7996504484095714
3005971,0.0
3005972,3.931267917223137
3005973,4650.802836065053
3005974,0.009484920492346612
3005975,860.693139087066
3005976,11.875643052772162
3005977,1410.4792247690111
3005978,1693.167588579899
3005979,324.4466687385665
3005980,407.7399023613964
3005981,336.8111795307634
3005982,5083.210712898839
3005983,45.9992129040535
3005984,2.198139079502861
3005985,39.72964245735547
3005986,32.46752617821782
3005987,0.9715253097286133
3005988,304.38860205243606
3005989,2.3292137967151354
3005990,66.99796785206405
3005991,7.930917209788649
3005992,222.69771738694092
3005993,15.336763268033328
3005994,1096.0935103843171
3005995,239.76459589736706
3005996,23.479990602059548
3005997,11.286983075251692
3005998,3529.02637226908
3005999,120.52274561258504
3006000,5394.607214704294
3006001,14.125420647922187
3006002,73.36662180934644
3006003,14.844587094259419
3006004,0.0
3006005,9.910210834276509
3006006,5664.427172984819
3006007,0.0
3006008,1069.7525162655984
3006009,15.45957572055302
3006010,2116.001640971511
3006011,1486.9616109222188
3006012,478.8483188534905
3006013,275.44140110736095
3006014,513.8970274718383
3006015,7764.032095549725
3006016,66.77007662198794
3006017,4.346701430742283
3006018,73.58749540354235
3006019,61.46363913781863
3006020,0.8601417067600308
3006021,453.29016207443607
3006022,11.01254281795718
3006023,96.34087508803347
3006024,9.793959809864193
3006025,335.79886678078316
3006026,14.001066763028286
3006027,822.005252052063
3006028,438.47932727110964
3006029,20.39476964160625
3006030,36.013440189447365
3006031,713.8119004682452
3006032,174.17648076926517
3006033,6208.110921797014
3006034,10.790814704794547
3006035,12.814416480859977
3006036,8.763273223895423
3006037,0.1631969060819585
3006038,2.105658089656
3006039,2103.853362494167
3006040,0.0
3006041,419.43326848863467
3006042,9.030373912461076
3006043,850.3668140753911
3006044,450.92666190313787
3006045,240.44637185622048
3006046,87.08892987562086
3006047,167.51183113159107
3006048,2928.414897757294
3006049,19.95877014278917
3006050,1.1972146594537971
3006051,25.432285299088168
3006052,22.186844384885234
3006053,0.19049386818476974
3006054,161.06391211377542
3006055,4.2363417313055445
3006056,24.052469189646256
3006057,5.685390055810984
3006058,130.84497412775886
3006059,3.617528275502191
3006060,456.55678885689514
3006061,163.54414526360767
3006062,5.8350741166867035
3006063,5.172100110815928
3006064,251.61503153521022
3006065,55.85170662522694
3006066,2020.6273859412731
3006067,3.863989483209666
3006068,6.389978633755164
3006069,4.290115281902276
3006070,0.023498778281186728
3006071,1.5095774846763323
3006072,3482.0875214241687
3006073,0.0
3006074,171.53615186121056
3006075,3.2843517408161205
3006076,1105.3632145489316
3006077,176.57007768836374
3006078,233.44236539836223
3006079,57.7998675880857
3006080,31.25129165422391
3006081,3017.6030069982726
3006082,7.711523744063399
3006083,0.891623066128231
3006084,20.040808949270108
3006085,10.50630751759662
3006086,0.3441117743120294
3006087,169.6881558989718
3006088,0.0
3006089,0.0
3006090,3.9757743098834593
3006091,38.45852453848443
3006092,1.397519924324207
3006093,52.36196802997793
3006094,117.37016376162855
3006095,0.0
3006096,2.099336601879531
3006097,72.3634815227005
3006098,80.00318137354998
3006099,601.8531648488082
3006100,1.112908516774432
3006101,1.748181624840015
3006102,4.217471025227233
3006103,0.15459692404838582
3006104,3.6711184091192792
3006105,2813.1043902427073
3006106,0.0
3006107,453.4156280153905
3006108,16.463063875845187
3006109,1059.0093010340725
3006110,846.9795295013508
3006111,334.31599066608476
3006112,161.55964435799237
3006113,150.48489409231098
3006114,4033.423055424574
3006115,43.27993175379216
3006116,1.3613158289571439
3006117,27.695584354907034
3006118,49.41924923333277
3006119,0.18533871640790794
3006120,248.55451492852995
3006121,16.669770506331748
3006122,26.04359086729523
3006123,8.850953232445253
3006124,125.76691175562341
3006125,8.449434160092164
3006126,624.3396534110296
3006127,195.9872864238655
3006128,7.883497077584276
3006129,11.189206825737394
3006130,654.7725744863639
3006131,85.00232906122663
3006132,2033.9541085636858
3006133,0.0
3006134,48.10534395202325
3006135,6.062803461288266
3006136,0.0
3006137,4.472604530284144
3006138,4033.6524109531533
3006139,0.1300300563735951
3006140,681.452426254336
3006141,24.06048843365959
3006142,1055.7756143690726
3006143,1343.6615481843548
3006144,211.41307810119687
3006145,305.85496914332145
3006146,294.5801173015349
3006147,3896.4447158364715
3006148,41.01416664906794
3006149,3.1471199735306485
3006150,34.0022670912993
3006151,32.77242667736804
3006152,0.3513270023429309
3006153,203.62070972028806
3006154,15.450170491376666
3006155,49.79345504175254
3006156,7.136669812792923
3006157,252.69579866978347
3006158,18.11712613388643
3006159,783.0451408036133
3006160,195.2903348294748
3006161,7.241234839442845
3006162,14.319527534727149
3006163,836.0671244433456
3006164,131.85396436676461
3006165,4818.671918130383
3006166,0.22098906617228664
3006167,61.32083508732876
3006168,4.060891348243394
3006169,0.4577578413129222
3006170,6.462730350097769
3006171,4209.856726292088
3006172,0.0
3006173,820.8626475920782
3006174,32.0135684422992
3006175,1119.0715579782513
3006176,1409.09055916681
3006177,326.3768371060145
3006178,330.62439401611243
3006179,189.65210438595793
3006180,4757.679604540093
3006181,46.59097699137164
3006182,3.4719356692592642
3006183,39.59047347052736
3006184,38.867485051688874
3006185,1.1199896987629658
3006186,288.09361720229407
3006187,20.44148396437598
3006188,37.14907773006501
3006189,18.50711373469022
3006190,230.1891269997642
3006191,21.943634830590756
3006192,899.7623145147941
3006193,271.87703122122963
3006194,16.394802159262706
3006195,19.033241912340408
3006196,859.1054124936461
3006197,140.3547646964992
3006198,3936.772760564231
3006199,0.14469798680646842
3006200,64.74369364313681
3006201,12.294994843103398
3006202,0.12490451396428466
3006203,4.057399936850851
3006204,1998.496098281363
3006205,0.0
3006206,387.0879618367875
3006207,13.50134512886007
3006208,974.0531328761892
3006209,502.85436968879503
3006210,542.8422106504667
3006211,132.17881656852836
3006212,76.44308491198449
3006213,3883.6815630859114
3006214,14.181914615692326
3006215,1.0127727795655772
3006216,10.727263791922805
3006217,25.691472285724743
3006218,0.16460981553084317
3006219,248.82333534698577
3006220,12.056259104719535
3006221,7.247948424868034
3006222,3.9148200372443998
3006223,64.54441929066444
3006224,3.9690484597748528
3006225,244.34426242556603
3006226,194.5273950767972
3006227,6.2975770094544545
3006228,4.625249959752888
3006229,394.6857938756424
3006230,94.64233836767583
3006231,1024.0831295432483
3006232,33.837808559305
3006233,17.09506368507265
3006234,5.056109876133046
3006235,0.0
3006236,3.740708158256154
3006237,2430.785352055333
3006238,0.0
3006239,370.12009863100633
3006240,14.640388673105662
3006241,597.138031209031
3006242,748.9807981617834
3006243,139.27178211586
3006244,167.21394585723107
3006245,138.5536931290402
3006246,2654.780971802911
3006247,21.566146081644987
3006248,2.4151028607340677
3006249,24.879389683952468
3006250,25.08333418334309
3006251,0.7142097701204483
3006252,179.53374930717732
3006253,15.467229848141534
3006254,20.98579028001836
3006255,7.895042146401182
3006256,131.48753833169414
3006257,9.140517877236682
3006258,292.4656601197091
3006259,139.1041979878785
3006260,6.677731571672319
3006261,8.351746570458243
3006262,280.0802009953134
3006263,58.76470279716293
3006264,2349.312412726646
3006265,0.0
3006266,27.093097119075555
3006267,2.295253967726924
3006268,0.0
3006269,3.1191922321475665
3006270,1423.1415973254618
3006271,0.0
3006272,106.41766944755061
3006273,8.009399661656401
3006274,898.3853685951549
3006275,329.2785653402011
3006276,249.65486926570892
3006277,45.3380644437017
3006278,42.649208170656436
3006279,2926.9524909522984
3006280,11.828990230533714
3006281,0.5402482157652069
3006282,15.823839930074534
3006283,11.037236640465663
3006284,0.18235458197352034
3006285,195.08197326614723
3006286,5.9632048613471955
3006287,0.0
3006288,2.6214229242194858
3006289,30.564882087978354
3006290,1.1593780201931148
3006291,153.74503081583026
3006292,181.31026977011302
3006293,0.9758016634484795
3006294,4.846263242494865
3006295,161.31325164979964
3006296,27.953996140386497
3006297,256.1089272140679
3006298,0.9373390736104924
3006299,0.9451978690347108
3006300,8.370417499225567
3006301,0.39863341908312616
3006302,2.7413377248827846
3006303,4746.803307338917
3006304,0.0
3006305,650.2749577836684
3006306,26.097736873730188
3006307,1677.9498106560359
3006308,658.7687945538129
3006309,453.9756799666438
3006310,195.9739485465366
3006311,123.17130994540078
3006312,7131.197277617479
3006313,39.508450027956734
3006314,1.0686323486074347
3006315,26.39496614321972
3006316,19.501103382366317
3006317,0.441035752086159
3006318,411.4440076730905
3006319,16.73116157886502
3006320,5.33109864430945
3006321,8.698577616136385
3006322,80.71618983328898
3006323,4.806793402567479
3006324,552.5997260906505
3006325,337.3750344306765
3006326,3.1507946560844724
3006327,17.054752026278173
3006328,282.96601356694845
3006329,106.86521170869761
3006330,1202.9346273858255
3006331,7.757027651225234
3006332,12.193457810646672
3006333,7.522198639422475
3006334,0.0430421718372219
3006335,0.8017362362626023
3006336,1825.4998803297233
3006337,0.0
3006338,172.70803329117416
3006339,11.386800034352392
3006340,1000.4278767325246
3006341,475.0027608703277
3006342,221.63375248410154
3006343,57.108250833094395
3006344,57.462074376784855
3006345,3078.061275576865
3006346,16.775076613706037
3006347,0.8829690720225094
3006348,19.747880437028204
3006349,19.500031131078533
3006350,0.3970271118943884
3006351,178.63300316281476
3006352,10.752421096465996
3006353,0.0
3006354,5.568225741308221
3006355,75.70506848645975
3006356,1.9831275926988827
3006357,122.22398223808477
3006358,180.79530780499405
3006359,2.0794326522727333
3006360,6.4325143453466564
3006361,146.46766241273613
3006362,30.97481977134821
3006363,400.4628346885826
3006364,1.7666887054046871
3006365,5.497674333018355
3006366,5.584945607953909
3006367,0.0
3006368,5.255787209351972
3006369,1978.9768380634125
3006370,0.0
3006371,137.8065601883333
3006372,10.999778925016258
3006373,980.2893982336102
3006374,367.2286891808076
3006375,199.65303307223093
3006376,48.515723323739564
3006377,45.80364296202903
3006378,3460.082424989595
3006379,20.647137459549718
3006380,0.2507220996931668
3006381,20.03823080204606
3006382,14.286848042023546
3006383,0.07689888193502763
3006384,184.1738763919728
3006385,3.808916603077546
3006386,0.0
3006387,3.7335663435666127
3006388,77.31219824412209
3006389,0.9931707112377796
3006390,201.096065062695
3006391,225.66410937832288
3006392,1.1023604519368126
3006393,4.000904645504644
3006394,174.3031627838115
3006395,21.249438919562984
3006396,231.44387717168917
3006397,1.5387175480852915
3006398,2.806305532459515
3006399,5.0327054683690315
3006400,0.0
3006401,3.538818195104934
3006402,1723.4291937331357
3006403,0.0
3006404,185.56611232454676
3006405,12.301345116177785
3006406,1976.552857224915
3006407,505.95066654096183
3006408,315.065879594725
3006409,41.90452991744632
3006410,73.27786237468139
3006411,3859.868144893223
3006412,15.80265159463066
3006413,0.47698851635013034
3006414,14.446765666482525
3006415,30.721959715752458
3006416,0.13426859118490297
3006417,297.1447842441435
3006418,3.8630481504383436
3006419,0.0
3006420,3.8185616384186334
3006421,38.700401417663706
3006422,3.2611329636942505
3006423,369.6592162537415
3006424,344.5613349716303
3006425,2.2408142590442837
3006426,5.99571257056083
3006427,176.16398634421438
3006428,99.17212517134978
3006429,509.5682834288366
3006430,1.3377365548555498
3006431,7.126258063734257
3006432,5.482800231605483
3006433,1.5412872776198074
3006434,4.624958671474694
3006435,1656.9463993798188
3006436,0.0
3006437,156.09290616349838
3006438,5.63059732309364
3006439,927.281181400866
3006440,341.06888532073134
3006441,275.0250634052502
3006442,90.95193964883173
3006443,80.7540478418546
3006444,2791.4075395879972
3006445,10.50224313241655
3006446,1.113073397486965
3006447,12.299509993536546
3006448,19.636323337825882
3006449,0.13684799442779708
3006450,226.42183883449115
3006451,11.574618623832471
3006452,0.0
3006453,4.82846780043204
3006454,44.33093871217237
3006455,2.8927349349998353
3006456,115.602939006632
3006457,186.5769809240221
3006458,0.9447629066177764
3006459,5.508811252855455
3006460,94.65592201464688
3006461,44.01324699938969
3006462,593.304108409826
3006463,1.174383863379383
3006464,5.75895598170048
3006465,5.77356287738989
3006466,0.17369588549261006
3006467,2.243575495232266
3006468,1324.8848984834137
3006469,0.0
3006470,140.53509241803192
3006471,8.377614501358527
3006472,1251.8528240479366
3006473,260.7151853879718
3006474,150.70876910189122
3006475,116.64377268741832
3006476,77.25746684228368
3006477,2103.8392686666966
3006478,7.616560967052429
3006479,0.6494020012804825
3006480,13.529408840080714
3006481,11.907242659654035
3006482,0.16316485558875515
3006483,160.66326461517025
3006484,0.0
3006485,0.0
3006486,2.4323994087061425
3006487,91.4724193253215
3006488,1.7099323507963207
3006489,51.936513381670096
3006490,133.69301045729298
3006491,1.692071110315007
3006492,3.7962958607566732
3006493,62.35933222463461
3006494,31.452553212244112
3006495,497.4250822532427
3006496,1.7418477834297166
3006497,0.901872208629153
3006498,14.787227050593172
3006499,0.49295917030891934
3006500,4.011245385809669
3006501,3424.798685624932
3006502,0.0
3006503,353.7875094520881
3006504,13.16653605922147
3006505,1178.2062959247899
3006506,773.4017194813688
3006507,529.1461246595911
3006508,187.68679469139042
3006509,160.91577648510275
3006510,4672.566429213417
3006511,21.594019980527268
3006512,1.1852996296371188
3006513,26.782622487571633
3006514,18.09662908102943
3006515,0.7719228435172906
3006516,317.9378873114882
3006517,3.1927017966636204
3006518,0.0
3006519,8.495126387329949
3006520,94.64201207747763
3006521,4.879496942965252
3006522,249.3631791832327
3006523,285.46466389214925
3006524,3.5839658300572435
3006525,8.824629295056681
3006526,404.65835254382694
3006527,62.25252644967266
3006528,1423.2267359019386
3006529,5.200488754163091
3006530,18.727173204747334
3006531,5.815369383981891
3006532,0.5462863840226514
3006533,4.824153142494713
3006534,2799.2398999835177
3006535,0.0
3006536,668.9299934585545
3006537,10.436830891199856
3006538,705.6059400152825
3006539,789.262520283742
3006540,271.3322728408375
3006541,207.45495075235402
3006542,99.50520373924584
3006543,3382.9833971373914
3006544,14.82283222732491
3006545,0.8613169521975924
3006546,27.140337975094003
3006547,21.08119548253623
3006548,0.8152456400767778
3006549,254.6438013732897
3006550,14.094280423708895
3006551,6.407117543431603
3006552,5.833150937582895
3006553,95.65910062197386
3006554,3.244315632647401
3006555,106.35407063230109
3006556,199.74807307981368
3006557,5.408642409102466
3006558,9.460664155070411
3006559,231.67357593349954
3006560,67.1147898368516
3006561,1891.5374541894923
3006562,14.908991028284122
3006563,21.09966781282592
3006564,9.74829870096035
3006565,0.7284180128666723
3006566,4.518087054737535
3006567,3522.4381573165974
3006568,0.0
3006569,200.37927279204746
3006570,8.73277343801414
3006571,1484.422252139652
3006572,518.0853298980054
3006573,413.4665697084119
3006574,77.56593250178814
3006575,53.172544216750175
3006576,5053.83768692569
3006577,41.7425621148692
3006578,2.149884975262711
3006579,25.261680833516415
3006580,19.674329165664542
3006581,0.5972670179217834
3006582,289.5058076249849
3006583,12.424045021987753
3006584,0.0
3006585,5.775522374829859
3006586,66.4706071697208
3006587,3.940934808053393
3006588,211.64203074238333
3006589,275.0459994435536
3006590,1.985376129066494
3006591,8.134456153501898
3006592,361.29640993112497
3006593,37.68580492020859
3006594,583.7946384247261
3006595,1.3998788259869417
3006596,7.618349651992033
3006597,7.669981000051882
3006598,0.0
3006599,10.751676402636779
3006600,3850.6004246972702
3006601,0.0
3006602,749.0423829744102
3006603,20.64456948256766
3006604,1038.9951514344527
3006605,1043.8139590096857
3006606,267.7078411875918
3006607,214.739246636751
3006608,163.62985677665532
3006609,4619.920780691873
3006610,58.60467733336077
3006611,1.9755170613842474
3006612,29.6014725662582
3006613,38.194846432040585
3006614,0.3702220546039288
3006615,291.33136566300277
3006616,31.432635595191382
3006617,29.771550015441886
3006618,8.901795029678532
3006619,172.40151645833885
3006620,12.437431941324801
3006621,443.9968843895127
3006622,274.1212863692241
3006623,12.346482755269154
3006624,10.636334976971543
3006625,514.1913638062475
3006626,136.0663483679209
3006627,2620.299388713175
3006628,0.10605373262491112
3006629,36.138039380095435
3006630,12.227379436642183
3006631,0.5008710267747525
3006632,6.6868779565927365
3006633,4214.698511574465
3006634,0.0
3006635,540.0526906231457
3006636,17.080721355847555
3006637,1788.7789579112932
3006638,882.3198957121383
3006639,735.6695530624154
3006640,113.99271321724015
3006641,131.03573071572603
3006642,6501.863905989748
3006643,23.331671818134158
3006644,1.1761251032050306
3006645,35.361048139982465
3006646,22.067152148667148
3006647,0.2429727862606341
3006648,419.2168697507641
3006649,7.893573134659648
3006650,10.524627627085424
3006651,5.6589232586130045
3006652,100.56973598826083
3006653,2.4201170250448274
3006654,337.5810360457282
3006655,383.9029663596695
3006656,6.410768381205708
3006657,5.918347752182165
3006658,342.73564179865275
3006659,83.90290269058302
3006660,1125.1692409804025
3006661,15.864094241497682
3006662,24.33822272873421
3006663,14.215353669816524
3006664,0.07138785305169389
3006665,5.6495821878516965
3006666,3104.708054876796
3006667,0.0
3006668,455.2517447056982
3006669,9.115946276310003
3006670,1792.406500136529
3006671,650.759843353257
3006672,365.04891488302155
3006673,272.6520934629706
3006674,203.02351574154548
3006675,4359.614166601208
3006676,18.931457041846794
3006677,0.734157031737272
3006678,41.07063680814452
3006679,38.77971895136364
3006680,0.5691462715466094
3006681,344.0628211542118
3006682,6.749484237862439
3006683,7.294457245076763
3006684,14.40433866385952
3006685,134.48114265965893
3006686,3.213253115313593
3006687,120.76528491653073
3006688,315.4601499997994
3006689,4.362937883105533
3006690,6.359939287004816
3006691,192.05871593533402
3006692,171.60487538215713
3006693,1376.5722231729571
3006694,7.307033531637224
3006695,11.414046621972304
3006696,4.582691108855423
3006697,0.016359882911436925
3006698,3.3278192926559913
3006699,1749.6853257981852
3006700,0.0
3006701,138.1012063441916
3006702,13.096976060877356
3006703,635.6218809318616
3006704,355.3814807509225
3006705,167.77403291590892
3006706,46.09664491139473
3006707,132.50290924797648
3006708,2562.1714888533106
3006709,15.008405218426834
3006710,0.8087405580756293
3006711,23.358650052404414
3006712,21.249641893578865
3006713,0.0
3006714,164.8049449027887
3006715,3.5613772829826154
3006716,0.0
3006717,5.140493776699976
3006718,126.37141771265213
3006719,4.6745513840361
3006720,89.33888951408731
3006721,145.16083434985134
3006722,1.5710846737708988
3006723,5.877035379776622
3006724,141.30910810029644
3006725,25.754724081243943
3006726,469.9962105864309
3006727,1.6869168007221607
3006728,3.0408780336947636
3006729,1.897267895818823
3006730,0.0
3006731,1.3689929554813656
3006732,1678.7963315809272
3006733,0.0
3006734,257.4757775719219
3006735,19.340998724744743
3006736,536.9587700542397
3006737,516.0030373290388
3006738,144.09889174525873
3006739,53.704689979485735
3006740,112.50145435811386
3006741,2246.244192371669
3006742,30.55795319306568
3006743,0.8573328188936966
3006744,19.04594579139343
3006745,16.159712626393382
3006746,0.34763909394209974
3006747,125.34909617393997
3006748,15.038080591693152
3006749,8.040807557811679
3006750,3.147733734906746
3006751,130.81695727230073
3006752,7.13696412016161
3006753,309.87629603410085
3006754,153.04121366356006
3006755,4.689889677796466
3006756,6.411685148722066
3006757,275.22779910812613
3006758,39.59277252261688
3006759,1148.335188295467
3006760,0.0
3006761,8.160395893067863
3006762,4.196615249455729
3006763,0.024104327611482845
3006764,4.508647601036098
3006765,4324.2225837345495
3006766,0.0
3006767,862.0600608462435
3006768,19.674744415476006
3006769,1322.4540459190046
3006770,1564.7128342830717
3006771,325.9765196504019
3006772,285.97160795514293
3006773,228.40497243817998
3006774,5072.640585750019
3006775,42.93039724990054
3006776,1.6975011473924495
3006777,24.432215809570643
3006778,40.25012714464507
3006779,0.20018790363713104
3006780,316.75588748553844
3006781,20.937410006169113
3006782,52.14627696021585
3006783,12.577886700450504
3006784,169.6779231008065
3006785,18.5351054066045
3006786,431.02096498111973
3006787,325.466613923183
3006788,20.06772300405463
3006789,11.545319970280788
3006790,596.8151817761191
3006791,143.62099318527694
3006792,3873.918819471603
3006793,2.5348895857362352
3006794,25.373381849550512
3006795,4.047236006317303
3006796,0.012300397901977003
3006797,4.842938490425033
3006798,3153.8543506037436
3006799,0.0
3006800,449.1140549006155
3006801,11.406718511672866
3006802,576.20633666542
3006803,793.1747369147416
3006804,181.28944678276747
3006805,165.97268773285828
3006806,351.37168709085466
3006807,2410.450052022854
3006808,24.664357992011816
3006809,1.504728409795836
3006810,20.829313933996186
3006811,17.50179487326589
3006812,0.2617121850945285
3006813,134.98971864684063
3006814,0.0
3006815,43.00968973404938
3006816,6.56812211402822
3006817,496.2157867916628
3006818,15.89757768803444
3006819,246.41465540635696
3006820,129.0460930150904
3006821,5.3543443363704295
3006822,11.586021490968083
3006823,200.39751066507608
3006824,44.93427037158166
3006825,1902.3586413387804
3006826,2.747025625642396
3006827,7.227898341015864
3006828,6.32834617167075
3006829,0.0
3006830,0.5078532491316305
3006831,1012.2046535937185
3006832,0.0
3006833,220.30604132273635
3006834,9.42342533475262
3006835,476.35753412683044
3006836,285.95274017960236
3006837,96.85126666315531
3006838,38.55576960764196
3006839,61.14968364359045
3006840,1752.443739300244
3006841,13.690510952504415
3006842,0.9427442063459147
3006843,14.359501976153007
3006844,11.357644846025064
3006845,0.5531851808183151
3006846,89.7523959528881
3006847,0.18465614393224208
3006848,15.732546777074578
3006849,1.9864913629681449
3006850,51.79675486960012
3006851,0.8466783787161485
3006852,279.1611835092608
3006853,137.6206318740692
3006854,3.7656765596821207
3006855,1.9137853278713124
3006856,171.14052453770017
3006857,25.26022515690561
3006858,541.0019090371193
3006859,1.8985860810991744
3006860,1.6085040239066368
3006861,8.3195911954261
3006862,0.106869653891334
3006863,2.1550339001203955
3006864,3865.3881034980436
3006865,0.19559227913692956
3006866,628.1915787832469
3006867,32.48616889910709
3006868,1048.271982375711
3006869,1109.5139624443023
3006870,334.25461226870107
3006871,272.5164512612133
3006872,280.0884905313849
3006873,4368.8300976906385
3006874,30.299139134694165
3006875,3.8275101938656175
3006876,26.041158551157505
3006877,35.03851227070401
3006878,0.48514812884016634
3006879,263.78576489384363
3006880,12.730541486021178
3006881,63.580954046280425
3006882,10.495142055317697
3006883,378.247687014861
3006884,6.2199224476001636
3006885,316.5977693559268
3006886,256.070577919582
3006887,14.097474335519228
3006888,11.37661402674467
3006889,401.35367383535123
3006890,88.43393020602456
3006891,2850.9390893314353
3006892,3.448163499445633
3006893,16.602248511895013
3006894,10.96390305333087
3006895,0.0
3006896,3.213416499735228
3006897,3752.801629025941
3006898,0.0
3006899,705.607450613606
3006900,25.603335399203207
3006901,1609.5747760960824
3006902,993.7872494545877
3006903,412.27711748245054
3006904,271.0413470009879
3006905,135.73776854881885
3006906,5610.624965359949
3006907,17.645394926966812
3006908,1.9115710153840455
3006909,47.662802168604266
3006910,25.561455912504567
3006911,0.8973828824443653
3006912,329.61747739842417
3006913,0.0
3006914,11.269237721225714
3006915,9.046519456333096
3006916,137.33453870403144
3006917,2.196307876525593
3006918,207.69564931983413
3006919,315.5733532776577
3006920,8.433595118260305
3006921,6.834360620879283
3006922,279.5464829615704
3006923,85.47481302290356
3006924,1769.4128210476465
3006925,14.503274711996443
3006926,4.431697052956264
3006927,8.150426966832796
3006928,0.48768961121567955
3006929,2.79334197101964
3006930,3222.4269622421657
3006931,0.0
3006932,647.1815392190442
3006933,20.667554129907014
3006934,1158.0260740964345
3006935,788.5586135264242
3006936,297.74046398796406
3006937,206.6645596518063
3006938,160.06250854378345
3006939,4301.7347455728495
3006940,20.91302496485055
3006941,2.016784620169095
3006942,36.30012603558607
3006943,22.203916744019804
3006944,0.27887318101122327
3006945,283.0391268022734
3006946,0.0
3006947,12.221103460476618
3006948,7.089885599957937
3006949,277.00568329356616
3006950,2.3912582668424776
3006951,114.78585137915982
3006952,278.2367349615659
3006953,5.81688416461915
3006954,6.434720943696169
3006955,215.7907420451309
3006956,68.9014941675807
3006957,1192.415733150211
3006958,6.751666368155152
3006959,10.087285298428787
3006960,15.42724241823253
3006961,1.3723195400118209
3006962,15.939581964929163
3006963,10991.172309722777
3006964,0.0
3006965,1415.2688334986665
3006966,70.72382441201675
3006967,2272.8624960786874
3006968,2643.804280849488
3006969,498.19827820846285
3006970,605.1743659102151
3006971,481.51225576898327
3006972,9449.703601374345
3006973,106.73010977756428
3006974,3.4299769889422334
3006975,65.05028910507693
3006976,63.75531399873608
3006977,1.5985288954330303
3006978,621.0216556793032
3006979,58.85894629233925
3006980,81.21734561268987
3006981,25.088335122462052
3006982,421.51600128663483
3006983,42.115649541347864
3006984,846.2038303042165
3006985,638.4530054209897
3006986,24.932336819252868
3006987,31.74725703847667
3006988,1287.8560938743735
3006989,266.459738175216
3006990,8672.860259568763
3006991,2.057567079348925
3006992,89.94439584256347
3006993,4.568018854387863
3006994,0.1895460737795611
3006995,1.1002614963279558
3006996,1547.1757586252286
3006997,0.0
3006998,166.47485255688866
3006999,5.9675726398773925
3007000,1009.4884283252749
3007001,293.9347896612245
3007002,119.47589233085425
3007003,151.51249132630826
3007004,79.8327991116614
3007005,2405.0299871217776
3007006,7.118395371175144
3007007,0.37564611704922046
3007008,16.050249814811934
3007009,8.447214990582845
3007010,0.6902899836852844
3007011,181.91926023835356
3007012,0.5593080897316476
3007013,0.0
3007014,5.912900594950562
3007015,111.70020115049078
3007016,1.261205711250126
3007017,66.9612247517867
3007018,125.0209076699428
3007019,2.7143096002661866
3007020,5.96529619515352
3007021,123.33641557080554
3007022,20.269425626469847
3007023,566.3454324498348
3007024,3.225709797684745
3007025,6.2163314084179415
3007026,10.891183913522369
3007027,0.36431571043935207
3007028,4.391733672598786
3007029,3289.6591734614285
3007030,0.0
3007031,543.6903608109561
3007032,15.688869423089383
3007033,1575.7392862868462
3007034,755.4459152098813
3007035,283.415277870774
3007036,284.28743858517316
3007037,193.75548656913253
3007038,5108.8301336769455
3007039,16.41751388800815
3007040,0.5092556782478355
3007041,25.577820769303713
3007042,20.61435028772286
3007043,0.2261820253989772
3007044,331.2050569017597
3007045,2.065778420864307
3007046,7.033994661050453
3007047,12.142018366051495
3007048,38.15660517583401
3007049,3.345716123864982
3007050,358.2910840441497
3007051,312.4402101273023
3007052,5.35977501057808
3007053,9.340449635892114
3007054,151.53838636924615
3007055,73.99085028519455
3007056,1487.0273367035143
3007057,8.655698647715397
3007058,8.125807828910755
3007059,1.8089575510304277
3007060,0.0
3007061,1.034123118617236
3007062,1041.613526947229
3007063,0.0
3007064,119.77434759567046
3007065,4.708509384940656
3007066,1251.8059218420117
3007067,193.8254332486156
3007068,101.3306240566438
3007069,173.23841073783848
3007070,29.810893338246803
3007071,1875.1297835144244
3007072,3.7492457127463976
3007073,0.3431961702305853
3007074,13.662360972079352
3007075,5.292427227781651
3007076,0.0
3007077,107.59913496883584
3007078,0.0
3007079,0.0
3007080,1.0165681843951886
3007081,51.48684841966235
3007082,0.26062393228727493
3007083,80.01144261192012
3007084,77.1848823745702
3007085,1.1084235465720977
3007086,1.475811435091914
3007087,72.23216048557792
3007088,12.830950866953017
3007089,269.2618518093292
3007090,4.600545919115504
3007091,2.284024361644205
3007092,11.427108514717677
3007093,0.0
3007094,3.726198823857868
3007095,2188.019276188781
3007096,0.0
3007097,229.46585194231403
3007098,11.6870165615512
3007099,1100.7963614212226
3007100,472.1798556353963
3007101,191.93999351305519
3007102,172.96089040099076
3007103,160.80715743049493
3007104,3437.1106954752186
3007105,5.137554952217538
3007106,0.7607140298536716
3007107,34.16766676563033
3007108,21.19660459780076
3007109,0.5212870597020568
3007110,258.1852139627589
3007111,0.0
3007112,0.0
3007113,14.866629728261781
3007114,93.63522925288467
3007115,2.432135881416266
3007116,287.11334717968185
3007117,231.8474447456433
3007118,2.3347989526053206
3007119,5.997091960232591
3007120,225.24238727997957
3007121,32.28169664287301
3007122,1344.0975143226883
3007123,5.324980882172885
3007124,2.235322916044221
3007125,3.444107666169951
3007126,0.0
3007127,2.27885917043021
3007128,2548.8863331480275
3007129,0.0
3007130,672.3246073426214
3007131,12.285637536332448
3007132,979.2829216032169
3007133,762.511890794898
3007134,239.8769305776858
3007135,133.67734856911127
3007136,95.51707972757735
3007137,4660.411468498051
3007138,9.002966944679763
3007139,4.945845472579655
3007140,13.693945504989552
3007141,50.758202839411744
3007142,0.41594557684051553
3007143,246.0140024357398
3007144,4.347284641286277
3007145,10.568729405044314
3007146,4.80328756598493
3007147,73.72118695689288
3007148,3.2970277797103025
3007149,175.6415594973463
3007150,323.7369910275921
3007151,6.278072615637246
3007152,6.67563225262113
3007153,160.50907097350387
3007154,44.69186085172113
3007155,653.9899317998792
3007156,11.292750546903907
3007157,4.6675118709933505
3007158,5.771927040860289
3007159,0.0
3007160,0.8551520451399984
3007161,1736.1799888759328
3007162,0.0
3007163,94.8539544739379
3007164,5.07935418451966
3007165,550.3531712887738
3007166,214.1794033675645
3007167,108.20013121288176
3007168,174.76883707926342
3007169,129.7328329194618
3007170,2076.6569736916613
3007171,5.765883694443134
3007172,0.22684869955710357
3007173,19.217897401274406
3007174,11.073202685242821
3007175,0.2240089782866209
3007176,121.63143532073907
3007177,0.0
3007178,0.0
3007179,0.9201056817054556
3007180,156.218546802065
3007181,1.1516002391595883
3007182,194.52394715973583
3007183,104.09103336355582
3007184,0.7162823737564036
3007185,1.9807632945240425
3007186,49.75035196203737
3007187,19.733901584269546
3007188,394.44669029359153
3007189,2.9080409007175767
3007190,0.8994392965330845
3007191,4.88736021196707
3007192,0.015288609388086188
3007193,2.0195847904150668
3007194,3116.7808468733815
3007195,0.0
3007196,462.8034300608809
3007197,13.36390167073139
3007198,905.6515291282404
3007199,589.4621567486137
3007200,215.92961931484638
3007201,159.59296259088478
3007202,241.69015695665883
3007203,3740.167430604049
3007204,7.497398600079162
3007205,0.6688750168535487
3007206,21.251173485636855
3007207,9.92699371778428
3007208,0.1542910484983825
3007209,207.58798255457023
3007210,0.0
3007211,47.31735416651846
3007212,4.1484938643423375
3007213,128.31159701341505
3007214,2.012401424921285
3007215,214.789546393548
3007216,213.35798590567583
3007217,2.8836599245737373
3007218,5.21338410782775
3007219,126.67230389284187
3007220,46.96806194532375
3007221,1208.7665628471595
3007222,8.76684754258219
3007223,1.9781131341811478
3007224,4.4123708405349245
3007225,0.0
3007226,8.049527307308551
3007227,3467.733172480978
3007228,0.07740242354568078
3007229,540.5358180211433
3007230,8.448824670075556
3007231,1039.9652082334183
3007232,971.2566454586641
3007233,165.28872169946135
3007234,152.89310549523137
3007235,147.23338147956215
3007236,4024.0404737565145
3007237,61.89945983656485
3007238,1.9646872830572129
3007239,30.026566164563565
3007240,21.828180745477983
3007241,0.4963030358876867
3007242,271.32580937416026
3007243,33.15513169436926
3007244,28.887774285050998
3007245,2.537004247610942
3007246,153.00778818707494
3007247,15.112998729548107
3007248,247.17339689241456
3007249,282.7057444590363
3007250,13.129470716152838
3007251,17.073650034705718
3007252,289.0964183324627
3007253,70.72234240630812
3007254,2638.737437124832
3007255,0.0
3007256,18.202607552446192
3007257,9.934929186355081
3007258,0.0
3007259,7.838156937408184
3007260,4356.507750502782
3007261,0.0
3007262,567.8328621357895
3007263,22.23101201796983
3007264,1449.2287546522448
3007265,1057.7494116717048
3007266,207.14424985499073
3007267,139.11309313355883
3007268,153.49510693365727
3007269,5091.891603717214
3007270,34.708992590755805
3007271,1.928076729532454
3007272,55.900909644981105
3007273,87.93746206022443
3007274,0.22948884019926075
3007275,443.76889354243553
3007276,41.64047871600783
3007277,25.899076066163783
3007278,14.3051672734009
3007279,203.87705283245597
3007280,18.761538864353046
3007281,184.9187350944979
3007282,488.7048427654479
3007283,12.254443472024654
3007284,13.666295176476341
3007285,170.74149513978153
3007286,95.00015304006244
3007287,2426.3238405786115
3007288,2.82488889321254
3007289,23.502156980038595
3007290,13.008376860984983
3007291,0.35776108527416167
3007292,4.628173082745023
3007293,4431.81267123723
3007294,0.0
3007295,843.8101940275288
3007296,18.190550521930668
3007297,1980.8086813558589
3007298,832.9777569698276
3007299,280.2406876264251
3007300,344.92237363422555
3007301,123.47838492953736
3007302,6417.392352104656
3007303,46.90568148373583
3007304,1.9083922261104502
3007305,18.894828455919495
3007306,24.818878541705203
3007307,0.23634673528338523
3007308,415.7675437912243
3007309,10.882609609861813
3007310,23.145362316333127
3007311,10.540469409506327
3007312,149.90902073263777
3007313,7.231694350750368
3007314,171.09913965771196
3007315,362.9817894237867
3007316,9.914679923732743
3007317,14.238191612004911
3007318,306.82086736012945
3007319,70.41266095677555
3007320,1911.786797934895
3007321,3.806702292908011
3007322,24.045898287542528
3007323,5.792987090236797
3007324,0.010324265271438472
3007325,4.4358676250604745
3007326,3211.5969303139314
3007327,0.06286422214850726
3007328,405.31726695121114
3007329,15.387838066502933
3007330,842.6026444400258
3007331,915.6534592647315
3007332,242.29294429774987
3007333,161.36243414245402
3007334,127.2462703516027
3007335,3822.8391569129512
3007336,32.063263475459244
3007337,1.9072763555563315
3007338,20.41820751614578
3007339,9.973182933973908
3007340,0.3638988071000134
3007341,265.6521954187238
3007342,25.247768538142992
3007343,31.943049229929766
3007344,2.130244502217829
3007345,166.31627356353826
3007346,11.936520548273979
3007347,393.27895462536316
3007348,235.37012190414592
3007349,10.431882420312707
3007350,10.307245129416101
3007351,422.46168746367005
3007352,61.48847206678284
3007353,2424.956371720889
3007354,0.0
3007355,29.209969739030424
3007356,4.603188107510747
3007357,0.3281314110665869
3007358,3.3531161203414115
3007359,5122.869084922165
3007360,0.0
3007361,407.04954335240757
3007362,15.891029773017948
3007363,2287.32187796282
3007364,684.941445221931
3007365,314.9431879318254
3007366,183.7138747838865
3007367,136.78392515929815
3007368,6591.435983870136
3007369,17.28948184331254
3007370,2.599742598459148
3007371,37.860227434762066
3007372,31.72303104873495
3007373,0.4091732203495279
3007374,438.0645022822404
3007375,0.0
3007376,0.13461192809064587
3007377,12.150503304827446
3007378,131.09608672078036
3007379,3.1021742879410414
3007380,155.53345770016494
3007381,330.6772239191479
3007382,4.58381578296181
3007383,10.927103387107696
3007384,198.52625194087992
3007385,63.74113001156392
3007386,1172.5334013168156
3007387,8.940109068364396
3007388,8.368430559280169
3007389,8.00847254427452
3007390,0.012681951770886676
3007391,10.087795594420477
3007392,3491.8561949406035
3007393,0.0
3007394,565.7146353275638
3007395,17.793116080104944
3007396,1413.2731781902135
3007397,826.7621911042805
3007398,273.72247014256783
3007399,163.7779624709343
3007400,264.831949962527
3007401,4384.556401832081
3007402,47.795114259507926
3007403,2.1946957538190106
3007404,35.52838205813811
3007405,39.51741766628889
3007406,0.7982351305781649
3007407,290.5234454665218
3007408,29.321832433207533
3007409,33.38264251379303
3007410,11.389252117401083
3007411,196.94215102303528
3007412,16.73110105128581
3007413,267.05611305689484
3007414,486.93210300760063
3007415,16.15436721183166
3007416,10.722798454857292
3007417,222.72594845040197
3007418,62.33032203375502
3007419,2298.540075867392
3007420,6.895115110982772
3007421,7.733922873794833
3007422,5.066255053143138
3007423,0.018994004996586964
3007424,5.482868460030535
3007425,3557.6824585451836
3007426,0.0
3007427,563.6579208120838
3007428,16.519537266349367
3007429,920.8370321432524
3007430,1057.2721451926925
3007431,222.4566796270367
3007432,178.8919691569641
3007433,166.27979765361624
3007434,3936.704239754328
3007435,45.765971554047184
3007436,1.5104462345518994
3007437,36.56712655492429
3007438,24.01919481608642
3007439,0.43450839850858575
3007440,265.36177577838174
3007441,30.166400903533244
3007442,56.670270265155715
3007443,6.429461453149731
3007444,137.56455441473895
3007445,14.160688949030996
3007446,287.8590209662907
3007447,275.2877596691594
3007448,12.441142734407201
3007449,12.540300618189866
3007450,270.6625081266091
3007451,64.01235113977296
3007452,2933.6672696005066
3007453,0.1759078859100049
3007454,20.231868760056496
3007455,4.484594195109862
3007456,0.19888717191360572
3007457,3.941774988666639
3007458,5064.615184111968
3007459,0.0
3007460,530.1639918361071
3007461,24.883564415990573
3007462,1286.3149254429525
3007463,631.8957590490872
3007464,260.5397892028801
3007465,180.48841774228904
3007466,94.13745084795168
3007467,4837.69219262846
3007468,12.944279852928346
3007469,0.018781023421563684
3007470,16.829458012764796
3007471,19.060609821206544
3007472,0.06726560691869475
3007473,249.1818336667377
3007474,0.0
3007475,12.450562148894004
3007476,1.9232541903767097
3007477,212.0770667447839
3007478,4.7173591850404515
3007479,209.23412768004815
3007480,284.75279375312044
3007481,4.0290154911265175
3007482,2.8371729721312304
3007483,215.5317943111943
3007484,109.47576544589509
3007485,1208.5087311931052
3007486,6.945644079240339
3007487,1.536224637654634
3007488,27.352056750967062
3007489,0.0
3007490,23.960718273218593
3007491,14291.63557444932
3007492,0.0
3007493,2161.9081932347076
3007494,37.40400876771591
3007495,3027.2672083951115
3007496,3445.095520116959
3007497,751.1116995157811
3007498,849.793788728965
3007499,598.0011014420436
3007500,13091.208934467148
3007501,118.95715918151912
3007502,5.361809252898782
3007503,124.82333124299169
3007504,159.3783863557519
3007505,1.9152474113328135
3007506,984.0678323049086
3007507,41.992992546508155
3007508,41.80471127117021
3007509,26.88690053921718
3007510,626.8185771679383
3007511,42.11264288326089
3007512,1140.6527797728213
3007513,801.4659602476656
3007514,62.594484006380135
3007515,46.41242563053925
3007516,1460.3629751755514
3007517,316.3507257929134
3007518,11203.023408255925
3007519,103.20201398394383
3007520,117.98706117848519
3007521,21.39769889045408
3007522,0.0
3007523,16.03663492053265
3007524,12204.898765511549
3007525,0.0
3007526,1475.6657256314184
3007527,49.39113758198459
3007528,3113.6996569662174
3007529,2894.4407691165816
3007530,915.0922205243169
3007531,499.09594903811274
3007532,459.075112104266
3007533,13305.083232606255
3007534,185.21702654337557
3007535,2.7948566843490137
3007536,69.58056053907539
3007537,119.61588174754095
3007538,1.4155348086154076
3007539,865.1741646400986
3007540,37.0417150264621
3007541,74.5804052616568
3007542,7.087253170819755
3007543,389.3573876589149
3007544,29.11617330331154
3007545,1378.6717135403799
3007546,881.7197919234252
3007547,33.5276418032858
3007548,38.76108526442187
3007549,1533.0391231140707
3007550,306.72714400594464
3007551,7277.084469695321
3007552,166.53204492244964
3007553,98.86705320080566
3007554,19.29277145069746
3007555,0.0
3007556,22.71391355699358
3007557,9062.297519436714
3007558,0.3190188120609327
3007559,1270.3362941017708
3007560,30.30616574208772
3007561,3219.8255805639665
3007562,2156.479338588377
3007563,1056.4691660677258
3007564,229.88898792362855
3007565,335.26393357034897
3007566,12951.282156066414
3007567,63.520640366801466
3007568,3.7808381744970876
3007569,53.106993622065914
3007570,46.66604391376954
3007571,0.8617735068090685
3007572,842.3281189139091
3007573,49.950685620781535
3007574,50.381733490215204
3007575,10.84161061155389
3007576,244.88924907530958
3007577,15.589747171377049
3007578,1182.6224670331942
3007579,969.0023462906653
3007580,37.407711213104356
3007581,66.41260552645261
3007582,1057.423208938102
3007583,178.40834519151184
3007584,3542.1159724762133
3007585,113.47166407644295
3007586,65.43692910584313
3007587,20.72387652106877
3007588,0.0
3007589,21.8717394119697
3007590,11896.664434354832
3007591,0.0
3007592,1365.2859189246906
3007593,38.50893922315873
3007594,2849.818355860916
3007595,2758.3953858627956
3007596,834.0981352390688
3007597,450.5130522513104
3007598,357.7713440020809
3007599,12577.94106149223
3007600,76.73590626783621
3007601,2.759310212768586
3007602,66.52392882983764
3007603,107.27714269630408
3007604,2.0446983192929777
3007605,826.9153440954294
3007606,42.81127540496912
3007607,58.47314831365407
3007608,7.917353926266009
3007609,366.24154957748414
3007610,21.109089840986563
3007611,1036.408194685981
3007612,866.6289646037685
3007613,37.93210129960535
3007614,32.99482122559405
3007615,1321.1981596402888
3007616,256.58377768211193
3007617,6301.907884005285
3007618,111.865864801594
3007619,78.2953539531584
3007620,17.607496560804655
3007621,0.0
3007622,21.803659121103326
3007623,6698.454655778004
3007624,0.1513233602793154
3007625,1042.8388386125123
3007626,34.82610792002174
3007627,2531.738116429085
3007628,1697.776419637755
3007629,820.7385030407972
3007630,172.4918658680295
3007631,262.66060954384994
3007632,10145.42181544001
3007633,68.10247643464574
3007634,0.768605710828494
3007635,36.040656439071626
3007636,69.02450999429256
3007637,1.314932231799774
3007638,719.0782217989157
3007639,43.77228843075606
3007640,23.8964545819872
3007641,5.473747941852949
3007642,234.74318755868106
3007643,8.962893072640382
3007644,994.3411198209326
3007645,835.3179085747778
3007646,28.805518562315033
3007647,33.109529686071724
3007648,1049.9032816195497
3007649,116.3904386640405
3007650,2464.8666795134172
3007651,92.51167687294917
3007652,27.99188165636193
3007653,12.876301700502838
3007654,0.0
3007655,13.873703157536383
3007656,8739.573867381258
3007657,0.0
3007658,1289.0317872875705
3007659,37.43998709909942
3007660,1987.0745994822328
3007661,2547.39511156564
3007662,546.308692537354
3007663,549.2040858649489
3007664,469.6959164900306
3007665,8655.5505843424
3007666,84.0953534077008
3007667,1.7990164305310439
3007668,58.187609399187956
3007669,68.55266339377339
3007670,1.3789105001376758
3007671,568.1509097482699
3007672,21.318668745748237
3007673,55.613095352392676
3007674,13.111452851094247
3007675,448.3725175038122
3007676,25.600009272349723
3007677,914.1248201215096
3007678,578.8681967554556
3007679,26.41897901810029
3007680,37.92634362859396
3007681,1110.6860338014837
3007682,248.10664282779425
3007683,7889.833921202358
3007684,80.12328996827871
3007685,76.23099127740518
3007686,7.692047644165091
3007687,0.0320930762927263
3007688,5.079221523210336
3007689,2049.8274327835447
3007690,0.0
3007691,342.4879049938641
3007692,31.744101349982408
3007693,1002.8411538774736
3007694,551.9370259158294
3007695,222.4571455215272
3007696,88.92392632949652
3007697,151.0023279737416
3007698,3157.771480117074
3007699,60.47368819383108
3007700,1.7950255243691304
3007701,25.387856135896328
3007702,21.794970280329757
3007703,0.4980740884256238
3007704,239.73260143659255
3007705,17.82645025625242
3007706,16.48599760714442
3007707,11.783484094651964
3007708,107.48623591898034
3007709,11.034794402777216
3007710,255.63941666819542
3007711,236.20573172191732
3007712,4.005780112017058
3007713,7.344693902682174
3007714,241.22638803096837
3007715,54.90226090757858
3007716,1564.6440474937215
3007717,6.591397180166905
3007718,10.300757496639312
3007719,15.153279838793626
3007720,0.0
3007721,15.684161245437988
3007722,6468.80411298891
3007723,0.0
3007724,686.6251502639618
3007725,41.272963449813986
3007726,2193.3432395630557
3007727,1520.388031988965
3007728,613.3322319108114
3007729,143.00954014041335
3007730,225.31381580215483
3007731,8327.994099721716
3007732,139.71484744936723
3007733,2.831154253541077
3007734,62.6257104633097
3007735,67.0661294985231
3007736,1.5620123172590772
3007737,630.7165892122443
3007738,31.926220892025544
3007739,21.27762839424932
3007740,5.968281217543121
3007741,226.801413728281
3007742,16.02706881729428
3007743,658.7550933047648
3007744,707.161594006456
3007745,19.76636595251202
3007746,32.525325285569984
3007747,494.273806432956
3007748,98.56785989795178
3007749,2553.5193934108497
3007750,84.67988884337286
3007751,23.180336419501348
3007752,10.34693228773905
3007753,0.0
3007754,5.539579176590962
3007755,5599.105296108785
3007756,0.0
3007757,958.701969201898
3007758,14.427352220594264
3007759,1628.60945969847
3007760,1877.7480926698697
3007761,297.7751066714159
3007762,393.1469624714692
3007763,390.5050481960165
3007764,5682.813806383952
3007765,57.962603389897744
3007766,2.1882199074364377
3007767,50.086544950384464
3007768,41.672118058097944
3007769,0.9228791709136163
3007770,388.66507258101564
3007771,5.1399542608906374
3007772,68.32741985795886
3007773,10.590268621750829
3007774,291.36360399183025
3007775,16.494469504300426
3007776,691.6112475713352
3007777,338.10014091963455
3007778,29.65571155114667
3007779,16.80930387156913
3007780,624.348716648627
3007781,143.17892615288133
3007782,5847.420685677698
3007783,25.051841430061913
3007784,48.842084594556276
3007785,17.636976856478327
3007786,0.0
3007787,11.865441436774828
3007788,6364.82391928479
3007789,0.0
3007790,1124.7075760201772
3007791,17.847816286953375
3007792,2342.6607190208115
3007793,1596.7794477164152
3007794,517.7200381869119
3007795,290.48201975697935
3007796,500.12323859004357
3007797,8738.515032590749
3007798,68.27778291115366
3007799,4.917601623934085
3007800,74.62655902513445
3007801,69.09513339260675
3007802,1.2007562832007324
3007803,533.3929593597046
3007804,14.636126616010714
3007805,122.52216791615263
3007806,10.900167008395972
3007807,366.97677184752104
3007808,16.213361916951662
3007809,676.703791374747
3007810,525.542645104225
3007811,21.153808502225505
3007812,39.51593525910633
3007813,680.1174240519665
3007814,169.9618490821967
3007815,6517.1441101642695
3007816,16.240745602886076
3007817,14.714400636876174
3007818,13.639845223241824
3007819,0.14709276792683343
3007820,5.385142970063297
3007821,2711.8887598229644
3007822,0.0
3007823,550.2759592695685
3007824,12.19867073306991
3007825,1144.7351147953793
3007826,607.1419526960839
3007827,281.225556354635
3007828,111.10586943428187
3007829,272.6483582903119
3007830,3904.843048173071
3007831,19.61197445263516
3007832,1.7151255860959858
3007833,36.425009473590535
3007834,30.80073746465645
3007835,0.23886884917715534
3007836,242.33123489375987
3007837,7.933093579268111
3007838,24.942837345441603
3007839,7.719612822321959
3007840,192.98174530564472
3007841,5.769988388072745
3007842,355.79492457340103
3007843,280.21781462855876
3007844,6.828073385865409
3007845,7.767485542977429
3007846,250.96091389249787
3007847,66.18824941000004
3007848,2428.3065846188715
3007849,5.254646023279175
3007850,5.701352426240241
3007851,6.602276333672685
3007852,0.0
3007853,1.7457718109038516
3007854,3671.9100855172974
3007855,0.0
3007856,221.36538730363856
3007857,5.5053651150142775
3007858,1288.0356907297514
3007859,255.17174102753597
3007860,237.84354092031046
3007861,70.67404190650927
3007862,65.554974148872
3007863,3747.1555230519625
3007864,9.659519392317332
3007865,0.8535517377634103
3007866,28.223615910519158
3007867,15.704100443681527
3007868,0.19408091030717692
3007869,255.80056021903718
3007870,0.0
3007871,0.0
3007872,4.871571217440404
3007873,45.40083402527019
3007874,2.076382899771198
3007875,59.64152668501342
3007876,188.84888605833626
3007877,0.0
3007878,2.972959691799313
3007879,75.18059308661032
3007880,89.42878010516404
3007881,748.161715285713
3007882,1.9806780727239108
3007883,3.211294459242993
3007884,7.959584613631478
3007885,0.17162313751839695
3007886,6.543553738022211
3007887,4316.079879389702
3007888,0.0
3007889,614.2096243707925
3007890,24.043508766411282
3007891,1419.7001780623805
3007892,1201.9406314316693
3007893,410.37403330278136
3007894,218.8720278588397
3007895,218.01000954274528
3007896,5598.515596732682
3007897,62.08094134001328
3007898,1.565351460249292
3007899,41.35707147114016
3007900,51.26893844572893
3007901,0.19154856795672456
3007902,384.22339724002455
3007903,32.907719503277335
3007904,24.657061753016258
3007905,12.216756240757661
3007906,190.01713813214522
3007907,10.762241511528742
3007908,525.6197704359822
3007909,360.39239970202533
3007910,12.082283789326873
3007911,16.628605209852598
3007912,632.4156543985703
3007913,118.90210510387348
3007914,2864.557486495157
3007915,0.0
3007916,43.19289856426862
3007917,4.118045273791815
3007918,0.0
3007919,4.708901654642233
3007920,4009.552224957747
3007921,0.07143126063702211
3007922,618.0028868202173
3007923,25.631175357576026
3007924,879.5274871267278
3007925,1251.241511107704
3007926,176.98194119471387
3007927,272.27229905647016
3007928,310.37714985129713
3007929,3485.36210903575
3007930,42.77314043439937
3007931,3.544138698190441
3007932,34.91634288694141
3007933,31.104929741975216
3007934,0.5591283952795809
3007935,198.33687761266444
3007936,23.269887772526637
3007937,50.99788640025744
3007938,6.213113448081498
3007939,295.64112195575893
3007940,19.13560300551138
3007941,419.49024115053106
3007942,189.60506608157064
3007943,7.735158485661744
3007944,16.002664042428226
3007945,548.8305096902886
3007946,145.56999548480684
3007947,4414.763541202588
3007948,0.13924665064693545
3007949,31.9421471819102
3007950,6.274087932037554
3007951,0.5705088073721246
3007952,11.930946068917772
3007953,6483.963258037277
3007954,0.0
3007955,1015.3640520226121
3007956,29.850519998367524
3007957,1471.3391836214196
3007958,1927.6653149541057
3007959,377.0588024852046
3007960,457.1216295692343
3007961,218.66988560322116
3007962,6353.237529905391
3007963,53.88296201949275
3007964,4.669233892102078
3007965,52.29860579474977
3007966,49.71939795452688
3007967,1.5239295207394379
3007968,465.1159836050293
3007969,44.21572052184505
3007970,55.41623199002081
3007971,20.54094627767686
3007972,247.3155088515728
3007973,29.147256166087384
3007974,506.04277855839894
3007975,436.32355518586985
3007976,28.401223528764085
3007977,28.10374549552643
3007978,752.2131126777541
3007979,218.15492997078834
3007980,5605.07247347231
3007981,0.40711878458859047
3007982,51.948845085506434
3007983,16.957811710873987
3007984,0.40286472434728265
3007985,8.89989349647142
3007986,3786.9077514481146
3007987,0.0
3007988,560.4953454192166
3007989,22.865339771223006
3007990,1771.6380938932111
3007991,955.7737020692094
3007992,557.2369219948426
3007993,194.8031562337405
3007994,135.7148787306361
3007995,7018.553667233406
3007996,19.42949807837255
3007997,1.4816495849036695
3007998,53.43388724576744
3007999,47.93047773394245
3008000,0.2606690304464144
3008001,476.09150283853376
3008002,20.93342359883471
3008003,14.405255559597675
3008004,8.189652628210968
3008005,104.5018674986388
3008006,4.528016609753486
3008007,368.5097232016661
3008008,479.3860189355734
3008009,9.526272588966762
3008010,11.264944780771694
3008011,475.6981396407752
3008012,151.66786542084165
3008013,1665.9332161143466
3008014,33.58035087413202
3008015,25.740826401617703
3008016,2.389178170978759
3008017,0.0
3008018,1.6994908251632177
3008019,990.9917850475478
3008020,0.0
3008021,123.28520721027094
3008022,4.197647866445305
3008023,198.28091215554963
3008024,285.9349224129905
3008025,58.282916699042914
3008026,78.29565544934249
3008027,61.69300142170905
3008028,1069.771716934487
3008029,13.448793216847527
3008030,1.0728125637043529
3008031,9.279368424314468
3008032,8.544460630911036
3008033,0.5130989447654783
3008034,67.76186740408023
3008035,7.080269865406399
3008036,11.919281995389548
3008037,2.9672501095181167
3008038,35.87715279333835
3008039,3.808693024401629
3008040,106.8601442353526
3008041,42.06738030896361
3008042,2.190569023619731
3008043,3.45086147158168
3008044,127.19969458100071
3008045,15.920685568611683
3008046,1053.4603738741778
3008047,0.0
3008048,10.165076615940807
3008049,2.1397268475368754
3008050,0.0
3008051,3.1223288475690514
3008052,1459.4628123641942
3008053,0.0
3008054,127.37389943156707
3008055,5.285622666758748
3008056,781.8539025897375
3008057,354.3306424462155
3008058,273.2669960460989
3008059,52.814241193673915
3008060,30.657889951946462
3008061,2788.497424477327
3008062,6.775439283978983
3008063,0.6741836906788339
3008064,13.978527733319716
3008065,10.725233269385713
3008066,0.5229923036354127
3008067,186.37189693157669
3008068,5.935047198268761
3008069,0.0
3008070,1.7232642775994678
3008071,13.10965905750258
3008072,0.8653229063284691
3008073,166.88376272587536
3008074,168.5207403016199
3008075,1.3469004386451704
3008076,4.730805113148579
3008077,189.9089411722832
3008078,21.794620767414393
3008079,284.8875288439626
3008080,0.6899130178076518
3008081,0.17514533830697815
3008082,9.641929509596594
3008083,0.24773259658443494
3008084,5.045991966942638
3008085,5057.914539936634
3008086,0.0
3008087,869.6347707993903
3008088,11.89830632929748
3008089,1858.6553355347721
3008090,887.1836539376023
3008091,565.4138120857938
3008092,264.8203739576705
3008093,111.2786642862931
3008094,8150.55617198888
3008095,30.847198286929174
3008096,1.3746142552205218
3008097,18.869621108348344
3008098,21.99890928293247
3008099,0.6856831445946039
3008100,524.9865486984622
3008101,19.405876532749907
3008102,6.075513206347487
3008103,10.279413130942151
3008104,37.08497952789585
3008105,5.329537353279642
3008106,615.0695746684846
3008107,452.43272752327056
3008108,3.0726544125227018
3008109,18.131746605819263
3008110,441.6904623994224
3008111,97.3019969085763
3008112,1438.1330099535346
3008113,9.669156377862468
3008114,13.145697725063807
3008115,6.2583375933727545
3008116,0.09594201858442322
3008117,1.6694712019950197
3008118,1962.2947594778957
3008119,0.0
3008120,218.95382584254298
3008121,11.486208585705858
3008122,1128.4207418455753
3008123,522.3889952161048
3008124,239.32474620949347
3008125,59.513676960449274
3008126,35.38066652080644
3008127,3014.570435781427
3008128,10.255713774460645
3008129,1.2153292740456607
3008130,16.527430069504
3008131,21.466596227869047
3008132,0.37949448852703854
3008133,190.07135371294422
3008134,10.576928707800658
3008135,0.0
3008136,4.991448542188883
3008137,40.055449778466915
3008138,1.8356165925060954
3008139,134.1945747677738
3008140,186.23553554094755
3008141,3.2034270148322848
3008142,6.448885533134043
3008143,166.6234304559744
3008144,25.246217320997705
3008145,372.8605430235349
3008146,1.5189605522363236
3008147,4.588449255237141
3008148,4.18038152159385
3008149,0.0
3008150,4.311100498214541
3008151,1552.4571423041134
3008152,0.0
3008153,165.4612317825883
3008154,8.185341595711481
3008155,683.2057793408244
3008156,306.40067231182087
3008157,136.7606502776227
3008158,60.99742107175622
3008159,27.246599238445757
3008160,2338.431451710205
3008161,14.089024907848861
3008162,0.06581107346248097
3008163,13.984635882887739
3008164,12.498141338923679
3008165,0.020318104392434706
3008166,133.89700935807468
3008167,2.8327529781521807
3008168,0.0
3008169,3.286676787860225
3008170,33.52202856143476
3008171,1.6237546721183866
3008172,100.29506628588742
3008173,122.08484007525512
3008174,1.2855927154500888
3008175,3.749660980054844
3008176,107.61748008685227
3008177,14.601413963280002
3008178,194.84707992759485
3008179,1.4199073133802782
3008180,3.1122344939693405
3008181,3.4649175728844477
3008182,0.0
3008183,2.4469022920937666
3008184,1416.7481894219989
3008185,0.0
3008186,164.86770561143524
3008187,7.4308208069375885
3008188,1223.0466864890764
3008189,330.9879420618082
3008190,192.34218607243474
3008191,44.92106014407623
3008192,42.58948250762008
3008193,2368.047094175658
3008194,11.478147902720584
3008195,0.5169665219201695
3008196,2.651012845837269
3008197,21.413098246057856
3008198,0.19839867032062294
3008199,146.41722606516637
3008200,2.5539715726476837
3008201,0.0
3008202,2.2536402328974567
3008203,23.03406178352242
3008204,2.165049736233847
3008205,197.57701877347318
3008206,149.44618161880908
3008207,1.4430381297221844
3008208,3.9616539066390946
3008209,83.83647168382775
3008210,61.093357750334356
3008211,393.044343725861
3008212,1.1454384959558948
3008213,2.3141806203172735
3008214,4.665846893565894
3008215,0.7929546896463292
3008216,3.9669562142133126
3008217,1542.3886929521054
3008218,0.0
3008219,159.98041062590065
3008220,2.70823955421914
3008221,747.3200670680253
3008222,305.97462724778364
3008223,222.82568256768704
3008224,77.86401373063114
3008225,52.92778192401005
3008226,2377.3141872571837
3008227,7.183398124160731
3008228,0.8751100291497519
3008229,11.270327120478662
3008230,16.468390263291724
3008231,0.23195039886495947
3008232,182.67968897166332
3008233,14.491997885548004
3008234,0.0
3008235,4.247297316909988
3008236,18.966791374218875
3008237,1.942674825107676
3008238,113.26728819744542
3008239,154.89617309512266
3008240,1.3059505972978354
3008241,5.203513130432481
3008242,102.06525281806645
3008243,29.843150950589475
3008244,527.6008068342866
3008245,1.7785193023638413
3008246,4.580641829149523
3008247,5.988132600546769
3008248,0.04146902825930716
3008249,3.105128643630453
3008250,1739.9363584476023
3008251,0.0
3008252,204.47518957826273
3008253,6.994735242391506
3008254,1717.9141387144616
3008255,364.5570560917299
3008256,205.6899911390142
3008257,168.95408308483724
3008258,45.92323590862993
3008259,2907.661167902945
3008260,7.263978002262676
3008261,0.6801384513887021
3008262,15.387184925360524
3008263,16.549642758765394
3008264,0.2661601181540659
3008265,230.51064507452128
3008266,0.0
3008267,0.0
3008268,2.7835249229689203
3008269,55.04855894416592
3008270,2.2386544449716683
3008271,68.93304661536209
3008272,186.1237765787737
3008273,1.8002551759841996
3008274,4.722585296708022
3008275,84.2692433462951
3008276,41.46610860108659
3008277,651.4972750835279
3008278,6.3090188633320246
3008279,1.755501321169917
3008280,13.12839161029807
3008281,0.5217216577059851
3008282,5.527946382667438
3008283,4380.843193805644
3008284,0.0
3008285,576.6790584175219
3008286,7.206737904115859
3008287,1316.4851092047925
3008288,1113.5954369500653
3008289,704.9916568875324
3008290,256.32896877674006
3008291,141.57402456857605
3008292,5900.271453937766
3008293,20.989290769901125
3008294,2.0793952882802733
3008295,33.62895369306622
3008296,27.100955649882355
3008297,0.9397079839352018
3008298,403.9693611140923
3008299,4.062024696988493
3008300,0.0
3008301,6.681912894176709
3008302,48.64059720157102
3008303,5.505454809331543
3008304,304.1210568591031
3008305,360.8699548963618
3008306,4.668520928860039
3008307,12.875674117411098
3008308,511.10956594890285
3008309,80.5058247456058
3008310,1844.3549886580456
3008311,4.076984261079297
3008312,22.42589022658234
3008313,5.833942428154254
3008314,0.21090625085415884
3008315,6.641785716201876
3008316,3069.6616670831845
3008317,0.0
3008318,803.295355068533
3008319,7.038074487171065
3008320,758.9340234515374
3008321,885.5462344208584
3008322,303.9126048205713
3008323,253.30362049755328
3008324,81.05850559258275
3008325,3822.782855755628
3008326,14.427243155474539
3008327,1.9035310264825125
3008328,33.25193608781103
3008329,20.963364361878238
3008330,0.8178815010616187
3008331,285.55524048362213
3008332,20.31220740643308
3008333,5.243281082232353
3008334,5.651571712520629
3008335,54.6490111373826
3008336,3.4814628283815368
3008337,126.87966540947671
3008338,248.46744734190958
3008339,7.952501535623985
3008340,10.151344631165125
3008341,276.5753523080568
3008342,66.42238390155501
3008343,2284.6635665813274
3008344,15.437179687410456
3008345,18.241030068529202
3008346,7.893544446249235
3008347,0.29838245034109784
3008348,3.7088956777426345
3008349,2498.860599343899
3008350,0.0
3008351,204.01355589644777
3008352,4.970650145461699
3008353,848.6733674532721
3008354,422.85899072710373
3008355,326.06672529891466
3008356,79.24980416287443
3008357,45.21177313467405
3008358,3377.1842683132186
3008359,30.00204468912691
3008360,1.363260568748578
3008361,19.337884244225304
3008362,18.009389357241876
3008363,0.30787949421327565
3008364,166.27079634563398
3008365,10.81113244886163
3008366,0.0
3008367,4.593090198618077
3008368,40.38142477369443
3008369,3.337884789933314
3008370,126.71804919293075
3008371,160.82629505417762
3008372,2.1670298370281884
3008373,6.651974187951441
3008374,80.12154881664954
3008375,30.667333705299324
3008376,502.4830736152269
3008377,1.00942125970704
3008378,3.9889343295636768
3008379,7.708923205499397
3008380,0.0
3008381,9.27872255900263
3008382,4307.932766936206
3008383,0.0
3008384,834.2439273347578
3008385,12.60560170088408
3008386,1074.2081563052975
3008387,1174.251481685181
3008388,275.6406937457981
3008389,253.54537223317422
3008390,146.72786781159164
3008391,4939.00526916356
3008392,60.98307071219903
3008393,1.9565505016025422
3008394,21.476188126836117
3008395,37.4399008132991
3008396,0.4198624637294019
3008397,323.2308353414863
3008398,39.395833968174195
3008399,20.50499306648098
3008400,6.707234062927844
3008401,100.75906697118228
3008402,9.897835452709785
3008403,418.15879729539273
3008404,313.9376447775659
3008405,12.872876605870545
3008406,13.953374104258526
3008407,589.4613596655967
3008408,131.40221335931523
3008409,3005.2552704803884
3008410,0.26568404368331605
3008411,43.67006785263568
3008412,12.906157154246442
3008413,0.8724609880147471
3008414,8.162691779247801
3008415,5669.168330551779
3008416,0.0
3008417,974.4480989228191
3008418,11.01902853188484
3008419,2172.596309456383
3008420,1372.97594727417
3008421,997.7615506797495
3008422,186.96641754995207
3008423,115.00593371092751
3008424,8265.751508784246
3008425,25.93323176876158
3008426,1.4439697600735355
3008427,33.805815287546885
3008428,29.46565650367082
3008429,0.30006790384333554
3008430,579.6938452827233
3008431,21.261399452432556
3008432,10.748679096017424
3008433,7.310056599211941
3008434,58.62729912654596
3008435,3.346558493176504
3008436,456.3547459717727
3008437,558.5087917248803
3008438,7.39911725508239
3008439,8.203194720577129
3008440,508.5192797820408
3008441,113.17281482575598
3008442,1630.4002818105707
3008443,24.101319429144887
3008444,22.753411266697352
3008445,15.660857662931809
3008446,0.8375724137134394
3008447,7.71046903870645
3008448,3994.902500228164
3008449,0.0
3008450,734.9414262341852
3008451,4.768821125367587
3008452,2185.2311276158794
3008453,949.1785968217599
3008454,491.8948636237564
3008455,394.03721847879194
3008456,104.84358405625099
3008457,5910.83135454101
3008458,24.146118593191567
3008459,0.9153930378770246
3008460,50.254443096836006
3008461,52.4305753655252
3008462,0.42015491004699973
3008463,459.7566479385164
3008464,10.59179087463381
3008465,5.583985497448579
3008466,18.008238263552407
3008467,67.94208010252295
3008468,4.6396695691232575
3008469,162.56283349817696
3008470,418.0635173955763
3008471,5.028560104836347
3008472,8.735959603242163
3008473,228.09996622578728
3008474,194.406653483626
3008475,1819.9783943307875
3008476,11.504438848410194
3008477,9.130065421519651
3008478,6.403920594748112
3008479,0.03486726060465971
3008480,4.33125178211546
3008481,1877.9870096828095
3008482,0.0
3008483,177.9050219054161
3008484,7.856759050758993
3008485,682.9336884930837
3008486,398.51981480330863
3008487,179.332531266977
3008488,54.39397506496688
3008489,59.389702414767946
3008490,2717.858636296792
3008491,10.879345367862749
3008492,0.7992302714929135
3008493,19.805895150243874
3008494,21.776455384949955
3008495,0.28047779011904156
3008496,189.04744712369407
3008497,4.4800921610853415
3008498,0.0
3008499,6.309322740895619
3008500,62.8643736990467
3008501,4.112329565799958
3008502,123.97447307607452
3008503,169.22294083970112
3008504,1.2353901312270807
3008505,6.91567326557346
3008506,147.47490097734055
3008507,35.65070468525835
3008508,503.65554944257417
3008509,1.2413161389701515
3008510,2.9659270397830633
3008511,2.9411391351291365
3008512,0.0
3008513,1.1854495488183254
3008514,1866.2970130218425
3008515,0.0
3008516,278.43159918264075
3008517,15.001562065632312
3008518,536.3295641656355
3008519,588.5988932688949
3008520,152.13139205486777
3008521,60.64622989032259
3008522,73.725507233369
3008523,2323.9883577941123
3008524,26.281961951065096
3008525,0.6507650191326599
3008526,16.310664114050418
3008527,15.557981566256274
3008528,0.38279759536081387
3008529,145.97021113205307
3008530,20.076881072410817
3008531,7.795743426808538
3008532,3.1489963477959653
3008533,52.961172758020616
3008534,5.934609404917315
3008535,1011.0139729372818
3008536,173.82860055623252
3008537,4.463868864576617
3008538,6.5148645707758215
3008539,326.69212919953725
3008540,31.70646812618485
3008541,1204.556389312881
3008542,0.062344144509553265
3008543,8.305047404401694
3008544,3.7786063765288733
3008545,0.07665915742713857
3008546,3.745905000056238
3008547,3668.9238139181066
3008548,0.0
3008549,746.1227693720646
3008550,11.578135070606505
3008551,970.03722957928
3008552,1282.6324648227458
3008553,252.8567768997493
3008554,240.76679352181233
3008555,148.5614687474065
3008556,3926.3068546587815
3008557,39.852492558989184
3008558,1.1762513725764017
3008559,19.999956253763692
3008560,28.23014457454186
3008561,0.30058161411699125
3008562,258.4410613070428
3008563,16.339261748186836
3008564,29.437802031947736
3008565,7.010561935942757
3008566,73.82369079820722
3008567,11.81698255509915
3008568,346.6505868776947
3008569,286.37409563734786
3008570,17.732313282604043
3008571,10.75925909525164
3008572,461.46032375053863
3008573,109.22040856566848
3008574,3294.697524738165
3008575,3.216327765915364
3008576,21.583586026038958
3008577,2.551565913581515
3008578,0.07220851276310912
3008579,2.5762107556077787
3008580,1960.0107391910324
3008581,0.0
3008582,347.6640783906055
3008583,5.9183440179214575
3008584,404.9470941380701
3008585,530.0586669975602
3008586,132.25576272104763
3008587,103.4213529233032
3008588,97.1065262753866
3008589,1702.2784173747536
3008590,22.130063564572684
3008591,1.348779552195874
3008592,10.556070037088205
3008593,14.21612832615785
3008594,0.504515162959746
3008595,99.24715930089612
3008596,0.0
3008597,23.052653436889265
3008598,4.19726408582696
3008599,175.34164002435244
3008600,8.831638137629406
3008601,167.28824026785645
3008602,98.51474054035674
3008603,3.753159340289478
3008604,5.709153225693886
3008605,155.84770021253044
3008606,33.86025067134278
3008607,1292.037267658339
3008608,2.479705882143001
3008609,3.690797139602231
3008610,4.775040444304795
3008611,0.0
3008612,0.48440206650393336
3008613,1251.4940576126219
3008614,0.0
3008615,273.53252618487994
3008616,5.8633251934184765
3008617,554.5477436574654
3008618,380.5048432587678
3008619,116.84445904383713
3008620,50.04563328736825
3008621,39.1318102306373
3008622,1996.4621766779908
3008623,15.466407128087315
3008624,1.2446954706707665
3008625,15.302243885672814
3008626,13.705917461678869
3008627,0.4706777006300088
3008628,118.68965933335619
3008629,0.3445620203354482
3008630,9.981342445071355
3008631,1.801379364880668
3008632,25.71288829119445
3008633,0.8813381461993401
3008634,339.7182163482035
3008635,159.6483524150426
3008636,3.6174392406975038
3008637,2.0180745279768977
3008638,185.422516616529
3008639,31.39081375496944
3008640,699.8222518700564
3008641,2.219265833365535
3008642,2.558654556022714
3008643,10.739188383840709
3008644,0.0
3008645,3.713341907326074
3008646,5176.326221794038
3008647,0.28812837989813866
3008648,904.5736656241546
3008649,20.486800080491467
3008650,1246.3735350878922
3008651,1508.1479331075316
3008652,406.7949021595281
3008653,352.50544283249553
3008654,202.89570936080892
3008655,5558.48582999821
3008656,41.176951144134506
3008657,4.661473532983821
3008658,26.03324504054357
3008659,37.36749944091269
3008660,0.42060978017572226
3008661,350.0643100901889
3008662,17.638765584686418
3008663,55.27975736050304
3008664,11.874627036401426
3008665,208.27825935293978
3008666,7.306070380236046
3008667,362.1217842241398
3008668,357.14760541657336
3008669,14.972435233167364
3008670,13.413379379072097
3008671,519.3795966183508
3008672,104.96325295356007
3008673,3503.7736088657366
3008674,5.835395523491084
3008675,22.315948585194864
3008676,10.564186793757637
3008677,0.0
3008678,4.848529671484828
3008679,5329.624288300053
3008680,0.0
3008681,1063.3539456619244
3008682,17.072325518260023
3008683,1805.554329452509
3008684,1503.5870366312947
3008685,583.2419449324722
3008686,411.33787762818093
3008687,98.20714882833084
3008688,7233.004935286235
3008689,21.986808345004718
3008690,1.8098717912377411
3008691,52.22715531986269
3008692,29.38875860569143
3008693,1.2091119773852435
3008694,444.10599609614377
3008695,0.0
3008696,8.613318765465861
3008697,9.303755119228322
3008698,69.9170844745041
3008699,2.5615856259616576
3008700,242.1116185719894
3008701,462.1122709734716
3008702,8.618122652948998
3008703,10.01569114852512
3008704,348.50113448540867
3008705,104.77748204159035
3008706,2199.769484141044
3008707,14.202752694190215
3008708,3.0276709647411018
3008709,8.553237493125577
3008710,0.23522104149977377
3008711,4.185939453084835
3008712,4172.9420915494675
3008713,0.0
3008714,964.2545541871424
3008715,13.836482827603646
3008716,1331.85534834524
3008717,1128.2223781701018
3008718,391.1077474572515
3008719,283.7420069566974
3008720,85.31451789393941
3008721,5133.554678840375
3008722,27.443528779527398
3008723,2.3850958044516695
3008724,36.392528835573934
3008725,22.67284662512522
3008726,0.49176160237297295
3008727,363.35441672512843
3008728,0.0
3008729,8.403411338292171
3008730,8.23615188523385
3008731,116.09722527207282
3008732,2.334425805643315
3008733,142.60145682199934
3008734,361.2574982382741
3008735,7.082946883031209
3008736,5.435623692007753
3008737,266.1672365051688
3008738,83.76706434108166
3008739,1568.0260241135366
3008740,10.524574930709084
3008741,8.265701354489611
3008742,15.214746775748937
3008743,1.9684596668511147
3008744,22.65839296611822
3008745,12043.002163622754
3008746,0.0
3008747,1546.421642545942
3008748,37.70043883130615
3008749,2318.412338890104
3008750,2845.56136721879
3008751,498.89961378424925
3008752,659.1178486086303
3008753,446.0651779244257
3008754,9992.465724554893
3008755,123.5231232322248
3008756,3.780604320158558
3008757,60.20707640899033
3008758,66.62068521968227
3008759,1.5034902924321085
3008760,698.628756863314
3008761,68.60310012274277
3008762,73.36020773663886
3008763,25.63270408642972
3008764,236.14143338452746
3008765,39.017527580572924
3008766,847.9575334878509
3008767,736.6734999677733
3008768,24.978990694109267
3008769,33.04083460952773
3008770,1374.2358952749955
3008771,294.00263939442505
3008772,9097.152021113146
3008773,3.236948574833511
3008774,100.56193877087203
3008775,2.6917710865715962
3008776,0.27102679573599303
3008777,0.9476731600957601
3008778,1594.8210843857864
3008779,0.0
3008780,195.29293437688975
3008781,4.710111524129394
3008782,818.7571279423413
3008783,325.78824211533737
3008784,128.59650732071512
3008785,154.97746032671014
3008786,50.621656289022184
3008787,2318.1779336104305
3008788,9.347333779916532
3008789,0.5406850977400486
3008790,11.887661652417451
3008791,9.479866890868582
3008792,0.5442247433869617
3008793,163.33932289810534
3008794,1.0897192197065264
3008795,0.0
3008796,5.332812343183749
3008797,52.65030142707837
3008798,1.0510289345609944
3008799,56.41995824714554
3008800,107.98061590674948
3008801,1.9555366794081614
3008802,5.381956523066789
3008803,115.60950672155381
3008804,19.4404363485174
3008805,555.043851689381
3008806,4.996740848845986
3008807,5.025642089325084
3008808,10.15705253557023
3008809,0.3538760678651052
3008810,4.78867485039074
3008811,4041.40632177823
3008812,0.0
3008813,684.1355399861773
3008814,10.831221961465184
3008815,1700.8819299485756
3008816,972.6915787641576
3008817,326.35980284909425
3008818,342.44827134471154
3008819,85.77887448049061
3008820,5912.881647887876
3008821,18.840154764131213
3008822,0.656369752114688
3008823,32.17435181344014
3008824,24.528169831685414
3008825,0.5706473100964895
3008826,396.41822793997903
3008827,3.549206447367053
3008828,4.849769094647353
3008829,13.553214014301918
3008830,13.641184739027384
3008831,2.778685305339014
3008832,435.65755901433545
3008833,371.88873982398815
3008834,5.071538912662066
3008835,11.454509665842851
3008836,159.76527074590214
3008837,81.53251456311568
3008838,1567.0589776330871
3008839,11.93864822201614
3008840,5.575645050468659
3008841,1.7449413039343638
3008842,0.01466350129598647
3008843,0.8775168844966605
3008844,955.0556559888698
3008845,0.0
3008846,165.72548331344404
3008847,2.6545529707176208
3008848,775.8303038306245
3008849,236.41512772257897
3008850,114.07070696043186
3008851,168.89877475600446
3008852,19.009385624150504
3008853,1303.8703261316443
3008854,4.37775598744301
3008855,0.4120525909870044
3008856,10.23607711825561
3008857,3.8384215242513866
3008858,0.10797245476729521
3008859,102.59746011570347
3008860,0.0
3008861,0.0
3008862,0.5924121196950745
3008863,8.584855082191918
3008864,0.3099442883382922
3008865,77.0405793637397
3008866,68.09560680720219
3008867,1.0961605438248638
3008868,1.6546471893303776
3008869,65.12089593514928
3008870,11.674019070003245
3008871,263.2070881744597
3008872,3.9946565254511244
3008873,2.4883748112881134
3008874,12.004355034668638
3008875,0.0
3008876,4.138838929951698
3008877,2391.6143148712404
3008878,0.0
3008879,302.8246839859742
3008880,9.568436299128491
3008881,1129.4017844360512
3008882,539.5626906568463
3008883,206.2551527643753
3008884,171.3144169635703
3008885,42.75821228083957
3008886,3357.5354611724283
3008887,6.325012290849391
3008888,1.0345113865714222
3008889,28.123669408309098
3008890,19.744849694441008
3008891,0.42158364525363184
3008892,267.20029665750894
3008893,0.0
3008894,0.0
3008895,18.895174471051302
3008896,7.87557146678139
3008897,3.040108486764945
3008898,309.73637056234304
3008899,249.25141908012174
3008900,3.574677303506414
3008901,6.974617414294991
3008902,259.6890684203629
3008903,32.52886871654865
3008904,1348.82612610346
3008905,7.187901673729947
3008906,1.6614662121659405
3008907,2.7903103048393247
3008908,0.08920503477931586
3008909,1.7537768439413377
3008910,2513.765141459061
3008911,0.0
3008912,670.912281951125
3008913,4.970135876039245
3008914,808.0611536676226
3008915,788.7742575328572
3008916,227.91871715254138
3008917,112.96945627144677
3008918,65.49690628766173
3008919,4123.547430754183
3008920,7.794498962559685
3008921,4.288883939004907
3008922,11.328061328440299
3008923,39.4916030524629
3008924,0.1617879762720409
3008925,219.7701275428501
3008926,6.128750463929938
3008927,2.774381867817482
3008928,4.9539401241217575
3008929,26.371182275131506
3008930,2.8038838554418684
3008931,160.95951998130892
3008932,237.9327132890328
3008933,5.260701079449292
3008934,6.697742594881804
3008935,141.3096489021919
3008936,34.203283878070444
3008937,601.4332311568465
3008938,9.82507920941586
3008939,3.608577044019853
3008940,5.852116156032541
3008941,0.002786590822073279
3008942,0.5939097063982324
3008943,1613.380311476992
3008944,0.0
3008945,134.40246407018142
3008946,3.0429279369729665
3008947,560.212274244181
3008948,239.9901271183265
3008949,101.11574404705999
3008950,163.86833334698852
3008951,70.49742001398948
3008952,2072.6596192126167
3008953,7.909462977431427
3008954,0.22905003586035907
3008955,15.560803621524663
3008956,11.5651303035683
3008957,0.46989188466171905
3008958,115.98103820243324
3008959,0.0
3008960,0.0
3008961,0.9699976723217509
3008962,100.16422170678118
3008963,1.0243908861806397
3008964,211.34611345859818
3008965,107.05042732484908
3008966,0.5592595398422854
3008967,1.651095016173644
3008968,58.393108173995955
3008969,22.223163203700295
3008970,412.9783710757614
3008971,3.1949234633459493
3008972,1.1608298593368898
3008973,5.817840344510262
3008974,0.048362301962683124
3008975,2.4166288293372005
3008976,3409.2993981673803
3008977,0.0
3008978,543.4813445808123
3008979,9.141123733235574
3008980,876.8590153061913
3008981,723.4180762243324
3008982,232.06752035422556
3008983,150.18486056099474
3008984,100.06222383335898
3008985,4047.896205609092
3008986,8.411543864697855
3008987,0.7003497333628227
3008988,24.761647035467973
3008989,11.549141736125152
3008990,0.11912951581304838
3008991,215.11171996144986
3008992,0.0
3008993,34.83736528058773
3008994,2.746469864301082
3008995,69.59231204826435
3008996,1.6393144764752998
3008997,197.60820440730194
3008998,216.46676915885655
3008999,3.0448675284264137
3009000,3.3928089879332175
3009001,117.81763278430213
3009002,51.50301568367276
3009003,1255.9283425977264
3009004,8.250506430594506
3009005,1.8586418798819182
3009006,4.235753906778149
3009007,0.0
3009008,6.337695925823759
3009009,2734.062778045572
3009010,0.08376314383992409
3009011,451.9466400774703
3009012,5.335600236166758
3009013,755.9722416013827
3009014,760.6065449923173
3009015,136.32376106994437
3009016,132.2253957404471
3009017,93.63244351956568
3009018,3049.5121727966107
3009019,53.78954700396474
3009020,1.3297212605255986
3009021,18.178638130345306
3009022,22.23913456761699
3009023,0.2786086901251486
3009024,213.8620888616119
3009025,27.06582959078335
3009026,17.374069394482095
3009027,1.7755536619625334
3009028,70.92844589788945
3009029,10.36524056123482
3009030,162.34913028720118
3009031,228.04113836866313
3009032,9.773807090058911
3009033,15.553351644214064
3009034,220.70555145126917
3009035,40.82972321594318
3009036,1940.2774124234807
3009037,0.07297603406241891
3009038,10.1766604562304
3009039,9.369525688040596
3009040,0.0
3009041,8.428752685914429
3009042,4248.183453350722
3009043,0.0
3009044,593.6819019778944
3009045,16.918776011330262
3009046,1448.3290875263133
3009047,1034.2325129244898
3009048,195.61844959000183
3009049,143.85180348279664
3009050,124.31827060137485
3009051,4723.727391720366
3009052,30.01601568653092
3009053,1.7870999916234334
3009054,41.806015596650106
3009055,87.10065143922688
3009056,0.3775406583988681
3009057,454.06041149421173
3009058,40.95736714661098
3009059,18.114569271399297
3009060,11.64775763210894
3009061,120.78603269432888
3009062,15.614960582251156
3009063,147.8027602980571
3009064,495.8137286959606
3009065,10.123352675292184
3009066,15.873859043750587
3009067,143.64658385878298
3009068,85.15020169671851
3009069,2266.8694809588064
3009070,1.0343123590352403
3009071,22.03997444521016
3009072,11.335393821374884
3009073,0.4287565311774917
3009074,5.408630029976144
3009075,4576.914538961742
3009076,0.0
3009077,929.3948153668986
3009078,10.471204640943863
3009079,1843.8824400499923
3009080,877.7781463285456
3009081,262.95553678588647
3009082,369.97407912289805
3009083,78.95479612652029
3009084,6068.442722815089
3009085,48.64722017472614
3009086,2.814790743930634
3009087,30.051259968122334
3009088,24.665053816313495
3009089,0.23174193749116573
3009090,421.40049042379337
3009091,13.611854947450915
3009092,17.758109661674652
3009093,8.25382840188553
3009094,74.5325291915188
3009095,7.171851357065949
3009096,150.03065851424225
3009097,368.21728444705946
3009098,9.987289670076633
3009099,12.648060016571302
3009100,273.2885857670179
3009101,57.48447190325408
3009102,1948.764787684561
3009103,5.523288722065385
3009104,21.748307264171103
3009105,5.479096378873194
3009106,0.0
3009107,7.301130649559409
3009108,3977.9420142099157
3009109,0.0
3009110,536.5588418252461
3009111,8.347140675584019
3009112,977.0913546155642
3009113,1163.8007833275776
3009114,278.72886805498615
3009115,222.74349634268526
3009116,123.01908972432086
3009117,4583.927142377698
3009118,35.64593548010499
3009119,2.1653823425480283
3009120,17.089588832225807
3009121,12.467893397020324
3009122,0.5757380359844277
3009123,345.1148646927598
3009124,40.03868657343858
3009125,27.546234842116228
3009126,2.4316952091763007
3009127,89.83274926772172
3009128,9.141853003897635
3009129,430.92945785256614
3009130,313.5062528427328
3009131,11.856763969254066
3009132,14.77294388336929
3009133,514.3747969002894
3009134,55.95607072691418
3009135,3112.860452197695
3009136,0.0
3009137,34.83821400936056
3009138,4.700636178780632
3009139,0.14338879848888686
3009140,2.5581972745530046
3009141,4377.440189734102
3009142,0.0
3009143,435.02192949270255
3009144,7.023364087262203
3009145,1931.2771548642295
3009146,640.8014492558189
3009147,285.44453317741255
3009148,167.38597807441408
3009149,61.911417250800255
3009150,5365.797859235182
3009151,13.093205400352021
3009152,2.468103236097861
3009153,30.1011376568376
3009154,27.64975437765118
3009155,0.203671396108126
3009156,373.9811909825713
3009157,0.0
3009158,0.09502843374602642
3009159,9.020383586283112
3009160,14.202914574443792
3009161,2.922115713800756
3009162,146.52692132087967
3009163,281.2383031658953
3009164,4.8625221295964165
3009165,8.950750969806018
3009166,169.46639493147092
3009167,55.05092461534009
3009168,1049.3518282231855
3009169,5.903703311739018
3009170,5.616468770615133
3009171,10.62600610092359
3009172,0.0494411905873622
3009173,11.998973745353105
3009174,4243.22539836743
3009175,0.0
3009176,713.754683720767
3009177,11.359505883327856
3009178,1767.1317304404386
3009179,1057.6608285162235
3009180,334.1462593380293
3009181,205.39402464686302
3009182,153.63011253364272
3009183,4950.135542909747
3009184,53.33638746106574
3009185,2.3369161337430326
3009186,34.31714796484099
3009187,47.687202894430236
3009188,0.5097918876202693
3009189,382.9957130955153
3009190,41.823308742235426
3009191,23.791393261680515
3009192,12.54006888184226
3009193,109.9110711221657
3009194,17.562076420177114
3009195,281.82662151485056
3009196,545.7188460186704
3009197,18.19431657653218
3009198,13.51804197259847
3009199,257.22897780309046
3009200,65.43608924326021
3009201,2728.463440524709
3009202,0.0
3009203,9.813278314952498
3009204,5.923306610894884
3009205,0.15355993740200788
3009206,7.200516386581352
3009207,3663.0445925631666
3009208,0.0
3009209,592.4581872310633
3009210,12.502380348870854
3009211,919.2121495844439
3009212,1028.8985718624756
3009213,212.54580655902885
3009214,185.65887344865448
3009215,118.89126872107006
3009216,3926.271018626156
3009217,43.480199108667044
3009218,1.5968138758485435
3009219,30.723276005021187
3009220,24.968705562176904
3009221,0.31650802688917
3009222,287.5155467539432
3009223,35.08981530964324
3009224,39.32610284632127
3009225,8.047440402143863
3009226,65.44551961164935
3009227,12.982573116861255
3009228,256.7262756576572
3009229,300.2738079268694
3009230,11.205897461108986
3009231,14.306945300428415
3009232,249.4541155963658
3009233,56.651492597953414
3009234,2799.936066635679
3009235,0.14749084140470523
3009236,20.977980989032435
3009237,5.496237130474132
3009238,0.06540411516657102
3009239,3.825027049198421
3009240,5768.320470668806
3009241,0.0
3009242,717.4798545564721
3009243,21.855812812094534
3009244,1320.3683377375478
3009245,894.6189070247468
3009246,292.1787959336527
3009247,240.4298621671288
3009248,71.77330822562386
3009249,5568.649895374242
3009250,13.877458396548194
3009251,0.08419109232114298
3009252,13.327936609086784
3009253,20.328308114545433
3009254,0.19293399945584738
3009255,282.66028517110834
3009256,0.0
3009257,9.971509863090873
3009258,1.474561272945079
3009259,77.88464732983421
3009260,4.10620788529517
3009261,221.4923235793579
3009262,311.7989250785686
3009263,4.031865840969878
3009264,3.2138591105075958
3009265,282.36973391167714
3009266,141.39975129080116
3009267,1411.2100247228086
3009268,12.88254181808963
3009269,1.483523064440493
3009270,22.386037249127767
3009271,0.0
3009272,25.48531292257549
3009273,14868.422406832811
3009274,0.0
3009275,2321.64434166253
3009276,19.777138259840672
3009277,3163.953760528401
3009278,3596.4534709023415
3009279,811.7791435298889
3009280,931.9476402801015
3009281,503.65743401975993
3009282,13567.34001559845
3009283,118.17041254024386
3009284,6.016943695828867
3009285,124.81725784208685
3009286,154.67866478817712
3009287,2.3458056737226882
3009288,1079.3267151035989
3009289,48.39816543340701
3009290,32.75579006540934
3009291,23.98212494688975
3009292,371.1294488768582
3009293,34.88999466667786
3009294,1118.082220337141
3009295,857.281103370265
3009296,65.17139872999142
3009297,50.7433318841692
3009298,1542.1717683805446
3009299,312.9672110769208
3009300,11978.706939354348
3009301,97.28549004674386
3009302,118.95025390449146
3009303,21.22516463503127
3009304,0.0
3009305,20.386942659772274
3009306,14465.270701765096
3009307,0.0
3009308,1752.4056716134182
3009309,24.542854698968892
3009310,3472.1828817934356
3009311,3330.5964526365683
3009312,1046.7219965457364
3009313,599.0264820388106
3009314,413.87229476811547
3009315,14773.75504642571
3009316,196.3502206142564
3009317,3.21721133243149
3009318,59.662816340460836
3009319,115.1824356336451
3009320,1.1268648015258254
3009321,1013.754576147496
3009322,54.108343085410496
3009323,59.15947652595797
3009324,7.563993525163133
3009325,218.5599082553319
3009326,26.238423413188652
3009327,1416.155960441544
3009328,1044.5940225535803
3009329,40.560960053046685
3009330,45.970638966591196
3009331,1695.5419027174723
3009332,294.97816723200117
3009333,8477.524384169514
3009334,186.0357988776868
3009335,129.52724192626837
3009336,20.029828634062646
3009337,0.0
3009338,27.37430547422697
3009339,10686.444981552966
3009340,0.10262016730282622
3009341,1465.515967482716
3009342,18.559487945090723
3009343,3636.62815497927
3009344,2527.950830231521
3009345,1186.170999782073
3009346,273.43025745574454
3009347,342.3483901114314
3009348,14355.293629073078
3009349,64.37415344787541
3009350,4.606026922752387
3009351,56.12848374668272
3009352,50.203783627822595
3009353,1.3798486150208364
3009354,974.8212679736714
3009355,64.60684554983352
3009356,40.857576716249284
3009357,10.293433093532586
3009358,128.2325362751178
3009359,14.745767266429707
3009360,1190.1018203584072
3009361,1142.188973040185
3009362,40.13646411076897
3009363,75.14131234205088
3009364,1234.0193896549074
3009365,173.43967073000087
3009366,4264.252049345072
3009367,118.3125746641092
3009368,74.19749780334887
3009369,21.708932179402
3009370,0.0
3009371,27.227243925731894
3009372,14173.74744492339
3009373,0.0
3009374,1626.398240195959
3009375,23.050499492635247
3009376,3183.1433598129097
3009377,3191.9085043149003
3009378,993.8281036474785
3009379,550.6217781529633
3009380,353.27093803740746
3009381,13659.333863342541
3009382,78.27095312443106
3009383,3.9075249371312526
3009384,63.22572311394841
3009385,129.20423035984686
3009386,2.700985169182646
3009387,948.9020521788522
3009388,64.59124960214885
3009389,45.877704259680954
3009390,9.044517674766011
3009391,201.99262885657654
3009392,21.633543251819862
3009393,1059.5518657822213
3009394,1029.3649513544838
3009395,43.30238185846835
3009396,46.05055735103263
3009397,1491.860255020633
3009398,269.6141181965414
3009399,7629.106345796381
3009400,127.43455074615186
3009401,95.36716299188392
3009402,19.744163932259017
3009403,0.0
3009404,27.754799803112338
3009405,8640.747329067477
3009406,0.060287686309851145
3009407,1349.3892485158106
3009408,20.27304014320196
3009409,3092.4651808963727
3009410,2177.964277257428
3009411,1010.0557263406192
3009412,238.79242117984776
3009413,288.43131127297397
3009414,12269.152152455936
3009415,78.0479502736616
3009416,1.344493636913832
3009417,46.607171199829395
3009418,78.62460886330754
3009419,1.401056079154845
3009420,907.8043149619756
3009421,51.24363337254638
3009422,27.453064542298527
3009423,5.909469805726865
3009424,120.82338487545451
3009425,10.737708592279304
3009426,1155.9341282472324
3009427,1072.224565758008
3009428,34.4358611121264
3009429,37.69022300221637
3009430,1294.2988895022306
3009431,144.1821135017479
3009432,3242.4891832274716
3009433,95.17652038708864
3009434,36.71814678911275
3009435,12.949831823578863
3009436,0.0
3009437,16.168759392900547
3009438,9724.08627857079
3009439,0.0
3009440,1414.317168531123
3009441,23.302283309656524
3009442,2177.039283627874
3009443,2776.39673003601
3009444,589.2979840580365
3009445,619.795608296885
3009446,405.4566096506465
3009447,9646.358257168413
3009448,91.65507475638624
3009449,2.3968245552870777
3009450,45.76850156566067
3009451,64.7749110142075
3009452,1.9161733877572624
3009453,654.0753038110173
3009454,32.408150272245344
3009455,40.04178684525305
3009456,12.205732379786978
3009457,246.75491691093478
3009458,24.73656546818398
3009459,895.5856227207512
3009460,676.9403834421317
3009461,27.51506668462037
3009462,46.8521425292474
3009463,1204.0018344561051
3009464,240.652647951827
3009465,8826.749933325025
3009466,77.3274106575205
3009467,84.20132986988706
3009468,8.651653466217047
3009469,0.2693994539796423
3009470,5.996516688798447
3009471,2379.0254219157673
3009472,0.0
3009473,380.14364749313734
3009474,19.90216525832942
3009475,1053.2929501049214
3009476,623.5418956526655
3009477,242.17675636161502
3009478,110.36297540424256
3009479,93.29193654015074
3009480,3201.4700498792604
3009481,57.0481768525253
3009482,1.706654804880546
3009483,26.857832131274392
3009484,24.32683583195184
3009485,0.5695320378637596
3009486,272.5028939932298
3009487,23.369007073845303
3009488,11.979747199545614
3009489,12.637518452784018
3009490,50.77791423783548
3009491,9.943067487584965
3009492,267.92959661836545
3009493,263.6071258469007
3009494,4.703972882389134
3009495,9.268270330852419
3009496,251.4312166120814
3009497,47.809634857875075
3009498,1654.3772745931399
3009499,4.76493386311034
3009500,11.319592361924508
3009501,14.505196798172944
3009502,0.0
3009503,16.968012720070174
3009504,6827.559363830074
3009505,0.0
3009506,736.5062075384711
3009507,28.50366791096704
3009508,2191.9844160705334
3009509,1658.8773835861975
3009510,651.7006095528146
3009511,167.2898590775553
3009512,154.9314435391137
3009513,8492.471772373614
3009514,136.75965058282912
3009515,3.095864274993277
3009516,54.10728809038726
3009517,90.31572150068388
3009518,1.348594985100241
3009519,660.1598701754676
3009520,37.27445026528
3009521,11.126293577816702
3009522,6.258071561728165
3009523,109.79990406809931
3009524,15.018318775974285
3009525,591.4299441512552
3009526,737.6057320984313
3009527,20.24440115200173
3009528,35.91663090299009
3009529,541.0849705165494
3009530,82.06329162844723
3009531,2767.767433588447
3009532,91.4104862557185
3009533,25.257092290089552
3009534,11.426829544891852
3009535,0.0
3009536,6.287066795156332
3009537,5981.458312094077
3009538,0.0
3009539,1091.4978663575293
3009540,7.635744650699218
3009541,1719.849348547813
3009542,2008.8679726531907
3009543,321.0935281516405
3009544,428.2907168967586
3009545,287.7089925841463
3009546,6234.067383683756
3009547,54.582330404898
3009548,1.9659306418584215
3009549,42.81599497601079
3009550,42.23907952566941
3009551,1.0368907565358252
3009552,440.685745133891
3009553,8.655009787252569
3009554,46.34616539092888
3009555,9.190637803489441
3009556,146.31364307759213
3009557,16.350551079993146
3009558,644.7406931583769
3009559,390.4849205819873
3009560,26.197809290970348
3009561,15.213938049173915
3009562,645.2466146563227
3009563,152.26648458258234
3009564,5990.112922484729
3009565,27.354192805608225
3009566,54.732830320446084
3009567,20.631889211763003
3009568,0.0
3009569,11.717044701256974
3009570,6587.455170685032
3009571,0.0
3009572,1188.2520135630248
3009573,15.578818001356172
3009574,2372.4547805854495
3009575,1700.7798243700568
3009576,543.2036441858303
3009577,302.64380944722916
3009578,419.41407058574333
3009579,8938.98361122963
3009580,71.9565175270083
3009581,4.42711937461728
3009582,76.58210446896881
3009583,77.26027108634166
3009584,1.2605624057264362
3009585,563.49185000181
3009586,17.73149373664799
3009587,87.38304650047341
3009588,12.390523484869009
3009589,264.2410593008558
3009590,14.812382156150205
3009591,661.1622613263496
3009592,559.9532567883732
3009593,21.145676334425936
3009594,41.556454642006244
3009595,685.7380950836365
3009596,175.75302638081206
3009597,6446.299741425973
3009598,21.20820923817723
3009599,13.92249889512906
3009600,14.4242955106436
3009601,0.16177122843667172
3009602,6.524661665986635
3009603,3247.0248161991385
3009604,0.15127428427796177
3009605,653.4620333695731
3009606,9.154712047611152
3009607,1232.7589956977015
3009608,784.0220790546987
3009609,325.34357413417837
3009610,146.3043652888185
3009611,159.8527270243445
3009612,4256.168309205935
3009613,22.450405784672
3009614,1.7384182491125149
3009615,32.75961119970283
3009616,33.47272455626048
3009617,0.3484424268610525
3009618,283.8906058862593
3009619,8.65200598482728
3009620,17.855807815999377
3009621,7.817994925108658
3009622,111.23713650464767
3009623,6.986580616803559
3009624,362.3514315779478
3009625,323.84652901791526
3009626,8.192982386206893
3009627,10.614183778065353
3009628,280.3027225799321
3009629,74.38120676620416
3009630,2642.673052049689
3009631,6.241573949526339
3009632,5.591577704027431
3009633,9.101031941246127
3009634,0.0
3009635,2.3982991054525304
3009636,5556.115898275772
3009637,0.0
3009638,366.71005161624004
3009639,3.0326745498799297
3009640,1698.2349790042683
3009641,336.9351703192558
3009642,299.4520729926122
3009643,97.89333970958704
3009644,39.94531221253781
3009645,4555.170345781914
3009646,8.877989477948576
3009647,1.1291546979249603
3009648,35.14499920063292
3009649,19.716893072833898
3009650,0.13851822408140188
3009651,343.3957333366851
3009652,0.0
3009653,0.0
3009654,5.715719572897588
3009655,29.89479922469578
3009656,1.681917528040143
3009657,64.86227340271044
3009658,276.5095201139752
3009659,0.0
3009660,2.9829368357976733
3009661,83.38257689513087
3009662,118.07205784750981
3009663,842.9290958948492
3009664,3.8550385992830196
3009665,3.579452625935926
3009666,8.946453632323527
3009667,0.1563973843488028
3009668,10.218423710723277
3009669,5788.571846514239
3009670,0.0
3009671,741.454633309278
3009672,14.080212102171528
3009673,1679.5045537082951
3009674,1546.59247461434
3009675,492.6517143486798
3009676,285.4228586060235
3009677,198.01901146124703
3009678,6690.162663042431
3009679,63.63315135539024
3009680,2.2946153913843323
3009681,37.08687086391704
3009682,52.22678413918217
3009683,0.26054668912786905
3009684,491.7980268703122
3009685,50.186932777343806
3009686,21.610795417836158
3009687,10.124221502055219
3009688,102.35602568546459
3009689,10.936616449928318
3009690,579.1860519078422
3009691,465.2178324899481
3009692,16.000457133494205
3009693,22.153230713760678
3009694,767.0133327311595
3009695,130.64509971907248
3009696,3578.96182366969
3009697,0.0
3009698,56.81239935264218
3009699,5.8177648495086585
3009700,0.07619128686997824
3009701,5.0780180974599
3009702,4100.555717061969
3009703,0.13936980490191306
3009704,662.1514269622081
3009705,14.812905478681287
3009706,841.5000774679188
3009707,1246.1444974943342
3009708,174.15720581674418
3009709,275.67387094139355
3009710,225.07866324699393
3009711,3522.3339159427205
3009712,40.20107956410498
3009713,3.3448755089402646
3009714,34.28348089153752
3009715,28.526205684665126
3009716,0.555382937686135
3009717,221.07505486703812
3009718,23.11952856562713
3009719,42.40150481813155
3009720,7.260342036734623
3009721,176.57484099343645
3009722,15.096084082666952
3009723,394.87866448119587
3009724,218.0589662180558
3009725,9.19094643753083
3009726,13.535035879111557
3009727,549.5340341894376
3009728,126.72039033672709
3009729,4468.377754841627
3009730,0.24524782352168475
3009731,34.888372757816185
3009732,5.643450177217294
3009733,0.6819643469080573
3009734,12.212310114784048
3009735,6375.6341742445775
3009736,0.0
3009737,980.3706855755896
3009738,18.51060713565982
3009739,1439.4791543407432
3009740,1882.1025840402597
3009741,381.8678020273727
3009742,467.2526971016837
3009743,181.04200738832677
3009744,6155.669450205532
3009745,48.941646831697454
3009746,4.709350602717361
3009747,39.75087920380042
3009748,45.96280377934182
3009749,1.1775957748519794
3009750,479.74019784815954
3009751,42.03170967483621
3009752,40.99422882494646
3009753,18.943369215517176
3009754,123.92260039190043
3009755,22.740841136706976
3009756,459.690133694434
3009757,465.34001585893924
3009758,30.539702676575775
3009759,26.152625931736882
3009760,740.5918584753193
3009761,185.63215201058696
3009762,5709.441362321444
3009763,0.713741228874165
3009764,50.086750872666364
3009765,18.279448459593485
3009766,0.3794214587732706
3009767,10.18116305193257
3009768,4747.2406411220345
3009769,0.0
3009770,736.046877843422
3009771,12.073609786150632
3009772,1864.9210205387462
3009773,1166.2490161533062
3009774,650.6435650383329
3009775,258.44935623867326
3009776,112.65103787914738
3009777,8574.40174404821
3009778,19.97853144400614
3009779,2.364012116634694
3009780,43.66990173364004
3009781,57.74588029084063
3009782,0.2645150542676873
3009783,527.5363447739823
3009784,27.72146732565676
3009785,7.990206970783137
3009786,7.87649776628025
3009787,52.46860891777719
3009788,5.345483637976264
3009789,392.95123612616226
3009790,514.4577537812596
3009791,9.827973572961968
3009792,12.507960586784247
3009793,544.5981277033302
3009794,146.80778396539668
3009795,2007.040804289091
3009796,38.03227584375019
3009797,24.17112830084549
3009798,4.400249587515887
3009799,0.0
3009800,3.3090163033255826
3009801,2175.323617803429
3009802,0.0
3009803,343.3323193856679
3009804,13.825397983915524
3009805,597.7947932445267
3009806,670.5522057813557
3009807,136.42912867190435
3009808,147.7052245868503
3009809,123.65069238389391
3009810,2506.135036791686
3009811,23.31280700277338
3009812,1.9882234821099876
3009813,21.684515044483234
3009814,23.552057126385556
3009815,0.9091548201661064
3009816,174.05584773551857
3009817,15.419431917293807
3009818,17.94797195983132
3009819,8.436657128422544
3009820,57.586338656451176
3009821,6.086392489386391
3009822,251.57417515978608
3009823,142.93728806896343
3009824,5.059308461751061
3009825,9.272873459784009
3009826,306.8669864819709
3009827,47.283442751214785
3009828,2333.7870543085637
3009829,0.0
3009830,19.090864214539703
3009831,1.0170144901037483
3009832,0.0
3009833,2.9286866986473443
3009834,1138.7412224854484
3009835,0.0
3009836,103.74365694955418
3009837,3.311333117634822
3009838,717.497165167316
3009839,291.36731948890963
3009840,226.96027627687798
3009841,65.83145065748523
3009842,30.591717595477768
3009843,2377.612841813118
3009844,5.7292677827583205
3009845,0.5392646415672941
3009846,9.13040872557429
3009847,7.7660484287286895
3009848,0.1430457733165188
3009849,148.96605737951805
3009850,0.011899134028337532
3009851,0.0
3009852,0.7931580884610943
3009853,10.398684240801671
3009854,0.6142682176949745
3009855,137.45652389147898
3009856,141.18291043920877
3009857,0.7214174656009589
3009858,3.030920317390896
3009859,122.8399783087175
3009860,19.484308628603014
3009861,237.25707591040972
3009862,0.7074383669379241
3009863,0.7949784386186558
3009864,6.129261704644633
3009865,0.30096484534821755
3009866,2.4870042990556103
3009867,3914.9052121640084
3009868,0.0
3009869,642.0436940984837
3009870,9.253952862132069
3009871,1385.3282520932778
3009872,602.9546843471968
3009873,448.71795897003045
3009874,293.3291344673811
3009875,64.55782200233328
3009876,6165.661530363576
3009877,27.607457583848127
3009878,0.756878485465156
3009879,0.0
3009880,13.898759161530359
3009881,0.26235636295733683
3009882,391.5866033902087
3009883,12.267671626435376
3009884,1.945571732753411
3009885,7.340279673113327
3009886,32.52592051433264
3009887,2.770165788957306
3009888,580.2590883916
3009889,277.0056967829203
3009890,2.179273427502402
3009891,11.629586482639581
3009892,172.18605142948422
3009893,93.98139954823596
3009894,1085.5058932443112
3009895,6.334789758754287
3009896,8.804632781712414
3009897,4.416437205467917
3009898,0.0
3009899,1.0922798789198724
3009900,1676.9575780639539
3009901,0.0
3009902,191.19059116151658
3009903,5.4224220554428575
3009904,986.9863807729249
3009905,456.8285782245443
3009906,234.2126257538449
3009907,92.04368965854914
3009908,29.682013092141982
3009909,3074.964394940509
3009910,8.836246761363364
3009911,0.9198223370619985
3009912,14.868854887628979
3009913,16.013793563816908
3009914,0.5374067612176552
3009915,176.34781817684961
3009916,9.526998127108024
3009917,0.0
3009918,6.456083959141323
3009919,26.674100481917584
3009920,2.0116720332256848
3009921,138.19314565192414
3009922,161.78238695797583
3009923,1.9386149845442235
3009924,5.393274250768741
3009925,151.51546123843116
3009926,31.98889174041653
3009927,350.71583307899044
3009928,1.2125608551387772
3009929,4.885237516250145
3009930,3.6561820542092613
3009931,0.0
3009932,4.689938970068314
3009933,1625.67508509395
3009934,0.0
3009935,132.02750577800003
3009936,5.584812767749322
3009937,773.0408003925726
3009938,283.3017746286777
3009939,154.44644640611563
3009940,72.85186610835316
3009941,30.725430750459978
3009942,2715.360592778435
3009943,11.805060085984612
3009944,0.0939921674127454
3009945,10.865328831109585
3009946,9.299473991829887
3009947,0.2067319215303857
3009948,133.2814259503615
3009949,1.612673399848886
3009950,0.0
3009951,3.3782457600463722
3009952,42.00845716105036
3009953,0.9399590541201046
3009954,175.85807189083033
3009955,148.41052224294376
3009956,0.5247321064066169
3009957,3.8816797558620824
3009958,66.38436615029583
3009959,17.928281157517407
3009960,167.81238142134862
3009961,1.8128549681824424
3009962,2.5268090632784346
3009963,2.6856245652014596
3009964,0.0
3009965,2.695952016218741
3009966,1438.1284543123836
3009967,0.0
3009968,167.93578156816704
3009969,6.894976372755817
3009970,1337.7159486940675
3009971,405.5725020517317
3009972,232.41140585974546
3009973,41.63752594614503
3009974,38.97230328368923
3009975,2952.5954505345376
3009976,12.396963216828155
3009977,0.5079479899423587
3009978,4.297878017359969
3009979,23.151040447632713
3009980,0.2818938032211544
3009981,210.19307286005036
3009982,2.5683023135221137
3009983,0.0
3009984,3.19083988169441
3009985,15.063252901418988
3009986,2.3885272752125224
3009987,287.8129716326752
3009988,229.57592627393078
3009989,1.4680078661743863
3009990,5.238725036007289
3009991,74.19096320376285
3009992,95.88399201259412
3009993,391.9340937941916
3009994,1.0296963151382177
3009995,2.47446271618347
3009996,4.239477476266691
3009997,1.1042123375076052
3009998,4.401616078060377
3009999,1756.9004168424647
3010000,0.0
3010001,157.67253311545858
3010002,2.2744354764391495
3010003,922.2781378501929
3010004,397.4062538599873
3010005,304.2221131242974
3010006,158.3763041172212
3010007,63.94484505216863
3010008,2873.5940826484225
3010009,8.207056699861766
3010010,0.919501054994712
3010011,15.60535787023631
3010012,15.656162442208771
3010013,0.20086574268275265
3010014,230.35179843293884
3010015,9.997570141837624
3010016,0.0
3010017,5.012164168455229
3010018,18.480495589919528
3010019,2.4613879952868105
3010020,134.49456385338132
3010021,185.167805409275
3010022,0.5227861757468613
3010023,5.8144957412428635
3010024,100.97169103670778
3010025,40.88282412557311
3010026,639.342327917681
3010027,1.311597773572333
3010028,4.355939376277852
3010029,4.010145948427231
3010030,0.06761459217665369
3010031,1.9296356597299191
3010032,1327.7365781904139
3010033,0.0
3010034,151.41532696181508
3010035,4.882829943630661
3010036,1408.1262821562045
3010037,254.2933749311258
3010038,161.7867361062198
3010039,334.0338355158224
3010040,25.07852019961138
3010041,2072.941440282956
3010042,6.830913518071429
3010043,0.36605251326080956
3010044,10.730060932254663
3010045,10.088302653279014
3010046,0.2706798435678965
3010047,156.10760516335645
3010048,0.0
3010049,0.0
3010050,1.3811596013788348
3010051,37.00418898482081
3010052,0.8716765019665318
3010053,56.898895010983
3010054,128.7355031867383
3010055,1.1888262769010114
3010056,3.1032117830478323
3010057,62.71188341165714
3010058,32.78616355669883
3010059,510.9299800624992
3010060,4.311517418627107
3010061,0.967133648552721
3010062,8.259146027111903
3010063,0.44978760967075765
3010064,3.728391691429205
3010065,3110.8984761723955
3010066,0.0
3010067,336.3741063258994
3010068,2.797437323157419
3010069,1041.8434241007037
3010070,740.2057536692727
3010071,535.8958846198923
3010072,375.74671461846435
3010073,96.20008715231165
3010074,4574.372678177146
3010075,16.058616575742438
3010076,1.3292671310085078
3010077,19.528555015490113
3010078,11.210413676488729
3010079,0.4009195107290706
3010080,287.7931336120128
3010081,1.3514104245224217
3010082,0.0
3010083,3.6424982753054382
3010084,27.204933864932695
3010085,3.644239716078502
3010086,272.099000703792
3010087,259.75366564594566
3010088,1.7681729457350706
3010089,6.620153712103087
3010090,365.2258634681931
3010091,48.43183343156277
3010092,1283.5900392677347
3010093,4.097003341491474
3010094,13.707029802582214
3010095,2.585819875423601
3010096,0.20580413775672174
3010097,3.8874241015335
3010098,1906.696986842676
3010099,0.0
3010100,575.5365374651687
3010101,7.24162891124378
3010102,491.42587468921766
3010103,599.4222480262887
3010104,209.69722920870532
3010105,257.65938857124996
3010106,44.82287538579534
3010107,2709.9993386341457
3010108,11.105449215793932
3010109,1.5457816393013128
3010110,26.950471520958168
3010111,12.894669196694357
3010112,0.5656230780538036
3010113,176.43731724493063
3010114,10.821983778146908
3010115,4.595175773658186
3010116,4.118769718873716
3010117,41.96556047609666
3010118,1.5899792490098699
3010119,85.87465365315506
3010120,143.4546291657717
3010121,5.559210778155456
3010122,5.280276260995256
3010123,171.4816248946899
3010124,50.47339430463786
3010125,1508.313318022944
3010126,13.722227360212557
3010127,10.04245752248161
3010128,5.700841898624828
3010129,0.5689144985460456
3010130,3.3685725124081736
3010131,2275.909670351778
3010132,0.0
3010133,174.07782142771288
3010134,5.962834164556043
3010135,860.4640975627436
3010136,369.57725056377177
3010137,286.38956481963316
3010138,97.01796291371397
3010139,47.5590109006725
3010140,3322.0413185577727
3010141,34.17283114949483
3010142,0.962331747252473
3010143,12.281125170660996
3010144,14.706756487367198
3010145,0.2928538846710269
3010146,159.702441588133
3010147,6.293111003703275
3010148,0.0
3010149,4.132874349400059
3010150,27.87270826992909
3010151,3.213527704550559
3010152,136.7394343875294
3010153,153.058728022616
3010154,1.2890659560020112
3010155,4.834199889673969
3010156,97.09013727434885
3010157,29.810841904282334
3010158,434.46947715809483
3010159,1.297757925419548
3010160,3.7655022388575983
3010161,5.232468821834836
3010162,0.14883047811981256
3010163,6.555196261028181
3010164,2863.8873526733314
3010165,0.0
3010166,603.5543394102029
3010167,9.761314192819038
3010168,849.0839040629835
3010169,759.3300496679375
3010170,205.06236880875147
3010171,168.5619939412408
3010172,87.82278335078996
3010173,3605.483617826593
3010174,45.590807218509326
3010175,1.4417912722132769
3010176,13.461967395093218
3010177,27.644187680433816
3010178,0.32193214924877755
3010179,240.06193656373995
3010180,20.444687438313846
3010181,12.848324263979041
3010182,6.273447901549295
3010183,56.277382865472156
3010184,7.506424251961566
3010185,344.06504700462824
3010186,223.4872857374002
3010187,8.321855954515359
3010188,8.229784926427726
3010189,418.6654763423206
3010190,91.33447911296736
3010191,2088.605263340983
3010192,0.08638578499507284
3010193,29.751428858146618
3010194,6.592063674388489
3010195,0.2711771887271886
3010196,4.744973324522369
3010197,2910.674488395121
3010198,0.0
3010199,426.09280422743524
3010200,6.674538323610902
3010201,1325.0979622188836
3010202,648.6294959346139
3010203,559.3920053657698
3010204,158.0256614200299
3010205,54.25560079003089
3010206,4881.272413451354
3010207,14.172956819115067
3010208,0.74267230240157
3010209,5.662731702868983
3010210,15.485784626118667
3010211,0.013169700221276353
3010212,299.816640987675
3010213,2.521033975684932
3010214,4.729058777283044
3010215,3.7483270269223614
3010216,37.17818015588862
3010217,1.3685740849564556
3010218,251.0879061269043
3010219,270.2576831218017
3010220,3.8342007245072374
3010221,2.996342054805509
3010222,251.01166049853697
3010223,41.781268007949336
3010224,813.1732492944469
3010225,15.321706589476324
3010226,12.688612742175884
3010227,9.417708740344276
3010228,0.3181430659479082
3010229,4.2397825270408935
3010230,2896.624297940714
3010231,0.0
3010232,444.9450444057863
3010233,3.954294131905051
3010234,1582.589736750646
3010235,578.7316969205198
3010236,304.71546754599325
3010237,528.8319877732108
3010238,79.5700517092643
3010239,3769.4774696026425
3010240,13.888268095572307
3010241,0.9463232178867165
3010242,29.889017070733587
3010243,33.365111428124884
3010244,0.32322038814407705
3010245,304.3745094691308
3010246,5.2035337903437515
3010247,2.9545040834474796
3010248,12.681690690310415
3010249,51.42048700717728
3010250,1.8727186002535823
3010251,101.57233373293334
3010252,238.50014383748638
3010253,2.5954019529523555
3010254,3.048513521549021
3010255,147.23473454586093
3010256,151.7822468564557
3010257,1196.5541633778516
3010258,8.34411053240359
3010259,6.65350145986972
3010260,3.71201303058372
3010261,0.04634304337148013
3010262,2.869446811717147
3010263,1631.7637148845802
3010264,0.0
3010265,151.21671741046933
3010266,8.070168782908576
3010267,606.4581211454234
3010268,337.5512469046706
3010269,145.79419277051662
3010270,76.19204762212188
3010271,50.670508665287485
3010272,2476.58786062855
3010273,9.460975440810834
3010274,0.37833401026797936
3010275,14.058000132534168
3010276,17.05200186825596
3010277,0.14647309153867552
3010278,172.08076408962367
3010279,3.077267866773352
3010280,0.0
3010281,5.96210751578226
3010282,64.83790187323962
3010283,2.802091207282466
3010284,96.65446540494801
3010285,154.98734372483372
3010286,1.1276696998784947
3010287,4.772030903074789
3010288,126.36029599990134
3010289,41.024354445419554
3010290,490.77606781679526
3010291,1.135321935721134
3010292,2.54207280157241
3010293,1.466879111715895
3010294,0.0
3010295,0.6206067447302968
3010296,1467.8931324136802
3010297,0.0
3010298,268.5572438699073
3010299,14.37912218067894
3010300,537.9388362271634
3010301,508.55710061572466
3010302,129.072650030364
3010303,53.83316941226975
3010304,54.23325581425589
3010305,2170.4531916509686
3010306,27.382222307766497
3010307,0.5928260123068759
3010308,10.48565975129585
3010309,15.145596942517423
3010310,0.2870149168336022
3010311,126.70354206471514
3010312,12.733272666887606
3010313,3.201919105900538
3010314,2.867097514840934
3010315,36.008573983069255
3010316,5.314157048358996
3010317,361.965658651285
3010318,143.15249518432677
3010319,4.670967563696045
3010320,5.024916132556237
3010321,296.5138768595012
3010322,25.6209180787562
3010323,1206.1477096560905
3010324,0.0
3010325,6.049666176358636
3010326,3.1911101747527266
3010327,0.0
3010328,3.768886039915652
3010329,3422.5188135951157
3010330,0.0
3010331,723.9704070264985
3010332,13.527615998150575
3010333,1070.0614972294359
3010334,1250.7840941059426
3010335,266.1648599223389
3010336,239.13043669958358
3010337,141.65711325807797
3010338,4026.828621318047
3010339,35.99690238941299
3010340,1.0814955938055062
3010341,15.333585601287883
3010342,30.490079744587703
3010343,0.20072998119181393
3010344,251.9963553902732
3010345,11.605782697473034
3010346,32.701737054848564
3010347,9.70474537050015
3010348,65.73244077740829
3010349,12.344449164913609
3010350,360.70147515013906
3010351,239.70034198894535
3010352,15.772046275488607
3010353,8.715972616240432
3010354,500.0279442845005
3010355,94.27966851711847
3010356,3281.860411637417
3010357,1.6366059344072286
3010358,21.99326342580329
3010359,1.498095605432791
3010360,0.1297637923684726
3010361,2.36943836166388
3010362,1520.0407045885072
3010363,0.0
3010364,298.04550215654825
3010365,4.043907303979488
3010366,348.8593521496458
3010367,460.558488382238
3010368,119.58404180938975
3010369,95.6747509876463
3010370,40.23958795236191
3010371,1490.9095989758137
3010372,17.106318186585753
3010373,0.7219203813285454
3010374,7.813744446015974
3010375,10.638551839482236
3010376,0.17299612881183746
3010377,82.38399184437287
3010378,0.0
3010379,14.02756800892114
3010380,1.8948860986638898
3010381,145.57202701255352
3010382,7.431913625951204
3010383,177.64135105605422
3010384,73.88282432709721
3010385,3.2509050419856202
3010386,3.806195367038999
3010387,143.6564835292618
3010388,25.873392764262608
3010389,1207.3808725962153
3010390,2.861728077620953
3010391,2.5142588754784487
3010392,4.207283780019559
3010393,0.0
3010394,0.2525901952812985
3010395,791.9384622793399
3010396,0.035613871913501245
3010397,203.90590146415911
3010398,3.9804772050084334
3010399,398.37873022932115
3010400,245.39292737261684
3010401,81.08809463709116
3010402,35.74995367172944
3010403,15.229389097317659
3010404,1410.8871106622223
3010405,14.490202839955753
3010406,0.6705145761579372
3010407,9.39593543503669
3010408,9.411160079428592
3010409,0.5035145378032798
3010410,78.7890647417075
3010411,0.16813525163102142
3010412,6.248029507531021
3010413,0.4187710460599024
3010414,13.344412189235555
3010415,0.5882238049534688
3010416,254.6070766056167
3010417,126.59931749727399
3010418,2.5290275593844878
3010419,1.0061331129182658
3010420,132.96499523070673
3010421,21.459089754928044
3010422,428.78807328858807
3010423,1.826341739313481
3010424,0.5599404254624855
3010425,4.901964629144881
3010426,0.13057123425054884
3010427,2.149290181615127
3010428,3392.323225476666
3010429,0.1754571575815281
3010430,649.7595832762446
3010431,12.99537916393536
3010432,906.275472100119
3010433,1039.7272274770003
3010434,297.7352248222818
3010435,262.02867826826576
3010436,105.04195690951012
3010437,3962.698621469867
3010438,24.8554740077232
3010439,2.610191239293101
3010440,16.457002269670642
3010441,24.977670070611907
3010442,0.30910963394371654
3010443,253.66754375211383
3010444,8.24420655409011
3010445,33.514973792986794
3010446,7.645358114945057
3010447,100.37980519511594
3010448,4.440840818423175
3010449,286.7744467848364
3010450,227.64218119217705
3010451,11.349278975855649
3010452,8.647518001962572
3010453,392.0571427274943
3010454,67.9765592351047
3010455,2675.7274597439327
3010456,3.7587858732737884
3010457,15.108058461160999
3010458,7.009100572703173
3010459,0.0
3010460,2.913887874434525
3010461,3163.350113796663
3010462,0.0
3010463,634.8195563813508
3010464,13.338552117639939
3010465,1134.831880739083
3010466,887.0056426473277
3010467,341.13999881525626
3010468,398.188798128386
3010469,45.26990286186409
3010470,4544.136333930605
3010471,14.135687321108623
3010472,0.7309769602183708
3010473,28.128532141788472
3010474,15.07168372471114
3010475,1.0437268966566962
3010476,267.1373652533108
3010477,0.0
3010478,5.826544308256969
3010479,5.568027833198168
3010480,30.7371038452187
3010481,1.1346578582092717
3010482,163.70639558921494
3010483,318.4423190240625
3010484,5.789642874002824
3010485,4.254404024949865
3010486,197.0585152181138
3010487,86.491206468972
3010488,1322.5453403378558
3010489,9.629592906266927
3010490,1.568500285357926
3010491,5.016704072281608
3010492,0.27074109798274676
3010493,2.302731265384463
3010494,2752.862116041261
3010495,0.0
3010496,625.263566011308
3010497,8.69919861730103
3010498,897.7200450840193
3010499,708.0189554522467
3010500,273.2736732359284
3010501,412.4931522733244
3010502,51.73001125435006
3010503,3684.7696978512226
3010504,15.733456799147572
3010505,1.416014290653071
3010506,27.851543164486515
3010507,13.034747144638962
3010508,0.03644586842338947
3010509,236.7494859988748
3010510,0.0
3010511,6.62039659522436
3010512,5.94512376453211
3010513,53.43807601200778
3010514,1.6535178353831994
3010515,117.67827417743862
3010516,230.6623156852987
3010517,4.294005919826915
3010518,3.3112852096398635
3010519,193.22946745536964
3010520,56.07321913939774
3010521,972.2042792939599
3010522,7.500964543606158
3010523,4.643068039265877
3010524,8.438335253778346
3010525,1.129894484313932
3010526,12.375511894733009
3010527,7812.638525934169
3010528,0.0
3010529,1112.4516999178636
3010530,28.437901376695084
3010531,1787.2553446676322
3010532,1928.745384875369
3010533,346.6155628529315
3010534,479.08004737127925
3010535,296.81944752290514
3010536,7077.336576911159
3010537,95.20151690666343
3010538,3.4907464283218035
3010539,39.891828156558084
3010540,49.55477910796718
3010541,0.774457635215395
3010542,462.15425965553123
3010543,29.357463778256818
3010544,45.37321497859207
3010545,19.324725697909592
3010546,163.6666232350597
3010547,27.956994086654575
3010548,591.4037561941
3010549,423.4536299119105
3010550,16.205476488909223
3010551,21.914056040461617
3010552,998.2960864304334
3010553,159.2933654868306
3010554,7071.153305888736
3010555,1.4224073595024587
3010556,68.38083127995927
3010557,3.0794405724950136
3010558,0.43870809206461153
3010559,1.158797425858975
3010560,1433.1950664229018
3010561,0.0
3010562,152.36647807338335
3010563,3.295353010618693
3010564,1212.6767652688834
3010565,276.3654150652496
3010566,111.31459745661162
3010567,229.88636730288425
3010568,40.06483010218353
3010569,2162.9071012303466
3010570,6.960276140255068
3010571,0.25525718634875283
3010572,10.093765515621081
3010573,6.560458996449425
3010574,0.38958914228563934
3010575,150.67989467477335
3010576,0.007744438404511792
3010577,0.0
3010578,3.284537741371827
3010579,48.2593266138416
3010580,0.6983305759352012
3010581,53.72530299834926
3010582,102.91658194212398
3010583,2.2745590970724874
3010584,5.202562488130867
3010585,105.18627138642474
3010586,16.892207219186332
3010587,487.0744413355119
3010588,5.240611633666949
3010589,4.381520575886549
3010590,7.45367875419509
3010591,0.2952189957232013
3010592,2.8736427164631935
3010593,3185.9501609387635
3010594,0.0
3010595,509.33162585139496
3010596,8.10819991626596
3010597,1113.245267962532
3010598,644.9946051093625
3010599,240.40000675391104
3010600,446.7634933580583
3010601,66.77096932813164
3010602,4057.124140287275
3010603,15.7598554157841
3010604,0.5323551989318696
3010605,14.595992024589084
3010606,14.604055877988358
3010607,0.3029929143216908
3010608,279.1773385329693
3010609,2.6246193187902187
3010610,6.448899753724963
3010611,8.575035150944286
3010612,12.98688364224958
3010613,1.9081054823650205
3010614,321.2279777431864
3010615,267.88619889653216
3010616,4.020717343745686
3010617,6.6204779731120285
3010618,123.41138888524762
3010619,57.642584551660946
3010620,1142.0128968332835
3010621,9.420208545930002
3010622,6.3669751643487285
3010623,0.8439211306696798
3010624,0.0
3010625,0.6299419918191789
3010626,866.2100156298487
3010627,0.0
3010628,122.82225208926447
3010629,1.7479211896541573
3010630,632.5864877334556
3010631,173.85812653664726
3010632,89.94767621369995
3010633,468.2282678413
3010634,13.29541601237484
3010635,1238.0075285636515
3010636,3.200351992109124
3010637,0.24978005948013207
3010638,6.525634975782402
3010639,3.1999901764404948
3010640,0.0
3010641,90.58048097674659
3010642,0.0
3010643,0.0
3010644,0.8931612463564362
3010645,0.04429481377197184
3010646,0.2915022646041496
3010647,67.01198270314123
3010648,59.35786457203386
3010649,0.8886052875508993
3010650,2.0888518018006375
3010651,49.19013266163333
3010652,9.4023095018487
3010653,180.67855931181745
3010654,4.872814819174585
3010655,1.4906727891985072
3010656,7.742863183197573
3010657,0.0
3010658,3.512635122223698
3010659,1937.5793625136023
3010660,0.0
3010661,234.81170514862978
3010662,8.950746728427067
3010663,928.5815582996169
3010664,411.20375527553466
3010665,169.67007690937496
3010666,338.07225845205204
3010667,36.20477309941152
3010668,2815.438766062916
3010669,4.523884840318644
3010670,0.8849866841912557
3010671,20.311012303091584
3010672,13.569569550248767
3010673,0.3130348485547857
3010674,210.50186843007396
3010675,0.0
3010676,0.0
3010677,12.183061043395949
3010678,0.0
3010679,1.8288472333595902
3010680,242.66776175167024
3010681,181.4787669833732
3010682,1.9091747540065498
3010683,4.387229261533496
3010684,164.97035404752899
3010685,28.33588711169088
3010686,1149.9324385202287
3010687,5.2624569756197435
3010688,1.381501497050701
3010689,3.113426075770471
3010690,0.43600603699959134
3010691,1.3278913651125615
3010692,2325.4865276397654
3010693,0.0
3010694,652.9356314726
3010695,5.542773570728717
3010696,871.7188729734202
3010697,684.4608958540744
3010698,238.42077171015225
3010699,208.94814015681666
3010700,66.59517448550761
3010701,3867.8782878576776
3010702,6.890239695073427
3010703,4.967419836857088
3010704,8.34789511137012
3010705,43.26669836713194
3010706,0.33878549446421374
3010707,211.55155234207226
3010708,3.940436970097055
3010709,6.126475053593701
3010710,5.777552003201015
3010711,20.963274250785588
3010712,2.2641254644112294
3010713,174.02529243428083
3010714,249.3576328900257
3010715,5.496407376516294
3010716,5.36992678379327
3010717,149.63056631274168
3010718,37.975621106258906
3010719,641.9758541390873
3010720,11.027503335301923
3010721,3.956473212524742
3010722,4.964930733433902
3010723,0.0
3010724,0.30157926453010553
3010725,1513.4826567337757
3010726,0.0
3010727,101.18247338906049
3010728,2.222925878681299
3010729,512.8168488430073
3010730,206.72649793313096
3010731,97.18182816349047
3010732,314.14214660392395
3010733,29.34008549559118
3010734,1942.0879243698944
3010735,6.309420363918147
3010736,0.07027615214621234
3010737,13.027067280652995
3010738,9.268241814452464
3010739,0.20352433899366884
3010740,106.17916234346404
3010741,0.0
3010742,0.0
3010743,0.9953700799053603
3010744,41.324110291100965
3010745,0.9687826367715934
3010746,228.46471244560374
3010747,94.7086228934338
3010748,0.7641360980720879
3010749,1.0014820520359318
3010750,43.94453350745804
3010751,18.611245190293754
3010752,343.7536329763759
3010753,4.216349434614474
3010754,1.0269896901732152
3010755,4.868606379972842
3010756,0.0475719851009723
3010757,1.8214375803546003
3010758,3043.130580669645
3010759,0.0
3010760,448.7608990923383
3010761,9.612495250360427
3010762,779.9729443893845
3010763,561.1455835339734
3010764,202.8782987129836
3010765,181.98970117798353
3010766,49.12246612625656
3010767,3484.869425179887
3010768,6.188843577841272
3010769,0.811830661705617
3010770,16.18884435590716
3010771,5.923887695886406
3010772,0.15731810887047598
3010773,180.8413830273544
3010774,0.0
3010775,22.100237055260326
3010776,2.913421096190854
3010777,29.315877343521883
3010778,0.8292295606346113
3010779,195.3444762136452
3010780,191.39513567382505
3010781,2.79291941295862
3010782,3.0183210011890003
3010783,113.94575626721891
3010784,37.49881440482674
3010785,1008.5112353671465
3010786,14.747094254740725
3010787,0.7215332118952777
3010788,3.6199639768712175
3010789,0.0
3010790,5.14354433739936
3010791,2810.960814459188
3010792,0.01867263077793331
3010793,533.1093948377236
3010794,5.22093773666598
3010795,913.079021251692
3010796,868.6724871897719
3010797,152.9206550588605
3010798,139.3536388352584
3010799,113.76033109348792
3010800,3455.015418739235
3010801,59.470346756046915
3010802,1.4648792583460952
3010803,14.245310836459147
3010804,22.873917709168094
3010805,0.3606215119635725
3010806,222.968049929304
3010807,19.60493579488366
3010808,21.036393829238634
3010809,2.427010411639119
3010810,77.80166182000828
3010811,10.106075722558796
3010812,193.21534913289938
3010813,213.71522410529568
3010814,11.52064884626564
3010815,15.05306716757605
3010816,254.82192184486757
3010817,52.229727718499056
3010818,2287.4095121233513
3010819,0.14082794742196209
3010820,10.09483867697785
3010821,6.374325010406949
3010822,0.0
3010823,4.50496764977721
3010824,2561.612228077309
3010825,0.0
3010826,404.48316642471815
3010827,8.642570250263999
3010828,972.4678112296526
3010829,719.6632518858166
3010830,145.79676897951114
3010831,92.95913569089369
3010832,90.9398115668086
3010833,3204.941241566842
3010834,22.978438082440555
3010835,1.2672641609095103
3010836,33.64437202066111
3010837,87.39506579992809
3010838,0.1496275687534205
3010839,286.9383133972351
3010840,16.83823113772829
3010841,12.182414860883895
3010842,8.82167241493999
3010843,90.21422925999224
3010844,9.282637941101287
3010845,164.46046381082988
3010846,299.38073366116294
3010847,6.900052737718715
3010848,8.219664697052353
3010849,110.12796707040678
3010850,45.13244882058231
3010851,1717.976437066535
3010852,0.8220037664707984
3010853,13.07429763156542
3010854,8.17287407781477
3010855,0.3170822276281154
3010856,2.501648416701514
3010857,3295.0880041850346
3010858,0.0
3010859,696.1970651564335
3010860,7.964014254011775
3010861,1637.9018000114777
3010862,614.098629590976
3010863,209.33441461296692
3010864,1665.3866505687602
3010865,52.967089007819425
3010866,5088.94754571285
3010867,44.07847960213475
3010868,1.2922664814942741
3010869,22.002594608994734
3010870,17.308858720337522
3010871,0.24251206580569695
3010872,322.2109767811554
3010873,5.361468376417989
3010874,14.643584317763782
3010875,7.129762639639918
3010876,57.22102461970055
3010877,4.345494060773836
3010878,124.2862348374325
3010879,251.96565724504782
3010880,7.082304458337299
3010881,7.178129552175823
3010882,211.00161033010417
3010883,44.30667195044675
3010884,1508.0890846106458
3010885,4.403503778592668
3010886,16.73485230668518
3010887,2.69143108767308
3010888,0.051180012792909034
3010889,3.5539776828688567
3010890,2337.375898329198
3010891,0.0
3010892,368.6887832168826
3010893,7.131263861811297
3010894,704.7878928017998
3010895,676.6372201195268
3010896,178.72960408053842
3010897,138.4247927188161
3010898,64.32694504955
3010899,2971.205922772581
3010900,25.137056545769404
3010901,1.4280012671331683
3010902,12.798739878867277
3010903,12.67556893087043
3010904,0.5688379274610215
3010905,218.81469251377658
3010906,17.339872673334025
3010907,16.829495124801266
3010908,1.7010907854752462
3010909,49.50778932122758
3010910,6.896879104326153
3010911,335.2206896011333
3010912,170.80694622895848
3010913,6.92775224367459
3010914,8.15065520950684
3010915,314.1084797025218
3010916,20.895089292919117
3010917,1882.024083731098
3010918,0.0
3010919,19.18736929464483
3010920,3.0218866511954356
3010921,0.2146128378427629
3010922,2.442769666450538
3010923,4327.620435726208
3010924,0.0
3010925,409.8864187295966
3010926,7.458569796118786
3010927,1611.8291407390693
3010928,687.2474097180202
3010929,309.9556180294657
3010930,267.17600986805127
3010931,69.2443575795481
3010932,5680.310314844598
3010933,10.23629123727367
3010934,2.376323612011584
3010935,24.285187973786652
3010936,30.173141161299636
3010937,0.3917050593488843
3010938,415.0172607024827
3010939,0.0
3010940,0.08419967388835377
3010941,10.188880053672577
3010942,2.3448966059506064
3010943,2.0794987898701036
3010944,134.32594848168634
3010945,287.28139099597934
3010946,3.336362074285618
3010947,9.752539849990537
3010948,180.35227797829435
3010949,62.34311535556552
3010950,1224.2477091959988
3010951,9.811009867882861
3010952,9.0118244071773
3010953,6.783415247288147
3010954,0.0
3010955,8.181833457185794
3010956,3039.7791475467166
3010957,0.0
3010958,500.65028692346306
3010959,9.39420945421025
3010960,1272.392010161759
3010961,771.1822603192209
3010962,236.87648279732912
3010963,156.20881999193122
3010964,105.13333732844254
3010965,3543.5920328143707
3010966,38.113211800721466
3010967,1.6297565975498924
3010968,22.601477073976323
3010969,31.876816077103932
3010970,0.369793116924544
3010971,260.8575995023605
3010972,17.354586421627317
3010973,15.9982152924641
3010974,8.638086882012773
3010975,94.83667638760804
3010976,11.90382550251012
3010977,209.77635933316944
3010978,384.29158236499177
3010979,13.430035274075609
3010980,9.60849573229561
3010981,210.6055946247622
3010982,47.08919953621447
3010983,2129.955379377573
3010984,0.0
3010985,7.239022143718738
3010986,3.011262574408432
3010987,0.06510696334984302
3010988,4.855763756844752
3010989,2516.1967781806243
3010990,0.0
3010991,465.9204377291474
3010992,7.886581491304362
3010993,691.5402096736167
3010994,777.9029270271636
3010995,168.28419343072193
3010996,146.40239513288196
3010997,100.63393352502362
3010998,2961.2618208950266
3010999,35.4464917051906
3011000,1.409624050479011
3011001,21.3856758402869
3011002,17.741251254312505
3011003,0.2754017196372874
3011004,196.98868183592785
3011005,19.12065581155359
3011006,28.243892604087094
3011007,4.69351902856487
3011008,41.338246644481785
3011009,9.929546289206781
3011010,203.1597096073935
3011011,191.47731197267836
3011012,9.247730889040072
3011013,9.577182757093523
3011014,195.63535461803602
3011015,39.16061767221159
3011016,2224.7509861011085
3011017,0.0
3011018,14.875200810014519
3011019,3.561840707297203
3011020,0.11945939870216202
3011021,2.7474410626452266
3011022,5170.860719852185
3011023,0.0
3011024,551.9168565556965
3011025,13.965403557324379
3011026,1104.2543568610047
3011027,662.4694538496299
3011028,252.07329849277178
3011029,343.5039520054852
3011030,50.350281760589006
3011031,4669.559588515897
3011032,11.91816388395355
3011033,0.10437843096635306
3011034,7.795371408548732
3011035,16.222467881314532
3011036,0.1008591471566423
3011037,239.48470580537764
3011038,0.0
3011039,5.598007923877018
3011040,1.3982032880370436
3011041,63.95911417754487
3011042,3.7272257122099317
3011043,220.3546852208225
3011044,242.35061097059346
3011045,2.5685153402553436
3011046,1.7687414461968891
3011047,181.13731439332525
3011048,117.18343329254552
3011049,1129.5757029777142
3011050,12.53936225836546
3011051,1.0691177444954638
3011052,13.668405694206605
3011053,0.0
3011054,14.13690963721803
3011055,8261.702306219267
3011056,0.0
3011057,1481.400687904414
3011058,17.283751737687997
3011059,2152.2398516078824
3011060,2106.8112915618244
3011061,492.48659201647456
3011062,588.1338823589052
3011063,328.586349879083
3011064,8202.242291538758
3011065,87.59356583429282
3011066,4.101865787980562
3011067,76.07745100296994
3011068,98.09036021143261
3011069,1.0902522495303482
3011070,631.5320308306451
3011071,26.857497465787752
3011072,21.468953465139638
3011073,20.058145011293607
3011074,268.433871224637
3011075,25.04173903502438
3011076,704.7332143521213
3011077,416.54507964614504
3011078,36.52931888370876
3011079,27.14734152107482
3011080,910.2064252583937
3011081,213.4011352707967
3011082,7684.959302151823
3011083,82.10135388073274
3011084,73.43100202545978
3011085,13.261524118365807
3011086,0.0
3011087,10.119337905254568
3011088,8344.069365967205
3011089,0.0
3011090,1145.1638611542028
3011091,17.32801188005818
3011092,2319.5182661242097
3011093,2070.695587378214
3011094,639.575588821484
3011095,383.4727963141978
3011096,260.8776710580873
3011097,9803.120995517616
3011098,150.64755151809817
3011099,2.1005212069755004
3011100,17.515816933978
3011101,88.4878221670229
3011102,1.497247233959513
3011103,610.9841743017208
3011104,20.29955218247724
3011105,28.71747693875809
3011106,5.242107218536921
3011107,145.48952883167885
3011108,17.290852255329657
3011109,921.2253790195624
3011110,590.6331250043783
3011111,18.902118912057258
3011112,28.463391210770187
3011113,1125.7023373034895
3011114,167.56242438416714
3011115,5517.256813983941
3011116,161.31828021115697
3011117,76.42318643726368
3011118,10.319480052542618
3011119,0.0
3011120,14.163003733730744
3011121,5447.582145833079
3011122,0.0
3011123,878.4500203791764
3011124,9.903360308968251
3011125,2160.4463768340734
3011126,1546.10269441133
3011127,659.375461182459
3011128,151.72926739543738
3011129,188.04970047357097
3011130,8324.51172583529
3011131,43.6497934497001
3011132,2.850289462764115
3011133,31.17930812331219
3011134,26.474658141741546
3011135,0.7462096431630595
3011136,527.5839694604002
3011137,22.788113333524908
3011138,23.251848261381955
3011139,7.761890105930984
3011140,92.2193607798006
3011141,9.427877876025038
3011142,862.6343845969866
3011143,587.84982560929
3011144,20.853950227492597
3011145,42.9308355719821
3011146,637.3779492572821
3011147,120.0990632037226
3011148,2408.3093706468394
3011149,87.16957527014202
3011150,32.719257707586884
3011151,13.749725639403694
3011152,0.0
3011153,13.155553258645162
3011154,7729.987773510417
3011155,0.0
3011156,1108.633244298794
3011157,19.41178841453206
3011158,2191.2758519040444
3011159,1965.9292589260795
3011160,628.8885860359733
3011161,347.1661724136942
3011162,206.1562178865254
3011163,9106.020873369436
3011164,54.417382463470034
3011165,1.6388432287997567
3011166,33.69256003077556
3011167,83.26357495831247
3011168,0.8163770015975786
3011169,583.1571615236471
3011170,22.449055903076445
3011171,26.611001154786656
3011172,4.979023034334664
3011173,141.65662892095466
3011174,12.68463960391506
3011175,750.9994324424985
3011176,557.8811009751491
3011177,21.70850652398005
3011178,22.143003831693644
3011179,1113.7779987202125
3011180,161.56109416927367
3011181,4932.994134434672
3011182,98.51761840238876
3011183,58.38230202016377
3011184,10.390454879449837
3011185,0.0
3011186,14.487019764688856
3011187,3809.40423740398
3011188,0.06216746840548726
3011189,769.3988565117335
3011190,10.533162552111378
3011191,1704.5744014120712
3011192,1089.9656793322874
3011193,556.991589848873
3011194,113.71159671766746
3011195,122.21149860133204
3011196,6488.17006066029
3011197,41.42715325942737
3011198,0.7292546290853761
3011199,20.07856904882342
3011200,55.476688546830005
3011201,0.9923475639172593
3011202,470.7027606719299
3011203,15.350095899039461
3011204,12.102303430829522
3011205,2.463648581764877
3011206,78.57193456342262
3011207,4.785905716513847
3011208,708.5559502194046
3011209,496.57598072372065
3011210,17.754193711492444
3011211,20.577587344476434
3011212,712.6425996755701
3011213,48.979560322515844
3011214,1522.7703047461218
3011215,76.31460516890647
3011216,14.804202784757294
3011217,12.806333752481361
3011218,0.0
3011219,9.948464824113032
3011220,6597.9734478088585
3011221,0.0
3011222,1172.9851108541673
3011223,20.0837584778033
3011224,1812.9056678932448
3011225,2146.9827252122395
3011226,405.6105209484212
3011227,493.9293516421497
3011228,306.99085235129974
3011229,7588.558539736271
3011230,85.3962367464503
3011231,1.9627988120192945
3011232,30.77786190502827
3011233,60.32289862959325
3011234,1.1263859453669582
3011235,477.27571449518683
3011236,16.341278435995452
3011237,31.53255744181655
3011238,13.120783748461106
3011239,180.68747131156067
3011240,19.450634095398442
3011241,728.2750734152993
3011242,470.0023558010018
3011243,20.070237699443076
3011244,28.955723328639678
3011245,979.9300283340976
3011246,169.8692925772128
3011247,7555.771421429485
3011248,78.2605775558037
3011249,79.29358666762509
3011250,6.261416745821983
3011251,0.08737896807236409
3011252,3.9073984364466474
3011253,1950.1981550190224
3011254,0.0
3011255,351.1912295816485
3011256,17.539989133189138
3011257,924.3552261871497
3011258,550.008476747936
3011259,215.20347588720625
3011260,90.02862319806792
3011261,82.9022737467584
3011262,2785.845624335775
3011263,55.66894031951817
3011264,1.953680317366035
3011265,18.823790122838023
3011266,23.26699373080678
3011267,0.8785016433062203
3011268,238.23297320574318
3011269,14.581819462931797
3011270,8.540114692423534
3011271,12.445428954116508
3011272,36.21102445671802
3011273,7.940572928318428
3011274,242.92132171731595
3011275,210.43100141577983
3011276,2.529484575900267
3011277,5.921590624256098
3011278,207.57642282284664
3011279,47.56539351985443
3011280,1492.4406824548803
3011281,2.1957627780224294
3011282,9.714829153223809
3011283,8.987560199217723
3011284,0.0
3011285,11.53522238646348
3011286,4322.6694528094
3011287,0.0
3011288,524.4876268757384
3011289,21.207884636464062
3011290,1640.7050846169093
3011291,1127.8150459121114
3011292,445.81176470016294
3011293,118.83556418563958
3011294,112.98643130959161
3011295,6129.7787498133675
3011296,111.11386349470588
3011297,1.4949240203773317
3011298,36.58563041462639
3011299,53.58100296516271
3011300,0.8674601809341798
3011301,456.4884421437029
3011302,18.11669948138688
3011303,7.134364374130306
3011304,3.333336855349335
3011305,102.17976260957883
3011306,8.537108488674882
3011307,516.5239690811634
3011308,475.40516363514644
3011309,11.701721076209921
3011310,17.940268176935394
3011311,366.65391184972475
3011312,61.62858499155935
3011313,2034.4243272707467
3011314,69.09556199279305
3011315,18.793493309829966
3011316,6.041207971058853
3011317,0.0
3011318,3.925925396499499
3011319,4411.415456544991
3011320,0.08375102026817619
3011321,835.0417856494712
3011322,7.863519700438245
3011323,1455.8698227446805
3011324,1553.0984347820333
3011325,251.86294410998386
3011326,359.94276016226763
3011327,203.49772168259113
3011328,4989.653539834794
3011329,46.740855502848284
3011330,2.0444810333329952
3011331,30.41461310829812
3011332,28.790685505755814
3011333,0.3346115570499933
3011334,337.86562785596055
3011335,3.3750001558553375
3011336,39.10483332335287
3011337,6.251772793178807
3011338,96.47857836275175
3011339,11.624243249042204
3011340,560.3625573056023
3011341,278.79476789091024
3011342,19.504516918014357
3011343,11.494950585724357
3011344,556.2241713772739
3011345,115.33801325194563
3011346,5024.215938326756
3011347,21.898055000379834
3011348,47.402065994735615
3011349,15.034989406744163
3011350,0.0
3011351,10.346294246609704
3011352,5806.672443461588
3011353,0.0
3011354,1062.1018113968296
3011355,14.324072821790285
3011356,2154.1571064610393
3011357,1531.1797810833625
3011358,462.3337365535255
3011359,281.6969031039442
3011360,395.1141582152517
3011361,7835.599645876687
3011362,67.14049582951371
3011363,4.334041171903312
3011364,62.88039817983803
3011365,62.79867707440913
3011366,0.9737587446710285
3011367,476.2020330816105
3011368,13.95782131929586
3011369,71.00027820375608
3011370,11.05787114734261
3011371,257.2715190078687
3011372,13.262463822161344
3011373,626.8476720878447
3011374,464.4502559421063
3011375,18.527009002445965
3011376,35.546680655446245
3011377,625.9644893228927
3011378,171.82493369139596
3011379,6183.37173071366
3011380,18.702489232838985
3011381,12.705915178470224
3011382,8.27058274281331
3011383,0.11762750891221892
3011384,3.0109844046641463
3011385,2118.164864545509
3011386,0.0
3011387,453.39016563534534
3011388,5.645153580437671
3011389,828.1781848956144
3011390,507.92155300931535
3011391,224.96128302192912
3011392,96.86872214328984
3011393,85.85879069037888
3011394,2936.153184390567
3011395,18.0660717973611
3011396,1.0063292957817713
3011397,23.782888067069997
3011398,24.28583229449108
3011399,0.10929281710602513
3011400,183.8215987921885
3011401,5.327994204125434
3011402,12.580084250626141
3011403,5.918756358065692
3011404,68.35654080367314
3011405,4.271552952841169
3011406,256.98581660400254
3011407,198.35790050672878
3011408,5.749184477940069
3011409,5.526508813480331
3011410,179.42354385624904
3011411,48.757064611512085
3011412,1800.3420472173989
3011413,0.08133544484943074
3011414,3.5789303604454106
3011415,5.1017886363623175
3011416,0.0
3011417,1.7547358742425108
3011418,3929.256093564483
3011419,0.0
3011420,247.75403291685052
3011421,2.2405798984345964
3011422,1274.2417963477596
3011423,251.56025828037323
3011424,235.77010429653512
3011425,79.60165056714953
3011426,25.3842850144411
3011427,3491.731893287404
3011428,6.949756521870717
3011429,0.6021701688232104
3011430,21.18951401343781
3011431,14.737628070437205
3011432,0.2915877863379199
3011433,228.17348665430657
3011434,0.0
3011435,0.0
3011436,3.949536286883756
3011437,20.90638153955015
3011438,1.2598388786109895
3011439,58.73283953138581
3011440,174.05506262856235
3011441,0.0
3011442,1.238697431205841
3011443,64.32139932756613
3011444,97.45652361931323
3011445,591.2294623517782
3011446,2.9376759106997365
3011447,3.4396894849561073
3011448,4.745212925608832
3011449,0.26609422450173875
3011450,5.813529911147716
3011451,3366.5660037776097
3011452,0.0
3011453,577.1365634743473
3011454,9.896628955504028
3011455,1169.7562791147295
3011456,968.0365197166506
3011457,323.0471648506822
3011458,187.9681009310926
3011459,125.54857897775216
3011460,4543.857307983393
3011461,43.88391079363547
3011462,1.280834322543636
3011463,24.15037537502402
3011464,45.57532615262207
3011465,0.1437381789951671
3011466,314.6017115369241
3011467,18.706681631605175
3011468,11.251881343600553
3011469,10.34433010558014
3011470,63.447259873296645
3011471,6.294764090518059
3011472,406.50804078787394
3011473,276.4923930458746
3011474,8.916921314853735
3011475,11.22290368599019
3011476,493.0859555627858
3011477,64.25041732294696
3011478,2397.648717803054
3011479,0.0
3011480,33.53493088258198
3011481,4.544753802747582
3011482,0.07624976514283827
3011483,4.9830431755237905
3011484,4236.903170895961
3011485,0.08181849416183318
3011486,766.3255378638298
3011487,13.581741143734932
3011488,1123.4255113731801
3011489,1386.7804301950086
3011490,206.29970236758976
3011491,319.36962753011716
3011492,196.5738106384681
3011493,4218.831678807489
3011494,49.28237930239721
3011495,3.915459341469253
3011496,26.85330042921713
3011497,42.539037850594774
3011498,0.8873560121791175
3011499,263.3459395843564
3011500,18.637591038326057
3011501,35.42145912025761
3011502,7.327688769684256
3011503,101.69152170553318
3011504,14.217391359767163
3011505,466.1420652859592
3011506,238.8648256206066
3011507,10.156468981389056
3011508,14.9573596876352
3011509,672.3604898203245
3011510,115.07707582446294
3011511,5404.93724343824
3011512,0.26930700684473274
3011513,44.30739622171547
3011514,5.345742590983065
3011515,0.19320517428545306
3011516,7.430327036659334
3011517,3924.0570631271553
3011518,0.0
3011519,769.6082149308434
3011520,18.75167299190949
3011521,1096.214817800485
3011522,1289.3362893476597
3011523,267.54945007813245
3011524,311.57903157903837
3011525,131.1190592340846
3011526,4374.109633419119
3011527,39.44648573806825
3011528,3.787972630440892
3011529,30.612140843927566
3011530,40.21633458396496
3011531,0.6652768483746236
3011532,313.24791830635246
3011533,21.096633023291382
3011534,31.067804908658776
3011535,18.536415654723253
3011536,100.87570324901047
3011537,15.957632293156232
3011538,390.5149956417101
3011539,306.3626345561138
3011540,17.694534227654316
3011541,20.538079436595105
3011542,540.2000167821467
3011543,115.74637990356804
3011544,3986.674196279906
3011545,0.5245781528517941
3011546,31.13933892268693
3011547,13.881808365504922
3011548,0.006337053709339989
3011549,5.796690888539684
3011550,2971.370636761436
3011551,0.0
3011552,531.9113097230102
3011553,7.852778759763572
3011554,1324.5296257827315
3011555,778.1333655320856
3011556,461.676018294475
3011557,295.60624459083965
3011558,71.16409425998557
3011559,5467.008107000826
3011560,14.774737541645925
3011561,1.279451826037326
3011562,4.411282800441973
3011563,33.295887727323226
3011564,0.2074729975506742
3011565,372.5568674986509
3011566,13.28003078316265
3011567,6.443351521378773
3011568,4.775914838254879
3011569,36.037407963744855
3011570,3.3698590731733873
3011571,320.3914627284081
3011572,341.90528430259417
3011573,6.55657905084664
3011574,7.07052246863435
3011575,341.2635298134748
3011576,97.95109874157244
3011577,1334.7794203349624
3011578,33.38406241302265
3011579,17.340203552080986
3011580,4.3282478444338
3011581,0.0
3011582,3.5260861791272196
3011583,2237.1181292248607
3011584,0.1397909239044533
3011585,328.4859195005368
3011586,15.769031809872839
3011587,715.1745749602554
3011588,666.9596070217971
3011589,132.3604541079152
3011590,136.21148086450216
3011591,117.03109064898004
3011592,2803.0167043556457
3011593,28.045411548915737
3011594,2.162955796059094
3011595,19.20464302644942
3011596,26.398649730270023
3011597,0.6384828811757867
3011598,184.3576401733474
3011599,13.487084631524821
3011600,20.941442788960202
3011601,11.171574394368637
3011602,86.02762689403762
3011603,6.3440277133468355
3011604,289.69847049393553
3011605,142.50855411684188
3011606,5.133506063971447
3011607,10.312832828065634
3011608,314.08984690329805
3011609,43.84841989000539
3011610,2193.626441344061
3011611,0.11885539665385608
3011612,23.16728278478517
3011613,1.3832727775409945
3011614,0.0
3011615,2.4814162961739177
3011616,1150.2611033269868
3011617,0.0
3011618,99.22378041230402
3011619,3.9178922917569565
3011620,658.7329540274538
3011621,294.47579174380377
3011622,216.89542889595285
3011623,42.84339956676834
3011624,30.61210346964592
3011625,2312.5496402223853
3011626,6.801968031453874
3011627,0.24055004025890425
3011628,9.744898291543887
3011629,7.879700983302006
3011630,0.07779573320586951
3011631,145.9716425577672
3011632,0.5465644826129834
3011633,0.0
3011634,0.4015012578280429
3011635,11.083273856535092
3011636,0.4158171077222685
3011637,146.68193248933082
3011638,132.453328481356
3011639,0.7581409087123113
3011640,2.649882905948268
3011641,124.23328028126677
3011642,17.96384536109948
3011643,305.8897472389271
3011644,1.1575885538221462
3011645,0.8492201733820222
3011646,6.141494692558879
3011647,0.23040898144186125
3011648,1.952689249064307
3011649,3533.367595689274
3011650,0.0
3011651,639.4380506079355
3011652,9.31230525764585
3011653,1242.104308707368
3011654,544.7467259386142
3011655,408.8929325915847
3011656,238.655223831894
3011657,67.2031517184013
3011658,5893.39008346275
3011659,31.049625525538428
3011660,0.7941495190591251
3011661,0.0
3011662,10.69055999599165
3011663,0.3180298802004133
3011664,342.9150260029512
3011665,11.361460202358522
3011666,3.501695465484477
3011667,7.544552826281148
3011668,36.46114539085611
3011669,2.9349233110900004
3011670,590.8229511348159
3011671,255.27350419710623
3011672,2.337527578610548
3011673,9.226823020435438
3011674,368.4659858688312
3011675,97.26577434064458
3011676,2009.3281048995107
3011677,6.509666744200738
3011678,7.564265669811987
3011679,3.1866681722732264
3011680,0.032007263292357535
3011681,1.0480665814560575
3011682,1528.4365829423784
3011683,0.0
3011684,149.6387463733195
3011685,11.943650451823464
3011686,922.1215399002443
3011687,394.1502129621645
3011688,210.73151115151572
3011689,42.59130661329509
3011690,28.205032957433914
3011691,2633.2409291623594
3011692,8.970753504441959
3011693,1.3665185295643059
3011694,11.60612069632682
3011695,17.254187357338527
3011696,0.4589087867856457
3011697,153.60189037972037
3011698,9.557215507538698
3011699,0.0
3011700,5.466399360197075
3011701,37.20561765612584
3011702,1.8902751276667418
3011703,149.2805756744335
3011704,149.43366861644228
3011705,1.3902927140500536
3011706,5.8082876523648395
3011707,144.53564268612715
3011708,29.72039854879368
3011709,439.83139436584116
3011710,1.284452593478858
3011711,4.591607875477736
3011712,2.6656636410116965
3011713,0.0
3011714,4.0414243969531265
3011715,1384.2985356907734
3011716,0.0
3011717,121.26182823287766
3011718,8.858851771968675
3011719,739.0929659337212
3011720,250.87961486348235
3011721,141.33490249749738
3011722,41.78845972765915
3011723,27.196756254317815
3011724,2543.305396115085
3011725,10.83358352419812
3011726,0.12542717610518853
3011727,14.446418600911802
3011728,8.135593197833547
3011729,0.18305116893861673
3011730,119.57250103247887
3011731,1.7840664219056475
3011732,0.0
3011733,3.393573878816451
3011734,32.95855953358056
3011735,0.7038643307173631
3011736,165.5961719940265
3011737,147.5200058951261
3011738,0.8833681081732576
3011739,4.0757235681032915
3011740,83.20391452543166
3011741,16.710725150646677
3011742,227.9500069534223
3011743,1.205104998552718
3011744,2.814056621146097
3011745,2.190754842035356
3011746,0.0
3011747,3.1032218249368566
3011748,1378.5616468277658
3011749,0.0
3011750,158.42904649134923
3011751,7.401274291952423
3011752,1361.4779337346743
3011753,352.6600362967982
3011754,251.35833098064103
3011755,29.30377461572037
3011756,39.13180230511393
3011757,2844.0929978681197
3011758,12.141273188706897
3011759,0.1923504733697574
3011760,5.5704722820810515
3011761,20.83134337211954
3011762,0.10208900670618601
3011763,189.94470832263553
3011764,2.4035804182916434
3011765,0.0
3011766,2.713197740682315
3011767,15.37856662100644
3011768,1.9099006076696574
3011769,263.0467199707119
3011770,239.38090241781327
3011771,1.3678665231550662
3011772,3.8016088329785624
3011773,71.14456451017581
3011774,90.8168043183731
3011775,472.63223240513105
3011776,0.9065273646338148
3011777,3.593921918900378
3011778,3.6976393488376407
3011779,0.6573012836837028
3011780,3.769528896772801
3011781,1622.6683020227176
3011782,0.0
3011783,152.05525473561283
3011784,1.259519783560685
3011785,891.6505108652112
3011786,366.289789969619
3011787,269.5488008248755
3011788,84.43891994699256
3011789,56.44057289733389
3011790,2711.823605087562
3011791,8.253431814272796
3011792,0.7884609492072108
3011793,15.585579610327617
3011794,18.79992415281384
3011795,0.23323958716272977
3011796,206.83663224836536
3011797,7.535705321543881
3011798,0.0
3011799,4.919604722005448
3011800,21.34306393303453
3011801,1.9773167050512646
3011802,145.30444579013198
3011803,160.44747554223324
3011804,0.4225216323597432
3011805,5.245112983132645
3011806,115.08773242754314
3011807,50.65442131975215
3011808,1038.987125909279
3011809,0.8332603130568496
3011810,4.763829973507913
3011811,4.015554603944619
3011812,0.035646425392963255
3011813,2.0384834618251575
3011814,1250.58902101627
3011815,0.0
3011816,148.22803723146598
3011817,4.682211318227469
3011818,1134.2315491153006
3011819,240.80289863694384
3011820,153.33468149145006
3011821,112.10472538102873
3011822,21.89607818866623
3011823,1850.2294754962252
3011824,5.268235297258662
3011825,0.6670080171720477
3011826,8.72607889830898
3011827,10.267040000660096
3011828,0.19105904223713233
3011829,136.37105033568986
3011830,0.0
3011831,0.0
3011832,1.8909938385773157
3011833,56.61901290953839
3011834,1.1709339319109564
3011835,51.209717765799404
3011836,116.65591647473914
3011837,0.7260314668409656
3011838,3.031091372405417
3011839,62.914015450590014
3011840,31.094643226091584
3011841,842.4347983193311
3011842,4.393297854805404
3011843,1.2187863821968703
3011844,7.2206717482126574
3011845,0.42660737804633503
3011846,3.2341319701609113
3011847,2912.320029745551
3011848,0.0
3011849,313.70018790548124
3011850,5.102632405242459
3011851,988.0457795977743
3011852,695.573443297885
3011853,486.5155522881786
3011854,199.13921358737187
3011855,90.57929321234869
3011856,4295.913878907709
3011857,15.805600222809954
3011858,2.016238964775725
3011859,18.360776852064323
3011860,12.92767372977085
3011861,0.5837893324144838
3011862,258.87366702561144
3011863,1.0033232395575555
3011864,0.0
3011865,5.502099741964634
3011866,25.292146309658275
3011867,2.445554465470968
3011868,277.27576546825287
3011869,224.7373745907885
3011870,2.117403017964956
3011871,5.828791919645465
3011872,352.52539341478456
3011873,42.0533662535253
3011874,2129.601896962022
3011875,4.278583633993253
3011876,14.906764293004438
3011877,2.7840610023576846
3011878,0.12940787279382424
3011879,4.070375211736791
3011880,2060.7257786742716
3011881,0.0
3011882,626.1144273818455
3011883,7.606545361551176
3011884,525.9994339319678
3011885,613.4884390267449
3011886,215.50302342866425
3011887,164.88359161010803
3011888,46.315564831226006
3011889,2707.5831821718443
3011890,11.926637080491485
3011891,0.8844119054160123
3011892,25.791906238775493
3011893,15.306813862978698
3011894,0.4957790626334473
3011895,181.66770262265803
3011896,9.937527076755305
3011897,7.8050679453801255
3011898,3.32686921474762
3011899,51.229989628789205
3011900,2.0041786626340046
3011901,91.51092693940649
3011902,133.19390522284073
3011903,4.531266653245625
3011904,5.323423342789858
3011905,165.80717298482998
3011906,65.35087590659016
3011907,3367.3743211932924
3011908,12.557088545380102
3011909,12.405657675293673
3011910,4.9530981199161825
3011911,0.32869983436582917
3011912,3.3827096834789496
3011913,2138.075975284715
3011914,0.0
3011915,146.7326196640772
3011916,8.227980097925593
3011917,766.9873813157299
3011918,327.4365537598908
3011919,278.4913888072132
3011920,68.97503356491941
3011921,42.989148920546135
3011922,3020.113608168842
3011923,29.32581892846294
3011924,0.7216829568307649
3011925,12.667981457505748
3011926,13.208576758500408
3011927,0.13691046656806807
3011928,150.39698052951834
3011929,6.7246360395085265
3011930,0.0
3011931,3.5786428498545533
3011932,38.250072323040946
3011933,2.502509743599109
3011934,127.31736583278689
3011935,140.2824182116681
3011936,0.9552719793690995
3011937,4.498504714979956
3011938,93.82427746812706
3011939,28.3656069567756
3011940,538.222441306597
3011941,1.3414499634509296
3011942,3.7821001634955165
3011943,4.597999448812118
3011944,0.0
3011945,6.802311314127701
3011946,2569.8643252359157
3011947,0.0
3011948,548.9444578201154
3011949,8.472030453894579
3011950,810.9529939147993
3011951,713.9861236499291
3011952,189.64025566320436
3011953,157.5983107238867
3011954,84.74415401866217
3011955,3401.4424016446155
3011956,42.43361072207799
3011957,1.0295141478553076
3011958,13.189815178737389
3011959,29.245477791560713
3011960,0.3995805384731013
3011961,218.32704549365513
3011962,17.44247068305616
3011963,14.743436767168456
3011964,4.418549595398146
3011965,66.03853783686883
3011966,6.461089623129231
3011967,392.62655588761316
3011968,191.94150678163928
3011969,9.635072197728585
3011970,7.926304088775127
3011971,382.8362681117908
3011972,77.25246863218017
3011973,1908.1990002785055
3011974,0.0
3011975,26.966797019783108
3011976,6.858555323528185
3011977,0.285593093178164
3011978,3.8165311893981286
3011979,2662.2834108224606
3011980,0.0
3011981,390.96959642906415
3011982,6.633010668998133
3011983,1223.5077732242394
3011984,559.8411545099418
3011985,520.1536468750335
3011986,83.08144481348481
3011987,55.83757081719623
3011988,4173.6959963679465
3011989,13.166051431792885
3011990,0.5513864984281881
3011991,10.578967037127713
3011992,13.313909344008168
3011993,0.0695557260434756
3011994,259.0407300354614
3011995,1.8490574888966413
3011996,6.511562251952454
3011997,3.6549504483010957
3011998,35.01128952737205
3011999,0.7428064288966286
3012000,237.20424998523254
3012001,208.61158370411687
3012002,3.586465569688682
3012003,3.833772089731805
3012004,216.4454238562141
3012005,39.12662522383869
3012006,1208.056217009152
3012007,14.515538303805304
3012008,10.032443925469114
3012009,9.320853085018957
3012010,0.31888612704674446
3012011,3.894341897992896
3012012,2598.3035078037105
3012013,0.0
3012014,415.91320235255637
3012015,4.780181361270271
3012016,1440.5460708351154
3012017,543.3587228237334
3012018,293.8675126532432
3012019,242.0453021687362
3012020,90.22904295666031
3012021,3422.9567231348383
3012022,13.551474856785154
3012023,0.6764679905974348
3012024,29.063004674008916
3012025,31.477084167057402
3012026,0.21443450947410017
3012027,266.7328406880056
3012028,4.028552976599511
3012029,4.669885976173381
3012030,12.741034148670508
3012031,81.85778891757958
3012032,1.734434630136869
3012033,109.57251893729801
3012034,212.76877606003168
3012035,2.8342399958411075
3012036,4.098421373175784
3012037,148.50341089582113
3012038,139.97304463422907
3012039,2049.56339997032
3012040,13.344269773926596
3012041,6.646450846121174
3012042,3.0462445230154813
3012043,0.0
3012044,2.890249997422364
3012045,1482.0426902586055
3012046,0.0
3012047,130.10612220357407
3012048,5.551628998642397
3012049,572.4434291037538
3012050,306.25077688421965
3012051,140.05313484330864
3012052,49.61949329470717
3012053,43.33385799201613
3012054,2223.994192282655
3012055,12.679821004586667
3012056,0.5659519197483273
3012057,10.0152505867981
3012058,16.345052776642923
3012059,0.0
3012060,146.65710791546212
3012061,2.590203869386852
3012062,0.0
3012063,4.9963476201388035
3012064,58.93391770420371
3012065,2.624829284645383
3012066,91.52267622094848
3012067,142.6452333496683
3012068,0.9046186202611995
3012069,4.481630096887226
3012070,148.8043163077289
3012071,38.17317050245106
3012072,602.8387788514339
3012073,1.275583940829797
3012074,2.784968631563466
3012075,1.1639640725116478
3012076,0.0
3012077,0.7956901591643717
3012078,1366.4800068220748
3012079,0.0
3012080,257.46225891755375
3012081,10.596871214661862
3012082,500.39655876657923
3012083,464.6259741705312
3012084,113.31403553941189
3012085,50.38498240819116
3012086,58.71503239781593
3012087,2024.460748297338
3012088,33.04194591653764
3012089,0.6690181967390636
3012090,11.9091927187869
3012091,12.867988956558138
3012092,0.26526090924865914
3012093,119.1194742714028
3012094,9.190150269622912
3012095,2.8640741947575594
3012096,3.1987228552101543
3012097,42.199462607367536
3012098,5.423264806159397
3012099,868.7999070715881
3012100,129.62035533580064
3012101,4.200499984299322
3012102,4.560788554970382
3012103,368.633196862009
3012104,27.480156316893616
3012105,1123.1516125475655
3012106,0.0
3012107,7.912128476392703
3012108,2.967770029511095
3012109,0.08529554603590175
3012110,2.982825687496792
3012111,3212.961415942846
3012112,0.0
3012113,676.4862756165845
3012114,11.123994893849959
3012115,1037.0927297625424
3012116,1161.5349520655611
3012117,246.65979876056792
3012118,222.54871352480114
3012119,146.36772275078096
3012120,3844.5200759580375
3012121,36.5710944975659
3012122,1.3518728166395497
3012123,15.032706309878794
3012124,28.420478894709788
3012125,0.1138837425574524
3012126,239.43718375128793
3012127,12.260536719404673
3012128,37.887510029902636
3012129,8.688663122152775
3012130,79.90235803173609
3012131,11.174490307888602
3012132,350.97769173849025
3012133,225.37310112912016
3012134,15.486733507851387
3012135,10.87399313821513
3012136,476.1108519300165
3012137,101.0321414943334
3012138,3241.182174976269
3012139,0.3694111071842681
3012140,22.260925884710225
3012141,1.9052825008598442
3012142,0.0682290195751667
3012143,2.1165278078760292
3012144,1196.2513833343255
3012145,0.0
3012146,245.68250833598196
3012147,3.883293876186863
3012148,277.54544064569563
3012149,394.8188856095064
3012150,103.13198456648124
3012151,79.94180820397933
3012152,6.524436988640195
3012153,1317.6793988969755
3012154,14.835685977314888
3012155,0.6086381170814739
3012156,6.914150394162361
3012157,9.393606557185203
3012158,0.10985492871631507
3012159,64.9180263338961
3012160,0.0
3012161,17.849749558835093
3012162,1.2638077930039262
3012163,74.7234287902694
3012164,6.208583760930079
3012165,138.71812637254536
3012166,59.08520646496986
3012167,2.951479735823429
3012168,3.8179186171701947
3012169,123.41297910234786
3012170,21.12157859834874
3012171,961.507256335055
3012172,3.0558317127623713
3012173,2.9176103083055662
3012174,3.978249742339063
3012175,0.0
3012176,0.0
3012177,1125.76992884014
3012178,0.0
3012179,192.82349602251904
3012180,4.810535873492097
3012181,356.9662504025069
3012182,213.0737608929294
3012183,67.19059291677479
3012184,30.160682406656115
3012185,20.962516712253045
3012186,1392.8001011757651
3012187,13.498816924152967
3012188,0.693826006761938
3012189,10.633445772389239
3012190,10.062178817618936
3012191,0.5124840079977384
3012192,67.49853557568736
3012193,0.14997502147213393
3012194,6.743123790586693
3012195,0.08780808399802469
3012196,17.932928590742254
3012197,0.5528184750482946
3012198,223.0222532991803
3012199,110.4338701409447
3012200,2.7814733027163703
3012201,1.2093451942331672
3012202,114.96925817508468
3012203,25.239649168836547
3012204,357.696996705233
3012205,1.8512843572314213
3012206,1.0539731100505654
3012207,4.660652632026711
3012208,0.25510200332131616
3012209,1.5750496066151343
3012210,2821.1890955470913
3012211,0.10861632452935868
3012212,531.0610316011167
3012213,13.219726149648265
3012214,779.5693045582007
3012215,836.2412260130608
3012216,269.99568481017616
3012217,221.0741937736603
3012218,89.83067299298777
3012219,3385.083237215194
3012220,22.116121639193018
3012221,3.3483832701211775
3012222,16.785905672456412
3012223,22.393622929661756
3012224,0.13313907523040588
3012225,210.63432206718537
3012226,6.524107167566689
3012227,30.646155850213045
3012228,8.271671357046149
3012229,100.0351635897541
3012230,3.91191921563743
3012231,246.3250479216344
3012232,193.1627806389759
3012233,9.582870159837514
3012234,6.899599116813779
3012235,332.3977188175733
3012236,59.781554553583845
3012237,2262.032839811035
3012238,1.9469573290415618
3012239,10.329121442429894
3012240,6.745149892063534
3012241,0.0
3012242,3.964281907590064
3012243,3191.563424821506
3012244,0.0
3012245,677.1023140379446
3012246,14.20232267818346
3012247,1149.7887248048087
3012248,941.0882178650867
3012249,391.11637191605035
3012250,297.01423296951594
3012251,60.63020885723402
3012252,4858.048012636746
3012253,15.825522887663922
3012254,1.0877225289036287
3012255,30.06183100784477
3012256,16.753449759745674
3012257,0.9004564336847581
3012258,277.02821294049807
3012259,0.0
3012260,8.377094340657193
3012261,5.84471961202545
3012262,37.37501166414484
3012263,1.2676061127765306
3012264,190.87639798898098
3012265,317.6835713872359
3012266,4.851357928334141
3012267,4.5436970159094745
3012268,218.93231754536194
3012269,83.2818001104859
3012270,3036.435861720997
3012271,13.82828000126622
3012272,1.6839183202876347
3012273,6.536867914597271
3012274,0.2083205833055385
3012275,2.0575872841501623
3012276,2816.982662489407
3012277,0.0
3012278,657.2699953536426
3012279,11.32739407372817
3012280,985.4839013510544
3012281,723.6233758772938
3012282,286.23007623573966
3012283,213.74068048362832
3012284,52.591151582369285
3012285,3953.6055831157128
3012286,15.87664150681392
3012287,1.6431896942615187
3012288,25.149089616610397
3012289,15.532285686343647
3012290,0.27829420377823805
3012291,247.59356365941053
3012292,0.0
3012293,9.236650191281049
3012294,5.117653448976986
3012295,57.08861761407752
3012296,2.367937821552694
3012297,120.59217401753402
3012298,230.46580459571885
3012299,4.563378264816245
3012300,3.102437366878889
3012301,190.27051313030205
3012302,66.49556133601176
3012303,2473.073276415955
3012304,8.583375255698597
3012305,5.682050557541595
3012306,8.018903873684996
3012307,0.8715474516027759
3012308,9.771919849860659
3012309,6836.199909470148
3012310,0.0
3012311,1002.5888976695097
3012312,41.147355455683716
3012313,1588.4527036409495
3012314,1715.8790652065882
3012315,300.84693185092783
3012316,414.3694467042419
3012317,270.49848533596503
3012318,6336.428169458907
3012319,85.10299984735647
3012320,3.0026409541354595
3012321,34.40010606044541
3012322,48.86858391399194
3012323,0.7617459531519176
3012324,415.77585640688505
3012325,26.05111818547607
3012326,53.45684415021697
3012327,20.972498031944337
3012328,171.27472966564414
3012329,24.708232512713554
3012330,546.0019023348891
3012331,380.37641237715604
3012332,14.651276363776441
3012333,19.28731231044998
3012334,886.0910771512938
3012335,173.18847468047244
3012336,6163.442897779116
3012337,0.7480238033338172
3012338,63.49622724775985
3012339,4.247542432859042
3012340,0.40018387344917433
3012341,1.2551094734755226
3012342,1615.7062794802546
3012343,0.0
3012344,169.69955870803096
3012345,3.9756643528250204
3012346,1171.9290079373209
3012347,283.3870217546313
3012348,117.70067803035458
3012349,162.63773421172033
3012350,50.2501519841318
3012351,2586.4599075385986
3012352,5.398036581266524
3012353,0.5649170685086334
3012354,14.604779614956321
3012355,8.148580231329772
3012356,0.6008116063525998
3012357,181.66325925168715
3012358,0.21783017755347805
3012359,0.0
3012360,3.4413553530947714
3012361,48.2369552391343
3012362,0.6757590193285337
3012363,75.07505030546167
3012364,97.43591833864984
3012365,1.8093724050222297
3012366,5.294508233215516
3012367,117.43496790974945
3012368,22.597462863474217
3012369,1242.216986989488
3012370,5.079250304514077
3012371,5.33820735724152
3012372,5.998460399267711
3012373,0.34368697533623027
3012374,3.119468228720691
3012375,3238.0114081201823
3012376,0.0
3012377,524.0030299911862
3012378,8.866623948268158
3012379,1122.590252959981
3012380,636.9610681947545
3012381,230.77943431465167
3012382,335.2795928032637
3012383,82.19485028723648
3012384,4176.6923137601125
3012385,13.507126734437676
3012386,0.5820915567767712
3012387,19.95621181006572
3012388,17.4394615533756
3012389,0.17308351213339015
3012390,262.8355183640692
3012391,1.8243235558445714
3012392,5.4384886114705475
3012393,9.970944682551531
3012394,19.561616106848007
3012395,1.9041973410187865
3012396,333.5035449865202
3012397,229.82541622588838
3012398,3.611164193101199
3012399,7.015807763260927
3012400,130.53623125354014
3012401,52.29337559890229
3012402,2712.756469520613
3012403,10.628488175081895
3012404,6.054349195927779
3012405,0.9568998714829738
3012406,0.013135314574800607
3012407,0.7588371623705719
3012408,1006.8816608198711
3012409,0.0
3012410,103.24767605342458
3012411,2.569578085926524
3012412,863.7625145231402
3012413,153.33766382286007
3012414,82.80274072918266
3012415,179.23175073506204
3012416,13.536657446433848
3012417,1900.4504526083133
3012418,2.4047388129043608
3012419,0.46034372227734704
3012420,6.8549704513798835
3012421,3.1043228315952316
3012422,0.017400468982817094
3012423,85.09098929190824
3012424,0.0
3012425,0.0
3012426,0.811604188714758
3012427,11.836952211024126
3012428,0.25056490094472533
3012429,74.44687178142452
3012430,76.15104307351372
3012431,1.0208159679400501
3012432,1.9557842051540428
3012433,52.73794972453319
3012434,10.364455351090216
3012435,386.05291431013654
3012436,3.6540894648055873
3012437,1.5246602096010595
3012438,7.678400292009592
3012439,0.0
3012440,2.9804756453680508
3012441,2227.6695747404697
3012442,0.0
3012443,237.10160688801608
3012444,7.982249520027615
3012445,927.1742116678679
3012446,394.38738538574796
3012447,179.1938413275998
3012448,150.1736415169318
3012449,56.36496193420152
3012450,2931.294159663656
3012451,4.29098977611915
3012452,0.9183707692916722
3012453,18.194894536076514
3012454,15.159699306942963
3012455,0.3402079728549166
3012456,193.9534154549214
3012457,0.0
3012458,0.0
3012459,13.981072911249532
3012460,25.681637013763275
3012461,2.0314394835032186
3012462,262.5594637312999
3012463,167.60762999286692
3012464,1.960949472418543
3012465,4.362227061546815
3012466,209.40053882734495
3012467,28.93353488472152
3012468,2079.605241535295
3012469,6.7949515785967
3012470,1.7783736586411671
3012471,3.2999041347167712
3012472,0.10264148629719427
3012473,1.9135169682372992
3012474,1899.1398490957204
3012475,0.0
3012476,609.3769244190095
3012477,5.68560745283608
3012478,815.3405724649722
3012479,541.2877390370786
3012480,215.21438382269
3012481,112.49413654520383
3012482,67.61701210311983
3012483,3591.19291137069
3012484,6.03760522220686
3012485,5.707438768858053
3012486,22.91682463813208
3012487,38.3513801456122
3012488,0.1860971309379981
3012489,195.52231400438865
3012490,4.40737086626037
3012491,4.216542518579105
3012492,3.772920058391148
3012493,22.466069032389882
3012494,2.4656940738541393
3012495,170.17378759564397
3012496,208.8362346600093
3012497,4.804754143220827
3012498,5.431510083226818
3012499,137.93377205630605
3012500,34.66969584429168
3012501,1186.6397382923951
3012502,12.04212271043351
3012503,4.186267499332619
3012504,4.471611341258735
3012505,0.0
3012506,0.5349651644095335
3012507,1221.765650381481
3012508,0.0
3012509,98.05417469949472
3012510,2.6751454254506175
3012511,432.5147865626537
3012512,179.42941701610647
3012513,93.2966436101948
3012514,124.07290919644711
3012515,25.570770293161907
3012516,1752.055610043486
3012517,5.050299857394346
3012518,0.14116802826732106
3012519,11.604501018019668
3012520,8.34939992824198
3012521,0.13830164491366512
3012522,93.66275743475465
3012523,0.0
3012524,0.0
3012525,0.7002389255925422
3012526,23.195055893627703
3012527,0.7758550608390549
3012528,222.60625403422387
3012529,82.93780809105279
3012530,1.0416011211158802
3012531,0.9171162698098556
3012532,51.01477493035517
3012533,17.32132069055904
3012534,704.3528124710416
3012535,4.055801346198205
3012536,1.254488387388677
3012537,3.932592808370216
3012538,0.07942706910066773
3012539,2.625898628520572
3012540,3031.06517594607
3012541,0.0
3012542,508.565091199087
3012543,8.401910151930352
3012544,854.7965954823285
3012545,640.9353342977446
3012546,227.56823988400527
3012547,172.35450139103372
3012548,67.32759672484276
3012549,3978.2026611228766
3012550,9.541978505034068
3012551,0.5310735826251938
3012552,25.721939047235228
3012553,8.855347697237582
3012554,0.3391970021537399
3012555,202.6107808862744
3012556,0.0
3012557,33.3546748908451
3012558,3.802986446219917
3012559,20.81342143695424
3012560,1.0268173740194255
3012561,233.16025655871698
3012562,187.4770541531094
3012563,3.1035960480186606
3012564,5.073532659878949
3012565,124.15174904365635
3012566,46.15392210533872
3012567,2748.2130397592005
3012568,21.36298426219017
3012569,1.9127721339756836
3012570,5.054430642368012
3012571,0.0
3012572,5.21300520831144
3012573,2580.0776165623347
3012574,0.022238612390234593
3012575,453.758732194931
3012576,7.7849594829268245
3012577,888.9241080276687
3012578,808.1092584387659
3012579,138.01990252909852
3012580,120.93246296613664
3012581,109.51122316251069
3012582,3361.78228241187
3012583,57.68461901879977
3012584,1.461420804217288
3012585,15.473689304363486
3012586,21.665647799085495
3012587,0.6895323016867063
3012588,215.31459522669869
3012589,16.248154768886636
3012590,28.598316226863275
3012591,1.415478609311919
3012592,84.4461684563876
3012593,9.543780635710243
3012594,209.39536244326828
3012595,197.6100138393675
3012596,8.907652861392918
3012597,12.840320513758643
3012598,232.50740287278444
3012599,53.46074953771028
3012600,2102.794350035785
3012601,0.26774520095612575
3012602,9.974495534372751
3012603,5.728619109966305
3012604,0.0
3012605,3.0092162168822716
3012606,2747.2576616695883
3012607,0.0
3012608,339.83439168918
3012609,12.172249513266319
3012610,870.9265292671191
3012611,635.1652992045323
3012612,130.0231008157835
3012613,71.90809589842304
3012614,87.3936899173719
3012615,2848.9775697166156
3012616,24.144717687399034
3012617,1.3278282336131024
3012618,20.4391176482699
3012619,82.46608066195246
3012620,0.17381142860064974
3012621,250.93677360046698
3012622,13.347825249979007
3012623,18.549024656873712
3012624,10.31777624713296
3012625,108.55583193121748
3012626,8.157508102120708
3012627,124.99282452222347
3012628,254.01294877496974
3012629,6.712307089912856
3012630,8.715944404292722
3012631,97.44211951453339
3012632,43.01925734963723
3012633,1459.7338685158013
3012634,1.4180871446410377
3012635,11.947570285807862
3012636,8.593441350423925
3012637,0.143767040188219
3012638,1.9281352254048247
3012639,3304.16571466823
3012640,0.0
3012641,681.6240024169862
3012642,7.5436854774125806
3012643,1525.8557378505552
3012644,637.0899981631954
3012645,210.53657924481024
3012646,268.57076618902187
3012647,65.74310457438334
3012648,5148.210711659524
3012649,42.85184213750184
3012650,1.312473459667358
3012651,21.30488753750987
3012652,15.988784726736855
3012653,0.24532413023638744
3012654,331.17620909083644
3012655,7.15661305711875
3012656,14.841158605938585
3012657,6.47090756589806
3012658,60.069418400618076
3012659,3.9870446620972815
3012660,123.46615114754235
3012661,236.3058360626632
3012662,7.2953283800542685
3012663,8.611129278459035
3012664,202.56435977868776
3012665,46.071915788909905
3012666,2838.9836919123295
3012667,3.2078213433573026
3012668,20.566574964506255
3012669,3.3639566557262235
3012670,0.0
3012671,3.1245445619032592
3012672,1987.8482629055634
3012673,0.0
3012674,301.75955237415
3012675,4.30629361917724
3012676,670.8182017114462
3012677,586.1782289901241
3012678,161.22096274948018
3012679,115.73997219725209
3012680,56.78495142024418
3012681,2832.2616345219626
3012682,24.319145999792926
3012683,1.392679059894579
3012684,9.841855357927784
3012685,6.7720185562406785
3012686,0.34828992992424984
3012687,205.3400707377994
3012688,17.386293284676615
3012689,18.741236182153347
3012690,1.4295688675700342
3012691,56.43997492059194
3012692,6.610677734683669
3012693,317.611992466483
3012694,158.86681683776732
3012695,6.527390510809736
3012696,6.775328025867643
3012697,287.0952997038591
3012698,21.942063691289352
3012699,1650.8270083765583
3012700,0.0
3012701,19.564904631478893
3012702,3.461914459779439
3012703,0.4733327185577974
3012704,2.9129424316639096
3012705,4064.5353967717824
3012706,0.0
3012707,404.52193515478723
3012708,7.762293945317174
3012709,1770.6522218969205
3012710,629.0351314266097
3012711,306.83857705714485
3012712,193.29108591179104
3012713,81.97813587961699
3012714,5339.07039816495
3012715,12.760038060592366
3012716,1.9194433616471505
3012717,29.209150925127737
3012718,29.426490999247335
3012719,0.25195322632813993
3012720,406.9108344406201
3012721,0.0
3012722,0.021357864704581248
3012723,11.386773808852132
3012724,12.634856470917466
3012725,2.2444003649066144
3012726,140.07094660496233
3012727,301.86382578513025
3012728,2.8476505448133564
3012729,11.036880351237336
3012730,177.87254868315426
3012731,56.72739459304968
3012732,2158.0048198630775
3012733,9.927254994699236
3012734,5.880794620201263
3012735,5.750781440288305
3012736,0.0
3012737,6.766798750631249
3012738,2572.8096811644796
3012739,0.0
3012740,422.48838806660933
3012741,10.040115467904839
3012742,1229.3651432007412
3012743,642.1337709564035
3012744,212.65897795955667
3012745,130.10133833812225
3012746,94.4403725793559
3012747,3393.1578205560463
3012748,35.951132197600245
3012749,1.5453957072953735
3012750,23.202248889028997
3012751,34.149473989469875
3012752,0.42132893235225316
3012753,215.30395329237726
3012754,17.88418394864176
3012755,19.40285473727922
3012756,8.588586941262692
3012757,101.62430717223008
3012758,8.728917292772202
3012759,183.50036030534085
3012760,363.71749629562544
3012761,11.047971673732722
3012762,8.143596806998671
3012763,182.6478238735252
3012764,40.463853718579706
3012765,1849.8656447894234
3012766,0.0
3012767,6.226170211559425
3012768,2.266815125985595
3012769,0.09887833383358911
3012770,3.973048954202631
3012771,2224.294321453606
3012772,0.0
3012773,364.0426107488404
3012774,7.788837511485075
3012775,596.3117533224303
3012776,682.0377471038496
3012777,146.0629443939172
3012778,114.93361502794232
3012779,93.17569252466625
3012780,2627.7619004446415
3012781,32.336844153116196
3012782,0.9719854237455388
3012783,28.570618037988556
3012784,23.138016639042284
3012785,0.0933032759592039
3012786,159.51917178730986
3012787,17.147298265928875
3012788,32.074720723666154
3012789,4.97954384025667
3012790,44.18118690925329
3012791,7.6043337706803396
3012792,203.53445753122057
3012793,151.3059412646556
3012794,9.244134750613785
3012795,9.020561950577033
3012796,175.68345459969333
3012797,36.57762852809829
3012798,1955.8813093752267
3012799,0.0
3012800,12.681139037646824
3012801,2.5720260217798914
3012802,0.022188177240632954
3012803,3.2194155869478362
3012804,4534.951274173011
3012805,0.0
3012806,515.6280148701957
3012807,16.055440510600686
3012808,1050.5212750459
3012809,581.8026919377643
3012810,235.0769111786707
3012811,207.7332648105659
3012812,51.8152378126045
3012813,4445.5946504529265
3012814,11.507788246877713
3012815,0.16753126800193877
3012816,7.450781446406278
3012817,14.757718882683081
3012818,0.13173455035331347
3012819,218.58201648945797
3012820,0.0
3012821,7.5640683584796005
3012822,1.6174682894675119
3012823,51.83906537247242
3012824,3.3962890941487456
3012825,208.32264502046002
3012826,226.80585135235052
3012827,2.99335751769083
3012828,1.4289644095375122
3012829,241.38883835740037
3012830,125.75943728320071
3012831,1867.1884807138183
3012832,10.840826061297118
3012833,1.2392487313591294
3012834,11.326168494530513
3012835,0.0
3012836,11.458527619838499
3012837,7215.444845379386
3012838,0.0
3012839,1313.7246733581428
3012840,21.52362919147845
3012841,1940.0986003157927
3012842,1797.2503281766187
3012843,412.4862561518561
3012844,484.69790019307044
3012845,325.10027922378146
3012846,7188.142309936202
3012847,86.47539919191206
3012848,3.612529531398052
3012849,100.35877050496532
3012850,106.10743963115512
3012851,0.40281844443200265
3012852,539.6471239372739
3012853,22.15798863348302
3012854,18.508163718558155
3012855,16.951061355518977
3012856,278.7214411100608
3012857,21.79476043031272
3012858,632.6591343826913
3012859,365.5787537709829
3012860,32.93245063067317
3012861,26.14439921236063
3012862,755.5830521456379
3012863,198.366465084343
3012864,6584.454428741754
3012865,71.02557730721072
3012866,63.09279576040303
3012867,11.35087859847723
3012868,0.0
3012869,9.364366327392071
3012870,6754.462415967439
3012871,0.0
3012872,958.3007853763663
3012873,17.575029897180926
3012874,2043.856015591235
3012875,1732.194698346193
3012876,544.5382132321663
3012877,307.3405025997345
3012878,233.40280390269734
3012879,8370.299153749327
3012880,143.78520461589858
3012881,2.0798242451190188
3012882,14.144821084173591
3012883,87.50163656511012
3012884,0.7395129396408866
3012885,529.4202501357257
3012886,17.61665452514095
3012887,32.67240553561776
3012888,5.254075913853691
3012889,146.37497218457372
3012890,14.96102556636888
3012891,810.5744452696543
3012892,488.3744510440484
3012893,17.7849692536505
3012894,22.91427416318001
3012895,958.7677582144904
3012896,149.34085643780688
3012897,4540.646316211229
3012898,157.5426111159965
3012899,64.97316068442825
3012900,10.385806401162277
3012901,0.0
3012902,13.193691779405485
3012903,4357.54651754653
3012904,0.0
3012905,724.9147124111188
3012906,11.530116992796499
3012907,1818.2432682397198
3012908,1176.7505147159875
3012909,563.0650835108788
3012910,119.56208515248686
3012911,170.73755735278027
3012912,6836.301219428715
3012913,46.86892236616265
3012914,2.711724237401771
3012915,27.805888197233784
3012916,22.77843273777719
3012917,0.2844640968453622
3012918,446.37197286987487
3012919,17.649744208136273
3012920,23.051409643370974
3012921,7.265914265266034
3012922,95.13864676701407
3012923,7.613909781290445
3012924,793.4373079082926
3012925,454.6764642488747
3012926,18.400061930874752
3012927,38.06557630014486
3012928,477.1278018783318
3012929,75.69310755579701
3012930,1856.6638160261102
3012931,92.75577681111236
3012932,31.605924587010673
3012933,11.803611160049673
3012934,0.0
3012935,13.241726887698192
3012936,6662.861007633006
3012937,0.0
3012938,942.5651919630263
3012939,17.472345888379124
3012940,1852.6442874246738
3012941,1651.9694760952073
3012942,514.1594628235766
3012943,290.50518139554214
3012944,172.40788430468896
3012945,7802.413845491895
3012946,47.52741712101
3012947,1.9860018865119717
3012948,25.802779273510666
3012949,71.1015388713526
3012950,0.9363563828732531
3012951,486.2396544559026
3012952,19.863823628485925
3012953,24.99241278424176
3012954,7.555773071210745
3012955,148.14426109332481
3012956,10.206833213605448
3012957,687.5698422215805
3012958,439.2670056935021
3012959,19.665681235752274
3012960,18.851713395638185
3012961,906.5360190073293
3012962,129.59665715936814
3012963,4133.3324521802515
3012964,105.46047373339482
3012965,45.48773186619187
3012966,10.717109923131249
3012967,0.0
3012968,13.821097954943422
3012969,3071.149436369584
3012970,0.033588226828602206
3012971,608.73105753104
3012972,12.176354631673737
3012973,1375.1767205244425
3012974,888.1073712924255
3012975,413.6165939284889
3012976,85.71688322213416
3012977,121.098146466812
3012978,5387.48942116427
3012979,38.04648180314022
3012980,0.3388140015972785
3012981,15.912086510338638
3012982,43.981436659248494
3012983,0.5892306528423414
3012984,382.5255687116152
3012985,13.601689906653831
3012986,10.714748062794682
3012987,2.158167437102435
3012988,81.56363897001114
3012989,4.178859067266659
3012990,662.2367374517952
3012991,403.09044185636475
3012992,14.891651096302033
3012993,15.406652756998236
3012994,561.5595693450792
3012995,43.712226720564445
3012996,1243.2584156467778
3012997,68.46043079856544
3012998,12.994314548717618
3012999,10.822869590201078
3013000,0.0
3013001,9.810815920840161
3013002,5127.787330522696
3013003,0.0
3013004,946.7954264556485
3013005,22.107203204156
3013006,1520.1371196180742
3013007,1742.0375262394477
3013008,336.76746567037077
3013009,410.69692759826705
3013010,256.7080942403257
3013011,6172.030291646284
3013012,77.16492224214694
3013013,1.0728482085279227
3013014,39.880241363061366
3013015,52.8325215037485
3013016,0.4940286041600736
3013017,386.9882526715017
3013018,11.916335326356501
3013019,28.84897703759202
3013020,12.679657706467108
3013021,173.1873519258994
3013022,16.0495880631821
3013023,607.6279041870513
3013024,371.9913082683004
3013025,16.804345405409663
3013026,24.04007633346912
3013027,792.1578677009786
3013028,131.38840533167124
3013029,6042.623947915015
3013030,76.73936489954346
3013031,60.27639379144044
3013032,5.827344279668425
3013033,0.0
3013034,4.1454992604475995
3013035,1728.7012053787053
3013036,0.0
3013037,319.33354590447766
3013038,18.20772719238697
3013039,843.6125147460767
3013040,492.0824956227249
3013041,198.0466702042249
3013042,80.04691390262023
3013043,76.7380353046078
3013044,2563.630904361679
3013045,49.953453608187324
3013046,1.1795784098655775
3013047,16.369812461011705
3013048,19.019851218996475
3013049,0.49235260728916264
3013050,203.76695552782255
3013051,12.657115614554952
3013052,10.941178943776809
3013053,9.385464862158802
3013054,41.250340201371415
3013055,6.479987829322632
3013056,232.70279330460048
3013057,190.1050990829079
3013058,3.4402294017444404
3013059,5.64954264275426
3013060,209.82661757289588
3013061,41.8382328442661
3013062,1402.293189769691
3013063,1.7643162120073468
3013064,9.575979517191605
3013065,7.963061508158075
3013066,0.0
3013067,10.000874708582009
3013068,3702.1294213516967
3013069,0.0
3013070,412.6349879779489
3013071,21.757909148719346
3013072,1324.8989850545145
3013073,920.4907509503342
3013074,347.1759078806503
3013075,90.90145841394211
3013076,104.69648960326758
3013077,5279.567622933724
3013078,105.42656512986652
3013079,1.5094217328055395
3013080,29.563694009922365
3013081,45.18673226210424
3013082,0.777819135617832
3013083,376.05009951977024
3013084,12.851559022243014
3013085,5.496931150673718
3013086,2.6693538250559685
3013087,106.31990390994125
3013088,7.261193419508685
3013089,504.4441217668804
3013090,378.54969665292236
3013091,10.922531887734412
3013092,16.12183859540479
3013093,331.34515516650674
3013094,50.98106235648568
3013095,1798.4695353539794
3013096,77.19186239370454
3013097,17.089447541442485
3013098,7.843548259422196
3013099,0.0
3013100,3.4315781036058803
3013101,3880.844498698532
3013102,0.0
3013103,715.6054316274683
3013104,8.70539470873293
3013105,1283.575327382803
3013106,1363.8284859130604
3013107,218.16962507571324
3013108,315.5943754604121
3013109,199.25517711118076
3013110,4475.206739291622
3013111,44.83690343310836
3013112,2.2655438267756756
3013113,22.20369837885997
3013114,32.80605481423516
3013115,0.6701830724177443
3013116,291.56968359101444
3013117,3.270252461652456
3013118,39.48744036433878
3013119,6.2468036718360125
3013120,117.98524011392743
3013121,8.861681520223101
3013122,518.6943624822645
3013123,279.67454710136957
3013124,18.411815302322577
3013125,10.567146233349286
3013126,488.3173899749095
3013127,90.75105061760286
3013128,4654.780926118607
3013129,17.479753965532616
3013130,38.06105975867186
3013131,13.980748814756247
3013132,0.0
3013133,10.081298719207906
3013134,5571.127906689103
3013135,0.0
3013136,984.9751936751672
3013137,14.024393614475423
3013138,2049.8929294791074
3013139,1431.9728419953096
3013140,453.3984746824786
3013141,258.65651642888645
3013142,393.63977213786814
3013143,7445.05305262526
3013144,57.303287044990924
3013145,3.9508629775960875
3013146,65.68003057270712
3013147,63.92041246339125
3013148,0.7277729021155522
3013149,459.2741804193826
3013150,10.832097906454589
3013151,66.59702186443747
3013152,9.600249943041781
3013153,254.24897225593557
3013154,12.62203530217448
3013155,599.3336915769867
3013156,444.61548940358944
3013157,18.320613087442982
3013158,32.96284448841866
3013159,588.9600489944769
3013160,168.33001449355814
3013161,5746.440030288657
3013162,15.482405040356397
3013163,14.110315979268991
3013164,7.544310813687286
3013165,0.16231291927018462
3013166,2.2047242707563046
3013167,1859.192438798103
3013168,0.0
3013169,396.48367780260264
3013170,5.4358347879468605
3013171,771.4303884271934
3013172,446.8286053209369
3013173,189.87814793509511
3013174,83.46413264449777
3013175,90.14839174743692
3013176,2639.7620090597884
3013177,14.028574685920654
3013178,1.1950991802102104
3013179,21.792405435794755
3013180,21.860508921072242
3013181,0.06251924952542225
3013182,166.95976078397885
3013183,4.2218791673486935
3013184,15.88217229953112
3013185,5.404004179299856
3013186,68.73241648084046
3013187,4.275748496907604
3013188,244.63640970716654
3013189,172.80149870665022
3013190,5.006873224483471
3013191,5.40655270400982
3013192,163.5876932372522
3013193,45.369733759428485
3013194,1550.1809702424425
3013195,0.34326080495211353
3013196,2.4250793259240644
3013197,5.734214299568255
3013198,0.0
3013199,1.6454335994435627
3013200,3353.047432061072
3013201,0.0
3013202,228.04641293895423
3013203,1.9544212502409661
3013204,1005.751444089361
3013205,226.18277477669173
3013206,213.43673023566592
3013207,65.04063055186393
3013208,32.2734113423058
3013209,3122.891573452399
3013210,7.827359053939069
3013211,0.26791086957273275
3013212,16.71818478542355
3013213,13.657205276028229
3013214,0.14773268455317964
3013215,202.2506288564243
3013216,0.0
3013217,0.0
3013218,3.6997981450283146
3013219,27.893474039003806
3013220,1.1286908580445851
3013221,54.26982267746419
3013222,155.36459902216083
3013223,0.0
3013224,1.0914729105301382
3013225,66.67481315566825
3013226,95.51103007479533
3013227,904.8680375802401
3013228,1.7805011566082452
3013229,3.7303012172887287
3013230,6.051643970178456
3013231,0.18976996554860884
3013232,4.8638057728787665
3013233,2896.3884691779995
3013234,0.01988541379735965
3013235,481.016838742884
3013236,10.020376087623113
3013237,1076.091095001151
3013238,814.8397587035982
3013239,296.1080739056239
3013240,154.52205403609668
3013241,119.08628813560168
3013242,3942.835411479922
3013243,43.10095114930116
3013244,1.583890597086877
3013245,17.824550485781618
3013246,53.904690990279434
3013247,0.2107871026499793
3013248,281.19362116084926
3013249,17.052238436795097
3013250,11.669747226072479
3013251,6.945815007963911
3013252,66.3002290287971
3013253,6.687395357565168
3013254,391.37926430237866
3013255,251.72015226624166
3013256,8.012894977258595
3013257,11.076405778012404
3013258,440.0535405763877
3013259,58.406726836566065
3013260,1921.594997979468
3013261,0.0
3013262,28.43723626653198
3013263,5.077784411926856
3013264,0.0593556927753127
3013265,5.0893869659036595
3013266,3828.2411447729637
3013267,0.08967940296530807
3013268,674.9914087765169
3013269,16.50482202789122
3013270,1096.6908190565123
3013271,1257.7657098243674
3013272,188.5587492646977
3013273,281.6731160771892
3013274,202.37734299109678
3013275,3865.9900173428264
3013276,50.09826460114402
3013277,3.2352602168050786
3013278,37.15538147506373
3013279,28.9645158856819
3013280,0.8673755635970042
3013281,232.95682922782794
3013282,16.088200606439884
3013283,47.01730018174975
3013284,8.072245305347714
3013285,112.80315973802877
3013286,12.427053954874408
3013287,423.93964266066564
3013288,219.5302153246713
3013289,8.88416985091577
3013290,12.72248225065239
3013291,608.6691021771968
3013292,106.26885869491548
3013293,4800.2283137795885
3013294,0.3717918795409268
3013295,39.93729872451374
3013296,4.364893765791817
3013297,0.3299681132409317
3013298,6.876204313917793
3013299,3417.457841061192
3013300,0.0
3013301,688.3378120767968
3013302,20.00820918721642
3013303,1002.5495858672134
3013304,1102.7354249605341
3013305,229.45667539691007
3013306,266.4270288288925
3013307,120.44145776580532
3013308,4005.4242098037157
3013309,33.353581377553915
3013310,3.705290673974461
3013311,38.011989025140224
3013312,41.991999977657784
3013313,0.7230183894916596
3013314,268.7630311421734
3013315,20.02301494019077
3013316,35.27549192228713
3013317,19.15972347464613
3013318,103.26193082248065
3013319,15.192607764644508
3013320,348.07684579313224
3013321,258.81310800641836
3013322,16.052451262710978
3013323,18.88327368541975
3013324,460.07716479374096
3013325,96.41451774064171
3013326,3423.9861131747048
3013327,0.14997658920992835
3013328,30.59127651032519
3013329,14.25579278663789
3013330,0.06485615615566936
3013331,5.344383345867291
3013332,2703.1332498897236
3013333,0.0
3013334,486.50625310622024
3013335,10.326953109563501
3013336,1248.9749583547584
3013337,703.6040568358787
3013338,451.99550477759124
3013339,184.71374555654305
3013340,67.34751224961343
3013341,5140.618478460789
3013342,14.980856626312583
3013343,1.2999114112687689
3013344,3.317385036097144
3013345,32.02416284078888
3013346,0.21388847752572485
3013347,355.9565588639715
3013348,15.248158304560334
3013349,9.170426952916033
3013350,6.6639998565747485
3013351,34.99705339834484
3013352,3.0377964812315343
3013353,300.61930321391725
3013354,322.1222125177149
3013355,5.891205381226115
3013356,6.562262737160687
3013357,312.39570454543764
3013358,99.71688067100835
3013359,2140.782833688792
3013360,36.76336196984916
3013361,17.445090324708456
3013362,4.700645223846884
3013363,0.0
3013364,3.535463677393165
3013365,2389.166474868744
3013366,0.21730646983508337
3013367,397.8782684118477
3013368,16.354415036834208
3013369,817.062688328786
3013370,808.4756229170322
3013371,138.76847232922623
3013372,158.81243519961657
3013373,156.15415864156273
3013374,3025.17137613976
3013375,28.658816610956162
3013376,2.2272663577457505
3013377,25.608539232656913
3013378,26.698379018275098
3013379,0.7639071459813327
3013380,198.56803608837453
3013381,16.517347178945133
3013382,23.7238742839568
3013383,9.446419940030692
3013384,97.2630223215507
3013385,8.02178089832184
3013386,298.69567561808026
3013387,147.73175343953332
3013388,4.902054418331785
3013389,11.131024823955194
3013390,356.81169389235026
3013391,60.28707446711084
3013392,4061.8594520317015
3013393,0.13101641112248982
3013394,27.90574523785442
3013395,1.2729382225559833
3013396,0.0
3013397,1.8876216335975127
3013398,965.9572237617615
3013399,0.0
3013400,79.86551673084438
3013401,4.014084103233484
3013402,600.7400492170198
3013403,358.58483983920524
3013404,188.05216834875802
3013405,34.76167061185705
3013406,25.179062802951417
3013407,2053.4633377502278
3013408,6.88114194344264
3013409,0.34156711534450734
3013410,9.827310578805477
3013411,7.210432679974216
3013412,0.2004286697994627
3013413,118.27016788721856
3013414,0.0
3013415,0.0
3013416,1.3742141087670017
3013417,11.308472496285027
3013418,0.4757098452802143
3013419,136.2009596057737
3013420,111.53097039241801
3013421,0.6073907333604489
3013422,1.637004299272806
3013423,118.2499065611118
3013424,16.665185310562354
3013425,202.30095947326924
3013426,0.4518132419193494
3013427,0.32269080309399634
3013428,5.152990022483097
3013429,0.02385197322065666
3013430,2.1010772196645524
3013431,3546.9917911378834
3013432,0.0
3013433,551.3876607577382
3013434,8.174793582403717
3013435,1251.3471448918126
3013436,575.8120665545342
3013437,389.53214936721724
3013438,190.67517923000534
3013439,69.27580382619244
3013440,5608.394713251389
3013441,30.861027742498433
3013442,0.48183810690407053
3013443,1.1057657979053226
3013444,13.613728527565021
3013445,0.29340413624599143
3013446,334.4043748586311
3013447,13.122690882705202
3013448,0.9944288735466025
3013449,8.473008935057667
3013450,47.58402354063033
3013451,2.1052509938327635
3013452,536.2931917394935
3013453,240.36256518178848
3013454,2.0866373469398742
3013455,10.914618714853507
3013456,332.6270889145167
3013457,98.2029983265901
3013458,960.1123437312391
3013459,6.911515204926121
3013460,6.7111496389928895
3013461,4.112397541126822
3013462,0.021282263634733223
3013463,1.4465788353461786
3013464,1504.5919283735122
3013465,0.0
3013466,186.90688344457195
3013467,11.752851859222075
3013468,840.8112241640742
3013469,524.9299297342988
3013470,209.17733457917262
3013471,31.670619502444296
3013472,29.610180391547594
3013473,2835.696703046719
3013474,10.483582869047225
3013475,0.29013638686996557
3013476,11.54225587130263
3013477,15.627663017085741
3013478,0.5752702201114316
3013479,155.343175931304
3013480,9.544655716386542
3013481,0.0
3013482,3.367910227978459
3013483,35.7304802872682
3013484,1.6606756577469732
3013485,120.34285477388946
3013486,147.13811089185978
3013487,1.7956796885519957
3013488,5.131766470236431
3013489,131.2101904563554
3013490,39.939295259648674
3013491,330.00142678660654
3013492,1.5300629882704666
3013493,4.73100881487498
3013494,2.923561630633016
3013495,0.0
3013496,4.0544421634802505
3013497,1297.0029589983506
3013498,0.0
3013499,102.22897565588738
3013500,7.632450967464864
3013501,612.8349906060782
3013502,310.6674929482093
3013503,125.35893239272289
3013504,54.85545705347366
3013505,25.600198549003867
3013506,2324.892655301382
3013507,13.893798639627617
3013508,0.16040713104525903
3013509,10.03973024334914
3013510,6.876066867303456
3013511,0.16311545242373868
3013512,111.91253999362229
3013513,1.1548474977992278
3013514,0.0
3013515,3.346756300048719
3013516,31.939270711144868
3013517,0.6153255991718228
3013518,126.61465188275596
3013519,123.01348459142127
3013520,0.5938080642831024
3013521,3.8534445129764716
3013522,43.302656824515736
3013523,32.61792679686377
3013524,150.7382720909229
3013525,0.769140641642305
3013526,2.6382514281179574
3013527,2.464374253457915
3013528,0.0
3013529,3.029289056211374
3013530,1257.3973591875338
3013531,0.0
3013532,141.31190468959494
3013533,7.532818129018723
3013534,1245.488960833815
3013535,447.24013738473855
3013536,211.22687158640295
3013537,25.71951446655525
3013538,45.562715111926586
3013539,2656.2247674603127
3013540,12.815565638455379
3013541,0.3438916942008788
3013542,5.761581145201528
3013543,22.081484822866116
3013544,0.07594995170221852
3013545,166.8483747962382
3013546,2.493188142549186
3013547,0.0
3013548,3.0982997330211615
3013549,14.323435374195148
3013550,1.6302733717571265
3013551,165.71514658829838
3013552,240.10624217071563
3013553,1.2432983362842078
3013554,3.534454127158715
3013555,70.46223950158873
3013556,86.98534907653605
3013557,322.17799576465507
3013558,0.8271036289924806
3013559,2.7028823650574734
3013560,3.218795595409965
3013561,1.3321421806067528
3013562,3.5868727121673865
3013563,1556.7447623351916
3013564,0.0
3013565,149.8737369132005
3013566,1.0540233769781318
3013567,877.926014448953
3013568,451.1369148026989
3013569,262.84851676589466
3013570,75.7289997033003
3013571,59.453935005352214
3013572,2695.2089308624027
3013573,9.57358986844114
3013574,0.8129689455243408
3013575,15.81241540167295
3013576,18.25659819989187
3013577,0.27375554653993855
3013578,205.9022249478894
3013579,8.108074010232995
3013580,0.0
3013581,4.706574648995293
3013582,21.462806312083096
3013583,1.824519854795925
3013584,144.82219607924134
3013585,154.41330469623443
3013586,0.8081191268526904
3013587,4.889145871785614
3013588,107.61657679993863
3013589,46.90064147579086
3013590,591.4695885041431
3013591,0.9264108629134965
3013592,5.36851202819826
3013593,3.3634773225951684
3013594,0.039688434855984576
3013595,2.524877310219765
3013596,1417.7789765055868
3013597,0.0
3013598,130.87924424097648
3013599,3.9545180320510065
3013600,1674.8566652911425
3013601,246.85525615523176
3013602,134.6267725758276
3013603,110.68520865507027
3013604,25.200148958867725
3013605,2109.1831989410375
3013606,7.693092638192535
3013607,0.4347484952764438
3013608,6.436128702585216
3013609,9.866604853255666
3013610,0.17582999642604488
3013611,143.5202436577864
3013612,0.0
3013613,0.0
3013614,1.288029075094435
3013615,47.70280036049439
3013616,0.6812074033635357
3013617,53.00320916165557
3013618,110.36322642306718
3013619,0.9052062365278596
3013620,2.233204485587955
3013621,58.89248233811728
3013622,27.410299406318938
3013623,442.4511554129038
3013624,6.1400423034653775
3013625,1.4603889334312825
3013626,7.223721398602088
3013627,0.5151020429464556
3013628,2.6894843153811374
3013629,2466.595980420151
3013630,0.0
3013631,263.75248318569476
3013632,4.006738685474907
3013633,793.9114368856208
3013634,889.2602771270416
3013635,420.8298764202237
3013636,124.43224876534823
3013637,79.58353063777852
3013638,3637.4395964826817
3013639,13.923195298848796
3013640,0.7119197341416698
3013641,13.75865077765012
3013642,5.934102568629322
3013643,0.4698843597305933
3013644,220.11487999853452
3013645,0.6437070386109818
3013646,0.0
3013647,3.480793209522151
3013648,27.103978635778194
3013649,2.9274558765308916
3013650,247.051024079294
3013651,189.06316203447201
3013652,1.4415730685941377
3013653,4.650143702208493
3013654,286.27640167227315
3013655,41.238774334769246
3013656,1080.9188850293149
3013657,2.5019791966085037
3013658,10.603953971126034
3013659,3.296419302837613
3013660,0.14946413246933987
3013661,2.699465906300396
3013662,1478.315876345065
3013663,0.0
3013664,512.6612024745847
3013665,6.377510209848924
3013666,393.0046747040058
3013667,650.2273274903475
3013668,158.20386142157818
3013669,118.07433744187183
3013670,41.57023370441027
3013671,2125.7561019717696
3013672,9.135633542507168
3013673,0.7869102772201295
3013674,15.654327716425513
3013675,12.34647578427884
3013676,0.5258905322432175
3013677,138.95721541471636
3013678,10.855170732206235
3013679,3.8111763990709973
3013680,4.391244182816339
3013681,50.394965055738815
3013682,1.3520744471156525
3013683,71.51632955009092
3013684,101.52373663578177
3013685,4.436779828536102
3013686,4.572431810894573
3013687,120.31369351421246
3013688,53.95383150623479
3013689,1187.376353958304
3013690,9.589802636957161
3013691,8.353786064540786
3013692,3.8703070655492375
3013693,0.30532959775219637
3013694,2.926894617640487
3013695,2058.5454956475664
3013696,0.0
3013697,135.80710346640865
3013698,5.949764706257041
3013699,741.8636805571002
3013700,309.67232568041334
3013701,243.621920571427
3013702,53.93061509064989
3013703,44.55392398378248
3013704,2887.3494326491286
3013705,31.955023683357677
3013706,1.0240847178487944
3013707,11.216135950885063
3013708,13.783973733017337
3013709,0.015638130325489417
3013710,139.74697009311203
3013711,5.821265345211004
3013712,0.0
3013713,3.2990981706514604
3013714,30.60673326028677
3013715,2.8630298038550657
3013716,105.82971266601211
3013717,133.49602028629158
3013718,1.0510978315127026
3013719,3.93552178475196
3013720,73.69466050249859
3013721,24.00210787232189
3013722,321.06125410218687
3013723,0.7381174249092246
3013724,2.511779457272048
3013725,4.3399183680289095
3013726,0.0
3013727,6.321085478273266
3013728,2645.744893810717
3013729,0.0
3013730,591.2061992507889
3013731,10.545060345238559
3013732,854.6639015991452
3013733,775.0776737198385
3013734,195.30585415076692
3013735,158.7993711291943
3013736,103.14841243054562
3013737,3560.530632883675
3013738,44.35601960397381
3013739,0.6646807812724166
3013740,11.015105706258305
3013741,45.648793030704134
3013742,0.3930966443458521
3013743,223.38715258150938
3013744,17.663952229064872
3013745,16.767177030792958
3013746,5.612410665372991
3013747,71.55745517825423
3013748,6.935560596447542
3013749,464.5151801036917
3013750,187.4465659556086
3013751,8.532511274946947
3013752,8.48504464224262
3013753,402.4190124042816
3013754,86.28265112223635
3013755,3235.468961801742
3013756,0.0
3013757,32.21143229258667
3013758,6.726687643671819
3013759,0.014604716467863384
3013760,3.2687910951713377
3013761,2355.9899533880252
3013762,0.0
3013763,349.6995747670664
3013764,7.434303588844625
3013765,1184.8317857603986
3013766,706.4834871972718
3013767,433.1943847051974
3013768,66.95875941128423
3013769,50.02336552764707
3013770,3955.6681666098007
3013771,14.021038332723435
3013772,0.6495259929855363
3013773,13.63593645724698
3013774,12.523917106514338
3013775,0.10068878353089997
3013776,238.5396091887928
3013777,2.0454926975892076
3013778,4.177281058659664
3013779,3.34367222659794
3013780,40.552713464933305
3013781,0.833313890518394
3013782,252.9757722926063
3013783,192.15941272449882
3013784,3.5468054416785004
3013785,2.802755674924471
3013786,193.17071016402065
3013787,33.33579700299842
3013788,610.0706690545527
3013789,11.836076051932888
3013790,11.287287845286
3013791,7.496025149943691
3013792,0.012049651672253659
3013793,3.1843078010264274
3013794,2203.2136285160063
3013795,0.0
3013796,359.7124330101895
3013797,6.2376537823045215
3013798,1689.291107396398
3013799,600.5517108874778
3013800,253.33273198669875
3013801,200.7484895771866
3013802,88.64080708077816
3013803,3231.2570108398513
3013804,15.306363555561614
3013805,0.7380090026577623
3013806,26.48892722960394
3013807,48.91648355586542
3013808,0.20335178806791077
3013809,235.63586518759834
3013810,3.5220327437527317
3013811,1.4909645291450917
3013812,11.265736679126245
3013813,66.67876728937661
3013814,1.4677748023690227
3013815,97.44815361967542
3013816,189.9194605943344
3013817,2.849100287895004
3013818,3.7206682443088344
3013819,135.15417381675064
3013820,133.5459392679458
3013821,1078.896261800176
3013822,8.564870526475366
3013823,6.098386887130607
3013824,2.6836076159208373
3013825,0.02572979045899171
3013826,3.2177817327449962
3013827,1414.4863342715835
3013828,0.0
3013829,125.96468458880071
3013830,6.434392890366284
3013831,575.6975835925225
3013832,345.1620607693271
3013833,125.49555166951228
3013834,50.66569258459113
3013835,42.67564695688507
3013836,2247.1078798710423
3013837,12.354686547266644
3013838,0.7024510623607335
3013839,12.387305935878954
3013840,13.93663632819885
3013841,0.0
3013842,143.50962417069982
3013843,3.074990380109886
3013844,0.0
3013845,3.9219003908386365
3013846,63.21347171457798
3013847,1.6315915233449023
3013848,97.88226525012588
3013849,130.77682931065067
3013850,0.9962134384252966
3013851,3.379716851730152
3013852,138.2360298038898
3013853,37.38265929242607
3013854,417.956815860504
3013855,0.8919415859559594
3013856,2.207863523242652
3013857,1.5597939106407848
3013858,0.0
3013859,0.7837327333260324
3013860,1393.347180506699
3013861,0.0
3013862,265.40659726447615
3013863,9.94448696516436
3013864,534.8034803614376
3013865,473.5121129958627
3013866,119.19611149880159
3013867,50.23766656350712
3013868,67.37089357563478
3013869,2134.643811574095
3013870,26.653721753132043
3013871,0.46304433945497736
3013872,13.535928319767901
3013873,13.439573485842073
3013874,0.15855919036325003
3013875,121.57782668136073
3013876,11.048279498361593
3013877,1.2232311280382384
3013878,2.388295134498017
3013879,43.4862016241006
3013880,4.436463072325922
3013881,488.0263861961046
3013882,131.23014475034853
3013883,4.412548292819379
3013884,5.825996512063062
3013885,325.1725613703223
3013886,30.37319095548523
3013887,1561.0480138329176
3013888,0.0
3013889,6.02602294982873
3013890,3.6507381634028113
3013891,0.0
3013892,3.4337458583745404
3013893,3696.795746616806
3013894,0.0
3013895,776.1887786033878
3013896,14.565938316406097
3013897,1223.2669234060427
3013898,1334.3484252697845
3013899,274.4190021987973
3013900,259.18951412530447
3013901,182.42855359461046
3013902,4440.966526624236
3013903,38.12920892229307
3013904,1.1865299453223306
3013905,19.646776118799405
3013906,37.55377420259571
3013907,0.18122009111937465
3013908,277.9322653095205
3013909,13.127379874843134
3013910,42.685529109950906
3013911,10.137824698406995
3013912,82.60357522335688
3013913,12.513212469015762
3013914,406.84932375367197
3013915,261.48509149284763
3013916,16.66895882229785
3013917,9.505851849714174
3013918,569.9319733079808
3013919,117.44552555202021
3013920,6024.823374190942
3013921,0.5564053847648743
3013922,25.281661788267346
3013923,1.767287811356478
3013924,0.039646307052598175
3013925,2.364068649803537
3013926,1543.8838160649598
3013927,0.0
3013928,310.3328037320846
3013929,3.8911177256748677
3013930,374.1362941222055
3013931,498.6363896448015
3013932,122.07634159214183
3013933,101.00122148457359
3013934,18.922293933514016
3013935,1637.8300866206528
3013936,16.072450492648176
3013937,0.38993891933823155
3013938,8.217757471057173
3013939,11.938159503256182
3013940,0.05267857747273221
3013941,87.0039295944625
3013942,0.0
3013943,28.704930494738008
3013944,1.7501130951921633
3013945,92.29674474840772
3013946,6.187745871196527
3013947,204.22618641595682
3013948,84.57829890351314
3013949,4.686936675341004
3013950,5.069947452971908
3013951,165.73486963184268
3013952,31.99047597003369
3013953,2454.2593528015427
3013954,4.194999197625337
3013955,3.011716690544703
3013956,4.123545732062132
3013957,0.0
3013958,0.003476081264261782
3013959,783.808473350547
3013960,0.0
3013961,207.78024956976435
3013962,5.986544642267871
3013963,443.96192558273566
3013964,243.80851939934402
3013965,75.22320596511408
3013966,33.05423836424073
3013967,27.898809849745067
3013968,1510.9416423142045
3013969,14.578302678155124
3013970,0.8695565558950018
3013971,11.247419212350632
3013972,10.89459312848314
3013973,0.4708631340311877
3013974,75.81016660549237
3013975,0.0
3013976,4.995998119359111
3013977,0.15758649462727195
3013978,21.808377898008988
3013979,0.34972329438235716
3013980,258.6519622240801
3013981,121.34272810430122
3013982,2.7574548651016824
3013983,1.46000034875991
3013984,128.6133625427004
3013985,20.83812196226855
3013986,962.9107006486569
3013987,1.4401729376679413
3013988,1.5301958111787823
3013989,4.137659160277121
3013990,0.2684668504644582
3013991,1.7112423903865608
3013992,2997.4557715068295
3013993,0.0
3013994,580.9197965209922
3013995,12.433816193104542
3013996,893.5867017233503
3013997,929.9315706727572
3013998,285.2237531803587
3013999,246.8962450744735
3014000,110.22149633560852
3014001,3756.444204104423
3014002,22.557561637039544
3014003,2.6805695644612344
3014004,21.90516393489504
3014005,24.682964328910547
3014006,0.3445167547915109
3014007,226.33998802232972
3014008,4.6886325969788185
3014009,32.18634676857413
3014010,7.211196413524304
3014011,99.17974817388401
3014012,4.059744151189678
3014013,273.15040593969695
3014014,201.97353182507675
3014015,10.375704280392089
3014016,7.26094256422074
3014017,354.08560100707024
3014018,72.47881292733601
3014019,4045.6553141617705
3014020,1.6125148657930382
3014021,17.10133859523702
3014022,4.986828567172252
3014023,0.0
3014024,2.3721965388240815
3014025,2400.1498083961947
3014026,0.0
3014027,539.229173984295
3014028,15.71805998010836
3014029,881.1553672577122
3014030,813.1023733127284
3014031,325.0820134161038
3014032,205.39557420823917
3014033,48.123827207020675
3014034,3859.7415682332544
3014035,11.726087601366618
3014036,1.0061344592428887
3014037,25.94094094327259
3014038,14.264175564182846
3014039,0.8483266054254258
3014040,226.09820061994915
3014041,0.0
3014042,7.674501206150785
3014043,6.270117471201389
3014044,31.093991846682886
3014045,1.1614451486071058
3014046,158.5796574786417
3014047,206.6564320110376
3014048,5.347662351320199
3014049,4.207835738764328
3014050,175.71521096330844
3014051,74.66802387977829
3014052,1171.6773854624173
3014053,12.765690067981069
3014054,0.0
3014055,5.879401071773196
3014056,0.5894467392505115
3014057,1.6673615897593654
3014058,2409.0449606137063
3014059,0.0
3014060,528.9376858493752
3014061,9.49936009335293
3014062,795.8200560769042
3014063,722.58658969506
3014064,232.1381460258595
3014065,176.58061168592246
3014066,50.73645008843181
3014067,3248.9614440107266
3014068,12.960808217000956
3014069,1.3007166313711898
3014070,21.711191751519102
3014071,10.922259651952398
3014072,0.2909880652797956
3014073,216.15764396608986
3014074,0.0
3014075,6.8386583385180275
3014076,4.746314188845834
3014077,59.49765283804766
3014078,1.453690089664759
3014079,98.46449722611005
3014080,206.12565073878372
3014081,4.425697370625821
3014082,2.7058006957835476
3014083,155.1664855073307
3014084,55.000076232864274
3014085,837.8029604981933
3014086,8.861229886914657
3014087,4.365016466504895
3014088,10.470815956320566
3014089,1.2545503388342638
3014090,10.790151321359943
3014091,7202.628069408047
3014092,0.0
3014093,1141.1647126690123
3014094,39.04184289139139
3014095,1839.6630434229028
3014096,1997.3279579655057
3014097,309.4779185044991
3014098,470.09226173832155
3014099,320.07895594156867
3014100,7098.034953696003
3014101,89.49469517905287
3014102,2.838124132976956
3014103,43.96034578838061
3014104,50.365037061630595
3014105,1.3060543472518953
3014106,472.14984223562954
3014107,28.879317455923566
3014108,74.77448342666894
3014109,18.049525614453103
3014110,194.59819970837574
3014111,23.870089643543785
3014112,621.3150194680352
3014113,401.5615069299771
3014114,14.311665946999694
3014115,17.265108421932702
3014116,961.3411098559637
3014117,189.12375097070267
3014118,10359.15093827237
3014119,1.1956949515920172
3014120,72.31383025492842
3014121,2.7882087308022525
3014122,0.36918875934339057
3014123,1.0490341150187363
3014124,1306.632950254344
3014125,0.0
3014126,138.46382473747207
3014127,3.659334169615646
3014128,917.026451823709
3014129,309.53631059089804
3014130,108.2032791305141
3014131,122.37870366524483
3014132,46.000138091059
3014133,2457.174713918548
3014134,6.10952000297296
3014135,0.30483077823725446
3014136,11.622637390863302
3014137,7.6664394899845885
3014138,0.4226830545892521
3014139,156.24665572348675
3014140,0.0
3014141,0.0
3014142,4.429161149037942
3014143,65.7478825756565
3014144,0.46092961095955826
3014145,57.04530728514624
3014146,83.90577568875588
3014147,1.6066026164644425
3014148,5.156776269662533
3014149,104.79245720908047
3014150,15.191204431669894
3014151,435.4611334950876
3014152,4.854227123131412
3014153,3.393882792788737
3014154,7.321746996355036
3014155,0.11640677219373854
3014156,2.950014340077939
3014157,2685.540353305085
3014158,0.0
3014159,418.8173083389209
3014160,8.45834973135126
3014161,1043.6716710594035
3014162,701.4679471932195
3014163,200.31016772620518
3014164,234.76922171505237
3014165,75.73636958223373
3014166,3665.720558335979
3014167,12.992066630427455
3014168,0.2470628691141158
3014169,12.524453882783112
3014170,13.91819555159766
3014171,0.23630462068485591
3014172,235.19426470830416
3014173,2.319059289802205
3014174,2.5717419753466144
3014175,11.013070389626973
3014176,13.452492337683305
3014177,1.6644663882597048
3014178,269.4958326269142
3014179,203.18447089987123
3014180,4.38173547854953
3014181,5.695529016052612
3014182,110.20774813637833
3014183,58.0949013589955
3014184,1044.2113128380577
3014185,10.059192973684992
3014186,5.522804990923455
3014187,0.9290365624384722
3014188,0.0
3014189,0.6064535736219457
3014190,725.3501741051668
3014191,0.0
3014192,100.40576791699128
3014193,1.7850470605950541
3014194,721.2400610177539
3014195,176.10295176296967
3014196,82.08138829404719
3014197,164.9071495061846
3014198,11.496683737682034
3014199,2080.3598654485213
3014200,2.414760140931692
3014201,0.2800355760136012
3014202,8.329524150296875
3014203,2.9674207623193927
3014204,0.11522485004976141
3014205,81.47455510802375
3014206,0.0
3014207,0.0
3014208,0.9971347851968922
3014209,8.424864580719024
3014210,0.27446329023438765
3014211,62.23811765585304
3014212,54.58112017619495
3014213,0.9605100333410547
3014214,1.464955411656124
3014215,45.956806008507236
3014216,9.286825275096323
3014217,135.379039130875
3014218,4.570929411553202
3014219,1.557882539762085
3014220,6.836279367729596
3014221,0.0
3014222,2.944004722859106
3014223,1642.9823350398374
3014224,0.0
3014225,186.6143175662382
3014226,8.393971153958654
3014227,805.4310528508216
3014228,471.92417831161737
3014229,152.40203182366338
3014230,125.8725364386042
3014231,54.40144821881192
3014232,2685.572149669185
3014233,4.7521339253935215
3014234,0.8233109219598884
3014235,16.60076164313204
3014236,13.479784621084024
3014237,0.06937706180606192
3014238,188.396356268413
3014239,0.0
3014240,0.0
3014241,13.207672573079439
3014242,20.340961678914184
3014243,1.0383436886677524
3014244,233.42114748544543
3014245,163.68633140400007
3014246,2.1013682784794434
3014247,5.427401039127316
3014248,196.19737262378632
3014249,27.5119683313942
3014250,1097.9020388095691
3014251,5.088138918328213
3014252,1.157986554350497
3014253,3.267941189872819
3014254,0.23643384547029345
3014255,2.343124599620892
3014256,1694.0890558015644
3014257,0.0
3014258,578.4372766110481
3014259,5.375687021666034
3014260,707.3769020920885
3014261,723.3143389217287
3014262,202.15118585241598
3014263,90.85902892578372
3014264,63.509548051880245
3014265,3255.068061171956
3014266,4.7944606965932355
3014267,4.655039374607682
3014268,10.813275979094852
3014269,35.91618350008783
3014270,0.006658631297079338
3014271,183.15972714032822
3014272,3.424587200976465
3014273,2.933959287408338
3014274,3.1496503198795107
3014275,27.737667663058875
3014276,1.9053824769512122
3014277,166.9548769664958
3014278,215.9272296015385
3014279,4.070472829235413
3014280,5.727947300398583
3014281,136.42227418061586
3014282,32.95088507041164
3014283,563.1865588364111
3014284,10.711096775806604
3014285,5.0815899428921725
3014286,3.400020672317895
3014287,0.0
3014288,0.5685244683557711
3014289,1224.1317192369652
3014290,0.0
3014291,72.89407878585004
3014292,2.498424296524344
3014293,410.0420858645494
3014294,206.3416991816872
3014295,75.79142083086515
3014296,122.52976665821566
3014297,23.83390826793723
3014298,1571.718482529658
3014299,5.250621515327399
3014300,0.5347522543625491
3014301,12.414807751103531
3014302,9.029771220119928
3014303,0.23265652741223117
3014304,89.66431786516947
3014305,0.0
3014306,0.0
3014307,0.4383258562947836
3014308,22.452998574436474
3014309,0.503248826995524
3014310,176.51246026091917
3014311,80.70409480520789
3014312,0.6272252993927975
3014313,1.2799004786265697
3014314,30.642868343118412
3014315,15.139477634583226
3014316,279.26286837238683
3014317,2.7357689405754964
3014318,0.6831122526906145
3014319,4.243276312039316
3014320,0.020411406781245835
3014321,1.543015632532101
3014322,2664.4752017222286
3014323,0.0
3014324,397.1172762835751
3014325,7.933303566535092
3014326,705.308458257656
3014327,628.2046185212397
3014328,192.96901388429538
3014329,120.06019724728176
3014330,52.57346317379833
3014331,3297.311309796838
3014332,6.953373013766768
3014333,0.7625167484583165
3014334,26.023884188889504
3014335,8.01917087747602
3014336,0.18818500086397702
3014337,170.31833299627252
3014338,0.0
3014339,24.469020158657894
3014340,4.256558658487933
3014341,24.221509624076543
3014342,0.49065889972845345
3014343,201.64559140353032
3014344,161.87039063484292
3014345,2.4678507480160827
3014346,3.1748196627054313
3014347,98.46453045036378
3014348,42.96432068474421
3014349,969.1208950955524
3014350,17.310321814337037
3014351,1.0138287612711643
3014352,4.899531237892337
3014353,0.0
3014354,5.345252880415742
3014355,3011.2395147787884
3014356,0.0014384763730734685
3014357,546.4449551109028
3014358,7.158750654431342
3014359,1086.2652096474624
3014360,925.9240876592435
3014361,155.78179702736932
3014362,138.88384626816756
3014363,127.27812181553814
3014364,3836.805773246018
3014365,67.4919797628097
3014366,1.9781660183295489
3014367,25.56698878508605
3014368,30.404556140831875
3014369,0.6320461808344845
3014370,250.11769226309977
3014371,18.178898205423884
3014372,32.76202424402194
3014373,1.5578315502579803
3014374,92.06082450884736
3014375,8.429650613571525
3014376,219.4332097129654
3014377,232.8402907055935
3014378,12.440543801254657
3014379,14.534143602782885
3014380,280.3168970254825
3014381,60.35476054611369
3014382,3972.8912229191014
3014383,0.0
3014384,13.250299869672428
3014385,6.395752314319419
3014386,0.0
3014387,3.6822741083814927
3014388,2652.985068377978
3014389,0.0
3014390,427.265900407031
3014391,10.341926405625648
3014392,1091.9318317486682
3014393,832.8623799755945
3014394,141.47421666377687
3014395,83.46470280296073
3014396,152.8684651757117
3014397,3519.812216206952
3014398,30.49240211477144
3014399,1.394858783221836
3014400,27.56442548950154
3014401,92.77649918858603
3014402,0.08234705623371548
3014403,290.4379319051523
3014404,15.183814108053674
3014405,19.649884697312977
3014406,9.56445463214168
3014407,142.36119330348885
3014408,8.561091434429343
3014409,181.7975293248285
3014410,356.9010452793817
3014411,8.352628522437392
3014412,9.515917928452826
3014413,133.49174586440802
3014414,60.41762827087581
3014415,3149.1668012459977
3014416,0.4576652236549001
3014417,16.01605942203699
3014418,6.635926301997475
3014419,0.03918960684016337
3014420,1.9199429757102768
3014421,3033.915052972407
3014422,0.0
3014423,597.5309165136791
3014424,9.50516946643102
3014425,1489.0751683161357
3014426,631.9805292740407
3014427,185.78147594145742
3014428,259.86019934414963
3014429,50.39273334479575
3014430,4810.560141824278
3014431,32.86592658589777
3014432,1.5008721509871026
3014433,16.928587772893795
3014434,13.579073941059637
3014435,0.1361412338898721
3014436,272.34120079181184
3014437,4.902744644605196
3014438,14.119432124765478
3014439,4.828372613850115
3014440,58.74483320992883
3014441,3.4880284055090542
3014442,100.36269057917384
3014443,203.99793437732941
3014444,6.577020660535771
3014445,7.402841938542295
3014446,179.71486445752421
3014447,42.58403197225317
3014448,1258.9969839561493
3014449,3.4457483175942483
3014450,15.229996211260449
3014451,3.4313785332128934
3014452,0.08553428728691372
3014453,3.29161743273991
3014454,2116.6955730758064
3014455,0.0
3014456,331.57254914129413
3014457,5.735036524615459
3014458,731.3585860391343
3014459,686.1071470171835
3014460,164.09614466488412
3014461,121.50749625101756
3014462,77.54380897702293
3014463,2916.1935312007063
3014464,23.361535144152455
3014465,1.391343715690433
3014466,12.946424564256464
3014467,8.368142691888602
3014468,0.3117882691756963
3014469,211.935114902986
3014470,15.809607566675881
3014471,23.109983036200624
3014472,1.638628206717307
3014473,59.5167196577705
3014474,5.860916389102772
3014475,339.0921203897537
3014476,165.480955157835
3014477,6.176483274934618
3014478,8.079496692090206
3014479,302.2672796969632
3014480,22.62704193454396
3014481,3019.8637125629048
3014482,0.0
3014483,20.475248635095667
3014484,3.3654902052797113
3014485,0.2775192215022056
3014486,2.318733970955076
3014487,4025.9195190718374
3014488,0.0
3014489,343.10008494238673
3014490,13.6230092626471
3014491,1626.6778913743476
3014492,770.9649807024132
3014493,268.51324992919785
3014494,162.6798731732674
3014495,65.76917493520837
3014496,5059.665294960542
3014497,13.406309914332612
3014498,2.32318256278938
3014499,20.934996766189997
3014500,22.73092252694006
3014501,0.20512433390208537
3014502,383.81719249647756
3014503,0.0
3014504,0.025060561259451174
3014505,11.605988381209205
3014506,20.54552802590325
3014507,1.47933917235852
3014508,134.59435768335936
3014509,307.7847085439784
3014510,3.6598434084569877
3014511,9.380021830126594
3014512,161.23105189065964
3014513,60.325644900334495
3014514,990.6251115240754
3014515,9.513281475930567
3014516,4.724597496117631
3014517,7.5873449326907485
3014518,0.0
3014519,7.243774384413148
3014520,2654.98975875654
3014521,0.0
3014522,478.7977482324428
3014523,10.356187005296158
3014524,1513.3811366559166
3014525,722.6049223193913
3014526,224.68691826852276
3014527,141.07422327546573
3014528,117.1281136070358
3014529,4189.236109470552
3014530,39.09982228907851
3014531,1.5989098157975843
3014532,24.472105688621607
3014533,36.302474002271055
3014534,0.4885324396947623
3014535,239.14808976652625
3014536,18.668313528126937
3014537,21.707506012857856
3014538,8.230554593054332
3014539,118.10824880241441
3014540,9.970746489002627
3014541,209.0621293593468
3014542,422.21929549985447
3014543,12.912973412610329
3014544,9.414874146957525
3014545,205.7798274783716
3014546,58.43451945531346
3014547,2952.128890261426
3014548,0.0
3014549,7.657576610252966
3014550,2.262659287093244
3014551,0.06868316087917642
3014552,3.888013770008123
3014553,2558.9478607899505
3014554,0.0
3014555,431.44405802796916
3014556,8.999799341192317
3014557,736.4758127993592
3014558,803.4381705744456
3014559,163.3290437925218
3014560,136.8299674684603
3014561,110.92149129580042
3014562,3105.559529255611
3014563,39.76916530617095
3014564,1.089602371440458
3014565,20.416963048427647
3014566,19.990862538745848
3014567,0.3405995929493687
3014568,197.35371352436422
3014569,17.668576172547592
3014570,44.79198982707777
3014571,6.199403430784654
3014572,57.64856945699221
3014573,8.61245234982737
3014574,223.7253870816014
3014575,168.98729878630215
3014576,10.591838697607665
3014577,9.878063462493524
3014578,225.2901758922935
3014579,44.599137375810756
3014580,3316.1809420170794
3014581,0.0
3014582,13.056556611828018
3014583,2.0084688472134595
3014584,0.050831728878842845
3014585,3.1796399705817366
3014586,4211.382135233372
3014587,0.0
3014588,491.5667995342495
3014589,16.193098684702957
3014590,993.819979093652
3014591,655.3689122011951
3014592,210.39353334086326
3014593,186.19070247496623
3014594,49.41838551816545
3014595,4014.47003190112
3014596,8.794065875424707
3014597,0.1434937776072745
3014598,6.192136948653056
3014599,14.551653573153507
3014600,0.07358547845026338
3014601,204.59181636467798
3014602,0.0
3014603,7.761926416467269
3014604,1.375123980559394
3014605,43.585404082530886
3014606,4.094969235478823
3014607,203.90397967985325
3014608,229.216552764269
3014609,2.1727194875211153
3014610,1.3624205237649465
3014611,223.9842459636885
3014612,115.53906865311355
3014613,1014.0338538425136
3014614,10.731563793142314
3014615,1.463714693659585
3014616,13.266667537438037
3014617,0.0
3014618,13.874187322991377
3014619,7956.48289058574
3014620,0.0
3014621,1492.5721123904107
3014622,27.285950697010012
3014623,2387.125271138002
3014624,2188.905677645552
3014625,458.0039348338818
3014626,568.3057665287879
3014627,370.2095243374773
3014628,8358.622916792792
3014629,106.37834341242323
3014630,3.9000598708737804
3014631,80.59625935431326
3014632,109.49805735907954
3014633,0.5425441698218294
3014634,605.867619572964
3014635,29.23815247405447
3014636,18.41735366005959
3014637,16.874343689371628
3014638,312.44730782129324
3014639,21.75621459292103
3014640,707.6228737819731
3014641,375.7469607268573
3014642,34.37553979311985
3014643,29.131187372647435
3014644,876.2749284628769
3014645,238.09114053461204
3014646,12282.319931285283
3014647,65.53433954707366
3014648,71.13807836576196
3014649,11.13063743940957
3014650,0.0
3014651,8.172510389574306
3014652,7118.480026685191
3014653,0.0
3014654,1077.626052358668
3014655,24.36765231975099
3014656,2147.221461806333
3014657,1918.4925996485897
3014658,532.4177596781618
3014659,330.84892923941914
3014660,271.1590793422516
3014661,8842.57131373736
3014662,156.80367577870797
3014663,2.208761420587893
3014664,21.171797272894242
3014665,98.5746653079141
3014666,0.7595719378741366
3014667,530.4361155170933
3014668,14.490368036012477
3014669,33.30575674081206
3014670,4.714462288366709
3014671,179.00840131682475
3014672,12.415897289033714
3014673,834.8263346265475
3014674,480.5845877055404
3014675,17.175279303088562
3014676,23.27314875518902
3014677,1014.1920503029423
3014678,201.79450485221057
3014679,7848.104553153045
3014680,152.9806139116754
3014681,70.4998058017745
3014682,9.410916980650606
3014683,0.0
3014684,11.91448481844834
3014685,4262.061913091096
3014686,0.0
3014687,812.6684748333765
3014688,14.400428333906381
3014689,1829.8510583993755
3014690,1174.4724397719317
3014691,537.882850743269
3014692,118.37845463524094
3014693,172.89015637882804
3014694,6908.591795476631
3014695,36.97743142501499
3014696,2.524063206774434
3014697,25.040008549264865
3014698,25.381538164712726
3014699,0.13732574270183395
3014700,443.6178168176181
3014701,16.64681365911641
3014702,23.76139335918845
3014703,6.16666993431211
3014704,102.13339788395697
3014705,7.483249615456209
3014706,830.8110176830888
3014707,428.75089774482313
3014708,20.312435968243232
3014709,39.81541851707595
3014710,468.7258962873642
3014711,84.72664453441698
3014712,3051.1440637482697
3014713,83.94819986336307
3014714,29.7754023694154
3014715,13.509217513024959
3014716,0.0
3014717,12.94329463516027
3014718,6542.39405165673
3014719,0.0
3014720,999.3666732008887
3014721,19.125987676231894
3014722,1953.6154096791026
3014723,1821.2466224539287
3014724,555.7413038512484
3014725,297.6018385295151
3014726,198.7819742146728
3014727,8321.149400174028
3014728,53.19597756023182
3014729,2.0047546061925585
3014730,33.75612197353377
3014731,77.32211871609931
3014732,1.1277115442131096
3014733,490.98811393757325
3014734,20.077110374621064
3014735,34.15247855038645
3014736,6.343698160351391
3014737,161.77550833621783
3014738,9.760199014573267
3014739,703.6574258966439
3014740,434.10249100733046
3014741,21.109049329598808
3014742,18.50658917100565
3014743,871.6197542669945
3014744,137.34952538036265
3014745,6850.480895608297
3014746,94.59985389362174
3014747,53.182414759701366
3014748,10.807344640816174
3014749,0.0
3014750,13.061725580720111
3014751,2856.3727407057686
3014752,0.035144244108799294
3014753,582.4016049301057
3014754,12.183362317640078
3014755,1364.076250906363
3014756,855.8611150285725
3014757,448.8758119527671
3014758,84.16465216609816
3014759,123.22590377635255
3014760,5246.598607224769
3014761,40.68770298065534
3014762,0.38234639106336504
3014763,15.614288171431788
3014764,45.311543106306786
3014765,0.6841032462767113
3014766,380.74696849001015
3014767,11.938769334153243
3014768,7.55432263363713
3014769,2.3107129375887707
3014770,91.01621025706133
3014771,3.0341188234662235
3014772,608.6196480613664
3014773,407.87728424494765
3014774,13.242752232687428
3014775,14.529264690897488
3014776,539.8494105698844
3014777,41.001658463712424
3014778,1982.4029680211465
3014779,70.79985715816511
3014780,12.180341640069726
3014781,11.544178992690625
3014782,0.0
3014783,9.324347974670404
3014784,6021.629917930413
3014785,0.0
3014786,1146.9459597427597
3014787,27.56289651894532
3014788,1783.5079828809035
3014789,2100.800007415612
3014790,361.85212121485256
3014791,471.5539072843603
3014792,337.5119679305633
3014793,7194.498892138828
3014794,77.98468536805268
3014795,2.2496712620746813
3014796,39.22875566533441
3014797,62.48748923536278
3014798,1.2309697838770997
3014799,434.24886827390293
3014800,13.409849979272563
3014801,30.945303910452925
3014802,11.215003454676477
3014803,217.62725243157593
3014804,14.868814439135992
3014805,648.1176599040149
3014806,388.7499343398822
3014807,17.7882189311228
3014808,24.555659583771472
3014809,851.7536166732732
3014810,185.4082428125494
3014811,10354.794641577133
3014812,74.11086754512677
3014813,72.65990450977198
3014814,5.748875993843152
3014815,0.028970526199565572
3014816,3.99980781669668
3014817,1827.7224586079092
3014818,0.0
3014819,342.66442837358005
3014820,20.08039204534978
3014821,932.325105642726
3014822,536.6397723213258
3014823,209.15924388972277
3014824,85.58205102477079
3014825,92.0946329952687
3014826,2778.4317074564906
3014827,51.11196252636529
3014828,1.4425682527829753
3014829,19.615730608230237
3014830,21.042824052781096
3014831,0.2632434674744968
3014832,211.20264425277574
3014833,12.664520373745312
3014834,7.535241336900299
3014835,10.313150679059408
3014836,46.4631032267687
3014837,5.638828138747864
3014838,227.20202154660953
3014839,213.1058872573646
3014840,2.77735975954432
3014841,6.688745346028144
3014842,211.08946256114808
3014843,50.43590560974172
3014844,2024.6182948760463
3014845,1.597377199946023
3014846,9.484298782758335
3014847,7.697925347561221
3014848,0.0
3014849,10.19140579728032
3014850,3684.272022413352
3014851,0.0
3014852,498.03702106443933
3014853,25.474877307308976
3014854,1416.8785196164185
3014855,962.0793704892791
3014856,374.16210011399767
3014857,94.3640628739463
3014858,124.59149455206247
3014859,5452.602172625649
3014860,114.46353893688836
3014861,1.6471158821003689
3014862,42.19943628555144
3014863,60.832601035527446
3014864,0.7996465785943324
3014865,387.8959362519171
3014866,13.941321263513203
3014867,3.4651223360841104
3014868,2.3467386709270817
3014869,134.68926781015722
3014870,6.996122658477922
3014871,554.1750147142686
3014872,382.19817492839644
3014873,10.641507468791035
3014874,16.057381558240063
3014875,339.8417325397438
3014876,63.00747930797653
3014877,2504.011908152863
3014878,76.10704753654959
3014879,18.079898273150242
3014880,9.01680062311402
3014881,0.0
3014882,4.12067211686236
3014883,4644.308110754933
3014884,0.0
3014885,913.02713670399
3014886,8.208265962385555
3014887,1602.151738442374
3014888,1728.391134724346
3014889,255.7126730608927
3014890,375.65390628608935
3014891,245.71567086103724
3014892,5467.902075674578
3014893,46.828954230209014
3014894,1.6334471323888915
3014895,35.49394725396878
3014896,52.790424766998974
3014897,1.1725987502924209
3014898,360.6557954170006
3014899,3.2457970306210626
3014900,47.05057427619448
3014901,7.4432419756504515
3014902,128.85274612584996
3014903,10.499948153254447
3014904,611.8243943201065
3014905,295.3396031446163
3014906,21.221053869777293
3014907,11.096022774599199
3014908,591.907247186848
3014909,120.42876796991693
3014910,8455.123502826906
3014911,25.464427558958675
3014912,48.135340985807524
3014913,15.927321994797241
3014914,0.0
3014915,10.517285803290791
3014916,5923.484519364687
3014917,0.0
3014918,1080.6427773393402
3014919,14.695807770775108
3014920,2266.5068774428123
3014921,1556.0737489290286
3014922,465.8735326569005
3014923,283.88515804312385
3014924,425.000398725676
3014925,8083.062017067625
3014926,65.31908168552526
3014927,4.203686097699767
3014928,67.69877796088207
3014929,64.55182813533958
3014930,1.0185866008473248
3014931,485.27617289341975
3014932,12.313981557768908
3014933,77.97036411601229
3014934,10.963142172701552
3014935,274.4033670910171
3014936,12.498426394789862
3014937,644.7758446142367
3014938,474.00081696296195
3014939,18.511232775125105
3014940,36.76884504295874
3014941,647.2354996785409
3014942,181.1511263433507
3014943,7854.119691729065
3014944,17.35889892785703
3014945,12.536538122402492
3014946,8.79254052278106
3014947,0.15557270170286938
3014948,3.3844501365422266
3014949,2251.7912920851068
3014950,0.0
3014951,480.9786082258566
3014952,7.346893105618805
3014953,1082.0259648563203
3014954,548.656336020978
3014955,219.20688411187248
3014956,98.37064892875244
3014957,106.22148193692594
3014958,3238.476259415556
3014959,18.094067665071687
3014960,1.6736461971469276
3014961,25.110201510782986
3014962,29.50623081008239
3014963,0.1136957399177392
3014964,192.87973701592497
3014965,5.6186821558772
3014966,11.042651208792213
3014967,6.477051928619509
3014968,74.74614538289191
3014969,4.615079774854486
3014970,282.87034419753303
3014971,212.12658498161608
3014972,5.430388103830956
3014973,7.372914050054295
3014974,194.95018323695408
3014975,97.16049339864449
3014976,3217.0902957479016
3014977,0.0
3014978,2.851317863758393
3014979,5.59694586836781
3014980,0.0
3014981,1.8551588580860303
3014982,3149.885600959007
3014983,0.0
3014984,193.4842825997037
3014985,2.6650073328950477
3014986,924.4653556555571
3014987,226.17471679200568
3014988,194.0860312543696
3014989,60.87544644996848
3014990,26.136222570708963
3014991,3180.7741047585214
3014992,6.1891109853084165
3014993,0.5070378976122533
3014994,15.667251244315002
3014995,11.439231419851353
3014996,0.06501094162671678
3014997,181.64523215689732
3014998,0.0
3014999,0.0
3015000,3.4527523703504297
3015001,20.90493720469653
3015002,1.3266807281563089
3015003,50.32933049983861
3015004,133.95088842697044
3015005,0.021494513758316885
3015006,0.5988572764783152
3015007,56.20659477415574
3015008,93.29276503673508
3015009,548.1416590968615
3015010,3.4673417455868205
3015011,4.376554601257322
3015012,5.1903896723600145
3015013,0.08937641974435805
3015014,4.9911802548762125
3015015,2924.934953484733
3015016,0.0
3015017,506.94856620753944
3015018,11.344028586023763
3015019,1114.1465573480782
3015020,858.4553470189313
3015021,287.1071475124706
3015022,165.64639696371006
3015023,119.43796066393625
3015024,4127.874840227085
3015025,46.77343823672806
3015026,0.7899947329624363
3015027,16.732718701865775
3015028,45.7878795848762
3015029,0.15953867167179067
3015030,281.6384090337619
3015031,16.346979700000134
3015032,12.659232455308535
3015033,9.007712226899491
3015034,72.47229961797734
3015035,6.447221635166226
3015036,386.97280908173497
3015037,236.66203874020684
3015038,8.642584956614488
3015039,12.006466481605264
3015040,430.05719259675175
3015041,62.25518118969028
3015042,3485.297392161683
3015043,0.0
3015044,30.123231700451033
3015045,5.489065224103081
3015046,0.0434018735485007
3015047,5.11503972784182
3015048,4251.25827998558
3015049,0.16277359608261305
3015050,778.253741290334
3015051,16.921931476322555
3015052,1247.3574196336126
3015053,1457.8511278641424
3015054,197.34253313333096
3015055,313.72040928158486
3015056,218.18667789666227
3015057,4392.434723938609
3015058,54.840828304235586
3015059,3.3331486609928334
3015060,27.673231107712716
3015061,35.23980647498477
3015062,1.038604343845399
3015063,261.1150284714911
3015064,17.88313401835415
3015065,50.080756668958095
3015066,6.9308633779842115
3015067,137.88894585061666
3015068,11.97273070375563
3015069,459.08257815882405
3015070,244.39169934207882
3015071,8.763226700770756
3015072,13.267748540361712
3015073,674.0512892102928
3015074,123.64562838617444
3015075,7414.975918161317
3015076,0.3920141932609457
3015077,48.97375432396144
3015078,5.743846266943754
3015079,0.29689643296125795
3015080,6.9180511758504855
3015081,4012.4013333144812
3015082,0.0
3015083,801.3456905887631
3015084,21.1598769541507
3015085,1191.8406455731194
3015086,1348.9840513840982
3015087,248.5220871475384
3015088,309.3923463983666
3015089,150.15851145449162
3015090,4626.514578653801
3015091,40.277813299602954
3015092,4.428582083607284
3015093,39.2915699556327
3015094,52.63051674922472
3015095,1.2438302692641636
3015096,307.4789873755815
3015097,23.133333877106523
3015098,45.62222203757703
3015099,15.674910002496159
3015100,123.51516717347778
3015101,16.13003575462117
3015102,374.82457761510466
3015103,281.8753439820131
3015104,16.04837752681704
3015105,21.59128436410956
3015106,513.6474257746045
3015107,120.31518492709097
3015108,6527.720085827477
3015109,0.03301974839113664
3015110,40.10535201150293
3015111,12.844419760715692
3015112,0.010600089665763068
3015113,4.617730335852448
3015114,2163.019695642818
3015115,0.0
3015116,420.9412735310842
3015117,15.234762290995036
3015118,1052.1087341867724
3015119,711.9229156239095
3015120,389.37468746150677
3015121,145.38955613209384
3015122,63.16786755426722
3015123,4508.717657382087
3015124,13.134931533275052
3015125,1.1159338184934364
3015126,1.536923722074412
3015127,27.76866846560835
3015128,0.28969767737697216
3015129,305.4824804469846
3015130,12.514815403026597
3015131,4.3617150598676
3015132,4.012777434004498
3015133,34.49534252959175
3015134,2.8478303751296146
3015135,281.0524705294927
3015136,268.87180304843974
3015137,7.486507883630236
3015138,5.772104272518637
3015139,283.86850090469414
3015140,92.09271185708587
3015141,1051.1357027597724
3015142,29.13694488952911
3015143,15.810689117116716
3015144,4.920423330752308
3015145,0.0
3015146,3.092526557855411
3015147,2022.3627118398747
3015148,0.0
3015149,340.8489688327577
3015150,19.96325472516245
3015151,648.9163637867457
3015152,656.4857658222228
3015153,114.90500438201755
3015154,122.42822066075885
3015155,137.3139120607494
3015156,2476.3953945614467
3015157,27.566568531381684
3015158,2.219393806558116
3015159,26.85089528781982
3015160,24.15361355657691
3015161,1.2120740750869756
3015162,158.86608235598422
3015163,11.805591821100036
3015164,15.66413727367367
3015165,7.763517955284692
3015166,95.76037479783353
3015167,6.664780289106855
3015168,280.0212578122864
3015169,121.2636250623043
3015170,4.389798772296551
3015171,9.368775203721954
3015172,284.31769125867197
3015173,59.61410500985184
3015174,2131.237448944327
3015175,0.10908842352064144
3015176,20.83899430500145
3015177,1.413397243085348
3015178,0.0
3015179,1.873327138258105
3015180,946.6931180013264
3015181,0.0
3015182,74.4343603168493
3015183,3.251917499948152
3015184,657.7548267782792
3015185,196.80297263701857
3015186,183.74375462036218
3015187,23.04429278596602
3015188,24.65286321483894
3015189,1951.0598510999746
3015190,5.27604543796577
3015191,0.4655658997374728
3015192,10.637262518103707
3015193,6.4753409076835124
3015194,0.16372930227569477
3015195,118.27627848365935
3015196,0.0
3015197,0.0
3015198,0.5579214763995626
3015199,11.372464966234217
3015200,0.45785655794350005
3015201,190.9297012438173
3015202,112.57819016103794
3015203,0.37315874007190253
3015204,2.6759364679399593
3015205,111.0054846952762
3015206,17.625837070765698
3015207,192.75397767499396
3015208,0.3919628163300853
3015209,0.2753560868374816
3015210,5.545226435076217
3015211,0.09397989437038459
3015212,1.940242695894888
3015213,3506.5707053483293
3015214,0.0
3015215,578.0942995002697
3015216,11.048609724257263
3015217,1167.5405476648154
3015218,464.0723771966018
3015219,382.56444078500505
3015220,184.9262945520931
3015221,62.87745963312806
3015222,5365.406148281939
3015223,35.09232002081863
3015224,0.9633200232882336
3015225,2.79663240651133
3015226,12.682927138969504
3015227,0.32092061170494757
3015228,341.71645082880156
3015229,10.031853743254226
3015230,0.9054093456982649
3015231,7.679347133726402
3015232,56.7094481987928
3015233,2.0777370318641797
3015234,857.0960633831671
3015235,214.69386022398913
3015236,2.2823698984980605
3015237,11.928951384560351
3015238,218.98482726477883
3015239,95.42310164859103
3015240,941.4482601100392
3015241,6.920068125769295
3015242,5.841283090848797
3015243,4.185707260273985
3015244,0.007542823982078261
3015245,1.0399591062139943
3015246,1421.3565892938066
3015247,0.0
3015248,140.27310070344816
3015249,8.9863901473919
3015250,866.6158057044983
3015251,367.38243012515335
3015252,190.33414623840324
3015253,48.49681254176056
3015254,34.230871319491946
3015255,2586.0400848871413
3015256,9.299582327311475
3015257,0.4812512115562414
3015258,14.196200979239917
3015259,15.651142801623172
3015260,0.3344141794440951
3015261,144.64180323379205
3015262,9.481404916793915
3015263,0.0
3015264,4.664629553036584
3015265,42.965769228127186
3015266,1.5890634704387847
3015267,234.4698398119966
3015268,133.2058429848693
3015269,1.7534715776039882
3015270,5.915583422682074
3015271,155.97918736753968
3015272,29.68019178595321
3015273,333.93371057890545
3015274,0.9815606268178951
3015275,4.2892724414350925
3015276,3.448829526974599
3015277,0.0
3015278,4.050568208021558
3015279,1297.8478889898633
3015280,0.0
3015281,95.66876044341808
3015282,6.087549170962036
3015283,747.5329191239986
3015284,213.97469533519237
3015285,106.189677227219
3015286,29.168934393509222
3015287,26.6439855213932
3015288,2304.8673630536296
3015289,13.006782961555164
3015290,0.003648358127296862
3015291,11.379715160905176
3015292,8.015199964224689
3015293,0.04439963415354137
3015294,106.1335314236344
3015295,2.203540285791507
3015296,0.0
3015297,3.301956599080119
3015298,36.93874943432992
3015299,0.8780792679291083
3015300,173.79596031630578
3015301,109.37624915460015
3015302,0.651360491170135
3015303,4.600912188668484
3015304,87.20468556605465
3015305,15.17348294055852
3015306,155.23914510580127
3015307,0.7865032805235973
3015308,2.0399784499489013
3015309,2.5676203904253034
3015310,0.0
3015311,2.8020569763432523
3015312,1201.2532699792985
3015313,0.0
3015314,131.68818013744797
3015315,8.353729179141268
3015316,1480.2902449420087
3015317,303.7554146096594
3015318,237.79657281105986
3015319,23.65812835073861
3015320,44.707777062453225
3015321,2471.913227562464
3015322,14.2337211700832
3015323,0.6178730478926868
3015324,21.24519272162846
3015325,19.44097791261419
3015326,0.1405307218465214
3015327,166.01560335548382
3015328,2.7220451623969266
3015329,0.0
3015330,3.413301135972677
3015331,13.68875828990215
3015332,2.0948332394499514
3015333,374.26649577969584
3015334,191.46295696996506
3015335,1.2674183644703976
3015336,2.745833538571562
3015337,70.87094890899505
3015338,88.359435673826
3015339,359.0099369521293
3015340,1.0916537590555966
3015341,4.4918165889918
3015342,2.8795179528150174
3015343,0.32665910401960596
3015344,4.020793961706318
3015345,1507.87307666977
3015346,0.0
3015347,143.74899887271917
3015348,1.7947722093393486
3015349,862.4145093940666
3015350,306.45059552024645
3015351,248.9477351037413
3015352,76.82729318723915
3015353,67.43643299981122
3015354,2495.979961395189
3015355,10.245857853908708
3015356,0.7828597600846493
3015357,11.582438359922488
3015358,16.765469807302633
3015359,0.0887210273579191
3015360,190.98247273485327
3015361,8.346853476014704
3015362,0.0
3015363,4.5393231995247785
3015364,25.569201599642565
3015365,1.4455430280066683
3015366,149.96392282125336
3015367,162.19687639673808
3015368,0.8047113878725229
3015369,4.255453635289983
3015370,100.82578325400365
3015371,40.49613463629392
3015372,530.3542206704454
3015373,0.6734508424454042
3015374,4.954335341924593
3015375,3.18348419500634
3015376,0.16886786634616013
3015377,2.113854442141975
3015378,1066.980398063697
3015379,0.0
3015380,116.65951414775954
3015381,4.896584112706785
3015382,1181.0062976797437
3015383,192.05653906094943
3015384,116.72925283662349
3015385,106.58467152425422
3015386,25.92593383204632
3015387,1847.199766499417
3015388,7.190067748831677
3015389,0.4626837256072422
3015390,7.142470073084624
3015391,12.690101137090318
3015392,0.1561396726558668
3015393,134.949550569285
3015394,0.0
3015395,0.0
3015396,2.295616359468986
3015397,59.293106168471674
3015398,1.2147030794457463
3015399,47.952240933034965
3015400,102.7451589238108
3015401,0.5943550646935496
3015402,2.9665265551265203
3015403,54.045006464747516
3015404,27.67766953963709
3015405,394.44913450032334
3015406,6.542213390108702
3015407,0.9429333679408102
3015408,6.597461372920077
3015409,0.46824779688913404
3015410,2.267116101806256
3015411,2271.107667943848
3015412,0.0
3015413,232.53784749683558
3015414,5.031227060599044
3015415,744.068242100179
3015416,526.1270967042674
3015417,386.74425337676405
3015418,127.37021153701133
3015419,77.67639778797677
3015420,3255.138569355508
3015421,15.477826865217054
3015422,1.0048151241760073
3015423,14.46303469387525
3015424,13.345114973563106
3015425,0.3039982858097876
3015426,196.48180108101624
3015427,1.0107446829916626
3015428,0.0
3015429,5.270049034940598
3015430,35.68176055253709
3015431,3.040377209567374
3015432,281.1262295507954
3015433,165.09189089158215
3015434,2.011283382025009
3015435,5.066361273339912
3015436,268.9748404213444
3015437,38.87425042010808
3015438,1026.9208811768995
3015439,2.2541588389771885
3015440,11.27921820955218
3015441,3.1766517302219053
3015442,0.26160510425534544
3015443,3.100768047468043
3015444,1467.0004433672166
3015445,0.0
3015446,509.40346704633197
3015447,7.8903700051026755
3015448,409.27760380431585
3015449,462.9901516938404
3015450,161.48048597592327
3015451,108.9979560612803
3015452,43.05836272386564
3015453,2127.067619025939
3015454,10.342903375677887
3015455,0.9106844305486538
3015456,12.653099890627738
3015457,9.717097268829725
3015458,0.6311911802917245
3015459,143.27261281845867
3015460,8.350202660425827
3015461,4.037430887707499
3015462,2.4027978890881787
3015463,76.293883287302
3015464,1.7281078543622466
3015465,267.7375067416151
3015466,86.09641302058263
3015467,4.433149996963856
3015468,3.5798329854944893
3015469,130.87641654119955
3015470,46.605375635154616
3015471,1137.228603770072
3015472,10.707103941895427
3015473,9.651144866748359
3015474,4.321767322146736
3015475,0.3331667865175494
3015476,2.505613136854237
3015477,1981.258450646341
3015478,0.0
3015479,127.95698832205548
3015480,6.733743090850595
3015481,672.7273953413427
3015482,253.5105180775862
3015483,210.28567886607777
3015484,55.88678545183117
3015485,39.32089100969526
3015486,2661.7044845627547
3015487,32.45252955573878
3015488,1.4323329893500738
3015489,19.234017970466212
3015490,11.282671083944006
3015491,0.10938066543765164
3015492,129.01164888148202
3015493,5.113169463237081
3015494,0.0
3015495,2.4521913972136073
3015496,43.946390727672295
3015497,1.8842387907699274
3015498,124.16584688700063
3015499,123.22896912526376
3015500,1.1498651991254345
3015501,3.775461802816966
3015502,198.88442252342543
3015503,20.25902360668572
3015504,348.4681366743122
3015505,0.8361777413780758
3015506,3.2164486371933707
3015507,5.447462632119207
3015508,0.06087091251854812
3015509,5.528023049969308
3015510,2256.919677380011
3015511,0.0
3015512,503.79387429728774
3015513,11.008895322092874
3015514,763.5845377425485
3015515,634.5970915926832
3015516,167.1459242324081
3015517,131.42097215075398
3015518,79.04225169201241
3015519,3041.278388480187
3015520,40.116014263673605
3015521,1.424440934095835
3015522,13.770228591811762
3015523,35.171344410745824
3015524,0.40609992112350773
3015525,191.9365772594045
3015526,15.829135812031161
3015527,10.049711228533456
3015528,6.955964129628031
3015529,80.58268363622852
3015530,6.3065379333715486
3015531,392.13167737105084
3015532,155.45167977134318
3015533,8.886592208850683
3015534,7.439731133742916
3015535,338.2956912061277
3015536,74.55313823527895
3015537,1676.1732554970868
3015538,0.0
3015539,23.99285950916344
3015540,7.63963701026876
3015541,0.26327523270669156
3015542,2.837974918118345
3015543,2521.308313080655
3015544,0.0
3015545,346.9997494510984
3015546,7.323692998590225
3015547,1259.0512125179396
3015548,482.9142933011554
3015549,468.57359116486697
3015550,64.88894539010133
3015551,56.32124356233848
3015552,4193.652552435081
3015553,16.1861787197461
3015554,0.7325792771770414
3015555,14.62889366445374
3015556,12.897037973731539
3015557,0.03582305936782493
3015558,264.63545598968307
3015559,1.0028497811774837
3015560,3.672944886924754
3015561,3.567788067619368
3015562,47.15262579967575
3015563,0.7968029355151168
3015564,646.5488899522512
3015565,206.54924672377112
3015566,3.7968071469265205
3015567,2.8839466427235356
3015568,211.019358076525
3015569,32.31600047593239
3015570,647.5109260492208
3015571,9.578640210157417
3015572,10.30780813920745
3015573,9.245261163605367
3015574,0.1401952125145619
3015575,3.2999203974491493
3015576,2105.5201831075155
3015577,0.0
3015578,311.3140067747982
3015579,5.804419078203293
3015580,1583.3040348072418
3015581,404.3354891722436
3015582,231.49871680329102
3015583,210.06514591813792
3015584,83.45310423094753
3015585,2885.2519470847014
3015586,13.728576901547822
3015587,0.8745979483509818
3015588,32.34249486045052
3015589,29.880487907536498
3015590,0.2502561070835628
3015591,227.5913415934981
3015592,4.660874274766681
3015593,0.5095360533604901
3015594,10.699946096130375
3015595,80.10173231004828
3015596,1.016556802096814
3015597,113.23060573382394
3015598,179.37537568712546
3015599,2.058611444137567
3015600,2.673544846538211
3015601,118.1146638988989
3015602,132.61130927727032
3015603,941.8530848897706
3015604,8.232136698622861
3015605,6.47434191568195
3015606,3.7818278002956314
3015607,0.006635344155546435
3015608,2.527317134376763
3015609,1438.2296607210299
3015610,0.0
3015611,117.74261991142868
3015612,8.862607162747524
3015613,565.5062904224025
3015614,278.2362605128989
3015615,114.66125613359331
3015616,49.48556504758547
3015617,53.15530700071613
3015618,2295.29503690321
3015619,12.658868976203308
3015620,0.291876334598815
3015621,14.851574874192085
3015622,13.174134918244075
3015623,0.0
3015624,132.82383779710725
3015625,3.1387929065974762
3015626,0.0
3015627,2.8967523320961797
3015628,77.54564030874322
3015629,1.9788025707798182
3015630,98.54337806892401
3015631,112.71155529548665
3015632,1.1243158925436139
3015633,3.8201137585329366
3015634,128.41169715284644
3015635,28.44104414284573
3015636,409.5931153503943
3015637,0.9930683220316979
3015638,2.8328838894761095
3015639,1.6099538065543633
3015640,0.0
3015641,1.1915966067562076
3015642,1217.8154899374201
3015643,0.0
3015644,232.95922150589246
3015645,13.470338111400043
3015646,457.88021229818617
3015647,435.6186791867702
3015648,109.02059482636935
3015649,44.97776856575584
3015650,75.60363248161967
3015651,1906.4250871714996
3015652,32.73250335001398
3015653,0.45501380774316
3015654,13.080229066606833
3015655,11.825147383798209
3015656,0.20166835777432615
3015657,106.45783110790555
3015658,8.507312474591199
3015659,1.0039943120535215
3015660,2.238969155083296
3015661,58.36414262545519
3015662,4.0851622490381745
3015663,876.6182393255186
3015664,116.5081921297277
3015665,3.439720353661854
3015666,4.779052301379119
3015667,242.2820827126031
3015668,26.155766246317267
3015669,980.2690859486478
3015670,0.0
3015671,6.21811226987866
3015672,3.9030590200800592
3015673,0.0590732827302403
3015674,2.492486478487145
3015675,3064.5010370015993
3015676,0.0
3015677,635.4677285975187
3015678,17.270809518362544
3015679,1053.27357449443
3015680,1095.144024364309
3015681,235.91952453835728
3015682,197.11549834126595
3015683,152.70143784001226
3015684,3867.6794044705834
3015685,39.978856742233845
3015686,1.29048124927556
3015687,18.746369429703034
3015688,37.12130819545062
3015689,0.11955227344695782
3015690,232.14958103708773
3015691,11.252476601300893
3015692,29.779835834212545
3015693,9.727414449281826
3015694,87.83543583197371
3015695,12.348749292323248
3015696,339.4260453092007
3015697,219.3562718854571
3015698,14.72288699058212
3015699,9.22609022313836
3015700,448.2413164375369
3015701,93.45956411489253
3015702,3016.8144912062617
3015703,0.8651823365951948
3015704,18.591732347947517
3015705,2.5129358065143017
3015706,0.07178324364497188
3015707,2.4910556180706886
3015708,1590.0459873907166
3015709,0.0
3015710,277.5711355331265
3015711,4.900691704949336
3015712,349.537154298288
3015713,435.8494508561199
3015714,110.48092175644527
3015715,99.90802273472792
3015716,34.060492404230594
3015717,1445.20391405057
3015718,15.441370793157324
3015719,0.31052566444036456
3015720,8.174783479493593
3015721,15.443389546746742
3015722,0.3989719865663086
3015723,77.68917956240688
3015724,0.0
3015725,14.89852903439435
3015726,2.271498845770236
3015727,130.06599545249568
3015728,5.960088227018888
3015729,161.13064057926286
3015730,68.2135796503709
3015731,4.719071761454794
3015732,5.2095590643040275
3015733,136.20447688213181
3015734,25.365939252319738
3015735,1135.2198997282999
3015736,2.07179474841676
3015737,2.9756008243507925
3015738,3.0633046162676236
3015739,0.0
3015740,0.11021889275632092
3015741,596.4693765929479
3015742,0.0
3015743,171.62439726872748
3015744,4.9502348029740135
3015745,371.98359245251646
3015746,198.65726956259724
3015747,63.157152852369705
3015748,27.74631405089403
3015749,26.795008250928117
3015750,1325.0795039176267
3015751,12.601787933862088
3015752,0.4297370830709705
3015753,6.8874487986468225
3015754,9.807893999061914
3015755,0.5698875449141597
3015756,67.2081272928369
3015757,0.0
3015758,3.588863385382388
3015759,0.7845655786276696
3015760,22.502265025408377
3015761,0.28105530985452304
3015762,218.6894598649865
3015763,162.18861874798478
3015764,2.5916427409793545
3015765,1.3639169029452791
3015766,112.35753141909905
3015767,15.83089626246284
3015768,343.3900950133172
3015769,1.91550874423881
3015770,0.9198907669505836
3015771,4.070719036865925
3015772,0.056106591615884265
3015773,0.7429414534112364
3015774,2365.899427241575
3015775,0.0
3015776,426.3859391022478
3015777,14.725657884686312
3015778,674.7881469182654
3015779,691.7045079997798
3015780,237.48306845963694
3015781,188.02769243650536
3015782,95.08589609892523
3015783,2972.3455201460943
3015784,19.447824219783467
3015785,2.592108609568806
3015786,17.635274424508474
3015787,21.481538955935044
3015788,0.23903109149269594
3015789,178.30198761793045
3015790,3.808878471005236
3015791,21.083669431901544
3015792,6.596508572109255
3015793,121.72696168091039
3015794,4.061744718340251
3015795,213.50889136742495
3015796,155.64800286309801
3015797,9.22120493885142
3015798,6.010001911377853
3015799,271.58648264374636
3015800,53.29434869405385
3015801,1925.0539663649301
3015802,2.0135456080278655
3015803,9.455923939481227
3015804,7.032393848305161
3015805,0.0
3015806,2.9283828918937953
3015807,2562.2020092966395
3015808,0.0
3015809,505.63093264993694
3015810,14.53373144801728
3015811,981.454220224077
3015812,667.1064977745781
3015813,333.6356472737681
3015814,211.46661362902555
3015815,46.59700857433036
3015816,3999.34975291179
3015817,12.066030149189467
3015818,1.1755451376443071
3015819,29.995687960466828
3015820,17.661534655981548
3015821,0.6768205294745056
3015822,233.7622491184074
3015823,0.0
3015824,6.074039640596712
3015825,5.520288636413636
3015826,57.52131083157713
3015827,0.6369274639577571
3015828,328.68187192708217
3015829,237.98840730340982
3015830,5.200999210171405
3015831,3.3629357134522455
3015832,180.70614167897563
3015833,72.87163745985777
3015834,1123.8247423726918
3015835,9.349077076192167
3015836,0.22068733052783499
3015837,3.892106222459967
3015838,0.02607477522160482
3015839,1.6003111685091784
3015840,2341.6599284367385
3015841,0.0
3015842,509.74596637710675
3015843,12.864688354417268
3015844,781.935313299975
3015845,523.4540487208824
3015846,224.03893252936953
3015847,172.34106027851826
3015848,54.829232207060905
3015849,3231.4794979241237
3015850,14.386254508395593
3015851,1.21677971650087
3015852,23.200669346668313
3015853,11.531038346478965
3015854,0.13955799173610478
3015855,206.34490954713135
3015856,0.0
3015857,6.185864962974381
3015858,4.5452432857454586
3015859,88.18796139337778
3015860,1.9042544872038139
3015861,135.61360506133283
3015862,179.42346558773485
3015863,3.521823532613202
3015864,1.9252459137559692
3015865,150.40389653510326
3015866,50.52541418944789
3015867,788.6933176536528
3015868,9.46887835944965
3015869,3.227347811625894
3015870,8.190167560220495
3015871,1.0532747839744376
3015872,8.165320310884079
3015873,6116.419060330152
3015874,0.0
3015875,948.2001303068205
3015876,72.16464451070341
3015877,1476.2708994406937
3015878,1547.1315602408147
3015879,273.2642685034107
3015880,374.6303398079697
3015881,267.6235186323687
3015882,5927.786113834308
3015883,77.78189487986906
3015884,2.5194970756081227
3015885,47.24541455752506
3015886,42.3514630243254
3015887,0.6768989186800178
3015888,364.895448121154
3015889,23.846500245815818
3015890,43.85810909517563
3015891,15.835008503078441
3015892,226.1489537290804
3015893,27.084409300241305
3015894,528.0089360078514
3015895,302.61934429630713
3015896,11.849807434253037
3015897,16.19687954120821
3015898,767.4834552315648
3015899,170.49713863897196
3015900,5466.567476883755
3015901,1.0891739567615413
3015902,56.1873403180251
3015903,4.66371647780591
3015904,0.32840280184785353
3015905,1.2428331988687693
3015906,1388.0360435874063
3015907,0.0
3015908,146.12145978984134
3015909,4.305667228241987
3015910,1061.6531439947637
3015911,246.48958095142132
3015912,99.13377711039861
3015913,137.78093090146456
3015914,45.996401486515055
3015915,2543.988689305367
3015916,5.619693064736542
3015917,0.8707481510852378
3015918,11.57621291577377
3015919,8.348662721711793
3015920,0.4420517828077792
3015921,171.92410513164222
3015922,0.0
3015923,0.0
3015924,3.0256613797388
3015925,76.58963215519759
3015926,0.5982711418730531
3015927,158.03004318636704
3015928,91.61191606785148
3015929,1.8770133624525271
3015930,5.436050256107907
3015931,110.30061258133851
3015932,22.341491782215186
3015933,513.7235888664935
3015934,5.139223018326104
3015935,4.685566224485252
3015936,6.635325025448719
3015937,0.2540536468260753
3015938,3.081960253413392
3015939,2631.343387321206
3015940,0.0
3015941,437.29168035846124
3015942,8.583192928533203
3015943,1158.612541991469
3015944,522.2585692189418
3015945,218.3371941014822
3015946,269.51711068434645
3015947,87.84921521523994
3015948,3854.139332942008
3015949,13.90354941756901
3015950,0.3924161916986968
3015951,23.059510558401424
3015952,15.663812820539212
3015953,0.1324544537153943
3015954,253.1313559942281
3015955,2.09390492570579
3015956,2.52422295506156
3015957,9.485279126210694
3015958,15.805614699675433
3015959,1.5121079524505274
3015960,642.595524053221
3015961,219.3460998451911
3015962,4.333344154626948
3015963,5.519573314047333
3015964,159.25549146179728
3015965,50.53573072409513
3015966,1191.5385102269167
3015967,16.989641065151957
3015968,4.97291731165954
3015969,1.6275502726389413
3015970,0.0
3015971,0.7147444855352595
3015972,697.9076651873244
3015973,0.0
3015974,116.24847950324892
3015975,2.5463488814093624
3015976,1245.743616935708
3015977,135.5272804098834
3015978,84.58135067423673
3015979,200.13155629670158
3015980,13.232358888310747
3015981,1618.4938373388613
3015982,2.5086119445455193
3015983,0.27078050310763424
3015984,8.143521561660865
3015985,2.4818764501546444
3015986,0.08793813366880436
3015987,84.12494108706831
3015988,0.0
3015989,0.0
3015990,0.9697563046522951
3015991,27.91940106432686
3015992,0.29263622814405005
3015993,116.94781677529143
3015994,60.605518608548614
3015995,0.8367573714991939
3015996,1.4450920821624271
3015997,51.6214768727382
3015998,9.278355290096366
3015999,165.2665592864225
3016000,6.413334879715721
3016001,1.422886529391026
3016002,7.093835553198388
3016003,0.0
3016004,3.1987877752102336
3016005,1590.4718708280357
3016006,0.0
3016007,183.10585272440477
3016008,11.812122555326091
3016009,775.1946495563182
3016010,308.62464034148866
3016011,155.26394137996496
3016012,133.00792352763875
3016013,60.76765222527346
3016014,2413.528607586361
3016015,4.1334238550666536
3016016,0.7360552767502839
3016017,16.203500242436125
3016018,12.025179955198888
3016019,0.31957432553864135
3016020,174.24954520000273
3016021,0.0
3016022,0.0
3016023,12.981877002107996
3016024,26.0211180632089
3016025,1.0064778624153679
3016026,396.4038149557103
3016027,152.886925760688
3016028,1.9948004313901548
3016029,4.433049916419452
3016030,196.2763639308416
3016031,25.11361967584639
3016032,1074.9714890377838
3016033,5.516047284803405
3016034,2.1055108870501695
3016035,3.1425231800651234
3016036,0.05585388058870133
3016037,2.4043043766566203
3016038,1820.0949564051054
3016039,0.0
3016040,578.7995926082704
3016041,6.645926117611744
3016042,770.1258207907841
3016043,486.7336172904732
3016044,203.18306599836416
3016045,97.61072752107593
3016046,66.07030645689834
3016047,3505.806416715226
3016048,5.254021169541885
3016049,5.730439454888007
3016050,0.0
3016051,34.76544218142036
3016052,0.16491566676086383
3016053,176.22899204538518
3016054,3.009511073660074
3016055,1.288864765451049
3016056,4.874809207695886
3016057,32.26794058278981
3016058,2.0106939522688267
3016059,236.7315920108279
3016060,200.83812079331946
3016061,4.6176282913723385
3016062,6.281633518285198
3016063,130.30751062750045
3016064,36.125538540971256
3016065,551.2231515064938
3016066,10.620673078131853
3016067,4.666463801107724
3016068,3.7484169553012263
3016069,0.0
3016070,0.5564492877758258
3016071,1228.9304824768822
3016072,0.0
3016073,82.20698187238067
3016074,1.8477466492007828
3016075,425.3920188602964
3016076,159.60162679678737
3016077,82.83057021841233
3016078,138.34754264521982
3016079,30.862327673971
3016080,1645.9002819646128
3016081,4.610184727259658
3016082,0.30153107455375316
3016083,15.693876560239321
3016084,9.209696661334403
3016085,0.16576614438511103
3016086,91.48371691940682
3016087,0.0
3016088,0.0
3016089,0.8091977690224998
3016090,48.59048086734507
3016091,0.672457677314258
3016092,332.89424411282795
3016093,83.26260499955042
3016094,0.62340024975807
3016095,1.1149229848872269
3016096,68.57308169267971
3016097,14.837465404541671
3016098,328.6649487002551
3016099,4.0796496942963065
3016100,0.7625676579306837
3016101,4.198733176665466
3016102,0.08394620722921159
3016103,1.5694056691698448
3016104,2742.5589079997217
3016105,0.0
3016106,407.9033537848092
3016107,10.918159137685876
3016108,760.788217552414
3016109,484.615741098462
3016110,180.86902914347863
3016111,154.2877516942368
3016112,70.68990229070693
3016113,3402.777615866521
3016114,6.893268571411602
3016115,0.44164114789377834
3016116,22.168157001443173
3016117,8.036634229937356
3016118,0.09179951700345289
3016119,172.74903389763614
3016120,0.0
3016121,29.106792015838806
3016122,3.285674563416417
3016123,30.190255946570975
3016124,0.6315061925553802
3016125,392.7789308591729
3016126,188.6816505722616
3016127,2.7336639879196865
3016128,2.1710781142324524
3016129,113.9494538837065
3016130,38.93835451134177
3016131,994.4615442270762
3016132,25.731065326146474
3016133,1.1194209824839068
3016134,3.3695593585295542
3016135,0.0
3016136,4.604770048687473
3016137,2411.718308146077
3016138,0.008310879580783694
3016139,449.36122848827944
3016140,9.349031694811272
3016141,854.5856438387433
3016142,758.7418001800271
3016143,137.86911054751303
3016144,117.10141424757758
3016145,116.17131158944856
3016146,3181.4540511162754
3016147,60.62780889382405
3016148,1.7317840933294453
3016149,20.599420773309777
3016150,27.29243315337477
3016151,0.27239892656485176
3016152,198.5724678205511
3016153,13.299430424553373
3016154,19.335105733546616
3016155,1.7802473006812125
3016156,97.26024072543153
3016157,9.668220148358749
3016158,207.6337400878189
3016159,167.89118692825195
3016160,10.913348212665293
3016161,12.615861867680819
3016162,236.7480924854422
3016163,55.602722198836986
3016164,2104.9999841185354
3016165,0.0372644650409776
3016166,11.256805803745715
3016167,6.685244072511544
3016168,0.0
3016169,3.007289189272521
3016170,2350.635681364592
3016171,0.0
3016172,321.6715478493586
3016173,13.506827430019836
3016174,864.7488797796101
3016175,601.0200035592075
3016176,120.92215988375513
3016177,61.903507158316785
3016178,95.75798024165701
3016179,2829.102695850534
3016180,24.14861125629589
3016181,1.3974697386774941
3016182,22.75107195516467
3016183,89.23105561633993
3016184,0.1105289618598262
3016185,248.200681971834
3016186,9.728218442782243
3016187,9.655996482360974
3016188,10.03747278711502
3016189,121.96292181147848
3016190,9.27825134543964
3016191,124.61996948715668
3016192,228.99323671727313
3016193,6.421643532499606
3016194,9.865648026630295
3016195,94.87566689411852
3016196,46.77741781349795
3016197,1455.0275103762945
3016198,0.31905119774802376
3016199,17.975948368736958
3016200,8.318201388634629
3016201,0.0
3016202,2.0944790977923073
3016203,2751.8140807591276
3016204,0.0
3016205,578.7151783189729
3016206,10.945477503564401
3016207,1680.1800449918971
3016208,498.3449309245373
3016209,167.3490749175987
3016210,182.22502346312046
3016211,51.15469900237664
3016212,4430.668301381554
3016213,34.640444710347985
3016214,1.0938529386366653
3016215,20.913762357163694
3016216,10.657746481567152
3016217,0.2709541671716808
3016218,276.0602600985186
3016219,4.619588534496448
3016220,14.402140442420416
3016221,5.466645286396258
3016222,66.50164451679149
3016223,3.0593250062184434
3016224,184.0088118373264
3016225,195.39145631543096
3016226,6.9616727058706696
3016227,7.369006625680404
3016228,201.28503411807506
3016229,41.16366458237275
3016230,1259.8514233357682
3016231,3.285981258195448
3016232,12.691289742452796
3016233,3.4614933403387718
3016234,0.10720652010047925
3016235,2.4660755656585485
3016236,1610.6790660241247
3016237,0.0
3016238,254.58521786351906
3016239,6.772142072765638
3016240,589.7603183935773
3016241,522.0339761398538
3016242,143.8702747459531
3016243,94.11875339974439
3016244,52.01244328088767
3016245,2332.393945954443
3016246,18.651736259660197
3016247,1.3426922846031082
3016248,8.943224192443548
3016249,14.255133302864833
3016250,0.4527445991076883
3016251,176.43963320369673
3016252,12.641928760787751
3016253,14.20138702401298
3016254,1.382037522235813
3016255,73.76865534009816
3016256,5.2464174149655385
3016257,278.7543621913252
3016258,119.23199920428651
3016259,5.851559770398503
3016260,5.753262715892373
3016261,223.1953121459516
3016262,20.614518986575145
3016263,1393.2357993848418
3016264,0.0
3016265,14.159818779566923
3016266,3.7592458878304726
3016267,0.12389322957312389
3016268,2.26755192394178
3016269,3591.6686770637593
3016270,0.0
3016271,321.31902736929374
3016272,8.701222502731875
3016273,1507.8559461497682
3016274,498.25748162136114
3016275,251.6981083754664
3016276,139.79433731061584
3016277,77.84846505901346
3016278,4590.139708945415
3016279,12.120603241833958
3016280,1.9817861124389178
3016281,25.143861998493588
3016282,22.933829266348035
3016283,0.2760433416663826
3016284,367.62911280075645
3016285,0.0
3016286,0.12304730603522698
3016287,10.33474748406468
3016288,40.52044077593949
3016289,1.5098148158614484
3016290,150.44258656304478
3016291,203.498164851329
3016292,3.2869384277826392
3016293,9.739608628562625
3016294,156.42942134545402
3016295,47.71265719928066
3016296,933.8477945203603
3016297,14.010366730214871
3016298,5.978577478520451
3016299,4.483668446996167
3016300,0.0
3016301,6.693211491384196
3016302,2356.829898713902
3016303,0.0
3016304,373.2083302253766
3016305,14.269475286345587
3016306,1266.4079292820627
3016307,563.5534825732167
3016308,196.218416247589
3016309,110.62156095390309
3016310,134.06627873585225
3016311,3109.9464886771193
3016312,36.2697697665549
3016313,1.1628880694550234
3016314,19.637857221183094
3016315,31.716155789523512
3016316,0.47900785797446804
3016317,194.5956874961822
3016318,14.68859980951309
3016319,15.444721189119056
3016320,8.017625331825156
3016321,121.83778837469752
3016322,8.5047709077054
3016323,178.59288319762018
3016324,318.4992539675741
3016325,11.712201095920857
3016326,7.024619265194583
3016327,160.38641186557177
3016328,43.0297524488281
3016329,1730.94133681656
3016330,0.0
3016331,6.438063637396066
3016332,2.2046004466979774
3016333,0.06548489423250096
3016334,3.1679060882448042
3016335,2087.0964628958322
3016336,0.0
3016337,362.8256110214227
3016338,10.027090241555452
3016339,594.3172966648098
3016340,663.6122557719825
3016341,144.36674592748696
3016342,115.83690284876351
3016343,103.44668043632542
3016344,2597.7517541160246
3016345,32.20385688547749
3016346,0.7977050676916804
3016347,20.80406811008064
3016348,20.463431035136434
3016349,0.30180690181518804
3016350,155.19706263118204
3016351,15.506680677697512
3016352,31.391509057563137
3016353,5.5904195203835005
3016354,68.98254086340762
3016355,8.358798165911246
3016356,214.7226818146184
3016357,137.8360002001869
3016358,8.313832361067975
3016359,8.494991552824395
3016360,172.13796590814286
3016361,42.45998575772097
3016362,1940.3414175229698
3016363,0.0
3016364,11.70214321468929
3016365,3.067200211964863
3016366,0.1726010357568285
3016367,2.8086270660134236
3016368,4155.02521374043
3016369,0.0
3016370,469.5770820965748
3016371,16.131921559142217
3016372,1019.4173329280052
3016373,487.308498283992
3016374,215.03424341162324
3016375,185.29943178679636
3016376,52.016391808734014
3016377,3997.819725494158
3016378,8.756945891947275
3016379,0.02027453361221358
3016380,7.353939396330958
3016381,15.1339538425818
3016382,0.1677212682498098
3016383,201.65380775468202
3016384,0.0
3016385,8.553706006226001
3016386,0.2546401543247538
3016387,92.34943811339602
3016388,3.554129542799886
3016389,245.3617259523001
3016390,232.73731394616547
3016391,2.2648305200114405
3016392,1.70404171921206
3016393,206.7742180387148
3016394,133.36770410292297
3016395,1015.4098744368684
3016396,9.16074649225446
3016397,1.3386697112805488
3016398,14.359257717732133
3016399,0.0
3016400,11.618581608277422
3016401,6765.124621323371
3016402,0.0
3016403,1212.652141757639
3016404,35.23208552716519
3016405,1939.1043870793214
3016406,1688.937237743429
3016407,393.8576448966669
3016408,436.0273054801225
3016409,347.21741553675145
3016410,6729.038382668803
3016411,88.61801053882667
3016412,3.5180094849856944
3016413,100.45258859250868
3016414,110.76208865179402
3016415,0.09369432857948855
3016416,498.07805885071645
3016417,23.293155668755798
3016418,17.075981888904412
3016419,15.28542706913504
3016420,356.1574605699658
3016421,22.69055630917999
3016422,622.0649329653731
3016423,287.80151606473123
3016424,33.596142954196615
3016425,26.31615594711196
3016426,783.4239547284933
3016427,231.82684901226122
3016428,6028.444087525159
3016429,67.13453112146976
3016430,57.30494674609037
3016431,11.423473631942427
3016432,0.0
3016433,8.481692135038601
3016434,5777.233751464273
3016435,0.0
3016436,848.392492862296
3016437,29.499352753724473
3016438,1819.4443394293771
3016439,1550.2682983607983
3016440,453.7191082017553
3016441,256.86613851629306
3016442,230.32699297055655
3016443,7360.553920262181
3016444,150.9461798039443
3016445,1.6478310620615808
3016446,27.04131218355987
3016447,78.15935694367013
3016448,0.6975530560878203
3016449,439.5967471553611
3016450,14.691255969185875
3016451,26.06239573716424
3016452,5.58351721071434
3016453,201.4653864540737
3016454,14.326388103248751
3016455,751.8313700762197
3016456,381.59513401700946
3016457,16.315503412545002
3016458,21.827897657443433
3016459,786.2964136717145
3016460,148.9200006388633
3016461,4074.920372067918
3016462,144.05301883839826
3016463,50.49828574645779
3016464,10.664676265491833
3016465,0.0
3016466,12.11034143009074
3016467,3883.7024778932264
3016468,0.01696920338588093
3016469,656.2964944713632
3016470,12.970991702368197
3016471,1722.3915016755054
3016472,1065.449632489255
3016473,519.9314114309336
3016474,104.76013321016387
3016475,172.0477202169696
3016476,6302.48539133096
3016477,46.74637192916503
3016478,1.9727342436882174
3016479,26.79646600402191
3016480,21.824135469816316
3016481,0.13725717279464453
3016482,415.0770310418143
3016483,14.964432482536965
3016484,15.783758703341546
3016485,7.518326778092848
3016486,116.86310107700766
3016487,7.803759150623636
3016488,756.0000966798899
3016489,398.0706400225417
3016490,18.849330797488392
3016491,38.65281484762264
3016492,421.8092420258327
3016493,78.4617141426663
3016494,1700.3232594968595
3016495,85.52870381479941
3016496,28.62955685158286
3016497,12.04773104512439
3016498,0.0
3016499,10.789766994058946
3016500,5684.586686067641
3016501,0.0
3016502,808.8855766637156
3016503,26.969978462728466
3016504,1750.7453320077743
3016505,1516.6875689499377
3016506,465.2313783554932
3016507,240.87632289989835
3016508,180.1917717018426
3016509,7151.067507021178
3016510,49.63685066965695
3016511,1.6879182983184213
3016512,36.60903930478129
3016513,72.40592101744629
3016514,0.9871666163879902
3016515,456.6241545125117
3016516,21.694783111062655
3016517,25.732627196426122
3016518,5.032861182775095
3016519,182.9437264420541
3016520,10.848528372331472
3016521,626.1557259311252
3016522,367.3716286765234
3016523,21.614138298281365
3016524,17.096235756958812
3016525,733.1989578337821
3016526,125.9190310391273
3016527,3591.3078560561885
3016528,89.98656785986614
3016529,42.91239845044976
3016530,11.536088907729916
3016531,0.0
3016532,13.389842726869732
3016533,2707.5717118241873
3016534,0.06685217643752411
3016535,551.5799918498751
3016536,13.039041875675265
3016537,1338.9127150745776
3016538,816.5674620089085
3016539,413.407859301783
3016540,73.02419816581259
3016541,120.98607150855814
3016542,5161.584192144399
3016543,40.90917686231482
3016544,0.5496360453477027
3016545,14.342772362370496
3016546,41.13707170766023
3016547,0.6993916866996147
3016548,367.65635734495896
3016549,12.500358010842678
3016550,8.11330463280458
3016551,1.9018378572023389
3016552,109.06935443207219
3016553,3.4517947234399213
3016554,593.6784594255794
3016555,355.2568271936981
3016556,15.07143312089568
3016557,12.976623540993184
3016558,554.3654926515065
3016559,45.42973657622087
3016560,1142.2465385736448
3016561,73.40040999717989
3016562,12.76565138260569
3016563,10.840879414440275
3016564,0.0
3016565,7.360894884835666
3016566,4775.250662107262
3016567,0.0
3016568,860.711684700639
3016569,24.093799655337868
3016570,1375.3435463574956
3016571,1599.459838269286
3016572,324.0743518444119
3016573,365.47273170197644
3016574,256.0224038295802
3016575,5631.450189775353
3016576,75.91356237970705
3016577,1.7430089562839157
3016578,45.59001046720467
3016579,58.170080133219
3016580,0.7948306957956024
3016581,332.79185144745077
3016582,12.330549590995314
3016583,24.331408183755258
3016584,10.296844826240978
3016585,259.1909339352382
3016586,16.711986691748066
3016587,581.9044924404108
3016588,294.71027939308027
3016589,16.20775276055412
3016590,23.611356562022642
3016591,695.9325428665045
3016592,133.38532203909503
3016593,5365.906906147933
3016594,72.05560862684293
3016595,51.45419964056141
3016596,6.164289304378512
3016597,0.09787346618573861
3016598,4.159794142608578
3016599,1551.9725970113288
3016600,0.0
3016601,273.0896933113389
3016602,22.216549679743448
3016603,879.9986542791833
3016604,446.73171714655354
3016605,183.56956901634211
3016606,68.01530692586941
3016607,88.96466630925241
3016608,2463.631975201396
3016609,50.70248800683055
3016610,1.3934287385238835
3016611,18.21477179370136
3016612,24.089781229151477
3016613,0.4561341190056051
3016614,185.8030739841634
3016615,10.316520524301865
3016616,4.4957363035124285
3016617,9.960493019408922
3016618,58.13707608440844
3016619,6.41557409703042
3016620,203.81154862601772
3016621,166.7805192220085
3016622,2.4193722004818112
3016623,5.690741786883853
3016624,172.0980575547395
3016625,42.712191046830554
3016626,1259.8819884965135
3016627,1.2005184841928562
3016628,13.52127164275005
3016629,7.28319323836895
3016630,0.0
3016631,9.845757706412444
3016632,3317.874456511078
3016633,0.0
3016634,398.61191695678787
3016635,21.600015669998786
3016636,1278.6958463989179
3016637,844.8958390593689
3016638,344.6732439078914
3016639,80.28458988614742
3016640,130.914734971134
3016641,4921.8378558282475
3016642,114.28522126091303
3016643,1.2037124269067905
3016644,41.11931854547015
3016645,53.09360636031754
3016646,0.67163523287762
3016647,361.83397242882086
3016648,10.714958463805724
3016649,0.09780586695244482
3016650,2.517503574595805
3016651,141.49747656048808
3016652,6.498583517359
3016653,441.9312656566021
3016654,329.12456164244463
3016655,10.228862152815179
3016656,14.213511890729885
3016657,300.47262174466306
3016658,58.06142746692067
3016659,1610.1436668728509
3016660,67.51913043831621
3016661,17.006966669552007
3016662,7.856439441126332
3016663,0.0
3016664,2.5545026699430733
3016665,3516.7675745813535
3016666,0.0
3016667,649.0370205898915
3016668,9.77563281882748
3016669,1155.6859365109844
3016670,1240.9925687269908
3016671,204.87582937511098
3016672,274.41528019892604
3016673,216.19928516556524
3016674,3970.290391332216
3016675,38.6829491676408
3016676,1.3097560803633994
3016677,24.221696327728797
3016678,38.019303164247155
3016679,0.6565093010692437
3016680,259.09464116398954
3016681,2.7051393704438076
3016682,34.53633893005583
3016683,4.860712973174767
3016684,136.00103608384683
3016685,8.627392399612127
3016686,479.3835728923543
3016687,197.0605715914472
3016688,18.307509985629352
3016689,7.375483724734478
3016690,397.601452830682
3016691,92.75689983482216
3016692,4190.900487420346
3016693,19.19397476556614
3016694,34.96409329429506
3016695,16.44661833507791
3016696,0.0
3016697,10.077500978032939
3016698,5761.820023939861
3016699,0.0
3016700,1042.1401696457935
3016701,15.482177090933169
3016702,2180.5818130849584
3016703,1470.2655496858667
3016704,455.4229242326035
3016705,260.60704276973865
3016706,437.4922228537132
3016707,7896.825122967573
3016708,60.90263417017857
3016709,4.245249246307005
3016710,79.75774896300763
3016711,65.07176220797598
3016712,1.1955419891876642
3016713,474.216371091293
3016714,12.38898971550462
3016715,78.16775350614014
3016716,10.489602387881922
3016717,298.9122991129924
3016718,13.641768138810786
3016719,633.5909467137016
3016720,459.2688655852704
3016721,20.54574990510668
3016722,35.98827640264232
3016723,612.2178279011243
3016724,169.31593129489897
3016725,6116.205091241956
3016726,21.774705849053955
3016727,13.363648974006315
3016728,7.670961565162902
3016729,0.04906456729615006
3016730,2.003654084452204
3016731,1722.4366820772268
3016732,0.0
3016733,357.0933145119489
3016734,8.027745301339085
3016735,735.1426415581692
3016736,384.4844400205678
3016737,188.2322720007666
3016738,71.5489184802862
3016739,102.07391296806738
3016740,2562.607715122452
3016741,13.155298587320912
3016742,1.3640628822551
3016743,20.41620041823794
3016744,24.049052573036136
3016745,0.0
3016746,145.86532596824875
3016747,4.128371510159508
3016748,4.95645937641287
3016749,6.8150021220889885
3016750,90.01795535520934
3016751,3.176031705704479
3016752,220.61435979425968
3016753,167.5367611522149
3016754,5.537754105699604
3016755,5.890176779732131
3016756,147.69711232608142
3016757,40.27711179510607
3016758,1423.8667026211253
3016759,0.0
3016760,2.3724891744867125
3016761,4.0153075210213665
3016762,0.0
3016763,1.7737846237773685
3016764,2811.5643795324877
3016765,0.0
3016766,165.423741399632
3016767,3.400840675776227
3016768,890.0286447436158
3016769,171.96309124602993
3016770,172.5896196396888
3016771,53.279634492984066
3016772,26.12298595797041
3016773,2505.6983815833796
3016774,7.2539381601077055
3016775,0.39266971389784655
3016776,15.93792768880649
3016777,11.394479849950224
3016778,0.3221890860371298
3016779,161.0384732748949
3016780,0.0
3016781,0.0
3016782,3.2202153156590456
3016783,27.78529653234713
3016784,0.8277605933807427
3016785,60.98629545189547
3016786,114.23739967481431
3016787,0.0
3016788,0.3535523930773081
3016789,58.372514331539634
3016790,81.72120919664728
3016791,488.7238972792102
3016792,2.7724745897263112
3016793,3.12839921949201
3016794,4.1899411299143425
3016795,0.13814129953096624
3016796,3.9071663178438163
3016797,2255.090973425159
3016798,0.0
3016799,415.6612946092081
3016800,13.716232456606901
3016801,971.3210774947039
3016802,688.8883458777541
3016803,247.12652512105709
3016804,126.91714132077763
3016805,102.98713838574577
3016806,3523.494115339192
3016807,37.91494937956631
3016808,1.1611636153255218
3016809,18.28878492705277
3016810,49.03964901158295
3016811,0.19616062038805754
3016812,241.47840183348956
3016813,13.376374700975681
3016814,10.347156993582637
3016815,6.935889463319026
3016816,81.64612754661864
3016817,5.359559095098223
3016818,334.6807365873344
3016819,188.54508751664733
3016820,7.419329460547061
3016821,10.852895186111084
3016822,343.9548011854637
3016823,53.74536430888833
3016824,1723.507817645867
3016825,0.0
3016826,21.046533415982054
3016827,5.284497909810549
3016828,0.0
3016829,4.731958591569272
3016830,3351.367933911579
3016831,0.046826807094654824
3016832,609.4012559104724
3016833,18.96933474194571
3016834,950.4139479908163
3016835,1126.2447848653417
3016836,157.05463377102774
3016837,235.9256898955512
3016838,185.69655336654853
3016839,3427.0370385371684
3016840,45.64156203690041
3016841,2.076646725759335
3016842,22.87349500056273
3016843,24.900974634966794
3016844,0.8426696500961866
3016845,200.88650879791322
3016846,16.16887951702187
3016847,35.67128492370852
3016848,8.183615540138232
3016849,159.52622592289788
3016850,10.776866483521836
3016851,377.4285630206258
3016852,187.24939178412737
3016853,8.194621008418249
3016854,12.70470755288962
3016855,504.3442094979832
3016856,100.5490172978204
3016857,4111.386541992838
3016858,0.36983765800853136
3016859,34.68906265844821
3016860,3.8963973756874477
3016861,0.28325711897295913
3016862,6.286505812485418
3016863,3180.9691974800985
3016864,0.0
3016865,641.2045857322336
3016866,23.38037049079698
3016867,965.2650893576234
3016868,1060.5618562128777
3016869,207.45985114251468
3016870,231.50707839320378
3016871,120.00415550537303
3016872,3828.552160267018
3016873,33.795999084596374
3016874,2.972794069894372
3016875,28.337284284380683
3016876,37.51116960467511
3016877,0.7411354201469909
3016878,250.14159341756837
3016879,15.235481824939185
3016880,27.13341591673943
3016881,23.510316909786205
3016882,143.19195579891354
3016883,19.059843552000736
3016884,330.2624652675002
3016885,222.77168568102067
3016886,16.660864342290665
3016887,16.95937019886846
3016888,396.415148907766
3016889,114.55101948154862
3016890,3075.7295268316616
3016891,0.19961766626368663
3016892,30.19429490731144
3016893,14.822873303632681
3016894,0.24235327591567254
3016895,4.602280332811797
3016896,2216.8051307701044
3016897,0.0
3016898,405.32706656285256
3016899,13.730590492710407
3016900,1138.0230626611783
3016901,557.2197030115778
3016902,396.4405353222844
3016903,133.54057997609138
3016904,61.08430945206891
3016905,4680.660272561894
3016906,16.249135059762537
3016907,1.521313896377751
3016908,5.749985087041645
3016909,28.32759117228696
3016910,0.2039309035237752
3016911,315.6760440367426
3016912,12.801906014649061
3016913,3.8450540736259016
3016914,3.673730206371866
3016915,44.81502333180524
3016916,2.6038669998135986
3016917,482.214705828184
3016918,270.4976187721526
3016919,6.3661721204247055
3016920,6.171622277694771
3016921,277.1130317695188
3016922,90.86533383841822
3016923,1050.8554929732056
3016924,31.08242915398431
3016925,14.90032400657059
3016926,6.330264326448427
3016927,0.0
3016928,2.817087515093742
3016929,2220.6257024088864
3016930,0.0
3016931,343.4843539366375
3016932,21.33408781488905
3016933,690.26315824384
3016934,724.2096589555392
3016935,165.31657572552916
3016936,153.47409234718398
3016937,148.70597545404277
3016938,2660.8194352279666
3016939,25.272899095081403
3016940,1.869216360269493
3016941,23.863863267194322
3016942,23.464232146883674
3016943,0.7414504396282102
3016944,161.66912212562218
3016945,11.221168225395415
3016946,24.577372851338097
3016947,8.515340182978608
3016948,133.75647736179207
3016949,7.518714428052385
3016950,671.1888206956387
3016951,108.05192755201804
3016952,4.708448024145007
3016953,8.50291471993597
3016954,495.9231473938723
3016955,64.1745925351303
3016956,2308.925449399076
3016957,0.0
3016958,39.78532801383449
3016959,1.430762154391996
3016960,0.0
3016961,2.020943982349337
3016962,986.9624534847346
3016963,0.0
3016964,63.48276430742797
3016965,3.533630758112578
3016966,687.2418997705034
3016967,180.34909473876903
3016968,258.1632269561127
3016969,25.052208758651975
3016970,21.83727162379778
3016971,2003.0802325418463
3016972,7.816441700360741
3016973,0.43046216406973775
3016974,11.014059942535486
3016975,7.2759281373351
3016976,0.0956721857815738
3016977,106.84112750709762
3016978,0.0
3016979,0.0
3016980,0.7537443125267869
3016981,18.05515020503848
3016982,0.2841775094695914
3016983,114.44413419536666
3016984,104.42477104565891
3016985,0.5493341235596624
3016986,2.5691061088428606
3016987,120.75321301469374
3016988,15.404549549120357
3016989,204.3183145591513
3016990,0.33859944185051855
3016991,0.13049862479418564
3016992,7.553565152274978
3016993,0.04827389017576867
3016994,2.153488351306693
3016995,4402.693412853477
3016996,0.0
3016997,573.7250635064835
3016998,13.69862656294441
3016999,1301.2592956958242
3017000,495.1709720165977
3017001,523.1228551808209
3017002,231.02277541505202
3017003,83.82756063996388
3017004,5762.926818079803
3017005,35.57439837047843
3017006,0.8520369897236763
3017007,7.091418446236615
3017008,9.937883909205627
3017009,0.16182275960864284
3017010,307.85289543520344
3017011,13.633809465772863
3017012,1.62464501090646
3017013,7.667727498428516
3017014,64.9228729412045
3017015,2.191968498660874
3017016,481.9915627871141
3017017,196.7556106572238
3017018,2.270696838022888
3017019,8.581236186102814
3017020,468.6593903412925
3017021,97.16879215490046
3017022,1411.6454036011207
3017023,5.330728849048122
3017024,7.540741071944787
3017025,3.938442097213672
3017026,0.0
3017027,0.8879941033938679
3017028,1450.5714888469915
3017029,0.0
3017030,148.80504630188102
3017031,11.401975876527185
3017032,879.5819325274645
3017033,339.9902661174107
3017034,250.6554003706751
3017035,34.104716278332425
3017036,37.48096128315165
3017037,2637.0291284445075
3017038,11.37032880535933
3017039,0.4298216109926558
3017040,13.44483835917823
3017041,15.387659091582583
3017042,0.34120782718361176
3017043,143.46510719079026
3017044,9.428865463575093
3017045,0.0
3017046,5.199977439596096
3017047,59.49685837951902
3017048,1.8256166942643892
3017049,104.5520505432048
3017050,125.2402755131715
3017051,1.362356350012762
3017052,4.731380742905331
3017053,164.58785878978068
3017054,23.549796661843562
3017055,313.82786877146884
3017056,0.9232271624212495
3017057,2.794428855624144
3017058,3.8602604393952364
3017059,0.0
3017060,4.23478469443453
3017061,1455.2688963538417
3017062,0.0
3017063,96.09140459672321
3017064,6.100571248331886
3017065,705.8615689487686
3017066,214.24371711575648
3017067,168.47179197359645
3017068,39.210464766847814
3017069,30.877097980427425
3017070,2442.333281739567
3017071,17.822358198426432
3017072,0.06477155677248547
3017073,11.220522024901088
3017074,7.519981235362723
3017075,0.05011379436679902
3017076,117.40117046579292
3017077,2.244253688223756
3017078,0.0
3017079,3.409440508538901
3017080,64.98856947301199
3017081,0.7387169807606315
3017082,136.13828910086204
3017083,131.8638698471308
3017084,0.6779947523398565
3017085,3.818008080946901
3017086,80.95742902161676
3017087,9.818204452845023
3017088,165.94250181745085
3017089,0.7250709475333965
3017090,4.820364546451455
3017091,2.828865713060158
3017092,0.0
3017093,2.734852992469714
3017094,1257.4139683734804
3017095,0.0
3017096,126.46837176040117
3017097,8.880152890772733
3017098,1732.305349231945
3017099,269.4213410786653
3017100,304.9192129773712
3017101,28.811825644974245
3017102,49.14412780406483
3017103,2730.6727227085485
3017104,14.117910195775224
3017105,0.14380892096786402
3017106,7.701379743049487
3017107,21.997673328246794
3017108,0.14252103003807087
3017109,165.54517634973612
3017110,2.792991588484424
3017111,0.0
3017112,3.3629951081039
3017113,25.79599674600464
3017114,2.150482101344004
3017115,176.59803847793918
3017116,230.80509798303092
3017117,1.7604827685894815
3017118,2.9626438913643582
3017119,79.66832127635469
3017120,78.68122198488773
3017121,327.0865799503212
3017122,0.5546478553999569
3017123,5.031269430273209
3017124,3.570291329148825
3017125,0.6135741230616487
3017126,3.963053592901606
3017127,1442.9521201931145
3017128,0.0
3017129,129.9025309369064
3017130,4.155125632898838
3017131,852.0514504427564
3017132,286.94219677135004
3017133,321.85302722328345
3017134,69.14987100066395
3017135,67.11132454000794
3017136,2341.4964901808717
3017137,11.44418277809638
3017138,0.7274419351769384
3017139,13.031392483838006
3017140,13.981439155207314
3017141,0.1537518525878707
3017142,190.04319250815675
3017143,7.883433092450142
3017144,0.0
3017145,5.6745436371388225
3017146,36.82496269475658
3017147,2.379492836959137
3017148,127.22528854844177
3017149,145.22544701094304
3017150,0.27352179147215677
3017151,5.56396055075137
3017152,127.89478917057994
3017153,48.770897992624846
3017154,535.9391118729212
3017155,0.7800212923528642
3017156,4.96672380705755
3017157,4.127787106993519
3017158,0.14474440552857243
3017159,2.186494464036113
3017160,1204.4076038915855
3017161,0.0
3017162,117.82732173560538
3017163,5.944926144607989
3017164,1442.2484192258205
3017165,201.68097637128517
3017166,145.85527788543737
3017167,88.6787332619281
3017168,32.863833467791565
3017169,1919.1144610546794
3017170,6.746479477543328
3017171,0.36514235756342367
3017172,9.02395656467734
3017173,17.05455325307853
3017174,0.13589035978864505
3017175,124.47903737144381
3017176,0.0
3017177,0.0
3017178,2.542379583203127
3017179,55.93392066067074
3017180,1.0652538486937337
3017181,45.66184025671787
3017182,101.08972769333799
3017183,1.03882742454516
3017184,2.5403956618761923
3017185,67.20998987368242
3017186,28.528097689405488
3017187,467.1833050841813
3017188,10.351315531724653
3017189,1.428529779481067
3017190,6.330670636106474
3017191,0.5813564875533934
3017192,2.5580205850574935
3017193,2432.885049973725
3017194,0.0
3017195,213.1600126745567
3017196,7.949691536463127
3017197,804.4314155249846
3017198,505.6020966405487
3017199,561.7323045457437
3017200,129.13722996993903
3017201,88.96868472714812
3017202,3293.5212801849884
3017203,17.171163324542626
3017204,1.478357504477108
3017205,15.50947450889222
3017206,5.874165766790559
3017207,0.22659499797534102
3017208,203.24636322344182
3017209,1.1652055255431553
3017210,0.0
3017211,3.3820340701834404
3017212,57.62867090425096
3017213,3.535844956254865
3017214,198.05443796143365
3017215,167.56383195472256
3017216,2.0445418586868747
3017217,5.107938186922311
3017218,312.6151279161171
3017219,39.04140060699647
3017220,995.8347154101739
3017221,2.5054350482974184
3017222,11.24537523332429
3017223,3.485712147073503
3017224,0.09349545899222472
3017225,2.6322820743938355
3017226,1529.5073478755103
3017227,0.0
3017228,466.1836098867149
3017229,10.24974998869778
3017230,436.37735808072705
3017231,448.30405520024266
3017232,216.3416144554952
3017233,111.15762910461483
3017234,45.28694587386923
3017235,2047.7990644085419
3017236,9.837180906553593
3017237,0.9684589706695675
3017238,16.25327501718617
3017239,11.120423517411869
3017240,0.3569647448797698
3017241,139.19029526687387
3017242,6.559095783249768
3017243,3.1887526618224777
3017244,2.8887110515481456
3017245,89.81080071588227
3017246,1.7365424248933756
3017247,74.31503950677664
3017248,93.46982318324417
3017249,3.795883405283919
3017250,4.517684989422051
3017251,196.83371591573555
3017252,44.745664690614625
3017253,1095.8846554011081
3017254,9.874075954190356
3017255,8.92556238177835
3017256,5.748838206853113
3017257,0.35813169284601093
3017258,3.1295477466283717
3017259,2450.0487491734193
3017260,0.0
3017261,122.20042393095996
3017262,6.2211648057864055
3017263,837.2080834839755
3017264,279.52919137705123
3017265,280.3970373828683
3017266,50.24690565511649
3017267,41.33497723741624
3017268,3143.38659165148
3017269,38.817253926380126
3017270,1.3079367832437683
3017271,14.14227527749756
3017272,14.159872438719024
3017273,0.26804637883657095
3017274,152.55925288113514
3017275,5.676364992695307
3017276,0.0
3017277,4.308482054097629
3017278,58.50987363986682
3017279,2.863190202724435
3017280,116.87824965471573
3017281,180.9115690235131
3017282,1.5013274902041096
3017283,3.6272656075086287
3017284,119.03677286743523
3017285,19.392692650602484
3017286,365.01274254693584
3017287,0.7935384379470652
3017288,2.407130879779729
3017289,6.276645402635391
3017290,0.0
3017291,5.8530338311270915
3017292,2802.6553566434804
3017293,0.0
3017294,615.6358454860031
3017295,15.961409897262806
3017296,917.5212500346482
3017297,819.5096002994892
3017298,240.4966698792816
3017299,181.53654994470543
3017300,124.41142752248281
3017301,3767.705406569767
3017302,43.24485512331032
3017303,1.8698950610145764
3017304,18.323547369893763
3017305,27.170268065127996
3017306,0.32234358826336185
3017307,232.99843896149824
3017308,17.403220559660824
3017309,15.061237945128447
3017310,6.0321470278218055
3017311,122.02054735356542
3017312,8.631054492079725
3017313,1245.9268665577713
3017314,186.1926885481596
3017315,10.393581616092698
3017316,10.129452854710191
3017317,612.2041123637729
3017318,74.33161705728365
3017319,2021.5391761945998
3017320,0.0
3017321,41.99347336050708
3017322,7.407073609835886
3017323,0.003398236721562214
3017324,2.183441612829448
3017325,2612.1656760083392
3017326,0.0
3017327,320.84815792689085
3017328,11.299199001396007
3017329,1332.2454534809845
3017330,453.0173534546626
3017331,913.579871191289
3017332,63.44486589728407
3017333,70.03121680054768
3017334,4257.785516283622
3017335,15.80517273463449
3017336,0.31421961876878624
3017337,20.04169871683031
3017338,13.811272731394736
3017339,0.0
3017340,243.40629120026455
3017341,2.3089925260669872
3017342,3.746455699494119
3017343,3.5867539284258703
3017344,68.75616822380209
3017345,0.9602136765546533
3017346,233.63467350658343
3017347,194.91712854496205
3017348,3.495461611565002
3017349,2.538612057784446
3017350,475.44409303459526
3017351,42.81126681085012
3017352,577.0704652954353
3017353,10.223449600106447
3017354,9.253760587805564
3017355,8.681270943511192
3017356,0.36042633136782215
3017357,3.5071655466877787
3017358,2409.4698929185893
3017359,0.0
3017360,325.08080042462024
3017361,6.772499464542873
3017362,1634.0402392476499
3017363,417.70950933756234
3017364,290.02741086481086
3017365,176.91041660605
3017366,110.4256561022572
3017367,3155.6795737046327
3017368,12.281844200397604
3017369,0.5152544873835756
3017370,34.79655404749705
3017371,31.344785335366645
3017372,0.2667210988233492
3017373,234.4127269458441
3017374,3.8035315671524343
3017375,0.9506084232385345
3017376,14.513128943680016
3017377,129.06238022796413
3017378,1.256910907560833
3017379,89.8096723612706
3017380,204.50228020316456
3017381,2.282197320313169
3017382,1.6181554166246115
3017383,140.85203008930063
3017384,146.09116976447967
3017385,1009.7303929406274
3017386,9.309796218305255
3017387,5.803980393150456
3017388,3.126724423706604
3017389,0.0
3017390,2.71282703451886
3017391,1543.1194624229965
3017392,0.0
3017393,138.15460740901972
3017394,8.336014860446978
3017395,594.6113470329857
3017396,282.0302344028329
3017397,142.18294225759988
3017398,56.055942944058465
3017399,60.79338196291999
3017400,2325.8613974721297
3017401,14.06649884357584
3017402,0.642624794643374
3017403,19.334492134737328
3017404,16.71673579366526
3017405,0.0
3017406,149.8489215419627
3017407,3.2176925257511626
3017408,0.0
3017409,4.883447002648586
3017410,110.2482281224384
3017411,1.549528512488894
3017412,91.91753951431703
3017413,125.86611360522966
3017414,0.7599185048207376
3017415,3.6728490251866917
3017416,246.34625242374875
3017417,23.88386191120883
3017418,481.51022611586035
3017419,1.2956358694666732
3017420,2.329867229219402
3017421,1.4505059612846352
3017422,0.0
3017423,0.569898461796712
3017424,1347.1185155516403
3017425,0.0
3017426,251.66193577025928
3017427,13.479446967872734
3017428,512.5912288276949
3017429,509.7860515724816
3017430,138.7127689968814
3017431,54.00616128754765
3017432,84.91733180844605
3017433,2083.8555064089956
3017434,32.41860559432339
3017435,0.5136392459625234
3017436,15.437625240820724
3017437,17.026036018795683
3017438,0.1208655236019265
3017439,106.6258417186357
3017440,9.05186812227886
3017441,2.01201361130481
3017442,3.464767102007519
3017443,86.77247150164858
3017444,5.002856526869463
3017445,479.16726026861164
3017446,123.16944429792058
3017447,3.8770945201807328
3017448,5.396999243252289
3017449,405.8923717249048
3017450,38.795550206373036
3017451,1192.450060679802
3017452,0.0
3017453,9.486478307156604
3017454,3.5495125712371975
3017455,0.09509439597713149
3017456,3.9969303626075425
3017457,3833.835465407584
3017458,0.17468753371449075
3017459,778.8760920184772
3017460,21.60931140503965
3017461,1258.6115311463636
3017462,1354.9751341877559
3017463,325.1390133493431
3017464,267.7304424473683
3017465,226.1985847669931
3017466,4636.442501248095
3017467,39.768339319243694
3017468,1.1340795918802085
3017469,19.03487331708619
3017470,31.48590384710237
3017471,0.5560630109518833
3017472,265.6929599011262
3017473,11.679472432229954
3017474,46.092383508155166
3017475,11.902205748607626
3017476,145.39332821689905
3017477,15.228047262577425
3017478,714.2334275391653
3017479,257.31026034611244
3017480,16.098061997885754
3017481,10.433728278766132
3017482,826.5121421569228
3017483,127.59671512938321
3017484,3713.9486068531523
3017485,0.6336822114631026
3017486,43.389152346481495
3017487,2.124774772867022
3017488,0.07361090505035066
3017489,4.603966996496808
3017490,3059.280350432524
3017491,0.0
3017492,444.4820923866017
3017493,7.546306697801021
3017494,561.5514837420511
3017495,767.9252445888774
3017496,191.0461568061254
3017497,168.40220389975312
3017498,176.32504795058637
3017499,2287.603820361866
3017500,26.005282759263867
3017501,1.452495824381835
3017502,15.559982194653038
3017503,20.630163366080197
3017504,0.1541428655735605
3017505,117.9586613230235
3017506,0.0
3017507,30.969861221978807
3017508,4.728963736132109
3017509,306.6830717662797
3017510,12.884464501749441
3017511,398.64159370769397
3017512,113.85496873754184
3017513,5.980836223553783
3017514,10.123568223987897
3017515,297.68253744618744
3017516,47.919112164043
3017517,2095.6395537791095
3017518,2.3796620706371443
3017519,12.090489432743084
3017520,3.821749084043906
3017521,0.0
3017522,0.24835589890127446
3017523,1015.5980615276799
3017524,0.0
3017525,217.18623771298235
3017526,6.1715598648995496
3017527,448.30110742293994
3017528,240.32197097723312
3017529,100.5875988636381
3017530,36.28119560975659
3017531,33.25910621164397
3017532,1586.8699189394765
3017533,14.746086336798264
3017534,0.8363700694053737
3017535,11.093016569307455
3017536,11.097873476658712
3017537,0.3540640468464912
3017538,75.80871704069813
3017539,0.27350997516803977
3017540,6.724927144588533
3017541,0.31745906122368645
3017542,34.92731176181673
3017543,0.4948251711995533
3017544,414.47687345403216
3017545,121.27803553563355
3017546,2.8802509239874556
3017547,1.2076857251694828
3017548,204.61989649030218
3017549,25.41024939729261
3017550,495.07558695579837
3017551,1.426843957427933
3017552,2.4318567742769335
3017553,5.470327443213272
3017554,0.15753817835445008
3017555,1.0690961627201718
3017556,2816.0753360468475
3017557,0.0
3017558,499.0804351126658
3017559,19.988888347391757
3017560,819.851035041155
3017561,833.5514467619429
3017562,332.9895439409222
3017563,239.1102164889894
3017564,168.84528936360843
3017565,3483.7368415148003
3017566,23.031140112483456
3017567,2.4391325562112387
3017568,23.79163089634631
3017569,23.276921780685857
3017570,0.32873468958279145
3017571,201.78794228862392
3017572,3.776388568049896
3017573,32.68851723830112
3017574,7.99931987611016
3017575,219.1995446927529
3017576,4.171023010702451
3017577,409.932291447569
3017578,174.0838195878567
3017579,10.788360087893244
3017580,7.453235261452342
3017581,458.8883766311259
3017582,69.28942631047374
3017583,2222.959498568727
3017584,2.0703808173424076
3017585,19.163148131552582
3017586,7.230791065564485
3017587,0.0
3017588,2.509976710925304
3017589,2618.78955180362
3017590,0.0
3017591,498.0609111196597
3017592,17.23500141111561
3017593,1058.0895459587064
3017594,656.8543309070873
3017595,429.6063527839082
3017596,181.23076380424712
3017597,69.91616652911848
3017598,3861.6543623564958
3017599,13.923811102936213
3017600,1.2746376967406325
3017601,27.91694994646652
3017602,16.20659939735555
3017603,0.5710820545066169
3017604,219.1218759838989
3017605,0.0
3017606,5.4452034233879
3017607,6.127333114446932
3017608,92.53348149449418
3017609,0.954399626348987
3017610,119.98370790419158
3017611,225.80012041200536
3017612,4.850105594776901
3017613,3.3659657784296066
3017614,215.95909808761147
3017615,71.02246819580466
3017616,1024.247180986276
3017617,11.719403598545242
3017618,0.28414341363023843
3017619,4.876999406926089
3017620,0.0
3017621,1.8262102222063232
3017622,2291.7586920422227
3017623,0.0
3017624,483.3025626869408
3017625,13.710958904825258
3017626,850.0680460657134
3017627,509.76875224583637
3017628,298.4646775777067
3017629,134.86556831000354
3017630,75.93623682877595
3017631,3181.3330771401415
3017632,13.424682792633835
3017633,1.2557639945645107
3017634,22.10352930729508
3017635,12.348913675545363
3017636,0.14703989409665494
3017637,201.57178495053523
3017638,0.0
3017639,6.090967634661534
3017640,4.371687401743769
3017641,138.1778853896022
3017642,1.8023643099756186
3017643,92.34201571224517
3017644,186.28263476384032
3017645,3.5258007654675656
3017646,2.6792379611309287
3017647,224.64206068805163
3017648,52.29126889128521
3017649,690.5362580837385
3017650,7.895835779085887
3017651,4.014036442979966
3017652,10.525204198160171
3017653,1.4762308543780898
3017654,11.55918366387363
3017655,7842.831281287297
3017656,0.0
3017657,1157.361475339739
3017658,54.48155317498505
3017659,1865.783183391996
3017660,2110.177238026887
3017661,417.98361578552937
3017662,517.724485942973
3017663,400.0793536026135
3017664,7694.611463415057
3017665,91.21371551956237
3017666,2.560029154203316
3017667,49.850763334816065
3017668,50.487269553609714
3017669,1.5186484623746586
3017670,469.96295903001385
3017671,29.555291620841054
3017672,70.86250661703734
3017673,19.679245153929045
3017674,356.3510950033128
3017675,31.64765666196091
3017676,1411.4382768316116
3017677,419.5981691240176
3017678,16.58334138775858
3017679,19.248947882065814
3017680,1582.5016355662635
3017681,226.96128182032618
3017682,6872.6572956380915
3017683,0.6667708007320132
3017684,123.88743836744472
3017685,3.592881424507812
3017686,0.4735858842526346
3017687,1.3429877371657843
3017688,1246.0855299920881
3017689,0.0
3017690,127.24574498938203
3017691,4.677840408757962
3017692,1195.4412116086032
3017693,227.98648501095852
3017694,149.72143030355483
3017695,127.35764133465379
3017696,51.71035143017511
3017697,2064.188715764949
3017698,6.210699818165314
3017699,0.37219592494499937
3017700,10.619112487310062
3017701,8.109714575780808
3017702,0.4561291905743412
3017703,149.0416417519714
3017704,0.14549036188373882
3017705,0.0
3017706,4.215738790216596
3017707,96.56388416276516
3017708,0.6762777763832565
3017709,50.49917778341367
3017710,89.25876930076092
3017711,2.210479200090127
3017712,4.1687257962072914
3017713,131.1735105297028
3017714,15.482116605215104
3017715,422.9089226344978
3017716,5.018348235526919
3017717,4.130495994546581
3017718,7.696183409244312
3017719,0.41915218647139885
3017720,3.332057986834248
3017721,2934.753807781878
3017722,0.0
3017723,460.63713960911264
3017724,12.82539260057903
3017725,1242.0047604888096
3017726,566.9338070040197
3017727,294.38982323044576
3017728,299.7092753967959
3017729,108.5236597890318
3017730,4096.222646372621
3017731,12.155822675430256
3017732,0.22592185721091765
3017733,24.74174629863863
3017734,16.0880218135472
3017735,0.09234807659777995
3017736,276.1547347868175
3017737,1.6072250842826392
3017738,2.2445787210550514
3017739,8.53022755403334
3017740,18.667788946570685
3017741,2.162467319164779
3017742,323.54512961067053
3017743,243.05168526295478
3017744,4.217088126902529
3017745,6.435254210627477
3017746,162.1633693966682
3017747,54.829660186791955
3017748,1228.590771720855
3017749,9.468982427362477
3017750,4.5864953121383
3017751,1.2720433795542054
3017752,0.0
3017753,0.8259034590414297
3017754,731.9789369771794
3017755,0.0
3017756,94.27646518162322
3017757,2.860499188644282
3017758,840.5312732586956
3017759,125.21503612194377
3017760,137.86382226295328
3017761,166.31053576212764
3017762,14.606154209872479
3017763,1124.8547042049056
3017764,3.276250821059946
3017765,0.3203735970228677
3017766,7.729834250541772
3017767,2.694871138384461
3017768,0.12312367749823552
3017769,80.22140116194743
3017770,0.0
3017771,0.0
3017772,0.5953873258736943
3017773,99.0300528491956
3017774,0.24637684956850986
3017775,60.067108847965855
3017776,62.22434196298962
3017777,0.9263344059709664
3017778,1.4831620687250198
3017779,74.13513126206009
3017780,9.217035950437337
3017781,176.12791403054126
3017782,4.32596434572831
3017783,1.8587179140792753
3017784,7.45917517774182
3017785,0.0
3017786,2.820824677850496
3017787,1647.3459458768675
3017788,0.0
3017789,168.68008185500858
3017790,9.80336301767968
3017791,788.4746102564397
3017792,311.0138194388598
3017793,205.17982092455154
3017794,116.10972201628917
3017795,91.93533567412321
3017796,2674.3303354803525
3017797,3.7979862465027985
3017798,0.7738783621543175
3017799,15.93104220729076
3017800,14.532757957404467
3017801,0.32158289300501214
3017802,177.2150598900813
3017803,0.0
3017804,0.0
3017805,12.046225461143575
3017806,59.394444355912356
3017807,1.4643217355473486
3017808,195.37398792111685
3017809,156.03118205177714
3017810,2.1979383660149168
3017811,4.339216696866977
3017812,276.48672455453914
3017813,24.991473880813672
3017814,1080.4145904162317
3017815,4.685489974396252
3017816,1.3522009782363063
3017817,3.1219163384578708
3017818,0.1911597294398746
3017819,2.175395013873378
3017820,2301.736144671419
3017821,0.0
3017822,622.6365086469475
3017823,8.766283873267076
3017824,924.9557673460619
3017825,609.3742702197085
3017826,259.57283325414426
3017827,121.53124397384217
3017828,77.47657697342879
3017829,4175.689271736205
3017830,7.047460387072079
3017831,4.996816830187256
3017832,20.39733647476679
3017833,41.38518319623002
3017834,0.16854268910154174
3017835,208.03403973043035
3017836,2.5681364907327833
3017837,4.543356797152663
3017838,3.938222414360083
3017839,55.515149353561725
3017840,1.9885983271188785
3017841,168.63346504846703
3017842,239.58228459969595
3017843,5.048795785622067
3017844,5.481736139757599
3017845,169.35007145369786
3017846,40.00100770453292
3017847,572.2267609143544
3017848,12.07565526037013
3017849,3.0011497777721927
3017850,5.011361610562916
3017851,0.15885700405423797
3017852,0.5733048643731973
3017853,1332.6542917227343
3017854,0.0
3017855,85.52441725079697
3017856,4.0079793153218874
3017857,470.7785431508434
3017858,158.82031224698878
3017859,119.56959900945725
3017860,178.27440232176104
3017861,61.16727957726145
3017862,1738.931691846299
3017863,6.740085010710785
3017864,0.25834099299576474
3017865,13.716088591034929
3017866,9.739342393122525
3017867,0.0055185446592465855
3017868,103.07589103753371
3017869,0.0
3017870,0.0
3017871,0.8299811580149182
3017872,73.5020918423893
3017873,0.9638505640374052
3017874,171.737302103685
3017875,85.59542011749518
3017876,0.7685782321858028
3017877,1.096966743436211
3017878,76.58012816525718
3017879,18.235650502622548
3017880,321.47142225469514
3017881,4.733503609529216
3017882,1.123099748490235
3017883,5.561751997199926
3017884,0.0
3017885,1.8940538188273646
3017886,2897.568248891777
3017887,0.0
3017888,425.74521976059606
3017889,9.00864650523043
3017890,816.5189012281885
3017891,481.6282972161974
3017892,234.8296799441249
3017893,133.19582598754542
3017894,97.87588327228757
3017895,3483.1630762118793
3017896,7.722502072391043
3017897,0.8412330697422548
3017898,22.71601658015491
3017899,7.919762949505206
3017900,0.24270354666709057
3017901,188.69794184849513
3017902,0.0
3017903,42.1970342312742
3017904,2.966059022123414
3017905,57.879244236469695
3017906,1.0881085760789588
3017907,185.4018076610086
3017908,183.361650106695
3017909,2.691879035722147
3017910,3.051712846133676
3017911,126.1728250014349
3017912,38.064517651923744
3017913,1047.8046117323374
3017914,22.313690047901503
3017915,1.2881152273661836
3017916,3.083212259177685
3017917,0.0
3017918,4.473030186588418
3017919,2804.8259955475132
3017920,0.0
3017921,498.1543705663154
3017922,11.509446416239065
3017923,939.2008232524738
3017924,873.9028133780839
3017925,164.936365583127
3017926,133.16289248237408
3017927,149.3564536517142
3017928,3440.9812961990046
3017929,63.35558948334954
3017930,2.114058792566885
3017931,29.755935432155365
3017932,23.32544061993885
3017933,0.3435422408349097
3017934,208.73577579782668
3017935,13.127518179759075
3017936,25.727712335260126
3017937,2.2162684468063287
3017938,145.7380624770664
3017939,9.406395703932581
3017940,331.8660390284133
3017941,191.72762067438657
3017942,10.948025408771079
3017943,14.426028433928453
3017944,313.77074592351124
3017945,75.26447746188006
3017946,2436.6267531886347
3017947,0.1360458854321198
3017948,17.259313061523937
3017949,7.835289634773686
3017950,0.0
3017951,3.6651131896470326
3017952,2586.787751305566
3017953,0.0
3017954,364.3347749843581
3017955,16.310979352746962
3017956,1041.0992655608331
3017957,772.2300881990418
3017958,169.23589020652472
3017959,79.632524118098
3017960,111.72277077751478
3017961,3352.8831041595367
3017962,25.490801172711652
3017963,1.2423362322246394
3017964,24.032290171086963
3017965,99.86059800251
3017966,0.0780707788525185
3017967,289.5387039852166
3017968,13.578980080348853
3017969,14.099297600705368
3017970,10.211076899596412
3017971,151.83030761034811
3017972,10.725293953582373
3017973,227.07731874814266
3017974,286.41181812552713
3017975,7.3678957482451874
3017976,9.252085586345139
3017977,179.16034687136766
3017978,65.67472135404196
3017979,1773.2393136810701
3017980,0.41881723908243906
3017981,19.956450678319484
3017982,9.067899952167316
3017983,0.0
3017984,2.0294755036882397
3017985,2909.9993741478456
3017986,0.0
3017987,610.6980952287536
3017988,10.844946772886399
3017989,1720.5545176052935
3017990,524.3638969895823
3017991,204.7710046267113
3017992,210.56174573953402
3017993,74.76642088737351
3017994,4829.00197001172
3017995,35.102133580915535
3017996,1.5642036872427885
3017997,30.89867767021295
3017998,12.623369690641447
3017999,0.0
3018000,283.57802506350237
3018001,4.603136959589996
3018002,18.308771048981882
3018003,8.08966658873701
3018004,91.51449854167578
3018005,4.780069831012242
3018006,223.6160941153387
3018007,194.0440095294876
3018008,6.362952852272684
3018009,8.693529079651725
3018010,277.8605175346311
3018011,50.64396478923757
3018012,1386.3420796789792
3018013,2.6210701702896104
3018014,16.027716809854933
3018015,4.360056192782839
3018016,0.1942034638318161
3018017,3.9307036507097517
3018018,2286.651065361063
3018019,0.0
3018020,315.3665912374135
3018021,9.104609161808009
3018022,794.5348961288623
3018023,658.1155188930484
3018024,208.3481907575957
3018025,129.96051717259877
3018026,91.26379875132847
3018027,3131.9714449185976
3018028,23.11494439622668
3018029,1.3195704021378667
3018030,16.96953446359274
3018031,10.191832734689777
3018032,0.37072976017049364
3018033,207.87918494662952
3018034,13.882140831817905
3018035,25.7650931473227
3018036,1.570107794423257
3018037,130.2397435407946
3018038,7.734105910545411
3018039,594.4444080838933
3018040,164.18585911043857
3018041,5.755282213697905
3018042,8.030135518809933
3018043,469.85494401094144
3018044,37.00224726934883
3018045,1759.4483637238488
3018046,0.0
3018047,27.626938702683734
3018048,3.214586850216086
3018049,0.05775840684865185
3018050,2.353527960059805
3018051,4225.7839047073285
3018052,0.0
3018053,325.4237878670524
3018054,12.361183471950369
3018055,1711.6072777493257
3018056,495.5209555372648
3018057,368.69414320002346
3018058,150.5510514223121
3018059,88.96564547981129
3018060,4905.55721364843
3018061,13.80291311382607
3018062,2.174064913671515
3018063,22.877475912275187
3018064,25.50431351399584
3018065,0.28211413915467204
3018066,352.2429434624508
3018067,0.0
3018068,0.3805717700488045
3018069,8.795750809290903
3018070,78.81786114783348
3018071,1.9728658675316155
3018072,130.59548266479064
3018073,207.06040657964755
3018074,4.262314616343831
3018075,9.112964635278331
3018076,255.449117175467
3018077,49.285193389893074
3018078,994.9868107054532
3018079,10.015995487253647
3018080,6.353020681057701
3018081,6.341573828218407
3018082,0.04523206674025237
3018083,6.97195090762729
3018084,2509.8176183474798
3018085,0.0
3018086,421.1966365144702
3018087,14.773316100915645
3018088,1560.1222504454904
3018089,659.7320054163972
3018090,239.43864810881237
3018091,127.84308438813329
3018092,195.4933408611093
3018093,3496.6746012006975
3018094,40.41325997216014
3018095,1.1628915983372803
3018096,24.675672191211156
3018097,29.8040072688773
3018098,0.6260674094540201
3018099,221.75602115413275
3018100,16.435996436260922
3018101,17.790089459654393
3018102,8.969547779401363
3018103,168.85464123248178
3018104,11.904511917383092
3018105,341.86409798495185
3018106,331.9237347543452
3018107,13.335807789592376
3018108,7.520861077181668
3018109,231.7559627218381
3018110,51.89480536373825
3018111,1974.1791688491032
3018112,0.0
3018113,7.308238066956069
3018114,2.5767899542601627
3018115,0.12132895020672031
3018116,2.9276751949041366
3018117,2473.025621524988
3018118,0.0
3018119,422.62369206070576
3018120,12.375546695025951
3018121,698.5756069839389
3018122,792.903336890848
3018123,193.68368617511823
3018124,138.36193572037655
3018125,132.46165451905435
3018126,2945.2591548470577
3018127,36.49329536904119
3018128,0.9468603436230139
3018129,20.34044295502328
3018130,16.247101041007266
3018131,0.1969959842698624
3018132,167.2110406524188
3018133,15.869847100449578
3018134,43.28799012257453
3018135,6.25425986234278
3018136,97.12950954310205
3018137,9.25028131649752
3018138,317.986032727025
3018139,154.20968262611302
3018140,8.819231589316525
3018141,9.84192572631524
3018142,273.9230103508307
3018143,50.002629193902585
3018144,2238.7732435644657
3018145,0.0
3018146,17.591789762847746
3018147,3.7460484907538802
3018148,0.1400342489976711
3018149,3.472283388033087
3018150,4562.853269343192
3018151,0.0
3018152,477.5242212816246
3018153,21.386585324559473
3018154,1169.09278473361
3018155,531.2626780445704
3018156,288.22746954166956
3018157,182.0372017729827
3018158,71.93299270510992
3018159,4393.701251273931
3018160,10.18287128168062
3018161,0.0
3018162,9.850932143348228
3018163,15.650728493700745
3018164,0.07423118621168881
3018165,217.01039019137252
3018166,0.0
3018167,9.04067391540029
3018168,0.6747197298791227
3018169,129.8550186262063
3018170,4.335845428914638
3018171,203.64385045821626
3018172,249.81806901405406
3018173,2.3710276615699173
3018174,1.8404378303738307
3018175,298.93595470081846
3018176,119.88761580879817
3018177,1082.4209716867485
3018178,12.642529671244855
3018179,1.1575077364552773
3018180,15.640874358784838
3018181,0.0
3018182,16.011763349006245
3018183,9098.20128032832
3018184,0.0
3018185,1638.722242447162
3018186,44.06984944447292
3018187,2407.1063009506606
3018188,2474.4398808146902
3018189,664.1888404022903
3018190,660.9332619119549
3018191,486.15547606925224
3018192,9465.262208990995
3018193,104.99259244309734
3018194,4.05644900814374
3018195,108.68089610848203
3018196,114.17103781557353
3018197,0.8423830425234571
3018198,643.5012298760121
3018199,26.753421057559443
3018200,28.655831226912373
3018201,16.60940849037182
3018202,528.0809094035812
3018203,28.933597203971228
3018204,1534.9142263271517
3018205,426.9750723294256
3018206,35.56489573489303
3018207,31.889943824568746
3018208,1689.9118107163958
3018209,218.92299142635142
3018210,8061.768089191912
3018211,75.68500910518198
3018212,122.82657433822524
3018213,12.949793410066626
3018214,0.0
3018215,8.997960721451873
3018216,8566.4079362028
3018217,0.0
3018218,1232.3558236457368
3018219,40.83229116883738
3018220,2609.664836427754
3018221,2259.268118684407
3018222,808.6957089723815
3018223,401.6002132565033
3018224,404.57144554560625
3018225,10504.105610892486
3018226,173.96409829587068
3018227,1.7074004219515735
3018228,33.606825078782165
3018229,111.41342869362249
3018230,0.8532110184888315
3018231,624.8499979724328
3018232,20.038009146892275
3018233,45.42022778089682
3018234,5.782686119240775
3018235,338.3618343211659
3018236,20.401506051312243
3018237,1932.6139285385002
3018238,554.1503325087515
3018239,22.79185894708031
3018240,28.67639429252671
3018241,1772.1057378213584
3018242,229.09815647043263
3018243,5721.330970527803
3018244,178.2013092079943
3018245,122.22214243347145
3018246,10.255873260473159
3018247,0.0
3018248,14.335472923777525
3018249,5206.366511984294
3018250,0.0
3018251,807.5848100774048
3018252,19.85709869197198
3018253,2229.955201257897
3018254,1383.2784639506742
3018255,746.50124331411
3018256,142.17814026262624
3018257,253.87832844614158
3018258,8548.238431684753
3018259,50.650772977274514
3018260,2.7634964773781654
3018261,39.778018907914614
3018262,28.956058092337724
3018263,0.23485107161523072
3018264,526.1503456584184
3018265,15.862599203990445
3018266,26.340326920045936
3018267,6.797210709306476
3018268,172.91107160092952
3018269,8.907108528639244
3018270,1829.3771548737493
3018271,560.7527253486408
3018272,20.71398301824531
3018273,43.278576025515655
3018274,992.0748525080517
3018275,123.66590675980481
3018276,2235.0519879366843
3018277,94.44679843167202
3018278,54.51269717511609
3018279,13.68163654444118
3018280,0.0
3018281,13.270357517595286
3018282,7872.72676400831
3018283,0.0
3018284,1137.586707384656
3018285,35.79819983042402
3018286,2242.7441603567895
3018287,2059.2707761286306
3018288,756.9882578535955
3018289,363.9489929205361
3018290,280.7091422958831
3018291,9326.243630861913
3018292,69.28864948359536
3018293,1.8752127947619464
3018294,42.78131092723733
3018295,83.77380937751262
3018296,1.1959040694262046
3018297,564.0955814407346
3018298,22.867076715898907
3018299,38.1258206234285
3018300,5.791761120983529
3018301,298.54918314195896
3018302,15.9352360553647
3018303,1746.3228951207857
3018304,502.47718971029633
3018305,22.334644812392995
3018306,19.65196829834414
3018307,1530.2701199629134
3018308,187.25259870605257
3018309,4839.812671965656
3018310,105.57448815994505
3018311,89.03080630817843
3018312,12.073310077434359
3018313,0.0
3018314,15.224774919348931
3018315,3725.2470147176723
3018316,0.03533834861799279
3018317,703.5214900275636
3018318,19.982864764751604
3018319,1759.4649733908436
3018320,1047.4027476800452
3018321,621.408365416619
3018322,99.16269955828255
3018323,178.10786179702254
3018324,6746.942744158056
3018325,45.62337749877795
3018326,0.6550939370450347
3018327,25.726819637655307
3018328,51.11157183155079
3018329,1.0542952481773467
3018330,464.47381054324427
3018331,13.21818067171801
3018332,8.98418967119765
3018333,1.633240651586775
3018334,165.40728869500518
3018335,4.985930080722457
3018336,1592.3997428042858
3018337,483.045884627208
3018338,18.13989789065522
3018339,16.7772178646411
3018340,969.4867968606063
3018341,65.05154549787848
3018342,1464.6451589373257
3018343,76.59607058595556
3018344,28.197415871775178
3018345,12.090846589881089
3018346,0.0
3018347,7.796452315395201
3018348,6771.585726361684
3018349,0.0
3018350,1208.611796487863
3018351,40.27198725669982
3018352,1825.4927102395404
3018353,2259.445473761781
3018354,525.3995402857454
3018355,528.3958198668987
3018356,427.5377603095036
3018357,7573.854917244798
3018358,84.80135566956672
3018359,1.4239323917425584
3018360,51.314976989288496
3018361,69.01590491577909
3018362,0.7946585458121459
3018363,434.94039418357846
3018364,14.61344723748674
3018365,42.8511508566241
3018366,20.074649161344748
3018367,407.92715997197104
3018368,21.717110211659918
3018369,1472.7902366036144
3018370,401.4357805394781
3018371,21.600597165997424
3018372,30.22761575920068
3018373,1463.2708258346875
3018374,226.8733913594665
3018375,7204.423738748643
3018376,85.05612317299956
3018377,110.93926371286044
3018378,6.320724641427745
3018379,0.0
3018380,4.424565836004597
3018381,1814.327384856658
3018382,0.0
3018383,318.73327499120785
3018384,28.932731061310005
3018385,922.0085798692992
3018386,506.6322574042095
3018387,246.08480011489277
3018388,91.5060104147774
3018389,123.11212390189422
3018390,2863.579235533917
3018391,53.1699403962645
3018392,1.7168488124008348
3018393,21.698239123760903
3018394,19.31621416836639
3018395,0.5536296341292452
3018396,210.4708181623651
3018397,10.172968506225063
3018398,6.089907979469521
3018399,10.97732254743398
3018400,79.44893447488532
3018401,7.358052851916305
3018402,315.6671497318298
3018403,186.240338067877
3018404,3.5361157370186644
3018405,7.143261983846181
3018406,293.6312875295471
3018407,50.14712607900907
3018408,1517.680474000612
3018409,1.6955450519503716
3018410,12.09681056546028
3018411,9.09847174964146
3018412,0.0
3018413,10.394341294320725
3018414,4200.651703768946
3018415,0.0
3018416,572.053442769066
3018417,34.62833250731576
3018418,1620.610341463167
3018419,1052.4433732990528
3018420,493.9794937375402
3018421,99.62779219284334
3018422,187.19405642857035
3018423,6235.322901290731
3018424,151.14348259360818
3018425,1.704991140935611
3018426,47.383287632938845
3018427,54.13620993140081
3018428,0.7602130258947953
3018429,437.23496834195174
3018430,16.088176241880213
3018431,3.109677890340963
3018432,4.30003784472279
3018433,192.27028584946092
3018434,8.64768411441223
3018435,868.7405743472435
3018436,406.3771272737575
3018437,11.585978223776031
3018438,18.951235891969876
3018439,491.62173632516385
3018440,72.98220232669055
3018441,1977.923375180275
3018442,77.8935270986661
3018443,24.337936038114062
3018444,8.277113117331364
3018445,0.0
3018446,4.33131978093615
3018447,4776.800114345741
3018448,0.008148444616516834
3018449,896.2414592167755
3018450,11.475385507626106
3018451,1524.2617572955837
3018452,1721.835097286614
3018453,334.9683550133523
3018454,412.02436493950563
3018455,339.29299838317803
3018456,5272.585538157246
3018457,43.54570017648616
3018458,2.2721795856879843
3018459,32.14419938199882
3018460,35.74336126025904
3018461,0.9590734940238871
3018462,334.07068851608403
3018463,2.2460233057134857
3018464,58.254508175694056
3018465,7.150084558988131
3018466,230.7737882599108
3018467,12.901884202581911
3018468,1117.8192202218324
3018469,262.97747375978247
3018470,23.266967301172752
3018471,11.165153945064041
3018472,3543.0666116541133
3018473,117.53872928613013
3018474,5441.572478586784
3018475,18.813777892170716
3018476,76.901842672892
3018477,17.14759623710489
3018478,0.0
3018479,11.467751185738729
3018480,6378.790212396896
3018481,0.0
3018482,1182.5472283131064
3018483,16.593556633131723
3018484,2395.758886776409
3018485,1645.3565663572988
3018486,534.5104388572016
3018487,301.3161666820851
3018488,554.7483432836713
3018489,8708.986363923661
3018490,70.37210266350388
3018491,4.567185450116316
3018492,82.54158156367787
3018493,70.87914352410228
3018494,1.055421816978267
3018495,521.2514845658625
3018496,12.558768427115936
3018497,87.39957601911583
3018498,11.273088367804599
3018499,353.33044595701125
3018500,14.453341103766297
3018501,890.1995340788634
3018502,508.2959379625288
3018503,22.459997478606624
3018504,40.068202418296316
3018505,772.6340527810802
3018506,193.6509605255295
3018507,6801.941692153246
3018508,20.12316539628421
3018509,14.258083927595992
3018510,9.497635173861948
3018511,0.0700706683056233
3018512,2.438427224652277
3018513,2154.749460588095
3018514,0.0
3018515,438.65873913877124
3018516,8.876682407726
3018517,961.7076620034819
3018518,465.70648479435334
3018519,254.2495951961442
3018520,91.6776375811951
3018521,178.1481459502108
3018522,3085.666193441283
3018523,19.721248520357882
3018524,0.8513408440218778
3018525,26.097060185386002
3018526,22.997378670082423
3018527,0.08561251208932598
3018528,179.8278575231207
3018529,4.012292567034167
3018530,13.916028604445122
3018531,6.720651497805959
3018532,137.75400730783988
3018533,3.0666508546513014
3018534,473.85098835100064
3018535,190.4157734089565
3018536,5.707277321194834
3018537,5.459653613254467
3018538,259.4113877644443
3018539,55.319544193441175
3018540,2055.218869472128
3018541,1.1121667501894197
3018542,5.598941915675615
3018543,4.579147450855748
3018544,0.013542637047817122
3018545,2.0016195484088932
3018546,3439.112031013179
3018547,0.0
3018548,180.39332169159383
3018549,2.9510326362686388
3018550,1201.793869700768
3018551,182.13498488005334
3018552,250.44090676444122
3018553,62.17639856554885
3018554,32.869932519547746
3018555,3025.7269800926624
3018556,5.864915601610139
3018557,0.6916288523259867
3018558,17.81952263169489
3018559,11.114476125578356
3018560,0.39116366649276835
3018561,190.67781697011452
3018562,0.0
3018563,0.0
3018564,3.9376875237754136
3018565,33.62005789865498
3018566,1.3508486415094334
3018567,54.702866496058014
3018568,136.13898819099293
3018569,0.0
3018570,1.8122886269675442
3018571,70.63094639596014
3018572,85.53849292692568
3018573,585.7646254809229
3018574,2.7528991505439384
3018575,2.088696380503112
3018576,4.823440435393737
3018577,0.06383386420663546
3018578,4.839006081036431
3018579,2964.0657387563665
3018580,0.0
3018581,479.06423764315986
3018582,17.422464657609815
3018583,1209.7987620099718
3018584,872.9721505350568
3018585,358.10943766781514
3018586,167.61219810472534
3018587,159.53854165426054
3018588,4365.362928285823
3018589,42.16892534379837
3018590,1.18809750737472
3018591,23.25601633481493
3018592,54.67750709137357
3018593,0.2318667924352946
3018594,289.1853761956338
3018595,17.173016179157436
3018596,21.50670103533468
3018597,8.845173888687338
3018598,130.11675730924526
3018599,7.6874038446209685
3018600,661.1708811828595
3018601,236.07755003877898
3018602,8.793096545653215
3018603,11.522802458373036
3018604,699.5347804086783
3018605,82.02426866333657
3018606,2093.5009687384077
3018607,0.0
3018608,50.29059419056976
3018609,6.340854955730646
3018610,0.0426596977304058
3018611,4.02734292076581
3018612,4123.544148527864
3018613,0.1809791691105505
3018614,704.7659299461026
3018615,25.460712211262155
3018616,1104.5649955262975
3018617,1362.3600614874288
3018618,216.50002469331497
3018619,308.14609812895543
3018620,300.72431056139806
3018621,3984.744680931536
3018622,43.38902075879803
3018623,2.8882900269382006
3018624,26.02406034725628
3018625,28.205774129297392
3018626,0.40218449560479447
3018627,216.73681125766367
3018628,16.004293979668834
3018629,49.160495965402106
3018630,7.643372261184143
3018631,256.3540556552951
3018632,14.930517495799439
3018633,795.6512782365043
3018634,210.38910919549076
3018635,7.821338303116078
3018636,14.79072885475224
3018637,852.2772984632094
3018638,133.16384761568858
3018639,4854.663847253403
3018640,0.2832342805163546
3018641,62.12754307858179
3018642,4.533863976818626
3018643,0.36481274194118113
3018644,7.832045839038951
3018645,4232.403304660738
3018646,0.0
3018647,818.4154755245762
3018648,30.139741083168563
3018649,1175.0487031431755
3018650,1396.755410217043
3018651,335.35044160489286
3018652,335.6942235275988
3018653,185.13892775312638
3018654,4807.024218214709
3018655,44.58838813044741
3018656,3.3639515646220044
3018657,37.16544655278233
3018658,43.67808664523788
3018659,1.0824485414501248
3018660,304.0592360020193
3018661,20.515559237402027
3018662,32.46637636163882
3018663,18.88944779826404
3018664,225.77818213431502
3018665,19.089439967348792
3018666,902.198849916171
3018667,281.74188767553056
3018668,16.952886578438864
3018669,18.539698118293774
3018670,867.6652031167672
3018671,142.97659802262731
3018672,3943.728430279161
3018673,0.2508679824964923
3018674,66.5350118356625
3018675,12.519954261152874
3018676,0.2926859362942135
3018677,4.572250601047977
3018678,2387.4663149328194
3018679,0.0
3018680,402.25686146213434
3018681,14.145298510436808
3018682,1221.9685524932825
3018683,562.7152359573984
3018684,591.1103389976712
3018685,131.20163481989917
3018686,78.75587576314103
3018687,4890.566309950936
3018688,14.811296292990082
3018689,1.1490207225317601
3018690,17.195002105268607
3018691,27.474295028261604
3018692,0.2122845418578436
3018693,308.8467049353964
3018694,13.303339632052182
3018695,4.402979593177283
3018696,4.297014018709288
3018697,65.9910066345803
3018698,2.8392613741754538
3018699,270.17272446581444
3018700,260.67397306998186
3018701,7.441745485512321
3018702,5.182684527684994
3018703,435.0630053868357
3018704,94.3011977428483
3018705,1061.97459234388
3018706,31.306731882633997
3018707,17.726349801655196
3018708,5.644961193064914
3018709,0.0
3018710,3.646466070170673
3018711,2372.8629535269447
3018712,0.0
3018713,364.77957991591285
3018714,13.753492424314992
3018715,604.0756889681477
3018716,735.3361030177289
3018717,140.45748009937117
3018718,164.0276814639851
3018719,138.94839858055886
3018720,2585.193430479294
3018721,19.01372011452131
3018722,2.1782778925627846
3018723,21.231341019139283
3018724,24.97172801254012
3018725,0.8520496476899435
3018726,183.90823889674994
3018727,15.07875670540551
3018728,18.974944662986527
3018729,8.19813192272509
3018730,132.61405188685268
3018731,8.153275589340863
3018732,297.41628072106477
3018733,140.79380098195142
3018734,6.637819374360093
3018735,8.129320051090497
3018736,282.65200370068425
3018737,53.11820511352368
3018738,2339.272586463396
3018739,0.0022758711510627435
3018740,25.885957229012774
3018741,2.883010891048703
3018742,0.022317218751785793
3018743,3.04960269823691
3018744,1494.6903117713885
3018745,0.0
3018746,110.27652666564813
3018747,7.4892093565659055
3018748,1043.7002028200588
3018749,346.1868965365641
3018750,274.62846441900274
3018751,45.93755512539772
3018752,44.29774906963265
3018753,3137.052361973135
3018754,11.78570263054076
3018755,0.5488987453240064
3018756,16.76138701971834
3018757,12.073805581296734
3018758,0.1527334169272135
3018759,212.1971515543895
3018760,5.679330599628902
3018761,0.0
3018762,2.6788795727932926
3018763,30.452991847499923
3018764,1.0491356466545618
3018765,165.34572693353303
3018766,209.97757207760318
3018767,1.0413751465757233
3018768,5.157025932107285
3018769,170.48930224442825
3018770,28.955224413684775
3018771,264.65039972657166
3018772,0.5751820484731083
3018773,0.8240173590091209
3018774,9.977533589441999
3018775,0.3860950961531168
3018776,3.8859707300623967
3018777,5196.9523527920865
3018778,0.0
3018779,655.9725895358432
3018780,24.785460387195148
3018781,2010.8793347244282
3018782,706.0662558111642
3018783,505.7629617244256
3018784,218.453777172782
3018785,134.45162546276916
3018786,8194.39456037417
3018787,43.902567119962015
3018788,1.333660050660713
3018789,25.42233659733472
3018790,22.22103645920846
3018791,0.40998117467954104
3018792,494.2987538829895
3018793,18.230554141980132
3018794,3.319972062494594
3018795,8.40386846226705
3018796,79.98213294400527
3018797,3.983542143255003
3018798,615.7166227307056
3018799,415.81521774422316
3018800,3.8895288257074756
3018801,16.959391510973873
3018802,318.6790159383466
3018803,109.7122461592199
3018804,1359.7129317250606
3018805,7.669919767857176
3018806,13.611374339494704
3018807,8.517935587515199
3018808,0.0
3018809,1.144233495292399
3018810,1938.4141568448083
3018811,0.0
3018812,172.58468425503827
3018813,10.809622958764722
3018814,1178.6644463107457
3018815,488.97759250212516
3018816,238.03930969427378
3018817,56.27898378249116
3018818,59.965251178940115
3018819,3366.4794006141187
3018820,15.670789238693533
3018821,0.6679580349214204
3018822,18.698458761821623
3018823,20.141625736649445
3018824,0.47036228725603996
3018825,210.70262029912394
3018826,11.78783702538446
3018827,0.0
3018828,5.411386633963264
3018829,76.13983683788409
3018830,1.9646119566846183
3018831,126.91183180824896
3018832,213.5131339438111
3018833,2.2466908488322197
3018834,7.198929702946958
3018835,151.07879086048158
3018836,30.889392585806142
3018837,401.8194837368387
3018838,1.2325492412333572
3018839,5.371314951813893
3018840,7.2387043530481465
3018841,0.0
3018842,5.915905060745252
3018843,2117.6431081492183
3018844,0.0
3018845,146.16137276267688
3018846,10.581036565585695
3018847,1170.2470461675823
3018848,390.84139074624045
3018849,219.75708566260863
3018850,51.85931855960308
3018851,48.802622181778034
3018852,3813.361195295244
3018853,20.528131753239986
3018854,0.250078516519078
3018855,19.129872917455668
3018856,15.287654340302616
3018857,0.11752202649216918
3018858,212.23378323320082
3018859,4.646463744811307
3018860,0.0
3018861,4.446054544557499
3018862,67.932082940708
3018863,0.8540952500372231
3018864,211.77650823089448
3018865,264.2187704096656
3018866,1.0801507603579845
3018867,5.1197652222457
3018868,176.19968580409693
3018869,20.92371502949933
3018870,233.01599912986634
3018871,0.869948676384319
3018872,3.164414373310151
3018873,6.115013504924597
3018874,0.0
3018875,3.732863450069912
3018876,1825.2053100144262
3018877,0.0
3018878,196.00397434356208
3018879,13.169621668914314
3018880,2265.0078981079096
3018881,528.71801782015
3018882,325.070183709159
3018883,42.577060199197206
3018884,74.40170493064998
3018885,4194.305488501516
3018886,16.065160746022006
3018887,0.6081513807602016
3018888,16.488948541230357
3018889,33.947665898740354
3018890,0.14433925030632175
3018891,336.91755276320913
3018892,3.6457235648577475
3018893,0.0
3018894,4.349359593400468
3018895,38.177241504224455
3018896,2.8937849615711695
3018897,365.2139259148398
3018898,376.93928015132605
3018899,2.409000901805719
3018900,5.652624099328209
3018901,179.92940441977026
3018902,102.63646504654491
3018903,504.84360911887643
3018904,1.030150127193003
3018905,7.660835513784644
3018906,5.727201720889817
3018907,1.2252366887224486
3018908,5.190925943657019
3018909,1747.5579909465137
3018910,0.0
3018911,159.2933131474641
3018912,4.608384321740926
3018913,1074.285791084996
3018914,346.45690998892906
3018915,284.6395541687776
3018916,81.66154004581131
3018917,84.84505910716794
3018918,2974.7556723052912
3018919,11.289273632441525
3018920,1.083956485823492
3018921,13.928547261393636
3018922,20.11709570708869
3018923,0.15624513493874864
3018924,256.35605131288025
3018925,11.15645312985912
3018926,0.0
3018927,5.545445314478507
3018928,45.16828052759899
3018929,2.504065174660813
3018930,119.10807473925095
3018931,211.07337694501342
3018932,0.8708152984945976
3018933,5.9672796374749355
3018934,93.4506471023695
3018935,44.00513026421413
3018936,588.9215886849281
3018937,0.562002075332461
3018938,5.716499765230991
3018939,5.97608059570252
3018940,0.18579221467364138
3018941,2.927252791507065
3018942,1334.9477146910945
3018943,0.0
3018944,146.60964800021074
3018945,8.34890998871984
3018946,1487.4778048340231
3018947,272.75616898687264
3018948,154.94786814296947
3018949,123.86971838164115
3018950,76.79465933739208
3018951,2365.960934106728
3018952,6.992658655380284
3018953,0.6422766214409054
3018954,12.333124531394995
3018955,13.821420858304569
3018956,0.23963060428442784
3018957,178.44563787854077
3018958,0.0
3018959,0.0
3018960,2.743479933799646
3018961,90.4630176952742
3018962,1.5151297184499408
3018963,54.66947080665449
3018964,149.6080542081638
3018965,1.6758657057050879
3018966,3.8918320433064086
3018967,65.97481386213481
3018968,33.53732205827511
3018969,506.16187780988025
3018970,8.553976909230958
3018971,0.7615309284125611
3018972,15.171406982361495
3018973,0.572407256423138
3018974,4.310502023821991
3018975,3666.90392207437
3018976,0.0
3018977,362.3611465398381
3018978,14.284057940696858
3018979,1378.6837917687562
3018980,820.9265935867772
3018981,567.0835286552757
3018982,194.3614100711932
3018983,170.6174981493786
3018984,5297.158148031227
3018985,24.39256025282544
3018986,1.4747925149964483
3018987,26.7986513011332
3018988,19.37989842166444
3018989,0.7382558395413847
3018990,358.8182341195725
3018991,2.9810760717512332
3018992,0.0
3018993,8.999732580446961
3018994,97.180277121394
3018995,4.230405312300323
3018996,268.545997531565
3018997,335.83344149187536
3018998,3.6349904515641875
3018999,9.671940722448548
3019000,429.4175687830931
3019001,62.65975376074755
3019002,1472.4458934465656
3019003,3.5161040838533726
3019004,19.81947789585864
3019005,6.281256343774402
3019006,0.6443494136225943
3019007,5.88012652187528
3019008,2972.583219804797
3019009,0.0
3019010,685.2100505226772
3019011,10.88997767412093
3019012,791.2053930558986
3019013,835.9260486616012
3019014,296.9359184290112
3019015,220.6378825510744
3019016,103.75235367795835
3019017,3700.4688249927935
3019018,15.45626304525495
3019019,0.8666590353561942
3019020,36.7606505626696
3019021,21.485473723054113
3019022,0.7354265172136901
3019023,276.5352171189192
3019024,14.789629613946618
3019025,4.464407574585542
3019026,6.218370962689124
3019027,98.6541928433231
3019028,3.0033458330745506
3019029,119.66999785496921
3019030,219.49420727166336
3019031,6.176589012938614
3019032,10.004722652274936
3019033,250.27767308284982
3019034,67.88137294618238
3019035,1946.1498823117324
3019036,15.826982670126547
3019037,23.787226861217167
3019038,11.20300919914722
3019039,0.7242162134112364
3019040,4.982488623074281
3019041,3835.927752095831
3019042,0.0
3019043,212.03184208174847
3019044,9.314892492492477
3019045,1622.8815630583745
3019046,550.87680627008
3019047,427.47007449898945
3019048,81.555443251004
3019049,60.350722940133096
3019050,5384.961791448123
3019051,45.356193837379685
3019052,2.3370899883886653
3019053,24.69217773464718
3019054,22.61035450215843
3019055,0.5852989238801117
3019056,326.98818930531377
3019057,14.00057769144761
3019058,0.0
3019059,6.17621411535657
3019060,70.94451450186072
3019061,3.584486129716891
3019062,216.85178921310768
3019063,317.1581584044164
3019064,2.011433711081838
3019065,8.549340901223562
3019066,363.18002001907087
3019067,38.737441894078444
3019068,596.1205952469437
3019069,0.8320410963134061
3019070,7.365033133851098
3019071,8.07425185130522
3019072,0.005928253826618352
3019073,10.579371749770866
3019074,3877.4935986295454
3019075,0.0
3019076,766.3781392394777
3019077,20.8081848508722
3019078,1148.8381480271676
3019079,1076.4064543650215
3019080,280.55915505915266
3019081,218.98720455173822
3019082,166.90328356414062
3019083,4866.366627085482
3019084,58.72210393621113
3019085,2.0319596922474004
3019086,27.03440838107837
3019087,33.60447989151016
3019088,0.4539049497269642
3019089,321.52868723147105
3019090,33.867904601128835
3019091,25.32475019836089
3019092,9.494015092925777
3019093,169.396553184662
3019094,10.98012214221985
3019095,468.99711839215263
3019096,303.4447736422374
3019097,12.76937869611812
3019098,11.735171609368178
3019099,544.9411437529491
3019100,133.88775353783
3019101,2705.9373630964915
3019102,0.055451251255642264
3019103,36.318473896541256
3019104,13.923119940484826
3019105,0.5165836021372363
3019106,7.112655292996188
3019107,4670.100143853788
3019108,0.0
3019109,584.1149835625952
3019110,17.825434272487815
3019111,2223.480829729012
3019112,994.5205030994838
3019113,819.5464659945903
3019114,127.65269504149971
3019115,144.2828242450448
3019116,7407.31170326961
3019117,24.588176121291692
3019118,1.2999093113106008
3019119,48.73265326462114
3019120,24.588743131152487
3019121,0.2221297242705262
3019122,493.2446167463824
3019123,8.677700577460264
3019124,8.501544389471865
3019125,6.580992243197328
3019126,102.44667076726638
3019127,1.7646399235204484
3019128,369.80157558281803
3019129,464.43602487524925
3019130,7.478473069174447
3019131,6.41802376001512
3019132,388.96939615495626
3019133,87.86516303867907
3019134,1181.4487961380346
3019135,11.908677037338357
3019136,26.708044292632074
3019137,14.766646218453628
3019138,0.4513752801005217
3019139,6.146428375911373
3019140,3419.35256871348
3019141,0.0
3019142,477.9252410083666
3019143,9.576848496151108
3019144,2043.8794834921987
3019145,701.5442892114985
3019146,398.876370971689
3019147,276.080626693384
3019148,213.51692198840246
3019149,4970.164249539503
3019150,19.646582529357516
3019151,0.7843605292998891
3019152,52.18742037076329
3019153,48.18700132112357
3019154,0.6583293382990986
3019155,395.4165325021417
3019156,6.671720105709234
3019157,5.1069949181458325
3019158,15.978723450310119
3019159,136.01835346937688
3019160,2.9092754499405133
3019161,127.0268833739491
3019162,373.0104700278557
3019163,4.238481405924869
3019164,7.077928553016285
3019165,200.38242192487854
3019166,177.77551304307585
3019167,1431.9161504122392
3019168,11.527506427052948
3019169,11.929003178330156
3019170,5.335744145945121
3019171,0.048548996519894166
3019172,3.7405985313543786
3019173,1921.9336580376096
3019174,0.0
3019175,147.89757440569545
3019176,12.916996080049199
3019177,808.6178885198759
3019178,388.07425558264475
3019179,182.9898796493092
3019180,51.023695163323126
3019181,130.9875271163844
3019182,2919.35674695825
3019183,14.956235032622557
3019184,0.7232179105531807
3019185,24.996780541390454
3019186,24.41009682126853
3019187,0.035475017443567056
3019188,204.13106144017362
3019189,3.9359392519239806
3019190,0.0
3019191,5.81371413584066
3019192,126.50186295604605
3019193,3.9110557277100075
3019194,94.19716483683786
3019195,181.45474414716136
3019196,1.5588765465376797
3019197,6.555096911634999
3019198,148.49388648827275
3019199,30.327841224041975
3019200,502.88431755910176
3019201,1.1464183080274195
3019202,3.446372352936008
3019203,1.9241022450055136
3019204,0.0
3019205,1.697213157475306
3019206,1696.7896275901408
3019207,0.0
3019208,265.14286895945156
3019209,18.602730331661736
3019210,579.1574803332624
3019211,529.2852211166526
3019212,149.00594258142874
3019213,55.7187367820607
3019214,114.58069291317096
3019215,2349.930026498779
3019216,32.7257179493288
3019217,0.7953495518304294
3019218,19.886107332891655
3019219,16.971717619548482
3019220,0.4156281249753073
3019221,137.2205170228439
3019222,15.333946019338608
3019223,5.046254436012327
3019224,3.68657871767214
3019225,133.78063646180658
3019226,6.972816560481415
3019227,331.6079444620853
3019228,165.97768321948064
3019229,5.034646819294086
3019230,7.08132047765664
3019231,285.03480446787484
3019232,39.49052982513709
3019233,1173.7911213818054
3019234,0.0
3019235,8.508702605459803
3019236,4.650388509724085
3019237,0.009189038791844148
3019238,5.066839566634289
3019239,4382.543432069285
3019240,0.05573984849447457
3019241,864.7301621961743
3019242,22.745143249440073
3019243,1385.0720020711544
3019244,1571.0316011579555
3019245,332.9782930397143
3019246,284.5730143063446
3019247,223.1938975798335
3019248,5135.227178669343
3019249,43.87105815073688
3019250,1.8110291438922375
3019251,24.412190634322066
3019252,43.52164944086206
3019253,0.2095334979686109
3019254,332.1516728592376
3019255,20.91113446064257
3019256,47.49272124420651
3019257,14.492404667458155
3019258,162.92192348644807
3019259,17.472258310864355
3019260,441.05329598000156
3019261,348.99873192990475
3019262,21.469432851151176
3019263,12.80773453113409
3019264,612.0174197446977
3019265,143.9939025521132
3019266,3916.520564518365
3019267,3.077306208334553
3019268,26.14826419771261
3019269,4.007155246721339
3019270,0.01380947937117253
3019271,5.449401641453165
3019272,3327.647834912288
3019273,0.0
3019274,469.10796720533585
3019275,11.172201906877392
3019276,659.2178944126516
3019277,839.2834324443244
3019278,196.41468610342469
3019279,175.4572406569393
3019280,386.60639887181355
3019281,2578.44372643189
3019282,25.537926566001314
3019283,1.5651705293556377
3019284,22.47669566026576
3019285,20.818015525244185
3019286,0.2554935292892064
3019287,146.22136087418681
3019288,0.0
3019289,38.31699224191384
3019290,7.678931467387314
3019291,536.9515116008446
3019292,14.380226543828474
3019293,262.7466510163031
3019294,138.9503942295256
3019295,5.842981485130864
3019296,12.526393615510043
3019297,214.9251582310758
3019298,49.58360896572872
3019299,2025.9853948318353
3019300,2.808649761990802
3019301,7.607875706226166
3019302,6.832242377352541
3019303,0.0
3019304,0.5423520527326869
3019305,1006.6957384655346
3019306,0.0
3019307,235.70787269540145
3019308,9.33795316686479
3019309,576.6121450210454
3019310,310.7335592829958
3019311,107.23075798266335
3019312,44.40286325566331
3019313,64.99699676033514
3019314,1963.1927085958973
3019315,15.537502350218986
3019316,0.9019534728570149
3019317,15.107028521908408
3019318,12.726404572058915
3019319,0.6045114910733527
3019320,107.40743557812874
3019321,0.265097198929646
3019322,11.179601824278034
3019323,1.912448229556378
3019324,51.68501421316511
3019325,0.6175164335181561
3019326,302.57592855904386
3019327,167.11672533631736
3019328,4.33910836797296
3019329,2.0525433854448223
3019330,186.45851390009307
3019331,28.49495828171905
3019332,562.7819436242213
3019333,2.1287156701305747
3019334,2.0102407473558777
3019335,8.27185222793078
3019336,0.13495482003203974
3019337,2.342917018962547
3019338,3951.011974561886
3019339,0.13106626420129805
3019340,643.3892565687295
3019341,32.008054696962255
3019342,1099.0122009992263
3019343,1136.223911112891
3019344,339.1369972792941
3019345,283.6941489315581
3019346,282.42269110916385
3019347,4499.575613942065
3019348,29.808276760062466
3019349,3.6915222381316317
3019350,24.46615852209441
3019351,33.20036379457279
3019352,0.3638312066193468
3019353,280.30343249143766
3019354,11.381402474090903
3019355,50.917718588550215
3019356,9.549956406218959
3019357,381.58294910220764
3019358,5.39450357595555
3019359,323.8916864335006
3019360,267.89501779776634
3019361,14.449445506518321
3019362,11.774118878798
3019363,412.3569384275134
3019364,94.63019770551462
3019365,2938.927485818959
3019366,2.69459720616531
3019367,16.675836530738376
3019368,11.73271069941128
3019369,0.0
3019370,4.328547530137699
3019371,4065.8587110375433
3019372,0.0
3019373,744.7254300529106
3019374,25.54377796975424
3019375,1729.620513725763
3019376,1062.810262336523
3019377,457.01560517967135
3019378,292.8816430672039
3019379,141.77274236676536
3019380,6011.0425077406935
3019381,18.045281417028228
3019382,2.208130489526702
3019383,48.87674927714974
3019384,27.294817605738306
3019385,0.9678420473352185
3019386,372.19823575852894
3019387,0.0
3019388,10.199668379227736
3019389,9.18325016413577
3019390,141.45635950749553
3019391,2.052424491430893
3019392,213.0161611593504
3019393,363.53979333809474
3019394,9.1038653490662
3019395,7.151774397850235
3019396,293.10316362228343
3019397,92.91177997061901
3019398,1832.0630053058064
3019399,22.421737555418858
3019400,4.448603602907727
3019401,8.114689524701834
3019402,0.4635557137976962
3019403,3.2160025265254624
3019404,3455.275832396013
3019405,0.0
3019406,682.6836222950147
3019407,21.190556762175632
3019408,1260.5491136090307
3019409,833.3263490519032
3019410,318.3235210668658
3019411,205.18921990521412
3019412,163.52311944596855
3019413,4618.415697638718
3019414,20.698661984243792
3019415,1.9186180718687866
3019416,35.44800029607827
3019417,23.70438815734892
3019418,0.28189200919152796
3019419,313.16515692980806
3019420,0.0
3019421,10.40936734150034
3019422,7.471392645881094
3019423,264.79710281745145
3019424,2.771970527501994
3019425,120.15936808133135
3019426,322.1104550014406
3019427,5.904950427773989
3019428,5.719062075973039
3019429,223.65055719576662
3019430,72.05192361381741
3019431,1214.061673959214
3019432,13.574845849621891
3019433,10.439878086537188
3019434,16.407362029127864
3019435,1.646458879368215
3019436,15.471222994802826
3019437,11314.480043878973
3019438,0.0
3019439,1452.862351503911
3019440,73.16574599099557
3019441,2480.1144808266527
3019442,2714.4743937228895
3019443,517.8643656167975
3019444,622.8855924537127
3019445,492.00064838838085
3019446,9896.603352752874
3019447,109.7136540084815
3019448,3.303169231379659
3019449,66.96984657561869
3019450,67.61431592952772
3019451,1.8913464297114921
3019452,688.1458153237671
3019453,59.95743385216286
3019454,76.66063265475732
3019455,27.158261176004757
3019456,423.9739411108333
3019457,37.19038019020943
3019458,881.853414781884
3019459,695.3455478795843
3019460,25.00564612507967
3019461,31.171872258721503
3019462,1342.1144815875484
3019463,266.3385682703709
3019464,8857.362848428196
3019465,2.14660279096592
3019466,90.64760412649831
3019467,4.638499075352014
3019468,0.33515718068848616
3019469,1.1617370610526891
3019470,1555.1580032585646
3019471,0.0
3019472,169.6001062127192
3019473,5.528553580679809
3019474,1103.3367613136556
3019475,293.41544551758824
3019476,123.81696277234965
3019477,143.20922243272074
3019478,78.23757817503494
3019479,2406.1451504086913
3019480,6.697793213242823
3019481,0.4028551592477425
3019482,13.608765047728479
3019483,9.257745912599692
3019484,0.6530890499759718
3019485,185.268282216802
3019486,0.17568788044700512
3019487,0.0
3019488,5.781811877103918
3019489,115.7144836140999
3019490,1.1331074838358832
3019491,67.77297102921833
3019492,117.4362944010463
3019493,2.638672341039395
3019494,5.670481288468678
3019495,123.838666472057
3019496,20.577476684205386
3019497,557.8047387536191
3019498,6.1945786690902205
3019499,6.104628481578073
3019500,11.46691003587336
3019501,0.4550724346150484
3019502,5.598872266135945
3019503,3563.004777492858
3019504,0.0
3019505,573.1209554642464
3019506,14.719341436530467
3019507,1849.5006922596551
3019508,809.2427613254747
3019509,311.27068811274063
3019510,307.2122262234508
3019511,191.74453652172215
3019512,5689.785748435675
3019513,18.082332980782656
3019514,0.4355009415983221
3019515,31.498022371551283
3019516,22.27232502270689
3019517,0.0
3019518,378.2737197265332
3019519,1.9234675801401724
3019520,4.310784357449838
3019521,13.047286048319615
3019522,37.66107419870217
3019523,3.0557845423080536
3019524,380.3799485888618
3019525,384.6629007354561
3019526,6.028760392700926
3019527,10.310804062124333
3019528,157.91773194005052
3019529,78.5486610251411
3019530,1533.3056163979622
3019531,18.474771031902844
3019532,8.70269315077592
3019533,1.9854890095152378
3019534,0.0
3019535,1.1267349069258388
3019536,1055.956735289889
3019537,0.0
3019538,125.08059293163507
3019539,4.446289190225344
3019540,1352.7627474781425
3019541,197.1332964423661
3019542,101.98345568051906
3019543,176.95314453287773
3019544,29.180360387079006
3019545,1841.3611133414995
3019546,4.060638502445428
3019547,0.3043228977320556
3019548,12.996402130212738
3019549,5.075445009107558
3019550,0.001870837420486457
3019551,117.5965120275784
3019552,0.0
3019553,0.0
3019554,1.0614858330906844
3019555,55.257865933688414
3019556,0.3850130990374514
3019557,84.5991833978183
3019558,88.91479589389094
3019559,1.1668840921999954
3019560,1.5788642858009683
3019561,74.7735558126962
3019562,13.565245188690824
3019563,261.6499087748249
3019564,8.254248789359831
3019565,2.364212102886284
3019566,12.486341366758255
3019567,0.0
3019568,4.24514839764773
3019569,2228.1122478722405
3019570,0.0
3019571,243.17981406068535
3019572,13.231632661521928
3019573,1242.9162960757876
3019574,498.79904306414335
3019575,216.011292990921
3019576,177.3446977728835
3019577,162.64690707276694
3019578,3739.766023958024
3019579,4.686815694574221
3019580,0.9977380207413462
3019581,31.878680477071267
3019582,21.903328654698814
3019583,0.5128299482264977
3019584,297.16865746496416
3019585,0.0
3019586,0.0
3019587,16.886667964016613
3019588,96.6874686427478
3019589,2.2885428775590455
3019590,301.0897425698852
3019591,281.42538582034706
3019592,2.4601302762002524
3019593,6.765778054235759
3019594,227.92046472857564
3019595,32.0144877925445
3019596,1390.4061448632137
3019597,6.561773445081567
3019598,2.3668748245503393
3019599,3.73444321282432
3019600,0.0
3019601,2.6229674748175467
3019602,2726.7157418140923
3019603,0.0
3019604,689.1313043885349
3019605,11.14960401376874
3019606,1031.5154977552916
3019607,768.3540365687118
3019608,253.1530978817892
3019609,130.71316312471842
3019610,96.59235177376063
3019611,4875.508016443922
3019612,7.962011042753385
3019613,4.551094487368666
3019614,18.957986758357205
3019615,50.7695085302861
3019616,0.39239991509682065
3019617,248.1642417884188
3019618,4.165538305385523
3019619,7.835277514815366
3019620,6.267129242229952
3019621,74.41531020981691
3019622,2.9975091224827533
3019623,182.17888359543417
3019624,330.0108802828635
3019625,5.835577811084623
3019626,7.352726383673014
3019627,163.23166717939023
3019628,44.39823280178654
3019629,655.404795701086
3019630,19.055358238700265
3019631,5.020967629607788
3019632,5.53339288367326
3019633,0.0
3019634,0.9933921187739084
3019635,1877.7549694443815
3019636,0.0
3019637,101.33524155430851
3019638,5.84885396001946
3019639,626.9709697379649
3019640,233.82005217299888
3019641,119.7853948394482
3019642,205.78042297886086
3019643,134.5926498440884
3019644,2275.222080308819
3019645,7.536121844792304
3019646,0.31065720258999935
3019647,22.09005274489552
3019648,12.425891910306866
3019649,0.18957873721714566
3019650,139.98752505140894
3019651,0.0
3019652,0.0
3019653,0.9385710415715712
3019654,181.46053546678067
3019655,1.0657741587371328
3019656,200.99001298965013
3019657,126.41864363031908
3019658,1.0918754305981224
3019659,2.1629432237876247
3019660,52.51998222138015
3019661,21.731283263018106
3019662,412.98299599518066
3019663,3.8496852672041073
3019664,1.014023223367747
3019665,5.701455595995456
3019666,0.022445540114544343
3019667,2.4213686058941244
3019668,3439.7750458754394
3019669,0.0
3019670,480.02119277221897
3019671,14.945880059738176
3019672,1073.924466705478
3019673,642.4262797332069
3019674,238.17550519928582
3019675,177.0120829417997
3019676,246.575661001572
3019677,4287.038249887033
3019678,8.86664978310655
3019679,0.4315971622854756
3019680,25.762302097820747
3019681,10.475580699861156
3019682,0.3273270184005019
3019683,247.6475291989213
3019684,0.0
3019685,45.627709880778404
3019686,4.046859725908883
3019687,135.4085332861339
3019688,1.519776785759529
3019689,222.524100073698
3019690,267.75983036928403
3019691,2.7492001694909987
3019692,6.1526442800924315
3019693,134.58528206642043
3019694,49.092053367679036
3019695,1256.4861760310412
3019696,29.33877289370052
3019697,2.0506570022723243
3019698,4.601891306585665
3019699,0.0
3019700,8.229084533867148
3019701,3491.6135182952817
3019702,0.0
3019703,549.1354878712252
3019704,9.318567559568281
3019705,1135.5290156868066
3019706,990.2506542098397
3019707,168.4681738554817
3019708,159.30624111544
3019709,146.39085270207272
3019710,4186.967199878393
3019711,63.272046628948885
3019712,1.9684618005297698
3019713,30.65020403888647
3019714,24.568672966470224
3019715,0.6263399112644237
3019716,292.1360949766578
3019717,33.93144571342159
3019718,27.474548735062786
3019719,2.1473364574784357
3019720,153.39633205506843
3019721,13.406127865139853
3019722,249.33309682367835
3019723,304.47678783287904
3019724,14.098168106245112
3019725,17.24476271169775
3019726,300.3781890030484
3019727,72.97948123474853
3019728,2710.1348454374556
3019729,0.0
3019730,18.712145667813726
3019731,11.058447057871051
3019732,0.0
3019733,8.834362587828899
3019734,4161.5304354817745
3019735,0.0
3019736,596.8800126316135
3019737,22.036044234533097
3019738,1680.6120547074713
3019739,1106.2239285077574
3019740,220.73802197050176
3019741,143.64949349994575
3019742,154.4854664535693
3019743,5484.991398634754
3019744,36.566548098492554
3019745,2.3331062603788726
3019746,50.40885457507693
3019747,108.7920595458012
3019748,0.20378112537569604
3019749,501.5784204099675
3019750,43.809454521167595
3019751,21.934246160308724
3019752,14.394732997987154
3019753,206.89694789745172
3019754,17.410807373667602
3019755,193.4314392105602
3019756,561.4290862448973
3019757,12.843466023578461
3019758,14.946002724279806
3019759,181.87101048820827
3019760,98.76158138828326
3019761,2498.861150179757
3019762,2.1043900578553734
3019763,24.04128728760112
3019764,14.468613179119798
3019765,0.2167277749219073
3019766,4.195111332343026
3019767,4608.191440159591
3019768,0.0
3019769,847.9835169222986
3019770,17.151344480413027
3019771,2395.3007323383304
3019772,867.0269581526192
3019773,294.4369651471477
3019774,338.3317348126948
3019775,118.6176132168254
3019776,6895.767607454095
3019777,47.99378964094061
3019778,2.2530720590250977
3019779,31.96613920260074
3019780,25.64880837571707
3019781,0.2685217961259651
3019782,452.62237364117897
3019783,9.985360194634376
3019784,24.549131644763484
3019785,10.943774156427475
3019786,153.35243873744793
3019787,6.220294233729924
3019788,139.48380735271212
3019789,413.17689506792647
3019790,10.49479940686149
3019791,15.770772051645277
3019792,309.134981992291
3019793,70.9100592408851
3019794,1957.8091402513517
3019795,3.1126903596853244
3019796,24.152212032309368
3019797,6.156048719870635
3019798,0.1267902421380471
3019799,4.838141167072081
3019800,3260.550923457093
3019801,0.009775239841249063
3019802,425.42261837818864
3019803,14.391924808738013
3019804,946.9342986417166
3019805,934.9342045537772
3019806,253.35785957720339
3019807,168.5562487585383
3019808,135.87546942988948
3019809,4088.314282233698
3019810,30.605415601858795
3019811,1.8228923165034412
3019812,17.259905868923624
3019813,12.283131693216154
3019814,0.4714939453319266
3019815,290.99043907675167
3019816,25.001793166017343
3019817,31.21002602664823
3019818,2.7915038214771766
3019819,171.4099887004888
3019820,10.272222214356582
3019821,425.45326241689776
3019822,255.55651463503884
3019823,10.821479964207976
3019824,11.060218225169928
3019825,437.85143971711517
3019826,56.19881438691215
3019827,2488.7598249791135
3019828,0.0
3019829,29.788390246346648
3019830,4.85450640178258
3019831,0.1742560290382374
3019832,3.5744912504542112
3019833,5423.823045998611
3019834,0.0
3019835,419.84004697578825
3019836,14.209175327725694
3019837,2493.7755242765998
3019838,715.0303776487755
3019839,338.90199345323293
3019840,185.9935251504603
3019841,139.17208982206486
3019842,6876.264486488803
3019843,16.674903480276942
3019844,2.6498362555701056
3019845,37.13072973501906
3019846,32.68675742919266
3019847,0.47307734112130756
3019848,504.1543421057798
3019849,0.0
3019850,0.14109359812146977
3019851,11.960524046336952
3019852,147.7445283870656
3019853,2.7462489688267016
3019854,161.88059048320366
3019855,373.03949279273525
3019856,4.399498981275901
3019857,11.526378154221497
3019858,204.16563475238758
3019859,65.59625586834547
3019860,1190.1106950116496
3019861,16.149603640535954
3019862,7.943108502167717
3019863,8.593006840388508
3019864,0.09287662175533837
3019865,10.112546916919593
3019866,3399.3752883491074
3019867,0.0
3019868,584.1060353116668
3019869,18.053762262843282
3019870,1644.2451400321631
3019871,867.444709784636
3019872,293.6235273092433
3019873,171.09913928517022
3019874,263.2757512007161
3019875,4869.5637947665455
3019876,51.69778868303036
3019877,2.0376873297462885
3019878,34.90047406749513
3019879,42.29484986885061
3019880,0.7425875903385324
3019881,320.3899061275558
3019882,28.730641465074036
3019883,29.330332315988173
3019884,12.02184547199264
3019885,214.98222667025726
3019886,15.52285969854525
3019887,277.8128758262836
3019888,508.3282964686969
3019889,17.27626311638254
3019890,10.966153611855423
3019891,231.39341628057014
3019892,65.13133758058136
3019893,2367.7951115032038
3019894,8.277058109233618
3019895,7.755111304428403
3019896,5.4993650797483475
3019897,0.01771940891915074
3019898,6.285606173047139
3019899,3730.5614982061743
3019900,0.0
3019901,591.1288053318451
3019902,17.72359893045438
3019903,1041.8402826080173
3019904,1097.1709079533841
3019905,232.69928240796835
3019906,189.01914770297392
3019907,171.76792122897965
3019908,4281.609231950177
3019909,47.93934920612119
3019910,1.257399874925984
3019911,34.04017679620344
3019912,23.973942706886387
3019913,0.4016002659020604
3019914,293.7763755395462
3019915,33.02544367369356
3019916,54.08377826210172
3019917,7.685317640313256
3019918,136.65729743631573
3019919,12.732752097893934
3019920,298.60686994357985
3019921,305.34945487131506
3019922,12.700302533005098
3019923,13.321062228962605
3019924,285.9257989042021
3019925,67.60266525394873
3019926,3002.178927725817
3019927,0.21214232255992957
3019928,20.485751330622243
3019929,4.3230825620872455
3019930,0.17194468726896395
3019931,4.758976138834198
3019932,5634.701496865874
3019933,0.0
3019934,569.9678301694964
3019935,24.743107480197526
3019936,1513.8666685080923
3019937,683.5871452962764
3019938,291.632364017583
3019939,208.7884448060277
3019940,103.97339884273214
3019941,5440.057184370644
3019942,12.667466919243637
3019943,0.022195860819349635
3019944,16.585778392851825
3019945,19.593945322739245
3019946,0.07435399961176363
3019947,291.85856603457603
3019948,0.0
3019949,12.625983825559452
3019950,2.5672475604176266
3019951,236.80037415375577
3019952,4.630040371242738
3019953,226.0802886271412
3019954,348.793554291841
3019955,4.114599565457635
3019956,3.3911141144098984
3019957,232.59106573787273
3019958,116.32033816976399
3019959,1284.4080664687767
3019960,11.965263397002598
3019961,1.5137523520294653
3019962,27.640211216051938
3019963,0.0
3019964,25.4815321771448
3019965,14666.402070302485
3019966,0.0
3019967,2230.7289308778213
3019968,37.855697725865966
3019969,3316.7292991515205
3019970,3548.65221073572
3019971,794.9079909930688
3019972,885.2081362736529
3019973,621.9272200251421
3019974,13753.480259404549
3019975,124.04012685559181
3019976,5.420132289725653
3019977,132.32705470061936
3019978,170.23515714593233
3019979,1.1675376662289922
3019980,1065.1687678343012
3019981,43.98027042438687
3019982,39.045445613480474
3019983,25.688956634931003
3019984,629.0233720022312
3019985,38.60244964760933
3019986,1177.201718555505
3019987,859.1273982347959
3019988,67.12269176118639
3019989,48.9532589559198
3019990,1540.3424272203463
3019991,317.01812524488065
3019992,11442.794517127912
3019993,97.97547865859131
3019994,122.5728648509922
3019995,22.357200505173235
3019996,0.0
3019997,17.333163266610892
3019998,12629.08240474293
3019999,0.0
3020000,1534.4158777441714
3020001,49.515737639889295
3020002,3536.376632738469
3020003,3030.2121246118813
3020004,981.3762693051581
3020005,521.682338333654
3020006,476.54638453892323
3020007,14319.864784318992
3020008,193.9973632437955
3020009,2.8563164117669873
3020010,58.880160201169716
3020011,125.21691284443197
3020012,1.6002900983309671
3020013,967.2344101948335
3020014,38.36288959503676
3020015,66.44675042688336
3020016,7.7463756469833775
3020017,387.3966354023145
3020018,25.93891086984876
3020019,1473.3098015481296
3020020,985.0194528509272
3020021,35.36771873180701
3020022,41.26702318351448
3020023,1634.2317763140168
3020024,310.7131990191833
3020025,7539.581096606321
3020026,183.96338539584764
3020027,105.21766929462645
3020028,19.989590493028523
3020029,0.0
3020030,23.797202800398164
3020031,9488.135648720472
3020032,0.34926775684493433
3020033,1306.9357933218728
3020034,30.774355649689237
3020035,3639.444917072481
3020036,2348.972775984232
3020037,1165.1101988732169
3020038,253.17822749811415
3020039,365.53827915837354
3020040,14363.573176875601
3020041,71.97716091310086
3020042,3.895953632876093
3020043,53.87097732859238
3020044,50.68394534558719
3020045,0.8049703286519572
3020046,964.9872024325756
3020047,53.06863651108232
3020048,44.24382030521858
3020049,11.528401213311367
3020050,247.63906871134137
3020051,15.636664242027793
3020052,1267.1912996782407
3020053,1125.28032491327
3020054,40.1653576587397
3020055,69.2351290732633
3020056,1206.4238271359427
3020057,185.29879726338112
3020058,3790.9169242935995
3020059,132.97069346561392
3020060,67.77945080324977
3020061,21.40548114252851
3020062,0.0
3020063,23.52462488124195
3020064,12239.113177427964
3020065,0.0
3020066,1449.1625492349817
3020067,36.24910766925669
3020068,3220.1492518871914
3020069,2891.881488259933
3020070,893.1773505870618
3020071,471.9455938573583
3020072,386.4243743443737
3020073,13629.084743383175
3020074,79.13143854654406
3020075,3.0641182694559386
3020076,60.67709946887505
3020077,118.72110982342586
3020078,2.4380366028390457
3020079,904.7619144469232
3020080,43.68545880442102
3020081,50.029451974153986
3020082,6.938943766445745
3020083,370.8787240825194
3020084,18.256076373947256
3020085,1105.0204988638218
3020086,971.1062729648642
3020087,41.837466404562356
3020088,34.34290321430631
3020089,1448.4742745593358
3020090,266.09568542928685
3020091,6512.878955093003
3020092,121.16860526745609
3020093,82.71573220922518
3020094,19.34477408951913
3020095,0.0
3020096,24.48178937698358
3020097,7225.821136717358
3020098,0.15935989424112607
3020099,1109.8187858686515
3020100,33.58229987242802
3020101,3071.7429674328064
3020102,1893.9283785998616
3020103,925.0154707131077
3020104,187.08955848659392
3020105,279.31144548129083
3020106,11685.580505972825
3020107,73.35264152404908
3020108,1.195696975358979
3020109,37.494862410764796
3020110,79.54365642360983
3020111,1.435838276799714
3020112,865.1205554111928
3020113,45.01957921320462
3020114,16.88983855828026
3020115,5.534457574340989
3020116,237.81918090244642
3020117,8.885246834974557
3020118,1121.8251298735959
3020119,992.75221663726
3020120,30.217788631408943
3020121,36.153856309310044
3020122,1196.3970911244471
3020123,122.22118507868471
3020124,2637.189523044126
3020125,84.28645280614606
3020126,29.236794055144838
3020127,14.906259264377105
3020128,0.0
3020129,14.313622200646225
3020130,8850.862194644618
3020131,0.0
3020132,1291.7819458818387
3020133,34.61085288062746
3020134,2197.5339618934527
3020135,2606.256694618773
3020136,576.2596345346623
3020137,567.3540119568602
3020138,482.23473470612845
3020139,9015.173502770385
3020140,91.20030370277034
3020141,2.1026612529233577
3020142,52.40219060091184
3020143,75.38559676653689
3020144,1.3554526525227428
3020145,611.8242758979229
3020146,21.939696005038865
3020147,45.56541622490095
3020148,12.243589383749574
3020149,446.92552423763135
3020150,23.273180975721925
3020151,952.6755240095902
3020152,629.6018963035991
3020153,28.449636063359943
3020154,38.056093000766616
3020155,1177.13749192066
3020156,251.1026590909415
3020157,7986.625231971914
3020158,96.90100084064554
3020159,73.65474488241252
3020160,8.244438421712738
3020161,0.03148431989322354
3020162,6.284654537497559
3020163,2090.7224384605424
3020164,0.0
3020165,355.5355273726074
3020166,31.948839462036258
3020167,1101.447949524326
3020168,578.3238940907909
3020169,236.9710958049527
3020170,92.95934977022479
3020171,154.35755300584984
3020172,3324.776990135603
3020173,59.88762080344124
3020174,2.0985963757017556
3020175,26.454458018160118
3020176,22.18318634375211
3020177,0.5243189927721561
3020178,257.1058841852475
3020179,18.4494756366382
3020180,12.061061893947675
3020181,11.98553324372403
3020182,110.25927900948915
3020183,9.817505877882022
3020184,266.27801769955084
3020185,255.64703320846272
3020186,4.2191581844385535
3020187,7.82318535414689
3020188,250.66965796701024
3020189,56.94126709830213
3020190,1613.4754623034858
3020191,5.464116971915796
3020192,10.034953299826883
3020193,14.798836661663165
3020194,0.0
3020195,16.580173858813456
3020196,6798.337362084772
3020197,0.0
3020198,740.348106975839
3020199,43.65752145614258
3020200,2413.5077823639454
3020201,1601.2149718871974
3020202,665.4165770287801
3020203,154.71606595061047
3020204,235.72986785762217
3020205,9084.499375858226
3020206,142.90399597939722
3020207,2.58971043826495
3020208,64.98489014452117
3020209,70.04542556626485
3020210,1.5655800413003629
3020211,696.4539186193695
3020212,34.386983850709264
3020213,14.752789771550209
3020214,6.408031714030745
3020215,230.31814556749626
3020216,13.51922655380105
3020217,693.717295345335
3020218,773.4568442534818
3020219,20.457311929902634
3020220,34.469822467332676
3020221,522.1694271153337
3020222,102.290734885273
3020223,2645.399527304942
3020224,87.1018515467082
3020225,24.81194870545534
3020226,10.776895042996738
3020227,0.0
3020228,5.978726961221124
3020229,5741.122297539591
3020230,0.0
3020231,1000.327753121331
3020232,14.058335910383196
3020233,1743.9227397799493
3020234,1910.6727323057414
3020235,309.8128953294807
3020236,398.7855811289746
3020237,395.5362297190866
3020238,5908.00640674545
3020239,56.144775698537586
3020240,2.3009756237979793
3020241,43.63005116033066
3020242,45.92204599243743
3020243,0.9544529810174985
3020244,416.656537895992
3020245,4.964293556559065
3020246,59.999291649686015
3020247,10.1537994617135
3020248,298.1195662872604
3020249,13.995353718115586
3020250,717.1011142468724
3020251,361.7820228782948
3020252,29.628652803677515
3020253,16.53090776098446
3020254,655.7477184307486
3020255,140.7160889563459
3020256,5922.432030654958
3020257,29.610664914637567
3020258,52.55360241849524
3020259,19.83437290858282
3020260,0.0
3020261,13.430973164145525
3020262,7048.792615922773
3020263,0.0
3020264,1234.71895788014
3020265,18.902858774218863
3020266,2607.8775220382827
3020267,1750.8082315159802
3020268,573.6657239701589
3020269,315.71112847885854
3020270,541.7097659995974
3020271,9641.687669310195
3020272,72.0610668629456
3020273,5.137855463051718
3020274,83.97418732413134
3020275,78.0952659898548
3020276,1.378795267356445
3020277,597.5547879742091
3020278,16.06879062909454
3020279,113.42608790126019
3020280,12.30828929505141
3020281,383.1718805315674
3020282,16.529385249723003
3020283,742.1688836938055
3020284,594.6563707970348
3020285,23.153393688668643
3020286,43.27857967232721
3020287,737.5731110419256
3020288,189.32306279573842
3020289,7090.430021015737
3020290,24.37206058627684
3020291,15.993734919082955
3020292,14.51566492136143
3020293,0.06277141725740919
3020294,5.778822746447173
3020295,2760.4949781012388
3020296,0.0
3020297,572.7451729631763
3020298,12.112302336897626
3020299,1263.6781469861705
3020300,624.3574644935065
3020301,296.5143624959477
3020302,115.97470060088243
3020303,282.3038454472084
3020304,4082.4072615182713
3020305,19.38682495346543
3020306,1.4485773627333274
3020307,37.17665404191697
3020308,31.688141428216277
3020309,0.13725937720780393
3020310,261.60926087218286
3020311,7.6788765964918175
3020312,15.101119413300504
3020313,8.873903790136518
3020314,198.87340569243904
3020315,5.073851868732579
3020316,372.8687927667465
3020317,310.5321311327321
3020318,6.689689182021514
3020319,8.017233854028385
3020320,259.0452820748266
3020321,65.8381334451471
3020322,2463.7622346358007
3020323,2.629540999846888
3020324,4.7944452680461485
3020325,7.0646659744238045
3020326,0.0
3020327,2.254477623809136
3020328,3648.0550142392212
3020329,0.0
3020330,232.89256094339822
3020331,5.16111899600944
3020332,1409.6158542702465
3020333,264.8614102722643
3020334,258.2362971294002
3020335,74.51764197902833
3020336,67.1452140515197
3020337,3793.705655632736
3020338,7.967993943080275
3020339,0.6857531120935602
3020340,26.16468173122602
3020341,16.252787550107293
3020342,0.2404170929893205
3020343,279.2424717164786
3020344,0.0
3020345,0.0
3020346,4.916509474795797
3020347,40.22660825894189
3020348,1.9600057930158097
3020349,61.46533971510073
3020350,211.74505024971234
3020351,0.0
3020352,2.786782997188523
3020353,73.54276119147723
3020354,94.3833874011702
3020355,735.665516175237
3020356,3.4640485592317303
3020357,3.506464603695386
3020358,8.67923799180309
3020359,0.08569534569195567
3020360,7.931789715105695
3020361,4479.1074950689845
3020362,0.0
3020363,641.1384467734779
3020364,25.019314462468678
3020365,1583.7430787724868
3020366,1236.0439447686072
3020367,436.41989498039396
3020368,225.83422869871598
3020369,229.18900391351102
3020370,6005.745661842313
3020371,60.73666028246447
3020372,1.3722444782978842
3020373,37.46164685002154
3020374,58.08574197860391
3020375,0.23522084913264638
3020376,425.6839625630072
3020377,33.60371618389012
3020378,20.40860735102227
3020379,12.511812914349512
3020380,193.6882584783759
3020381,9.997774504238237
3020382,565.903436626295
3020383,411.468333077287
3020384,13.100056053800344
3020385,17.074363025051717
3020386,683.843668528368
3020387,116.32428284980776
3020388,2940.16941127033
3020389,0.0
3020390,45.42266937722874
3020391,4.498368336186308
3020392,0.0
3020393,4.377002362996027
3020394,4101.202190638498
3020395,0.12735791608575248
3020396,638.6601524243894
3020397,26.982394181655508
3020398,938.5625580850191
3020399,1270.3898224521383
3020400,182.09075637542693
3020401,274.9499027483487
3020402,317.9672838184737
3020403,3594.995448928017
3020404,45.40926173364461
3020405,3.3006663462365373
3020406,28.489660540996375
3020407,27.32566691670176
3020408,0.6535235236945137
3020409,213.32623899272468
3020410,23.5482948507366
3020411,50.05628166481301
3020412,6.897975908326209
3020413,300.2154341713129
3020414,15.706759348229323
3020415,435.6352547531638
3020416,210.97842005034806
3020417,8.419499929724285
3020418,16.461042575744408
3020419,569.7861318844261
3020420,147.24776747793172
3020421,4471.129793311585
3020422,0.19440291676265822
3020423,32.71520693552524
3020424,6.685637373788836
3020425,0.4795678891989743
3020426,13.572698335271774
3020427,6540.853756006456
3020428,0.0
3020429,1014.9559562820826
3020430,28.0729977323646
3020431,1540.7350901214081
3020432,1926.5886918020135
3020433,387.8639587870139
3020434,464.26112316022727
3020435,217.0215897993677
3020436,6451.080434290257
3020437,52.50141771941217
3020438,4.571436145618267
3020439,50.77366007459422
3020440,54.9714470542548
3020441,1.4866203133751705
3020442,484.5581280172336
3020443,44.282242412041526
3020444,50.83361909676305
3020445,21.487266069461185
3020446,242.927521610516
3020447,26.08306446431568
3020448,510.04070565305403
3020449,450.44898270215674
3020450,29.167749493539695
3020451,27.73918982687897
3020452,765.6993698578804
3020453,221.13910369648582
3020454,5644.354130149528
3020455,0.5909790309950658
3020456,53.6130261532367
3020457,16.970187711589034
3020458,0.6283258790681141
3020459,9.798886287158775
3020460,4305.704108901482
3020461,0.0
3020462,582.2812362145156
3020463,23.87481601127506
3020464,2094.85385541922
3020465,1036.3354372405565
3020466,623.5456428401917
3020467,196.914994971203
3020468,142.5413460609287
3020469,8315.773269041354
3020470,20.16140814843246
3020471,1.6539373930169876
3020472,61.3191828546063
3020473,51.14187145733681
3020474,0.3144197638241979
3020475,550.9257712954097
3020476,21.829947159462716
3020477,11.613689673020009
3020478,8.782701214685643
3020479,106.99896359778322
3020480,3.3735348612671956
3020481,401.59670001855886
3020482,569.624007288281
3020483,10.82881568856576
3020484,12.016032384400944
3020485,528.5782759772615
3020486,152.41824087920045
3020487,1730.751610362347
3020488,34.15526444191666
3020489,26.586296130964705
3020490,3.016836529321172
3020491,0.0
3020492,1.6737234179606457
3020493,940.0330558325147
3020494,0.0
3020495,118.364096800611
3020496,3.351049624939745
3020497,210.57686521920525
3020498,274.689136339747
3020499,59.81597773434884
3020500,75.53710405036432
3020501,62.91022576232815
3020502,1009.4545548234437
3020503,10.89851255169441
3020504,0.8354987676983261
3020505,5.815306994754945
3020506,8.703214611281146
3020507,0.5757088193887001
3020508,72.57675560646452
3020509,6.692849828966645
3020510,10.053670073767076
3020511,3.463224143341457
3020512,37.443471733545834
3020513,2.731996766969098
3020514,110.74072966575726
3020515,46.73052188338749
3020516,2.269440511348808
3020517,3.1567404005086552
3020518,131.1474044479259
3020519,10.99095295483056
3020520,1053.6198535726132
3020521,0.0
3020522,9.521260326402015
3020523,2.765702073281981
3020524,0.0
3020525,3.0844104624169706
3020526,1568.6808409734876
3020527,0.0
3020528,132.88516874382213
3020529,4.624306192469735
3020530,942.1047808262754
3020531,377.5291272035653
3020532,304.9884484727141
3020533,53.477321627858025
3020534,33.314038071592925
3020535,3077.597942731097
3020536,6.655113873842624
3020537,0.664893787198586
3020538,15.181625490466164
3020539,11.830646795915548
3020540,0.49138562855358353
3020541,208.61443562621363
3020542,5.8402563298043955
3020543,0.0
3020544,1.8625271484742625
3020545,12.943891538771423
3020546,0.7533980117642869
3020547,182.52600089633924
3020548,204.76493890415824
3020549,1.4420791187558997
3020550,5.123598680698151
3020551,201.183276393191
3020552,23.291698432436213
3020553,296.60659815517363
3020554,0.35354049436792745
3020555,0.22811256173174235
3020556,11.459867501653779
3020557,0.29390867757460093
3020558,6.438119631145858
3020559,5625.08883799643
3020560,0.0
3020561,882.3296785915312
3020562,10.904434753785408
3020563,2293.3758336271217
3020564,955.6334758061303
3020565,631.301911313395
3020566,288.86395305455187
3020567,125.16023122188109
3020568,9516.972987940715
3020569,35.609266643402144
3020570,1.6563830756837299
3020571,20.796208581740036
3020572,25.837707149479854
3020573,0.6592214193025863
3020574,633.6005239134655
3020575,20.999231636134514
3020576,4.15755985418572
3020577,10.381953018005598
3020578,36.27003565723199
3020579,4.580876529853162
3020580,693.159452280513
3020581,558.8718310995666
3020582,3.913973960078624
3020583,18.523097522941335
3020584,489.9226738019622
3020585,99.81487995021527
3020586,1632.582317002395
3020587,10.147639595340845
3020588,14.667616688782621
3020589,7.44579128389813
3020590,0.0012522649477940662
3020591,2.0558641111142952
3020592,2085.773093607513
3020593,0.0
3020594,222.51313710263403
3020595,11.452894659583166
3020596,1318.113498752246
3020597,538.0033933889483
3020598,257.8786367444305
3020599,61.28667982564141
3020600,38.76433766063828
3020601,3339.459318143447
3020602,9.330301421914918
3020603,1.0398975978895817
3020604,15.646978834741878
3020605,22.49640675984172
3020606,0.440457029230181
3020607,224.43326707327242
3020608,11.708831246979178
3020609,0.0
3020610,4.954132176526861
3020611,40.18160593294919
3020612,1.7880047988821877
3020613,140.04738787003902
3020614,222.72620595103132
3020615,3.3435919396049822
3020616,7.250662331585951
3020617,171.44470606645615
3020618,25.010364976705073
3020619,374.21772393754856
3020620,1.0984404204781562
3020621,4.519343603301191
3020622,5.977479235008329
3020623,0.0
3020624,4.996602631445849
3020625,1713.0254242358992
3020626,0.0
3020627,176.46742069666087
3020628,7.71980259459947
3020629,886.0970730633869
3020630,332.816755331519
3020631,159.43523550958233
3020632,64.74391135061796
3020633,30.902689815454902
3020634,2765.558256367573
3020635,14.247085172366297
3020636,0.05965884887145035
3020637,13.050258333089948
3020638,13.683544762804832
3020639,0.058923285975111546
3020640,166.04381301356065
3020641,3.6552170211879003
3020642,0.0
3020643,4.001490385924458
3020644,24.262849510360635
3020645,1.5058587713114717
3020646,112.67316929887558
3020647,168.71314148639118
3020648,1.2642461801934854
3020649,5.120115732264358
3020650,111.21395209175645
3020651,14.268223686900418
3020652,199.63602181908632
3020653,0.817913557890436
3020654,3.5070577227302366
3020655,4.605687675765124
3020656,0.0
3020657,2.6698912073116965
3020658,1543.8049036650875
3020659,0.0
3020660,176.55031030704833
3020661,8.249208532910622
3020662,1518.810975704059
3020663,359.8176438772387
3020664,206.174135347826
3020665,46.00420582327775
3020666,43.621728010618895
3020667,2773.74968895488
3020668,11.517684368289817
3020669,0.6660519216813432
3020670,4.624812614527651
3020671,24.83119763137685
3020672,0.20841093042296052
3020673,189.39474561235667
3020674,2.3136817047041123
3020675,0.0
3020676,2.8678373978853
3020677,22.64474139109244
3020678,1.7650741155432466
3020679,194.74039678983402
3020680,187.5582207453043
3020681,1.6182600105414409
3020682,3.8443710740835595
3020683,87.27893357128814
3020684,65.37613760817047
3020685,389.9063074245578
3020686,0.8941655830334542
3020687,2.876490051671788
3020688,4.9114425408916755
3020689,0.5371949661808422
3020690,4.606451211440112
3020691,1656.7216086130595
3020692,0.0
3020693,164.52965021333648
3020694,1.8139960989384682
3020695,900.6956063996396
3020696,315.41035689324383
3020697,233.44399029082132
3020698,68.63431720635128
3020699,57.21672443616691
3020700,2598.3678748269094
3020701,7.964736560721544
3020702,0.8831320016770317
3020703,12.919009497577344
3020704,17.10311038800761
3020705,0.2523488164287852
3020706,215.1608246370416
3020707,14.166253706253363
3020708,0.0
3020709,4.929606111474774
3020710,19.38424734472042
3020711,1.5405862716949257
3020712,117.71878860979606
3020713,183.02308817354304
3020714,1.2526975140809185
3020715,5.711693829260153
3020716,101.19567780731849
3020717,29.79194604387119
3020718,526.1851093340067
3020719,1.2406749638748145
3020720,4.669867673156885
3020721,6.195649202452753
3020722,0.0728607580876286
3020723,3.708945965406
3020724,1762.6891696707671
3020725,0.0
3020726,212.07008016219442
3020727,7.044851517517891
3020728,1921.697142185482
3020729,378.02558773685996
3020730,212.28052340554822
3020731,177.92707727484856
3020732,45.62238682400144
3020733,3220.6940794264983
3020734,6.590128389014312
3020735,0.6692549161725077
3020736,14.476370069739868
3020737,18.602222095895996
3020738,0.34195131504527304
3020739,252.29415378946666
3020740,0.0
3020741,0.0
3020742,3.2382766227895163
3020743,52.88118590885146
3020744,2.065104242633043
3020745,71.68204181962453
3020746,204.2862687540574
3020747,1.8174781106501208
3020748,4.801770413571943
3020749,88.80267683798431
3020750,43.780808506086125
3020751,664.3725992820213
3020752,13.202382689486532
3020753,1.6298774435443655
3020754,13.431011464381049
3020755,0.627987866529019
3020756,5.804428453835881
3020757,4666.301042120463
3020758,0.0
3020759,587.6856991262122
3020760,8.493229526145626
3020761,1539.2819079251974
3020762,1169.096408830431
3020763,747.6079996882117
3020764,263.2674866138349
3020765,152.74759559720317
3020766,6613.587314530272
3020767,23.78280405701411
3020768,2.3367354558297695
3020769,33.85509967131998
3020770,28.626701783647988
3020771,0.8710317385877131
3020772,450.56024822240835
3020773,4.080666927766669
3020774,0.0
3020775,7.274578171566986
3020776,51.229201519617554
3020777,4.877608657812888
3020778,324.7345867724769
3020779,418.671062744768
3020780,4.689013309390881
3020781,13.966828914598107
3020782,536.4267209395821
3020783,81.39662502637134
3020784,1904.8278723679086
3020785,2.5134402789363723
3020786,23.82182377967497
3020787,6.463836222623318
3020788,0.31961460971776023
3020789,7.774214720263151
3020790,3293.3361069712473
3020791,0.0
3020792,820.042543025504
3020793,7.526621561475819
3020794,859.5791626053893
3020795,938.8143334425023
3020796,332.81257950876443
3020797,270.0074028820853
3020798,87.10751473189872
3020799,4214.988121623578
3020800,15.31772328795631
3020801,1.8868634986589292
3020802,43.14092469548828
3020803,21.801153688230382
3020804,0.7052132238964163
3020805,310.03324620588705
3020806,21.00623283794134
3020807,3.3436128765023123
3020808,6.29093564670883
3020809,56.91396085485952
3020810,3.2791109270749312
3020811,141.5365753281589
3020812,274.6444129971762
3020813,8.696193612976495
3020814,10.877555384208227
3020815,298.0068642869142
3020816,68.15846951836015
3020817,2361.474317693363
3020818,17.296031274084868
3020819,21.032365207544323
3020820,9.45461458180806
3020821,0.2755347773333355
3020822,4.2789742457083575
3020823,2817.662855654488
3020824,0.0
3020825,217.56435626966154
3020826,5.481115466518049
3020827,997.2365970418756
3020828,459.1959796352067
3020829,343.96954237821876
3020830,82.39604525712332
3020831,53.02728466220315
3020832,3742.288567171048
3020833,32.66531142395497
3020834,1.5498488542496112
3020835,18.852994034000197
3020836,21.48301216040887
3020837,0.31094420790770294
3020838,206.15133800447225
3020839,12.38887089655597
3020840,0.0
3020841,5.113070869861869
3020842,43.44044167850656
3020843,2.8956081797150692
3020844,132.6531839737789
3020845,206.79896296925403
3020846,2.2110206515030115
3020847,7.162204155867344
3020848,82.96285404856758
3020849,31.59804880935271
3020850,519.9253604762688
3020851,0.516450450368187
3020852,3.839323502422996
3020853,8.149554291505467
3020854,0.08390956963175113
3020855,9.053033471846724
3020856,4331.926793927853
3020857,0.0
3020858,853.4509783735823
3020859,12.705344159327726
3020860,1186.9709931637617
3020861,1209.3828949656033
3020862,289.25384655239026
3020863,258.1453899942865
3020864,151.23188186276613
3020865,5212.652188703399
3020866,60.43774531517259
3020867,2.004146438032325
3020868,18.7309836653655
3020869,33.891916084767445
3020870,0.48801481337294544
3020871,352.8169502726824
3020872,41.95544441906175
3020873,16.5451253962629
3020874,7.21428806258873
3020875,97.64121827014937
3020876,8.486202208789896
3020877,443.7097781377938
3020878,347.503059616381
3020879,13.292641531822543
3020880,15.001277245626238
3020881,621.4981019988724
3020882,129.5241990003344
3020883,3099.3668109766277
3020884,0.19916093575986518
3020885,44.21967061193107
3020886,14.738107286371278
3020887,0.8348192118901604
3020888,8.775813663313434
3020889,6259.67277029628
3020890,0.0
3020891,1027.0427696575912
3020892,11.742514670559977
3020893,2642.871597429205
3020894,1508.3710986318047
3020895,1098.650232693252
3020896,204.02337207480545
3020897,130.83866990359056
3020898,9368.425246793237
3020899,27.338665017527173
3020900,1.5639546004889577
3020901,46.23007487738869
3020902,32.549060801313175
3020903,0.2858568373784074
3020904,662.4921641669204
3020905,21.9178884910299
3020906,8.945687559370409
3020907,8.355565591766446
3020908,60.77500336881564
3020909,2.744223242195492
3020910,495.43332959345247
3020911,656.1771614279126
3020912,8.581333914377762
3020913,8.798135981704245
3020914,562.1841109300777
3020915,118.56551415731312
3020916,1706.3784522955743
3020917,21.541992407312968
3020918,25.342874792273673
3020919,16.43155981149377
3020920,1.2230977668356895
3020921,8.21456594036904
3020922,4368.602585054517
3020923,0.0
3020924,763.0482605872593
3020925,5.215240265466193
3020926,2444.274648052809
3020927,1008.9282728356079
3020928,530.8428464117745
3020929,400.54002008944025
3020930,113.9052568317652
3020931,6658.70874671568
3020932,25.126763949594775
3020933,0.99363469217582
3020934,61.26424078933541
3020935,62.00715259433302
3020936,0.5181510699454408
3020937,517.5593958436413
3020938,10.332051399564262
3020939,3.6126543696214775
3020940,19.46545692506913
3020941,69.58366245350199
3020942,4.350089600061328
3020943,170.1045213305115
3020944,483.96079431575066
3020945,4.989197432924611
3020946,9.638030952248958
3020947,239.29135131754737
3020948,200.29704696910153
3020949,1890.2951401338373
3020950,15.121214018277437
3020951,9.566877107115554
3020952,7.369085461971913
3020953,0.10787590648017063
3020954,4.764465576587923
3020955,2083.623728592585
3020956,0.0
3020957,189.7534684988365
3020958,7.761046926941112
3020959,875.9007672202841
3020960,434.95320119604804
3020961,197.09659819537833
3020962,60.126633877659486
3020963,57.88539577115336
3020964,3121.4131780994603
3020965,10.676337386087859
3020966,0.7829171697246752
3020967,22.276260924803324
3020968,25.62826174054668
3020969,0.3875412871847837
3020970,232.14961638894823
3020971,4.762300567243564
3020972,0.0
3020973,7.087705519763027
3020974,64.6935096600788
3020975,3.3490246498949303
3020976,131.5559479264657
3020977,209.8384682777819
3020978,1.2704665306778227
3020979,7.8638626751127845
3020980,156.37211339362455
3020981,40.70181576399941
3020982,543.044484749549
3020983,0.7664390760212615
3020984,3.3676877987539022
3020985,3.029266705598989
3020986,0.0
3020987,1.5396376199516741
3020988,1880.2805373551955
3020989,0.0
3020990,286.63570851438067
3020991,14.127901844957362
3020992,583.229645146002
3020993,602.112731077938
3020994,157.23479186783652
3020995,62.389311185817064
3020996,75.06720427450117
3020997,2432.6676802647967
3020998,28.822379832851816
3020999,0.612626684236886
3021000,16.986440512032647
3021001,16.621658586144797
3021002,0.460403189908867
3021003,157.6076543621061
3021004,20.535899440683323
3021005,4.934453871055862
3021006,3.712940728237256
3021007,53.63128770758136
3021008,5.685049085767158
3021009,1038.4982525877733
3021010,188.7841797284259
3021011,4.847266060369551
3021012,7.264530526490872
3021013,336.3082259880268
3021014,31.820390723220058
3021015,1229.472405316381
3021016,0.05316918398437834
3021017,8.599285764532757
3021018,4.172863450639423
3021019,0.08228669355216126
3021020,4.384295074948289
3021021,3728.397051867034
3021022,0.0
3021023,751.3413603309561
3021024,15.028562236634189
3021025,1030.2472563894567
3021026,1293.2616952994586
3021027,260.5303304417689
3021028,240.08206590365745
3021029,143.5189480304917
3021030,3983.539993764814
3021031,40.81661719939182
3021032,1.2280098217811661
3021033,20.400533621713958
3021034,32.34881113853317
3021035,0.29882717095019395
3021036,273.3766034289354
3021037,16.04579328523253
3021038,25.002851501251012
3021039,8.954111727134201
3021040,66.47249366723013
3021041,10.590571047464914
3021042,356.43495002049957
3021043,312.28973034320154
3021044,19.44808332713231
3021045,11.996721306713198
3021046,477.96277270445313
3021047,110.13806684885895
3021048,3349.643965170327
3021049,3.724493236923898
3021050,22.373661092581727
3021051,2.65722077999695
3021052,0.07976867347099767
3021053,3.1184792264772687
3021054,2101.784003308819
3021055,0.0
3021056,365.1642164955187
3021057,5.747092817202936
3021058,481.6326863943725
3021059,570.5648089541877
3021060,146.61538685524854
3021061,112.46101966749133
3021062,127.15116297255558
3021063,1855.147404519033
3021064,23.280297397505617
3021065,1.4290255439460935
3021066,12.837704748470795
3021067,17.640152692967487
3021068,0.5152133275411264
3021069,108.9032285323815
3021070,0.0
3021071,18.801462806314067
3021072,5.148297359298951
3021073,209.0261717955993
3021074,7.024113517392199
3021075,181.8655056005002
3021076,109.136668259926
3021077,4.332168617908694
3021078,6.446859433880241
3021079,169.12556420155443
3021080,38.29814622644753
3021081,1402.3171511132991
3021082,2.300436981991386
3021083,3.7599876440718503
3021084,5.340518153719199
3021085,0.0
3021086,0.5229355769241788
3021087,1222.9527248249128
3021088,0.0
3021089,289.4926861944325
3021090,5.8240009350683675
3021091,649.5463872293519
3021092,405.5220826697829
3021093,127.89288883288634
3021094,55.920655543415634
3021095,43.606697905421946
3021096,2194.3448039412865
3021097,16.943077590108075
3021098,1.2201115864571102
3021099,16.110015017696867
3021100,14.938219733894893
3021101,0.5087111063561838
3021102,135.96803854127717
3021103,0.4448685974637109
3021104,5.723947151358398
3021105,1.7257322894031255
3021106,25.067805220058656
3021107,0.6505031621975447
3021108,362.42450624743964
3021109,185.12852416882512
3021110,4.1223086476832265
3021111,2.17841567239806
3021112,200.17446166412068
3021113,34.50625445689385
3021114,719.4043603385612
3021115,2.4880071270943778
3021116,3.093980509035229
3021117,10.878160349156081
3021118,0.019251969142319345
3021119,3.9983727492074603
3021120,5260.886286989609
3021121,0.21123090914056236
3021122,923.9208489176908
3021123,20.004960767118938
3021124,1292.7845734675782
3021125,1539.582802172726
3021126,410.9580007860888
3021127,364.2069730494985
3021128,204.56204612834483
3021129,5693.112674990035
3021130,41.08935706462397
3021131,4.506708756793349
3021132,25.33796114231408
3021133,36.03498732450506
3021134,0.34416465863776197
3021135,364.6262488502831
3021136,16.257414984993318
3021137,43.23981637202372
3021138,11.002745173834876
3021139,208.82009425699732
3021140,6.333415250019769
3021141,368.78116695419027
3021142,370.78416766882145
3021143,15.357955161959557
3021144,13.874722881746115
3021145,530.9731603315383
3021146,111.45636027645406
3021147,3605.186142076488
3021148,5.047594048889964
3021149,22.51316395642591
3021150,11.34545622216255
3021151,0.0
3021152,5.971199090946188
3021153,5696.224774408378
3021154,0.0
3021155,1107.7521695822827
3021156,16.870297525474314
3021157,1950.2247353763157
3021158,1578.9319462207452
3021159,629.7925475004475
3021160,431.1072414251686
3021161,104.56551791315226
3021162,7714.554081977119
3021163,22.70544847433095
3021164,2.0686567332410073
3021165,54.04377904884664
3021166,31.134929530441603
3021167,1.3037103233672784
3021168,488.27436476609495
3021169,0.0
3021170,7.716096274867406
3021171,9.529503175167752
3021172,73.15527699796347
3021173,2.400856033833781
3021174,249.2303841307774
3021175,516.4210366705848
3021176,9.209562682270004
3021177,10.373867117088956
3021178,365.46174644551246
3021179,111.86356416397513
3021180,2274.1625473381514
3021181,21.88198708913843
3021182,3.2060652589136875
3021183,8.541901864864716
3021184,0.21441232328429244
3021185,4.7027468103988115
3021186,4452.020280163237
3021187,0.0
3021188,1004.141345572592
3021189,14.455452229363123
3021190,1440.5041207565564
3021191,1180.8013498267212
3021192,413.64075054337536
3021193,285.8842178103185
3021194,89.35930170432634
3021195,5493.4530767029555
3021196,27.73335892838932
3021197,2.268850507610457
3021198,36.3501230858354
3021199,24.58036086041094
3021200,0.5124615230442461
3021201,394.554300546676
3021202,0.0
3021203,6.682312269935097
3021204,8.807753256470901
3021205,103.71381056360158
3021206,2.594283990649157
3021207,148.54206842707535
3021208,409.5896522949023
3021209,7.189073628786029
3021210,4.919373924098928
3021211,275.4479974103069
3021212,86.86196200886205
3021213,1600.0166218073127
3021214,16.6655822148354
3021215,8.750236232796777
3021216,16.174978943452512
3021217,2.249607154446522
3021218,22.492402308322458
3021219,12405.85376607556
3021220,0.0
3021221,1584.459532539293
3021222,40.07956038557809
3021223,2546.6548126361067
3021224,2926.943965904333
3021225,519.8295463290139
3021226,679.150047800797
3021227,461.05461171614877
3021228,10541.215291191314
3021229,126.33269069798429
3021230,3.747921797456827
3021231,63.072228472204436
3021232,71.19671419818827
3021233,1.8237788378436577
3021234,766.8293616347872
3021235,70.31389247413699
3021236,68.71744418327422
3021237,27.972481127727963
3021238,236.39580451569807
3021239,33.717955427118525
3021240,887.757033445937
3021241,802.5872626538624
3021242,25.513372753043036
3021243,32.62122518081502
3021244,1438.4904399308778
3021245,295.861776477841
3021246,9333.082012944353
3021247,3.309465596723643
3021248,102.21943269541244
3021249,2.7075088555279305
3021250,0.4123868227213478
3021251,1.0113253545434602
3021252,1607.4123603347798
3021253,0.0
3021254,198.51122748661433
3021255,4.297581694298204
3021256,910.1214783051313
3021257,324.32722406878327
3021258,132.71232052121886
3021259,145.81195162423813
3021260,48.58237870579951
3021261,2308.747576994573
3021262,9.020284486330794
3021263,0.5564996583446934
3021264,9.525863267753317
3021265,10.22675234615206
3021266,0.4713223887850201
3021267,164.75550934809817
3021268,0.7492438596403597
3021269,0.0
3021270,5.193763651299848
3021271,53.63860831920001
3021272,0.9379988716580197
3021273,56.9498462773809
3021274,102.12522460660429
3021275,1.8807238990434287
3021276,4.976329861140455
3021277,115.7948770156544
3021278,19.903642995637053
3021279,546.9625420931372
3021280,7.6868204704916225
3021281,4.89027207584233
3021282,10.940265305129701
3021283,0.4241224655835327
3021284,6.000316820008338
3021285,4355.062678632537
3021286,0.0
3021287,721.0995926879925
3021288,10.17180362369066
3021289,1984.7366874522256
3021290,1033.07657664219
3021291,354.5783679957289
3021292,367.7007656713595
3021293,84.30402449450057
3021294,6562.695149744153
3021295,20.54829509900132
3021296,0.5840290121086518
3021297,38.28842116677686
3021298,26.205337715973425
3021299,0.3035664477371178
3021300,443.55335947098797
3021301,3.326285615544718
3021302,2.32924085577228
3021303,14.560611641697623
3021304,13.591862570118622
3021305,2.4138958174029965
3021306,460.42911052589074
3021307,444.42252506912655
3021308,5.733305840847699
3021309,12.452303349223039
3021310,165.48648784699657
3021311,86.9987472755016
3021312,1613.7690311028864
3021313,20.870763479477418
3021314,6.223005286007138
3021315,1.9842973120906018
3021316,0.01304414496331833
3021317,0.9914377532074556
3021318,1002.4894643001314
3021319,0.0
3021320,171.4079194610024
3021321,2.5215196075273867
3021322,920.5356920009973
3021323,240.1858159968039
3021324,114.59031822965713
3021325,173.22187002771815
3021326,18.773334292886346
3021327,1368.139025676207
3021328,4.611643887953945
3021329,0.34828478712184013
3021330,9.693830572631299
3021331,3.6858720107557192
3021332,0.13027620591923791
3021333,113.45733230630559
3021334,0.0
3021335,0.0
3021336,0.6181597476482082
3021337,12.294345812047123
3021338,0.42673635905211654
3021339,82.05639748958531
3021340,82.58014400107491
3021341,1.1212922621646129
3021342,1.7321179306843097
3021343,67.87905625441181
3021344,12.5039057151201
3021345,255.99819135055012
3021346,7.645562490254227
3021347,2.6253664621501946
3021348,13.197798774392457
3021349,0.0
3021350,4.625988211313608
3021351,2471.561228080558
3021352,0.0
3021353,319.6531907606715
3021354,11.242047525613955
3021355,1289.9615419870554
3021356,570.362168511333
3021357,231.6550590177376
3021358,178.23948389747346
3021359,45.032392062486046
3021360,3721.96442597126
3021361,5.865684397309425
3021362,1.281145767058167
3021363,26.573436162345807
3021364,20.44445482523554
3021365,0.4244124433079803
3021366,309.08082693138147
3021367,0.0
3021368,0.0
3021369,21.051769110110857
3021370,10.35180468579245
3021371,2.8249680975913694
3021372,323.80971752743477
3021373,303.372528484059
3021374,3.687126506630705
3021375,7.739313409023522
3021376,263.6418279568568
3021377,32.82903115935232
3021378,1408.8976847169988
3021379,8.019831442027082
3021380,1.712708448252137
3021381,3.1642786076567107
3021382,0.12642563034859824
3021383,2.0578283825233665
3021384,2716.5512477355555
3021385,0.0
3021386,691.5139883991983
3021387,3.833193758702189
3021388,865.6655732044861
3021389,794.6709877683729
3021390,241.9057805092681
3021391,110.83656410314936
3021392,66.28784351733738
3021393,4364.721165874178
3021394,6.846204733850324
3021395,3.896168347007868
3021396,16.09549167014321
3021397,39.847870495128035
3021398,0.14877857687946813
3021399,223.3571778885907
3021400,5.774149898022509
3021401,0.2994354281757839
3021402,6.445651721263319
3021403,26.688689324022576
3021404,2.477119721335402
3021405,167.13204027372285
3021406,246.34087567268296
3021407,4.855308278023401
3021408,7.543346619217226
3021409,144.62757621204918
3021410,33.53960067114712
3021411,610.5051226133465
3021412,17.605739428980378
3021413,3.9738266920066905
3021414,5.658639776534625
3021415,0.09467203044911111
3021416,0.7223941299289167
3021417,1749.489687013
3021418,0.0
3021419,140.97485929438756
3021420,3.8341207073322217
3021421,631.47283547341
3021422,258.19361917770755
3021423,111.86052800385275
3021424,193.82781498190516
3021425,72.65953629933003
3021426,2276.0285233222044
3021427,9.676232532461414
3021428,0.33261777870744763
3021429,18.30173154242981
3021430,12.61056456106692
3021431,0.43683761763624074
3021432,133.43745823233698
3021433,0.0
3021434,0.0
3021435,0.9481379963721203
3021436,119.78986022610772
3021437,0.9166726248888482
3021438,216.1801696813735
3021439,127.84560848121775
3021440,0.9040691061832349
3021441,1.781458321778684
3021442,60.725967195650156
3021443,23.78815953127476
3021444,432.8610630504052
3021445,3.9572405081195265
3021446,1.2784361699364133
3021447,6.674625006182352
3021448,0.05361745868180401
3021449,2.7439790591062723
3021450,3780.795081729285
3021451,0.0
3021452,564.5614345752222
3021453,10.659691045533531
3021454,1052.2546867228714
3021455,780.1672822164205
3021456,256.3768576601183
3021457,168.25006654756547
3021458,103.86603788950511
3021459,4638.329894804446
3021460,10.124643436208027
3021461,0.4641516906950672
3021462,29.248275749835422
3021463,12.074241956165572
3021464,0.2822637123520333
3021465,258.3617652909606
3021466,0.0
3021467,33.160615115649286
3021468,2.8073032313855397
3021469,74.85269744023621
3021470,1.1480588342115714
3021471,205.6376890487902
3021472,273.95382268146176
3021473,2.937090350042368
3021474,4.434654311238546
3021475,127.16563383734852
3021476,53.72212107825066
3021477,1311.4686405971554
3021478,28.10274758233031
3021479,1.9377829852512323
3021480,4.393580581504133
3021481,0.0
3021482,6.620129492657594
3021483,2764.385400969709
3021484,0.0
3021485,464.6053873730691
3021486,6.453805193035242
3021487,859.9227317300055
3021488,784.453566282053
3021489,140.66829311163318
3021490,138.89602077039217
3021491,93.2905567221971
3021492,3249.5229644777473
3021493,54.57191992756887
3021494,1.3570577082752033
3021495,19.051179749502932
3021496,26.01914364507106
3021497,0.37072728256197146
3021498,236.3025546272809
3021499,28.413698755800375
3021500,16.35700787865034
3021501,1.5411903708721908
3021502,71.32487827124815
3021503,8.585191402531185
3021504,165.3381285463457
3021505,255.4283206838261
3021506,10.978797682572806
3021507,15.789282034265236
3021508,231.8815880198501
3021509,43.26652546936793
3021510,2024.2290002539687
3021511,0.0814408196169774
3021512,10.769118517322726
3021513,10.443165837565745
3021514,0.0
3021515,9.599303893866397
3021516,4022.455397851248
3021517,0.0
3021518,626.4736292425451
3021519,16.80676630871059
3021520,1679.2282299416067
3021521,1087.7889380597812
3021522,210.16522397572385
3021523,148.64048933378731
3021524,125.8710654291324
3021525,5151.247695374487
3021526,32.32744034762936
3021527,2.1985928888010524
3021528,36.31638168465443
3021529,105.61531981099081
3021530,0.3626312804552652
3021531,512.100283560327
3021532,43.58492423294879
3021533,14.796461130458697
3021534,12.020989730540109
3021535,120.92867047886527
3021536,14.280051005038459
3021537,157.4947173629659
3021538,574.0695948040025
3021539,10.750487620045602
3021540,17.435629944750954
3021541,154.80734277285814
3021542,89.4794211198954
3021543,2355.508889486451
3021544,0.40966098275981705
3021545,22.391850998890014
3021546,12.885334124951466
3021547,0.3050687373941114
3021548,5.029783685699658
3021549,4811.996411325117
3021550,0.0
3021551,939.4466119430917
3021552,9.12642643436692
3021553,2276.7961152145444
3021554,921.0325047537659
3021555,278.89446339218
3021556,366.4423452172426
3021557,76.14735058709512
3021558,6673.861174349378
3021559,49.96331107373824
3021560,3.189093852754367
3021561,41.87082003632534
3021562,26.215131061989997
3021563,0.2863656522168582
3021564,463.9030343614039
3021565,12.586135643834009
3021566,19.208411400420324
3021567,8.774709099411956
3021568,75.72615942204123
3021569,6.075061289096853
3021570,117.89000934393685
3021571,428.9071492947884
3021572,10.695568015723223
3021573,14.338620930888576
3021574,278.12303906969703
3021575,58.27610558553029
3021576,2007.1475811070939
3021577,4.76630116803007
3021578,21.8558051407006
3021579,5.8163368022411435
3021580,0.12263921928015158
3021581,7.77825326278873
3021582,4030.5239800749596
3021583,0.0
3021584,557.673740527591
3021585,7.603878781441435
3021586,1090.5202970659743
3021587,1187.6192527628443
3021588,290.29648100947315
3021589,231.5478963225686
3021590,133.84864720488108
3021591,4876.7186918860525
3021592,34.22624844785304
3021593,2.041300249263476
3021594,14.201769936127203
3021595,15.194891680940952
3021596,0.6609991905483176
3021597,367.5126828318935
3021598,39.598686927061216
3021599,27.005917417519257
3021600,3.166001382499679
3021601,94.11102388763835
3021602,7.464471423846949
3021603,462.0724455268602
3021604,337.35828385466766
3021605,12.327415593966847
3021606,15.6184138288051
3021607,532.3891948889398
3021608,52.08445895778094
3021609,3191.748208999958
3021610,0.0
3021611,35.637512563830256
3021612,4.958364265308155
3021613,0.0
3021614,2.8652948956434376
3021615,4755.347692117735
3021616,0.0
3021617,453.1824803169752
3021618,5.195315298901105
3021619,2199.2739324520862
3021620,675.9804528600706
3021621,310.16730131331195
3021622,170.2560718449777
3021623,63.89081353219103
3021624,5758.311097776474
3021625,12.644232766832113
3021626,2.5338131653098404
3021627,30.11202859529614
3021628,28.415022566384014
3021629,0.25504071643582077
3021630,442.62586160093923
3021631,0.0
3021632,0.12293268030619409
3021633,8.70755279870915
3021634,29.066520874643118
3021635,2.5203438656741235
3021636,153.12602117201854
3021637,326.5711582545949
3021638,4.699272911746698
3021639,9.661941303125994
3021640,175.22276680566065
3021641,56.76322114317623
3021642,1076.092937124545
3021643,12.25893848562328
3021644,5.342746026487537
3021645,11.387766870520025
3021646,0.1403638451134428
3021647,11.9294168948507
3021648,4131.183643442607
3021649,0.0
3021650,733.8862235445283
3021651,11.609566741841343
3021652,1963.0043054113257
3021653,1100.8753310889317
3021654,354.50472016244004
3021655,213.0947050265519
3021656,153.67357667831735
3021657,5445.225402838279
3021658,57.19905607965372
3021659,2.1635626613403405
3021660,33.844549887679236
3021661,50.88479021412826
3021662,0.45391561411339526
3021663,411.625915958615
3021664,41.0496873457035
3021665,19.681862152924882
3021666,13.0486523779312
3021667,123.79869326089685
3021668,16.24404002906997
3021669,292.020211807692
3021670,568.0213006576669
3021671,19.43202246440873
3021672,13.642703360033739
3021673,266.3954538781734
3021674,69.35529481037413
3021675,2805.551915335863
3021676,1.3602515404473141
3021677,9.897818579409106
3021678,6.529044857235721
3021679,0.13005923461832503
3021680,8.109724027169534
3021681,3834.8229113923103
3021682,0.0
3021683,625.9189520624938
3021684,13.812117254782281
3021685,1050.915470183595
3021686,1077.0560449551629
3021687,222.72189270199863
3021688,196.51683769791197
3021689,125.26245907288302
3021690,4302.3108255368
3021691,45.59520906296091
3021692,1.3556839263736453
3021693,28.445543410819052
3021694,24.311370271655477
3021695,0.2599481678349834
3021696,317.65318689856014
3021697,37.619499314231625
3021698,37.34463742072803
3021699,9.098760960921503
3021700,64.3224369346857
3021701,11.625828617465933
3021702,268.5620663885062
3021703,334.64111498253305
3021704,11.486767754634261
3021705,14.991913351986097
3021706,266.90260564741516
3021707,59.55540007140151
3021708,2883.753493507096
3021709,0.19820270339433216
3021710,21.43218587338569
3021711,5.698851278341517
3021712,0.04955568318569578
3021713,4.6946158815859516
3021714,6386.865211098924
3021715,0.0
3021716,761.9578017878399
3021717,21.519856364892572
3021718,1559.7697819944603
3021719,956.7827256211368
3021720,326.0649320732914
3021721,272.0544427630492
3021722,82.5696173577522
3021723,6230.289307254262
3021724,13.742618368029492
3021725,0.08475521110605089
3021726,13.241485616161494
3021727,21.265647222596517
3021728,0.19933465636417994
3021729,328.1488259385334
3021730,0.0
3021731,10.398621501926272
3021732,2.2076406059927187
3021733,97.99092911511971
3021734,3.877518292024521
3021735,239.1580639037802
3021736,381.277583021401
3021737,4.212003467931674
3021738,3.881410625752644
3021739,301.1026493938737
3021740,149.20914465571158
3021741,1500.2541295105168
3021742,17.236871491191526
3021743,1.5006432836581864
3021744,22.698487091967426
3021745,0.0
3021746,27.01888970034486
3021747,15304.91778655062
3021748,0.0
3021749,2394.856111471489
3021750,20.364298737780626
3021751,3477.349960016974
3021752,3718.9390577587574
3021753,859.640339963273
3021754,972.0242332986892
3021755,535.8091139158623
3021756,14330.335404970661
3021757,123.08321783740342
3021758,6.169466727330251
3021759,134.64445555561858
3021760,166.89866457717903
3021761,1.634980041821598
3021762,1158.1087042387364
3021763,50.46057880247511
3021764,30.193249573788545
3021765,23.57950241732807
3021766,368.8514757687555
3021767,31.405851465249874
3021768,1159.0409801543692
3021769,926.9465824810895
3021770,70.26516435839098
3021771,53.88546699306765
3021772,1635.993187208641
3021773,316.11365718134994
3021774,12286.4681189166
3021775,101.81927266220242
3021776,124.27524843633248
3021777,22.32419515318209
3021778,0.0
3021779,22.06605766845186
3021780,14965.392350902392
3021781,0.0
3021782,1814.1247103347268
3021783,24.978411562283107
3021784,3930.625858889327
3021785,3488.4085610412926
3021786,1121.7372009520705
3021787,624.5487102779794
3021788,436.02996676568694
3021789,15972.921506852577
3021790,203.35705253877256
3021791,3.2511284034924417
3021792,52.50137677399888
3021793,120.26843775072118
3021794,1.3126303454087669
3021795,1122.2691728669172
3021796,55.62263062948316
3021797,52.16650799295647
3021798,8.159731685684395
3021799,217.47976285252142
3021800,23.388657488091297
3021801,1518.717735493115
3021802,1167.4604387116422
3021803,42.835856641563666
3021804,48.8594221125088
3021805,1812.5655504012095
3021806,300.44875509904386
3021807,8789.254889388052
3021808,210.9882602708704
3021809,137.13158004042424
3021810,20.920044128082427
3021811,0.0
3021812,28.888007623716337
3021813,11186.214273833813
3021814,0.1408392945515262
3021815,1509.4432271158987
3021816,18.87727719981034
3021817,4085.6042953923547
3021818,2743.901070558943
3021819,1308.6351924399744
3021820,298.7114349692473
3021821,378.9210179294958
3021822,16002.626047589833
3021823,73.23245844134864
3021824,4.71355010680276
3021825,58.17226608175157
3021826,54.41549915446135
3021827,1.3473037808386814
3021828,1103.3895697116725
3021829,67.78006384484982
3021830,35.29993351638903
3021831,11.142496449810215
3021832,131.28264847791644
3021833,14.804484231016227
3021834,1280.8392022968337
3021835,1322.7481441580626
3021836,43.304867937902166
3021837,78.49995899984532
3021838,1397.9945054372286
3021839,182.4574904853943
3021840,4552.442722569665
3021841,144.20867269666192
3021842,77.0106351477053
3021843,22.432689311920033
3021844,0.0
3021845,29.408218421439596
3021846,14574.364200336899
3021847,0.0
3021848,1721.7835538935308
3021849,20.803699278957236
3021850,3578.873789881575
3021851,3349.324287177324
3021852,1058.8300471463053
3021853,575.8842493950455
3021854,386.8856838163739
3021855,14903.53757539941
3021856,81.11226931842549
3021857,4.252019342468345
3021858,60.24136801455924
3021859,141.5118659136063
3021860,3.1475494052564
3021861,1031.0598684355223
3021862,65.05720429597946
3021863,38.50434518770729
3021864,8.073648999864263
3021865,207.154797938826
3021866,18.857315457196414
3021867,1137.3438562812157
3021868,1154.7101563783226
3021869,47.34690051581349
3021870,48.053419041342224
3021871,1634.047026551642
3021872,280.93732575879994
3021873,7898.95468200073
3021874,148.83869220776856
3021875,100.67885889694276
3021876,21.526866906014167
3021877,0.0
3021878,30.98005524919083
3021879,9238.922651861043
3021880,0.06395673005686639
3021881,1426.4720358602247
3021882,19.15345737570702
3021883,3689.790549982085
3021884,2401.7536107065207
3021885,1127.449579216383
3021886,255.184990263392
3021887,310.03687557185145
3021888,14055.43830755091
3021889,84.05433765448421
3021890,1.7935037520113992
3021891,48.7468729397496
3021892,89.68080648252015
3021893,1.5000021135182784
3021894,1064.3700732500652
3021895,52.551023544831935
3021896,21.169671701668825
3021897,6.07188898236555
3021898,124.80792986402187
3021899,10.80372456857325
3021900,1294.5600818054259
3021901,1257.6288822621677
3021902,36.04296545550342
3021903,41.32706134412316
3021904,1458.7233539961057
3021905,151.27790233111895
3021906,3448.9499738744335
3021907,97.10917876529213
3021908,38.27197156284967
3021909,14.962981324687917
3021910,0.0
3021911,16.78158899403045
3021912,9906.144164987292
3021913,0.0
3021914,1427.4141516314714
3021915,20.714591390315583
3021916,2422.1194008450493
3021917,2856.2633685097157
3021918,624.399721066472
3021919,641.333919925573
3021920,422.2464006601991
3021921,10127.76875778076
3021922,98.75981786487175
3021923,2.7144959910306694
3021924,43.10768295187484
3021925,72.29455156980241
3021926,1.883532555993344
3021927,700.9517396056306
3021928,33.17734000668221
3021929,30.246889113260302
3021930,11.155846816572575
3021931,244.87047981308018
3021932,22.548233207025593
3021933,941.5972407787394
3021934,742.0353059573334
3021935,29.861749370842062
3021936,47.18477258928295
3021937,1286.3078968946495
3021938,246.12970292662845
3021939,8986.871164704859
3021940,99.81621700580781
3021941,82.09733900151495
3021942,9.367102731220859
3021943,0.3013499716249005
3021944,7.324188260103472
3021945,2416.4221140302884
3021946,0.0
3021947,396.4223578335216
3021948,19.83054470266279
3021949,1149.1982147408971
3021950,655.0507138234285
3021951,258.01013601396966
3021952,115.12140204920722
3021953,96.30331414551641
3021954,3405.7883070165926
3021955,54.98766072773271
3021956,2.005865403284767
3021957,28.648945378233563
3021958,25.087052364407533
3021959,0.5868724831234591
3021960,288.8121507421961
3021961,23.924924676474518
3021962,7.835832510713671
3021963,13.012205989031305
3021964,53.15169774316265
3021965,8.738212209995197
3021966,279.8025533113794
3021967,286.9599124405455
3021968,4.966124542373311
3021969,9.850707307323963
3021970,262.3059854188619
3021971,50.42450327254412
3021972,1716.1473410732985
3021973,3.699373805793119
3021974,11.063217949230575
3021975,14.412460880874699
3021976,0.0
3021977,18.020651456452775
3021978,7152.84785598788
3021979,0.0
3021980,801.7690899261597
3021981,31.780707445919187
3021982,2433.7161002393213
3021983,1752.3207242307312
3021984,711.2100569404334
3021985,179.77898874572156
3021986,167.878679028971
3021987,9350.039016601275
3021988,137.79086591580403
3021989,2.890003135826712
3021990,58.00279141622237
3021991,92.59979913174419
3021992,1.3380278734601456
3021993,723.5215258578045
3021994,39.87528247650899
3021995,5.1782907276236
3021996,6.835788264328994
3021997,111.99303791526064
3021998,12.748597162824858
3021999,628.0698216621813
3022000,814.0521525072514
3022001,21.086620580064995
3022002,38.46552803687445
3022003,571.5579177295853
3022004,86.39902370263937
3022005,2870.780855935841
3022006,103.17111878497154
3022007,27.00127705212778
3022008,11.79201236871594
3022009,0.0
3022010,6.743248112213037
3022011,6133.216586189028
3022012,0.0
3022013,1137.4855889453963
3022014,7.306177570742858
3022015,1831.9204217684132
3022016,2044.6950825852844
3022017,334.20943089304154
3022018,435.1224743446076
3022019,295.1068272360677
3022020,6486.114593092972
3022021,53.513792200646385
3022022,2.113716275303869
3022023,37.753894453840886
3022024,47.2622385382517
3022025,1.11030878653761
3022026,465.8335629525854
3022027,8.393776044600573
3022028,38.77422738142837
3022029,9.117879116357939
3022030,151.50058609473865
3022031,13.890639210952594
3022032,673.0284036653069
3022033,413.62013982587945
3022034,26.358029256552445
3022035,14.789457590234544
3022036,692.555443462276
3022037,150.39788115724588
3022038,6090.225975098565
3022039,31.594761391034236
3022040,58.46754419944763
3022041,22.656824198038148
3022042,0.0
3022043,13.242243969782514
3022044,7221.557400012177
3022045,0.0
3022046,1292.539513452882
3022047,16.533931487879972
3022048,2615.399939834864
3022049,1846.3472672797413
3022050,597.8451261360584
3022051,326.6008088208068
3022052,460.6775670300896
3022053,9774.939622152062
3022054,75.86548437428623
3022055,4.6444246496690225
3022056,86.04479418209338
3022057,85.5683424548419
3022058,1.4152163162532527
3022059,621.9250290013852
3022060,19.009831548809785
3022061,78.62397390013204
3022062,13.684950784440847
3022063,278.87030589601375
3022064,14.998180340642685
3022065,722.1828600827607
3022066,626.2210265152445
3022067,23.02682474994557
3022068,44.92456013029658
3022069,740.4220674932263
3022070,194.4589503869295
3022071,6984.846662795932
3022072,27.81597088623129
3022073,15.003472181653674
3022074,15.405418177982327
3022075,0.08996611848372484
3022076,6.95864060870549
3022077,3291.091511422945
3022078,0.11685465660450695
3022079,678.2310117698435
3022080,9.140166750244285
3022081,1354.216181036982
3022082,802.816627544591
3022083,341.4978741143955
3022084,151.2537822814272
3022085,168.0947797321616
3022086,4446.657942045696
3022087,22.246676310823116
3022088,1.5618827227950287
3022089,33.55413556742139
3022090,34.396060530752315
3022091,0.25415840636159703
3022092,302.8456355942771
3022093,8.380259033444288
3022094,8.712889632114653
3022095,9.048456803332055
3022096,115.8999107708024
3022097,6.172483831035659
3022098,378.5527436528586
3022099,356.2822139756948
3022100,8.048209649524082
3022101,10.811837600754515
3022102,288.3544423206428
3022103,74.20127095855375
3022104,2677.2788112071134
3022105,3.8487779817918755
3022106,4.600116399772327
3022107,9.716063293720433
3022108,0.0
3022109,2.90468256913037
3022110,5555.309491271605
3022111,0.0
3022112,380.47416948663385
3022113,2.688984108558641
3022114,1840.181562800292
3022115,350.32544011977745
3022116,322.41557874421375
3022117,101.04320720046263
3022118,41.425239156670365
3022119,4638.996690185267
3022120,7.41294681661654
3022121,1.000284403163208
3022122,33.32350325763827
3022123,20.18258666845506
3022124,0.18222392895566997
3022125,368.3511429977833
3022126,0.0
3022127,0.0
3022128,5.842491937509491
3022129,24.60771850013983
3022130,1.500908160860653
3022131,66.09588313764988
3022132,302.54307236645434
3022133,0.01575801205781497
3022134,2.9005242151228323
3022135,81.92481230214987
3022136,122.27683368883935
3022137,834.5785429050011
3022138,5.119858292969691
3022139,3.818730363562346
3022140,9.75172504137664
3022141,0.07911046593397687
3022142,11.767795962762978
3022143,5955.113607744484
3022144,0.0
3022145,768.3739137901091
3022146,15.032785811403366
3022147,1849.9259608213956
3022148,1587.0462623732058
3022149,519.8417484028447
3022150,292.99812688048513
3022151,210.85521685353945
3022152,7154.939203241043
3022153,62.13200998657132
3022154,2.090021021719967
3022155,33.88266458444507
3022156,60.36170601886487
3022157,0.2998353043364642
3022158,532.3337731663606
3022159,51.034801185954635
3022160,17.81842427445087
3022161,10.710243056460302
3022162,105.23395605641497
3022163,10.200847994687402
3022164,621.2281917958499
3022165,525.0835520010776
3022166,17.08275951411292
3022167,22.690409567803012
3022168,822.8117701230921
3022169,128.4878608472354
3022170,3667.0753839793338
3022171,0.0
3022172,58.97251240149221
3022173,6.284400480763993
3022174,0.16469392280879186
3022175,4.874449288468482
3022176,4188.753600358527
3022177,0.1980995868458037
3022178,679.0117500128531
3022179,16.059620963355783
3022180,908.1725705094885
3022181,1264.516624546502
3022182,179.0596509458447
3022183,278.59312624623
3022184,233.77518123222617
3022185,3647.6945171317116
3022186,42.99732695121566
3022187,3.127305293844559
3022188,29.681854663991246
3022189,25.704792468611807
3022190,0.6891036496457225
3022191,237.2534780797922
3022192,23.117968895516427
3022193,41.18051815332126
3022194,8.097095183927102
3022195,181.91886684831127
3022196,11.565046622978233
3022197,413.8368367678394
3022198,244.78608210943878
3022199,9.95255951471092
3022200,13.963792262797355
3022201,574.2635499649891
3022202,128.59328557655394
3022203,4541.665531376922
3022204,0.290641834105264
3022205,35.582395161371764
3022206,5.975618596086605
3022207,0.5966922462398399
3022208,14.057277475124964
3022209,6463.158113342847
3022210,0.0
3022211,981.7886823604166
3022212,16.90674758665987
3022213,1519.1523207467408
3022214,1891.8626810754206
3022215,394.0341924975214
3022216,476.16341146755263
3022217,182.30629677175477
3022218,6297.081230025685
3022219,48.25102445720609
3022220,4.626959616810439
3022221,39.18365791883506
3022222,51.451243696375215
3022223,1.1412358647796492
3022224,501.740509271257
3022225,42.06353787934438
3022226,36.69344468071431
3022227,20.41326781932362
3022228,119.7583269080921
3022229,19.591419014620687
3022230,465.00354530764673
3022231,483.04100231648556
3022232,31.485440795962067
3022233,25.932359185699813
3022234,758.3342451758335
3022235,188.74675132891437
3022236,5778.466963823615
3022237,0.9675430086575358
3022238,51.54218011131152
3022239,18.084413588894424
3022240,0.6532976500131175
3022241,11.426609942181914
3022242,5373.509909301389
3022243,0.0
3022244,763.396022860996
3022245,13.407196789135618
3022246,2249.7287679192623
3022247,1263.9381312220542
3022248,732.1702715214186
3022249,263.5481049405224
3022250,123.70324726292557
3022251,10107.956097064502
3022252,20.79537424288494
3022253,2.5658339988520678
3022254,52.50689036800496
3022255,62.25642428363025
3022256,0.3224933647091795
3022257,614.0262649837665
3022258,28.22693504418495
3022259,5.365315028774032
3022260,8.654956611969455
3022261,55.93417069014896
3022262,4.212962335442401
3022263,431.8670230611232
3022264,624.9540025996826
3022265,11.236684980007551
3022266,13.413139890085025
3022267,607.7612730018611
3022268,148.5951575032234
3022269,2095.8171166257853
3022270,41.764254372947185
3022271,25.20032815820381
3022272,5.042734040693099
3022273,0.0
3022274,3.352983108162923
3022275,2133.1838710853226
3022276,0.0
3022277,338.9243731967734
3022278,13.05465321730394
3022279,614.862060334038
3022280,661.9984918428518
3022281,138.23199155713996
3022282,145.48641138342563
3022283,125.68073197217446
3022284,2457.216658752135
3022285,20.87469186804231
3022286,1.7602942048797559
3022287,18.548013863561387
3022288,23.97625169088615
3022289,0.8939665233048826
3022290,179.08536681452338
3022291,15.047069987638869
3022292,16.305516955064974
3022293,9.10826633298719
3022294,59.52932107653491
3022295,4.963162596352471
3022296,254.2150633311518
3022297,150.34023363605294
3022298,5.251975233018999
3022299,8.918152742611154
3022300,312.01950485916063
3022301,43.20956422758542
3022302,2343.8179506274146
3022303,0.0
3022304,19.032394132555993
3022305,1.6535864100625004
3022306,0.0
3022307,2.925994622482213
3022308,1281.272402687973
3022309,0.0
3022310,110.66644487340294
3022311,2.535850347593283
3022312,886.1972529790538
3022313,319.84426645292126
3022314,264.1005191171269
3022315,66.53401234816302
3022316,34.14442688617789
3022317,2733.8650270558446
3022318,5.542780348167257
3022319,0.512316441704956
3022320,10.551948313955677
3022321,8.897001774869002
3022322,0.11083199427549886
3022323,175.40333725474872
3022324,0.10206250542761555
3022325,0.0
3022326,1.0071639091025428
3022327,10.194523177597139
3022328,0.5051688291689975
3022329,156.5157170154053
3022330,183.47342957345077
3022331,0.8421736503552159
3022332,3.48789955307445
3022333,135.74285215201056
3022334,21.399605346033972
3022335,251.68885368637683
3022336,0.4119111799050795
3022337,1.0179802793661181
3022338,8.082352365499673
3022339,0.4038339478714382
3022340,4.0642895332718005
3022341,4575.597563610919
3022342,0.0
3022343,661.2148516260359
3022344,8.617691280294135
3022345,1903.4150806884663
3022346,689.6332625579042
3022347,525.9530472463491
3022348,318.121364048899
3022349,80.46487394058636
3022350,7779.204292017314
3022351,32.56021747829935
3022352,1.0442621142727981
3022353,3.875661362704437
3022354,18.68728870401616
3022355,0.2414220943679826
3022356,521.3674146183454
3022357,13.891012514981036
3022358,0.1983038878176081
3022359,7.834662015325659
3022360,31.67743088766655
3022361,2.1265736904333887
3022362,670.1552233624154
3022363,406.93742826536527
3022364,3.0893886550531473
3022365,12.487460380107088
3022366,230.91604991635734
3022367,96.05118159601678
3022368,1309.642946508432
3022369,7.367890431899391
3022370,10.366000562699478
3022371,5.745249305553266
3022372,0.0
3022373,1.5068177840084065
3022374,1805.7032358368117
3022375,0.0
3022376,198.28678107224357
3022377,5.936231671582862
3022378,1180.642653596251
3022379,473.37421724372166
3022380,254.138358282367
3022381,96.33237170028876
3022382,33.79078207717338
3022383,3423.0158652788505
3022384,8.13584787786666
3022385,0.7908786963858728
3022386,14.189221715492495
3022387,17.39371333346961
3022388,0.5837095281187765
3022389,211.5744116989751
3022390,10.723874541658164
3022391,0.0
3022392,6.542076168900011
3022393,26.50374980353493
3022394,1.9373113473443528
3022395,144.94032304378814
3022396,200.51640064026003
3022397,2.0466105173480424
3022398,6.198162967526572
3022399,156.3102224041993
3022400,31.58150094375697
3022401,352.01930505782224
3022402,0.92559879237407
3022403,4.8743605563569465
3022404,5.519033656392389
3022405,0.0
3022406,5.378103526967135
3022407,1801.5243543151728
3022408,0.0
3022409,145.23064061677732
3022410,5.091770866512227
3022411,980.6405069392387
3022412,311.36662618621784
3022413,178.71276904271917
3022414,76.84262450788202
3022415,34.88659145848702
3022416,3198.97397439683
3022417,12.25064908891053
3022418,0.08246874193813214
3022419,9.937468134829976
3022420,10.618289256170778
3022421,0.24173664812193718
3022422,168.17512592145272
3022423,2.384133810185469
3022424,0.0
3022425,4.067256543444975
3022426,33.27232866736255
3022427,0.8478754441084172
3022428,189.42469972663906
3022429,201.14657850447261
3022430,0.5054958250563867
3022431,5.448752898720421
3022432,71.51265040354376
3022433,17.565731305649894
3022434,175.60910946520582
3022435,1.3046887990717397
3022436,2.943655895432893
3022437,3.835048854489518
3022438,0.0
3022439,2.9420915640786305
3022440,1585.4372591326255
3022441,0.0
3022442,180.3560633099117
3022443,7.629891084254842
3022444,1629.266874688575
3022445,439.1495618023289
3022446,249.44779216796917
3022447,43.08301571924877
3022448,39.866875166506176
3022449,3413.1930833688725
3022450,12.226660869965373
3022451,0.6688747990238553
3022452,6.097139893949349
3022453,26.62318363146512
3022454,0.29132267964899067
3022455,254.56143302624824
3022456,2.3183062261426133
3022457,0.0
3022458,3.864010248716893
3022459,14.817880013140218
3022460,1.972806851063165
3022461,286.67779207542884
3022462,271.7848673198084
3022463,1.6441667552465493
3022464,5.348736747514503
3022465,77.17026197899088
3022466,100.80272147654081
3022467,390.48384315398636
3022468,0.8467444893254329
3022469,3.038861715817095
3022470,4.477250812065768
3022471,0.9179139675393047
3022472,5.091763335410145
3022473,1890.0728903041409
3022474,0.0
3022475,163.35540311083716
3022476,1.541829451268157
3022477,1075.716197698667
3022478,410.4411280646265
3022479,315.3601677416912
3022480,149.5845881323561
3022481,68.25459978301012
3022482,3122.8502645972026
3022483,8.955012566394108
3022484,0.9643129994005739
3022485,17.197627093510963
3022486,16.410794957676625
3022487,0.22164162990529176
3022488,264.0069306953349
3022489,9.774812809399123
3022490,0.0
3022491,5.631093773461343
3022492,18.467678756135868
3022493,2.062678071415728
3022494,139.70777708553257
3022495,215.72791514431017
3022496,0.49105355113350724
3022497,6.350842808139628
3022498,100.4460049604091
3022499,40.780276055533925
3022500,640.8760137796921
3022501,0.8725730939570421
3022502,4.5707452745182895
3022503,4.2128729548745625
3022504,0.11721533929442637
3022505,2.431270931973172
3022506,1362.3033399710675
3022507,0.0
3022508,160.23652284476927
3022509,5.010485237102702
3022510,1572.4640826464367
3022511,268.6158450567002
3022512,170.44662761149303
3022513,344.38996814743257
3022514,24.948344537566413
3022515,2424.28281518042
3022516,6.139505654100265
3022517,0.3522534776568825
3022518,10.131035472330485
3022519,12.197421681457133
3022520,0.3428805224079503
3022521,180.98874803805725
3022522,0.0
3022523,0.0
3022524,1.9616599192919648
3022525,33.79990520069154
3022526,0.726663023529265
3022527,59.54535256965239
3022528,148.37506781875436
3022529,1.2390065390948477
3022530,3.1623954535561456
3022531,67.96827322760558
3022532,35.2235164957518
3022533,527.3474727687046
3022534,11.003118949262806
3022535,0.8606078865268023
3022536,8.464885970895931
3022537,0.5788796791247095
3022538,3.9704322148714515
3022539,3427.26963820873
3022540,0.0
3022541,349.2488146419723
3022542,4.19912593453253
3022543,1277.5069308299906
3022544,801.3060074011536
3022545,581.4070965940417
3022546,382.5779466292265
3022547,108.36859555601984
3022548,5346.36061216495
3022549,18.738693968889496
3022550,1.5436827998085354
3022551,19.93655450509696
3022552,12.88240542399262
3022553,0.29972320842630495
3022554,338.115737952816
3022555,1.6019515155661455
3022556,0.0
3022557,4.297399935186257
3022558,29.75319333039458
3022559,3.064309908265715
3022560,293.31449834125465
3022561,322.515122315451
3022562,1.7563637409725783
3022563,7.904920404158773
3022564,390.0378947191117
3022565,49.70813747731294
3022566,1352.714353843817
3022567,2.724524648564549
3022568,15.353979580857182
3022569,3.3544728658632303
3022570,0.3204993864045661
3022571,5.050116212689413
3022572,2170.6449018562034
3022573,0.0
3022574,591.9003622775928
3022575,7.746501123358146
3022576,602.8120258230655
3022577,656.9702564198636
3022578,240.65014636069768
3022579,277.14834905983884
3022580,52.41556215673561
3022581,3160.584260018011
3022582,12.223909629191574
3022583,1.5074500093174403
3022584,36.67427934916028
3022585,14.126932595919401
3022586,0.42513074129001677
3022587,202.4717628509441
3022588,11.484397668677447
3022589,2.815443966704559
3022590,4.985286635641656
3022591,43.40878672768123
3022592,1.4338069189837144
3022593,101.2672701779367
3022594,174.9294913338774
3022595,6.248060524097364
3022596,6.154928620453989
3022597,194.80561118895233
3022598,53.0661551306201
3022599,1603.952672346322
3022600,16.46713419597937
3022601,12.820714481712125
3022602,7.30148674361035
3022603,0.5283128120187341
3022604,4.024289872582302
3022605,2586.8715058909343
3022606,0.0
3022607,188.9575542095274
3022608,6.377417257310761
3022609,1012.9664792767819
3022610,407.9333473439297
3022611,307.41845848322316
3022612,99.17566220256064
3022613,55.67124099709883
3022614,3706.1312050245897
3022615,35.8169507766861
3022616,1.1399141448352843
3022617,11.891968118769917
3022618,18.58336157237188
3022619,0.31092858710430227
3022620,200.29379908767348
3022621,7.806277397750886
3022622,0.0
3022623,4.749086803499682
3022624,29.409789760078187
3022625,2.703869864218706
3022626,143.1696574492545
3022627,200.95781559586518
3022628,1.349694405484402
3022629,5.416922112197635
3022630,100.79715656069827
3022631,30.556001371677226
3022632,456.2846462083134
3022633,0.9021010408308044
3022634,3.7229799709578417
3022635,5.690147599150826
3022636,0.2619670052351257
3022637,6.287077231951847
3022638,2883.1449024369826
3022639,0.0
3022640,623.6940994351023
3022641,9.790643091396076
3022642,959.995062216316
3022643,795.2721799723302
3022644,218.8108091893346
3022645,173.30931705226598
3022646,93.35816052220859
3022647,3894.229919747849
3022648,44.42861221837161
3022649,1.4780920851265336
3022650,10.632253570484867
3022651,25.31255700772621
3022652,0.37129810797001284
3022653,267.7320874513741
3022654,23.01577786493564
3022655,9.539868663246882
3022656,6.671867648186664
3022657,53.206071999484415
3022658,6.196609001684763
3022659,369.06116429458336
3022660,259.8038157239552
3022661,8.720116184870852
3022662,9.183071718775409
3022663,450.5654834435697
3022664,89.74267507052478
3022665,2186.6875528758433
3022666,0.005686760579729459
3022667,30.642460429827267
3022668,8.487335823655597
3022669,0.1806042301122819
3022670,5.519787509234743
3022671,3612.463600936969
3022672,0.0
3022673,485.0876319427666
3022674,7.349543675006124
3022675,1812.2063147979643
3022676,801.4891377219224
3022677,673.1680643529609
3022678,177.76612019387102
3022679,72.0165082712624
3022680,6136.802531352714
3022681,15.677515333800862
3022682,0.8536774142442543
3022683,16.59885183336855
3022684,19.012264559581766
3022685,0.006176719743576418
3022686,388.0033060930428
3022687,3.0135397877978733
3022688,3.217864708087463
3022689,4.87628956045457
3022690,39.53945247669159
3022691,0.8442786912081847
3022692,295.5040675559877
3022693,380.968218494215
3022694,5.0834252828229385
3022695,3.6580176390449473
3022696,309.9258510596542
3022697,48.324577821399934
3022698,905.5747571502876
3022699,14.292112541379275
3022700,15.394109841918391
3022701,10.376109087634008
3022702,0.6926316420844634
3022703,4.729829396294975
3022704,3314.3011786384805
3022705,0.0
3022706,477.3150851198481
3022707,4.369405824632585
3022708,1839.2912726832942
3022709,644.9313989382409
3022710,347.2128783485208
3022711,538.2136952262282
3022712,86.84348359036863
3022713,4624.319101510914
3022714,15.098425020245287
3022715,1.0496324942119748
3022716,40.34003026731147
3022717,42.73337912577021
3022718,0.42606480459915724
3022719,366.2769303532182
3022720,4.77439692876812
3022721,1.2810075144148299
3022722,13.96756475569878
3022723,53.09896407599444
3022724,1.6088603059671207
3022725,110.09693660120578
3022726,309.981717197683
3022727,2.643324669939685
3022728,4.091054628801726
3022729,160.84221760043502
3022730,157.1580314077928
3022731,1279.113922407345
3022732,11.205567764887721
3022733,6.996283862931435
3022734,4.848383568633634
3022735,0.15703670066924674
3022736,3.3080378735330482
3022737,1862.9364723024232
3022738,0.0
3022739,164.64943811782524
3022740,8.060929288079274
3022741,811.5652440757301
3022742,376.24936610076224
3022743,165.34285917736446
3022744,82.49843930355112
3022745,49.24673326663716
3022746,2910.250482811571
3022747,9.125248283535315
3022748,0.43220806669771733
3022749,17.218418000597186
3022750,21.431574161467516
3022751,0.30080289221293166
3022752,217.18590443454391
3022753,3.2590598676614113
3022754,0.0
3022755,6.812396439440304
3022756,68.38163154905843
3022757,2.0696469722297453
3022758,106.66728964822973
3022759,198.24627404409674
3022760,1.2091700236950909
3022761,5.949743711043726
3022762,136.6370052452386
3022763,46.31713510078666
3022764,535.1773640752965
3022765,0.7477546911995734
3022766,2.924329172909036
3022767,1.6114272864504235
3022768,0.0
3022769,0.9845409303599425
3022770,1476.7380140635194
3022771,0.0010008971799872243
3022772,276.9041473174473
3022773,13.403198658466293
3022774,587.5180634819329
3022775,521.6444469630734
3022776,134.13446972027825
3022777,55.22936910218348
3022778,54.76020870900311
3022779,2279.4651025931266
3022780,30.195941364077328
3022781,0.5805199242607791
3022782,10.970370052802602
3022783,16.418434555231055
3022784,0.3712286213589127
3022785,137.58565913400412
3022786,13.333970221846657
3022787,0.5920856512995469
3022788,3.430695042627215
3022789,34.3487218893458
3022790,4.98911568036352
3022791,394.1093855512676
3022792,159.48591539902296
3022793,5.078198559678834
3022794,5.826897978955042
3022795,305.5806428633676
3022796,25.926516610829403
3022797,1229.2172755504598
3022798,0.0
3022799,6.270432185883109
3022800,3.5095913736358764
3022801,0.0
3022802,4.456747468136252
3022803,3480.3464453989714
3022804,0.06729556297030155
3022805,731.4669417816662
3022806,17.219002907056282
3022807,1125.2398645901737
3022808,1265.0900969913207
3022809,274.1902568967196
3022810,239.23228125000531
3022811,136.9822858562604
3022812,4076.5341880330334
3022813,36.975077990895876
3022814,1.0690117083199746
3022815,16.128942065275822
3022816,35.279738122567935
3022817,0.1876837402128155
3022818,265.82612774594736
3022819,11.05342188626432
3022820,28.65838205095628
3022821,11.59158408719534
3022822,58.09126629223244
3022823,11.004130081429738
3022824,369.8702339176995
3022825,266.8530833609824
3022826,17.73255032647371
3022827,9.872946510562718
3022828,517.1653577855142
3022829,95.68370669147315
3022830,3346.6371504908684
3022831,2.0878583106258977
3022832,22.760817527386934
3022833,1.7424589301120887
3022834,0.14314127112778402
3022835,2.8234584961540534
3022836,1622.447886640253
3022837,0.0
3022838,312.2222212274725
3022839,3.9412874719166933
3022840,415.8397922360747
3022841,493.5485563330028
3022842,132.56235788891246
3022843,103.88371383905404
3022844,63.65401755102055
3022845,1621.7631040347594
3022846,18.49486729577042
3022847,0.8183198366975246
3022848,10.61325976818107
3022849,14.019050654855704
3022850,0.1999414879337456
3022851,90.02603389549412
3022852,0.0
3022853,10.381223912724879
3022854,2.641579610978689
3022855,170.6979997406299
3022856,5.40791339989598
3022857,189.83713005072616
3022858,84.71390662855158
3022859,3.8962568584129618
3022860,4.306337816590929
3022861,155.10543023420072
3022862,29.89171426380379
3022863,1299.11821053273
3022864,2.449394795787074
3022865,2.2628561463953396
3022866,4.810014036682139
3022867,0.0
3022868,0.2918730572606247
3022869,740.9612854769895
3022870,0.037398604142740224
3022871,219.76986682051867
3022872,3.988501869603352
3022873,484.19739179715674
3022874,269.61188238820375
3022875,92.35995867023566
3022876,41.41512662384122
3022877,20.119672120169785
3022878,1587.672629463736
3022879,15.55180485578836
3022880,0.6626962262561102
3022881,10.22062989450532
3022882,10.458134381576752
3022883,0.5269458894379082
3022884,94.96799041780461
3022885,0.2835439046317722
3022886,2.459411525695637
3022887,0.3410232439985279
3022888,12.19679498167844
3022889,0.3651609287377937
3022890,275.7236427015272
3022891,146.95771300880452
3022892,2.9442024900143955
3022893,1.1807248091811802
3022894,146.53529460003412
3022895,24.331082876073268
3022896,445.2749033380581
3022897,2.1240834544096763
3022898,1.2044796576467778
3022899,5.220575263241572
3022900,0.17614725438794165
3022901,2.5154239640913696
3022902,3472.160616542411
3022903,0.08880558959716046
3022904,672.3421892314868
3022905,12.530805790799358
3022906,946.3184740312074
3022907,1074.4618862956643
3022908,301.02876160031957
3022909,273.7941703827695
3022910,105.95573788408606
3022911,4095.6657523361546
3022912,25.19029178482252
3022913,2.4432317232072247
3022914,16.6607798278369
3022915,24.20867886118419
3022916,0.28042406212003695
3022917,265.6399120594268
3022918,6.887098379326615
3022919,22.588482365118576
3022920,6.8834868752338965
3022921,98.13666076642852
3022922,3.3601160929736418
3022923,292.5065512721411
3022924,242.48396069320864
3022925,11.752078932866407
3022926,9.149174890222309
3022927,403.697649066882
3022928,74.46605307798536
3022929,2785.989696617019
3022930,2.969666196211893
3022931,15.417730857884786
3022932,7.767655209894946
3022933,0.0
3022934,3.9983610695415934
3022935,3568.622533226046
3022936,0.0
3022937,682.8028962945284
3022938,13.00925918302521
3022939,1298.1676145383396
3022940,965.6643732433707
3022941,387.6295458262709
3022942,415.05257118544694
3022943,51.67140819466546
3022944,5088.086544429624
3022945,15.157746280025435
3022946,0.9408424454616903
3022947,30.469939482068284
3022948,16.761913241226658
3022949,1.1583887034020617
3022950,311.08289368631137
3022951,0.0
3022952,5.1425086749100855
3022953,5.8747178539809335
3022954,32.94585696709725
3022955,0.9632967590680096
3022956,172.26501107067227
3022957,376.7832734481459
3022958,6.276305269445398
3022959,4.637793587155439
3022960,216.75053898699625
3022961,92.9410480936673
3022962,1405.5120977988981
3022963,16.74928468403104
3022964,1.897148508810562
3022965,5.026524025220068
3022966,0.2534721342476329
3022967,2.8910212774756587
3022968,3066.9691668712994
3022969,0.0
3022970,667.9754007060978
3022971,9.392760011117081
3022972,1008.0235168730511
3022973,766.1744032705913
3022974,296.83950290791785
3022975,418.20490291289855
3022976,56.17017315671141
3022977,4073.533551537715
3022978,16.529693302327363
3022979,1.287129540973975
3022980,28.628068058785566
3022981,15.265983731825791
3022982,0.07358152257635371
3022983,267.7518862888352
3022984,0.0
3022985,5.067772477060738
3022986,6.686273958795591
3022987,41.38410397307577
3022988,1.781537837491005
3022989,123.92161596022724
3022990,281.41471800735155
3022991,4.40967793609497
3022992,3.0097132467719376
3022993,203.55520328284365
3022994,58.96730091421428
3022995,1012.9379347696822
3022996,12.70506417558593
3022997,5.238867382918793
3022998,9.339131286315672
3022999,1.405743030649291
3023000,12.51923594785676
3023001,8197.94876067314
3023002,0.0
3023003,1148.9393325378737
3023004,30.66024992338934
3023005,2026.6717246592582
3023006,2016.8742696459879
3023007,367.8756991978359
3023008,500.58388966260236
3023009,315.70012173487714
3023010,7703.692612647762
3023011,97.74126115466083
3023012,3.553580626443764
3023013,43.573882709715214
3023014,54.660820394157376
3023015,1.107448845644165
3023016,528.5444058920438
3023017,31.59320520433807
3023018,40.8284730659469
3023019,21.830325276176413
3023020,161.76344034729155
3023021,22.505657723978903
3023022,633.5825535725621
3023023,495.52815118055094
3023024,17.174776844430344
3023025,21.659297573847567
3023026,1069.7051714003373
3023027,162.80434521964898
3023028,7347.291765401129
3023029,1.473769674479412
3023030,70.8906288415734
3023031,3.0403977157855864
3023032,0.5703445041253071
3023033,1.22303310468457
3023034,1450.1677909260357
3023035,0.0
3023036,155.56690547041393
3023037,2.9275432366495795
3023038,1298.721859639695
3023039,274.01549227097496
3023040,115.04168638230556
3023041,220.2711182157073
3023042,37.66770551212434
3023043,2144.3164419199247
3023044,6.74771655072462
3023045,0.2588336182092216
3023046,7.902096861800077
3023047,7.213591512592246
3023048,0.2840422624535197
3023049,150.17684391049778
3023050,0.0
3023051,0.0
3023052,3.144734048870758
3023053,46.19559154592124
3023054,0.6051154531776803
3023055,53.9698488859241
3023056,99.0273304306409
3023057,2.2033047174988054
3023058,4.702576631613623
3023059,105.07129837109403
3023060,17.488161430202712
3023061,479.83502860113265
3023062,7.541012092083011
3023063,4.227775410593951
3023064,8.412221531166352
3023065,0.34179734238358317
3023066,4.0407123970175185
3023067,3528.4188466624273
3023068,0.0
3023069,552.4037603149856
3023070,7.789964853029451
3023071,1395.5126771566283
3023072,709.391642442079
3023073,267.8120296486642
3023074,473.3704349471067
3023075,65.89272188786025
3023076,4749.873035860867
3023077,17.446838022720584
3023078,0.4641758995177585
3023079,20.64241486107654
3023080,16.222632235074755
3023081,0.0440742242193566
3023082,324.43899843532023
3023083,2.3307230062891287
3023084,4.237342845303821
3023085,9.64409253059235
3023086,13.38067193836933
3023087,1.483370888936001
3023088,347.7172402821622
3023089,337.65370468224455
3023090,4.648059632321387
3023091,7.6033230719906655
3023092,128.26452590177564
3023093,63.77603409317468
3023094,1187.305255071968
3023095,17.09007996199813
3023096,7.05785406180387
3023097,1.135333239449931
3023098,0.0
3023099,0.7614675375922324
3023100,944.8123505260154
3023101,0.0
3023102,128.67548921230085
3023103,1.7488962773896894
3023104,815.999526710851
3023105,177.89705534168422
3023106,90.27909415573271
3023107,473.03900873579994
3023108,13.449408020879009
3023109,1397.4453655829493
3023110,3.3489507621902486
3023111,0.1634941423139817
3023112,6.122291388036795
3023113,3.1160055194211096
3023114,0.005614343244450114
3023115,101.86129973107876
3023116,0.0
3023117,0.0
3023118,0.8987933801006546
3023119,3.4965907880846956
3023120,0.39612379744972614
3023121,72.27138285578235
3023122,75.94758312577997
3023123,0.8801481816571982
3023124,2.1379090549035973
3023125,52.052434209817804
3023126,10.290339223454376
3023127,174.1655864208396
3023128,8.371435446061824
3023129,1.6790115796469123
3023130,9.021075001113115
3023131,0.0
3023132,3.951057544736049
3023133,2054.4311240069037
3023134,0.0
3023135,254.057814461495
3023136,10.687050507982184
3023137,1100.9547841951487
3023138,444.8564360761472
3023139,195.3587697310065
3023140,347.2952104865954
3023141,38.81200133678937
3023142,3226.851505888068
3023143,4.078052900413081
3023144,1.131690905320677
3023145,19.53547943147435
3023146,14.226954243512978
3023147,0.3270812311581996
3023148,253.58475783516073
3023149,0.0
3023150,0.0
3023151,14.391020605216422
3023152,0.5892562440446817
3023153,1.5503183443818582
3023154,256.2635749480484
3023155,237.86113224192016
3023156,2.0041116667873187
3023157,5.114972577927946
3023158,170.04218065136595
3023159,29.184722790317693
3023160,1221.3722324146897
3023161,5.653180125498364
3023162,1.3500363980475243
3023163,3.5552233659705315
3023164,0.4941227897427159
3023165,1.576513295432628
3023166,2543.999745275026
3023167,0.0
3023168,676.4382039390075
3023169,4.447132502072223
3023170,932.2340629441906
3023171,689.9672221085636
3023172,252.52010122708637
3023173,207.668404332354
3023174,67.03703352411138
3023175,4125.240981449849
3023176,6.076203400129911
3023177,4.597138703579859
3023178,12.324967367412796
3023179,43.942312855125806
3023180,0.3357885699091304
3023181,216.3978554592895
3023182,3.423379395465742
3023183,4.001425137154891
3023184,7.23238315366052
3023185,20.88137280323922
3023186,1.9230149191779584
3023187,179.57095371920357
3023188,259.4222353487274
3023189,5.147699614677903
3023190,6.346558389184779
3023191,153.4408142953774
3023192,36.96327882016337
3023193,658.1367284330607
3023194,18.4941387417546
3023195,4.319965433360167
3023196,4.823151516071704
3023197,0.010459005771359605
3023198,0.4154853192150493
3023199,1638.0194077017693
3023200,0.0
3023201,107.57760433083624
3023202,3.0028261718585005
3023203,575.6519103762456
3023204,222.7040984799509
3023205,106.62813729851607
3023206,341.819719253817
3023207,28.67016242123811
3023208,2141.9624426525493
3023209,8.005649279873472
3023210,0.18933654395517394
3023211,15.527131078726175
3023212,9.961521967188952
3023213,0.17295169444941172
3023214,122.00226031301351
3023215,0.0
3023216,0.0
3023217,0.9342933519067834
3023218,54.47991350923312
3023219,0.843823925523921
3023220,231.49167565892697
3023221,113.09956375202485
3023222,1.0634061840204716
3023223,1.0744303462008409
3023224,45.739367647113305
3023225,19.670946902370996
3023226,364.1714320388574
3023227,4.768057196511148
3023228,1.143334735538244
3023229,5.731935123655982
3023230,0.050667361880103505
3023231,2.0599311224350534
3023232,3448.161981886888
3023233,0.0
3023234,472.85984473300533
3023235,11.008490078024908
3023236,955.0483382746789
3023237,619.1883609339828
3023238,228.24801215452064
3023239,199.9800913673662
3023240,51.601643791687884
3023241,4094.7155506193258
3023242,8.181534697198753
3023243,0.5867101439646409
3023244,20.456888075911152
3023245,6.389589239835
3023246,0.3033459537845927
3023247,225.480412141959
3023248,0.0
3023249,20.51988188258196
3023250,3.13699353016792
3023251,32.44306606650259
3023252,0.3589993491931852
3023253,203.30829080011497
3023254,249.51012289400504
3023255,2.7156764185678837
3023256,4.116211609022411
3023257,124.34866673972452
3023258,39.700833706322236
3023259,1069.3387864579356
3023260,33.04915569118607
3023261,0.8042723388909916
3023262,3.7379404970319925
3023263,0.0
3023264,5.518397631219533
3023265,2846.27735783815
3023266,0.0
3023267,549.1509130683875
3023268,6.539179211354127
3023269,1020.9842999158662
3023270,896.1409146047648
3023271,158.23706348651254
3023272,146.01350744208347
3023273,113.91469050358309
3023274,3683.5187927883912
3023275,59.66074296128016
3023276,1.5148258998580533
3023277,15.302961621433399
3023278,27.54653953864017
3023279,0.41100987826612584
3023280,246.07746228072494
3023281,21.46146104245532
3023282,20.4516046763224
3023283,2.3546572770001153
3023284,78.17930495378847
3023285,8.32682619287658
3023286,196.91311905896862
3023287,245.52935807301142
3023288,12.913205754085265
3023289,15.348859045367268
3023290,265.4139897299587
3023291,54.66364872286201
3023292,2379.7340188228213
3023293,0.14641043868511103
3023294,10.739181925748792
3023295,7.3566600410819944
3023296,0.0
3023297,5.799104281074677
3023298,2314.8298558031042
3023299,0.0
3023300,439.5954642447152
3023301,8.619085139824197
3023302,1193.482437306087
3023303,775.958657992623
3023304,160.70888115204494
3023305,97.7943296027387
3023306,92.97941823503834
3023307,3649.0404325373493
3023308,25.66413726838302
3023309,1.6687791078495902
3023310,28.362404377726907
3023311,102.89904350144626
3023312,0.14627301432539358
3023313,342.8233893801338
3023314,19.809893691116887
3023315,9.642483948220994
3023316,9.469141773723658
3023317,87.5532976694614
3023318,8.019126916593493
3023319,174.9387908805928
3023320,379.90264434398193
3023321,7.539935655120634
3023322,10.006324995009379
3023323,120.82920567029738
3023324,49.777697170763716
3023325,1818.7637984393725
3023326,0.32013557022156247
3023327,13.223113703120154
3023328,9.750602170118187
3023329,0.2151038704507613
3023330,2.1880857241631446
3023331,3579.543935807394
3023332,0.0
3023333,711.5585930089792
3023334,6.368658790961981
3023335,2072.1231356212384
3023336,664.61364497416
3023337,226.3494391539261
3023338,1664.9744501820796
3023339,52.30840667867175
3023340,5797.012436520736
3023341,45.58444783420131
3023342,1.6805664745339377
3023343,32.055731963013464
3023344,19.510731571117756
3023345,0.3170712599492394
3023346,368.6169755641893
3023347,4.247400856560543
3023348,16.084772615846383
3023349,7.748904909288375
3023350,56.127415668260085
3023351,3.2085500140095298
3023352,92.83377359879576
3023353,320.5338968123398
3023354,7.892437648276728
3023355,8.95609053611039
3023356,218.15007855408794
3023357,45.29100558961589
3023358,1576.2189417734637
3023359,3.6160752621661993
3023360,16.842756470305737
3023361,2.9874073774563046
3023362,0.20766677399292327
3023363,4.085459740713751
3023364,2390.1221255848354
3023365,0.0
3023366,389.76665180087303
3023367,6.670304163952019
3023368,822.4425928164587
3023369,703.679588522308
3023370,190.2792877033245
3023371,148.44630387617744
3023372,76.87072760528928
3023373,3278.348626389546
3023374,23.824182044461594
3023375,1.2686775903941956
3023376,10.292169634695002
3023377,15.705502837384918
3023378,0.6277752321924825
3023379,237.2821519582839
3023380,16.716937545574314
3023381,16.505816562877182
3023382,2.4784432856081424
3023383,52.813756702439534
3023384,5.274759056313182
3023385,364.0629864255355
3023386,197.2221867651249
3023387,7.458802082906464
3023388,9.05250620820341
3023389,333.82781393781687
3023390,18.509730761104123
3023391,1971.9766570023353
3023392,0.0
3023393,20.15988917678458
3023394,3.2733951045339937
3023395,0.0
3023396,2.8247069268709177
3023397,4768.34985854384
3023398,0.0
3023399,432.7299554364864
3023400,5.559460792147398
3023401,1930.7268381783874
3023402,726.0542733177235
3023403,334.43236330528526
3023404,270.5357186584555
3023405,70.7411016350927
3023406,6165.307244831605
3023407,9.977434572962112
3023408,2.4570302354857487
3023409,25.029859403527965
3023410,30.69695984016951
3023411,0.4284356474958756
3023412,483.4762988417895
3023413,0.0
3023414,0.13242215516484834
3023415,9.766645647914768
3023416,14.723199186572094
3023417,1.647922981704968
3023418,140.91536935582462
3023419,333.5230638022107
3023420,3.2015030560228768
3023421,10.547807705875133
3023422,186.01572239045666
3023423,63.846698673338814
3023424,1259.096080952224
3023425,15.046003950566398
3023426,8.904219337413537
3023427,7.693072555969307
3023428,0.05857333091083191
3023429,8.02299699871442
3023430,2913.595676374875
3023431,0.0
3023432,521.715637815372
3023433,9.62404036693548
3023434,1425.5352365740569
3023435,815.1632367578911
3023436,256.90191700664997
3023437,164.00831369788696
3023438,106.75529387087899
3023439,4028.6171717615052
3023440,41.80630922182113
3023441,1.447597811415025
3023442,22.305193727183703
3023443,35.37370401237577
3023444,0.3160920063145449
3023445,287.0760270769248
3023446,16.441030619834596
3023447,11.984615861044935
3023448,9.005623617817427
3023449,104.09490521715975
3023450,10.530675753215785
3023451,219.0356438347028
3023452,406.67900007541306
3023453,14.739394628430663
3023454,9.610622039628945
3023455,219.93870619758653
3023456,51.965253662349156
3023457,2211.862480129611
3023458,1.3361252628081401
3023459,7.383217427159012
3023460,3.7645669104017334
3023461,0.020223756984438505
3023462,5.832179419600735
3023463,2679.3155256798022
3023464,0.0
3023465,503.8371161270946
3023466,9.247617681975377
3023467,828.2881625280517
3023468,832.1087551580806
3023469,177.97491325948675
3023470,157.54658303131052
3023471,107.60587470723685
3023472,3352.4939758948144
3023473,37.43296537321093
3023474,1.1909636792878449
3023475,19.456213031195997
3023476,16.49553273233274
3023477,0.19713239183438055
3023478,227.5454567216182
3023479,21.220430056840915
3023480,26.943862797502618
3023481,5.497168858589187
3023482,40.02581828062614
3023483,8.700000665608298
3023484,215.60886715897908
3023485,228.64358297299734
3023486,9.54157155422322
3023487,10.13700795619614
3023488,214.49063623289152
3023489,41.19615823380832
3023490,2319.845377857967
3023491,0.0
3023492,15.50079836988215
3023493,4.121047384483615
3023494,0.1155020517430712
3023495,3.6367817043246773
3023496,5813.893270074564
3023497,0.0
3023498,599.21333382075
3023499,13.457592762980118
3023500,1345.6435031387598
3023501,732.548705955444
3023502,287.280950288014
3023503,377.2294126400835
3023504,61.67392617869166
3023505,5364.3631135811665
3023506,11.942316571354407
3023507,0.10164714329884658
3023508,7.848717696960748
3023509,17.526606486543724
3023510,0.10647584467046232
3023511,285.9431454000225
3023512,0.0
3023513,6.26585288895438
3023514,2.187538894004859
3023515,78.55342189937569
3023516,3.367703510457661
3023517,238.16024190270403
3023518,314.39829139992764
3023519,2.835578824642594
3023520,2.518710199198225
3023521,200.8302316847858
3023522,125.67459523812127
3023523,1228.1662554892507
3023524,16.050218425847277
3023525,1.1257767591903955
3023526,13.989631847652069
3023527,0.0
3023528,15.621555620984443
3023529,8739.893212878636
3023530,0.0
3023531,1555.7060950271455
3023532,17.972438482450826
3023533,2476.42971498507
3023534,2242.414218188201
3023535,542.4038374066935
3023536,631.2162002777386
3023537,367.6071151633459
3023538,9032.468041944272
3023539,92.17349172385363
3023540,4.342327266876735
3023541,87.80317723476485
3023542,111.18676747326514
3023543,0.44277197854198386
3023544,704.7125562701435
3023545,28.910069644408313
3023546,19.196845664597667
3023547,20.471974974986935
3023548,261.87192789778544
3023549,21.734232371221328
3023550,748.3085575886339
3023551,495.1371453011192
3023552,41.99009759604662
3023553,30.756368626858933
3023554,1013.6773200666781
3023555,218.54018497370677
3023556,8046.113463915084
3023557,96.39356203059224
3023558,79.22793538503223
3023559,14.44961502265424
3023560,0.0
3023561,12.110275043173669
3023562,8897.694055597929
3023563,0.0
3023564,1206.9509932975384
3023565,18.040780071791644
3023566,2794.528322833482
3023567,2243.5267132909194
3023568,720.1632423719308
3023569,410.8728701745032
3023570,286.80746056129163
3023571,11136.00644497603
3023572,155.7137717201377
3023573,2.1065447835981534
3023574,14.093940578295442
3023575,92.87266562168953
3023576,1.6760140505421983
3023577,721.4227829952874
3023578,21.940169641477542
3023579,23.137651827658146
3023580,5.752407720766958
3023581,145.39402892381167
3023582,14.88526318564377
3023583,1027.3627985499463
3023584,727.87409567425
3023585,21.51264791009789
3023586,31.618057780096795
3023587,1253.5393686270058
3023588,174.09573409150602
3023589,5864.331842942876
3023590,193.0988154992125
3023591,84.9487716610855
3023592,11.36239598801365
3023593,0.0
3023594,16.04910134553073
3023595,5999.589217330717
3023596,0.03842340092917591
3023597,927.7365309624936
3023598,10.045303538541194
3023599,2620.173210538781
3023600,1776.4160351265214
3023601,790.5277736058429
3023602,177.96436983376702
3023603,229.43677010289602
3023604,10138.123762771773
3023605,52.557462925549274
3023606,2.947413846639088
3023607,34.42029740066648
3023608,30.689321098364914
3023609,0.7379005938393285
3023610,656.6207923250556
3023611,25.87327007548138
3023612,18.49656907411451
3023613,8.739420629222574
3023614,95.49553485833214
3023615,9.496354144741872
3023616,955.7711755840861
3023617,785.030670832644
3023618,24.304837403241013
3023619,46.71592493420932
3023620,809.3183256497489
3023621,130.7329868627945
3023622,2723.5097438636794
3023623,118.60389410178146
3023624,35.86868196925544
3023625,14.48218942298571
3023626,0.0
3023627,15.776316982807792
3023628,8170.317258493314
3023629,0.0
3023630,1211.3827792829597
3023631,17.264682392342895
3023632,2595.7235624943905
3023633,2140.1766390728135
3023634,697.1131245775849
3023635,375.1972748853746
3023636,243.28250449222966
3023637,10490.64135309579
3023638,57.592496072067526
3023639,2.0082812084826984
3023640,33.658292984705525
3023641,95.9549293973408
3023642,1.296344741224618
3023643,666.0755788247482
3023644,22.477758098229362
3023645,20.60931744230991
3023646,4.054693347324889
3023647,147.19796332978714
3023648,10.096841959849566
3023649,834.7225921769354
3023650,698.6216889069104
3023651,25.725061728581583
3023652,24.705973806936285
3023653,1264.795424358778
3023654,173.99293758478944
3023655,5249.216949778446
3023656,131.40098986707966
3023657,64.33089064636097
3023658,12.145013403421768
3023659,0.0
3023660,18.136271686506767
3023661,4451.961749223955
3023662,0.06136064000005664
3023663,853.2676413304885
3023664,9.574020074565393
3023665,2334.27942746746
3023666,1331.9500952691285
3023667,682.5825933566766
3023668,131.22180423255375
3023669,147.85336803473882
3023670,8445.98432540588
3023671,47.959141459582234
3023672,1.1815899057019281
3023673,22.789780934639214
3023674,66.66358559593151
3023675,1.0655116483098759
3023676,631.2522099890222
3023677,16.6546293815126
3023678,6.7941822673698535
3023679,2.720386692987578
3023680,83.34761047459952
3023681,4.992464516553415
3023682,852.5797916702586
3023683,701.9778562316899
3023684,19.488641640160814
3023685,24.65364356381246
3023686,888.3251413847169
3023687,56.938027635023026
3023688,1754.5296135637373
3023689,88.52079779420191
3023690,16.589363983969324
3023691,14.71994479387684
3023692,0.0
3023693,10.708926441281557
3023694,6840.938688098795
3023695,0.0
3023696,1195.5037907797846
3023697,17.831830575714115
3023698,2082.118653987492
3023699,2243.7892979752614
3023700,444.36906929888966
3023701,517.971971492726
3023702,327.2763455162211
3023703,8170.1743062126625
3023704,92.23482801908297
3023705,2.280383215975994
3023706,31.342494396775226
3023707,68.26123574630664
3023708,1.0842337944565004
3023709,525.2966586033442
3023710,17.223197182814236
3023711,22.38940505708249
3023712,11.931609888729339
3023713,178.5237292944604
3023714,17.495347018253494
3023715,779.7726158158908
3023716,546.68483995392
3023717,22.634443613225752
3023718,29.46895969373499
3023719,1074.5397988238262
3023720,177.35794848768197
3023721,7770.965473270961
3023722,105.70799161719552
3023723,77.71551620326473
3023724,7.113686462850877
3023725,0.15021947993684853
3023726,5.300963455697054
3023727,1982.3594608118028
3023728,0.0
3023729,370.0249234799238
3023730,17.189648418130076
3023731,1013.6555075918446
3023732,585.3064506271614
3023733,231.71214539497353
3023734,95.32855999624388
3023735,85.44606289302364
3023736,3019.005710513366
3023737,52.27127255911715
3023738,2.23728040878123
3023739,21.25014392301918
3023740,24.363092100949807
3023741,0.8855919353447944
3023742,252.80007840194287
3023743,15.048154274325649
3023744,4.844446532384357
3023745,12.978947205793721
3023746,38.07921526372683
3023747,6.796582527687956
3023748,255.56748131742307
3023749,236.66692427689193
3023750,2.8281506890055277
3023751,6.583640781668257
3023752,219.43295360360534
3023753,50.61785941531567
3023754,1564.7096567824206
3023755,1.236767036298458
3023756,9.476266485157998
3023757,9.158241942876165
3023758,0.0
3023759,12.705279292756293
3023760,4629.444471869742
3023761,0.0
3023762,598.4950974589508
3023763,25.23395780004377
3023764,1894.0231172777317
3023765,1229.870668510603
3023766,510.28242595947853
3023767,131.59771055983924
3023768,127.88569979374583
3023769,7052.9639358473905
3023770,110.0514618086538
3023771,1.3339627294652048
3023772,41.83011675582994
3023773,55.08936828122161
3023774,0.8435413713637877
3023775,514.8600699939608
3023776,20.748889097069835
3023777,1.9968878221742978
3023778,4.0214724915926165
3023779,102.98946907604265
3023780,6.599126175869114
3023781,553.3592188012991
3023782,558.763539824469
3023783,12.665035580265952
3023784,20.990085426403013
3023785,398.41123189494147
3023786,66.34630588407967
3023787,2143.930981261089
3023788,89.90203968707067
3023789,20.579658636533072
3023790,6.3269829436840475
3023791,0.0
3023792,4.376380502673244
3023793,4566.237743970695
3023794,0.0
3023795,883.4973435028893
3023796,7.579994789934593
3023797,1560.0584710184417
3023798,1590.3545269024607
3023799,265.5748345175334
3023800,367.7577918691431
3023801,212.9826088643946
3023802,5258.492761386658
3023803,46.50453523696659
3023804,2.2221771618485806
3023805,26.955263212371758
3023806,34.35455765133138
3023807,0.4459792937598689
3023808,359.13319109337505
3023809,3.038593920135654
3023810,32.59898572771365
3023811,6.547181211600833
3023812,99.91182723447577
3023813,9.305370922049498
3023814,590.3672545821057
3023815,300.3900380447942
3023816,19.845662543764707
3023817,10.940849120858454
3023818,617.3425416461216
3023819,114.11237023867498
3023820,5145.458658259009
3023821,25.644676940143974
3023822,51.005925374249244
3023823,16.82767592839995
3023824,0.0
3023825,11.784488437140428
3023826,6373.477619971917
3023827,0.0
3023828,1157.9592139344036
3023829,15.162357837175447
3023830,2368.0112246744393
3023831,1664.537122138998
3023832,514.136639316342
3023833,303.80742093994985
3023834,435.0096060571323
3023835,8581.655893417323
3023836,71.11442508497929
3023837,4.545800213638973
3023838,72.17495795454302
3023839,70.166330842468
3023840,1.0998410216645715
3023841,527.2119383165716
3023842,15.047386458486844
3023843,63.056204255343296
3023844,12.200569430162016
3023845,270.16961849533163
3023846,13.329394150934117
3023847,681.8904315153638
3023848,525.845512507341
3023849,20.241775341993176
3023850,38.43397857944656
3023851,676.584972215203
3023852,189.3603719630026
3023853,6674.4077509364015
3023854,23.526554370877122
3023855,13.562620560629384
3023856,9.316542484504792
3023857,0.06153757691978748
3023858,3.4630011860606564
3023859,2155.628242083255
3023860,0.0
3023861,479.4207777681676
3023862,5.703990926014902
3023863,946.9585625438738
3023864,527.3738400302215
3023865,241.32555445910995
3023866,101.69588813370319
3023867,92.31266833417737
3023868,3131.6515703654604
3023869,17.891933312538992
3023870,0.9268084410922968
3023871,24.57454684751893
3023872,25.202691551734905
3023873,0.026087910576388183
3023874,201.62977889557905
3023875,5.052072813008392
3023876,4.511433966395064
3023877,7.179412085265336
3023878,71.62922636400249
3023879,3.3716240398743755
3023880,271.69807029281384
3023881,231.50678493915552
3023882,5.602483631216496
3023883,5.659911605307867
3023884,187.12329139166513
3023885,48.728475455702785
3023886,1832.4186528013854
3023887,0.0
3023888,2.5376928608572573
3023889,5.842496770872753
3023890,0.0
3023891,2.2399059675429696
3023892,3954.482980951742
3023893,0.0
3023894,263.23045467950425
3023895,1.908905077428106
3023896,1430.937908627968
3023897,268.07546411788627
3023898,260.3756475018286
3023899,81.92538529308496
3023900,26.676503229702302
3023901,3610.1584093577435
3023902,5.77332451118509
3023903,0.5173672173039979
3023904,19.67082165546621
3023905,15.10021391008879
3023906,0.33085593716555484
3023907,253.6416794237709
3023908,0.0
3023909,0.0
3023910,4.153601524579061
3023911,15.733970320287519
3023912,1.0219168668596421
3023913,59.32729110427153
3023914,202.1076062053867
3023915,0.0
3023916,1.258693564723001
3023917,63.12169413077495
3023918,100.77303899651494
3023919,587.4081381065047
3023920,3.930961661142519
3023921,3.614815261843819
3023922,5.604531216175851
3023923,0.2009000265221036
3023924,7.4582294699041
3023925,3527.92591941241
3023926,0.0
3023927,602.7569379839556
3023928,10.787284897062275
3023929,1339.4201224980284
3023930,1012.8205748471578
3023931,350.2262864305392
3023932,195.8347579287774
3023933,139.50601319034635
3023934,5046.0806466600125
3023935,42.30874532940507
3023936,1.0736241328250182
3023937,21.756163819750146
3023938,54.73397513109534
3023939,0.1772947249203351
3023940,352.49597792284976
3023941,19.659324842036582
3023942,8.064569185271166
3023943,11.199533267854491
3023944,65.45000879186128
3023945,5.617654509102788
3023946,448.54269753299246
3023947,342.5921601912333
3023948,10.01746926082145
3023949,11.8270196470837
3023950,550.7805056296504
3023951,62.51688833865782
3023952,2494.1886661535273
3023953,0.0
3023954,35.51405962584533
3023955,5.078209357062027
3023956,0.16496845782518202
3023957,4.9175191489317465
3023958,4316.579989976506
3023959,0.1410622260562039
3023960,778.4036611692791
3023961,14.67273328211641
3023962,1194.8144818227909
3023963,1403.182167697406
3023964,210.77598761903056
3023965,322.37581810919767
3023966,205.99186046080462
3023967,4353.669551867364
3023968,52.13105609487239
3023969,3.733275368925053
3023970,24.275544028448177
3023971,40.80671965464053
3023972,1.0545802620640667
3023973,279.98054628867425
3023974,18.363276153227158
3023975,33.96179218482379
3023976,8.283844856348747
3023977,107.62740744217598
3023978,10.728385140737991
3023979,487.07250772382685
3023980,269.8057021122874
3023981,10.965223834676067
3023982,15.340907293055446
3023983,699.7378409377928
3023984,116.96434044484687
3023985,5491.00097664195
3023986,0.3026651224808722
3023987,44.8802279611881
3023988,5.583822019316047
3023989,0.11703444537380156
3023990,9.400968157736663
3023991,4037.249828203978
3023992,0.0
3023993,772.564559996866
3023994,17.39172401174917
3023995,1182.6029904553573
3023996,1309.0676443619243
3023997,280.5510279952388
3023998,321.8900094285199
3023999,135.22439658331587
3024000,4552.377158520144
3024001,39.488376229098236
3024002,3.7255780529460636
3024003,31.021077880848576
3024004,45.72643076159514
3024005,0.6305447185949232
3024006,336.7833064807595
3024007,21.06804760282094
3024008,27.219051685210864
3024009,20.46805077628133
3024010,97.12674078779968
3024011,12.851235512392348
3024012,396.84412850800715
3024013,326.80778403102755
3024014,18.782918143996216
3024015,20.471495204934747
3024016,561.3539495237932
3024017,118.75415036849921
3024018,4081.64397987379
3024019,0.8377093340782715
3024020,32.3129479523673
3024021,13.493026594757506
3024022,0.31738146831270037
3024023,7.336719979880073
3024024,3678.3596319982016
3024025,0.0
3024026,563.5422117336673
3024027,9.455795297423244
3024028,1754.6994198257087
3024029,888.6751745475101
3024030,554.9750774348436
3024031,303.4675082904816
3024032,85.9811088954255
3024033,7173.221535008251
3024034,15.65544024950333
3024035,1.5030928628517477
3024036,13.69513776608169
3024037,38.92297391337315
3024038,0.26765737756709335
3024039,467.0700085935418
3024040,13.369953656318526
3024041,4.0915808725197165
3024042,5.70674887956634
3024043,40.34974322889095
3024044,2.3050542621937384
3024045,363.467722951771
3024046,467.997268129214
3024047,8.014905906263154
3024048,8.083923603291474
3024049,412.0687806156944
3024050,100.67849753193325
3024051,1443.5637974201868
3024052,40.19493001012912
3024053,18.515158119669348
3024054,4.960970463805534
3024055,0.0
3024056,3.6381918003271414
3024057,2205.2916280076447
3024058,0.06952445175114012
3024059,324.6638844442472
3024060,15.106590535589525
3024061,736.230836640115
3024062,661.2809145324601
3024063,134.3445119217791
3024064,134.62233411277418
3024065,119.83096509174197
3024066,2767.158847687317
3024067,25.824890103063836
3024068,1.9539001809138796
3024069,16.525864752483336
3024070,27.072498143156263
3024071,0.5461133105734155
3024072,189.36723537947458
3024073,13.143169328482227
3024074,19.590931852100834
3024075,11.994379158390053
3024076,88.26871024170265
3024077,5.2190896111558365
3024078,290.9807526696177
3024079,152.30540119153866
3024080,5.430320924997346
3024081,9.911088327029887
3024082,320.22675013749296
3024083,40.73444570981199
3024084,2212.7967279857758
3024085,0.16365386831902
3024086,23.692217374875053
3024087,2.0023859535975492
3024088,0.0
3024089,2.516063519995267
3024090,1320.385428212251
3024091,0.0
3024092,107.2594057273776
3024093,3.059877080970964
3024094,829.0495053452089
3024095,327.0034086972188
3024096,257.903549373933
3024097,43.55971765066566
3024098,34.91362256209873
3024099,2721.355315073582
3024100,6.562903039151688
3024101,0.19694861340007763
3024102,11.328827840655933
3024103,8.991843779748852
3024104,0.04637811118941109
3024105,175.4993111909962
3024106,0.8099808921744039
3024107,0.0
3024108,0.6801267705564401
3024109,10.85777481885832
3024110,0.313935575749144
3024111,168.39360293015093
3024112,179.01205531097685
3024113,0.8993997597248037
3024114,3.150574831167739
3024115,138.2282741805055
3024116,20.20260885448089
3024117,322.4582865424224
3024118,0.9162953250337799
3024119,1.2311822781131165
3024120,8.148535623028527
3024121,0.3856287041483054
3024122,3.645214591611414
3024123,4260.242161210214
3024124,0.0
3024125,664.2992931412494
3024126,9.058218156974817
3024127,1821.7197969183633
3024128,645.984168796067
3024129,494.2566344306497
3024130,263.3503540732453
3024131,84.47699864977146
3024132,7687.8478380720535
3024133,36.00801029750833
3024134,1.075791775232372
3024135,3.967655997126878
3024136,16.22080597424739
3024137,0.30333137817492967
3024138,488.40370749887535
3024139,12.94958249938912
3024140,1.995637520626978
3024141,8.409328961705148
3024142,35.62782460075787
3024143,2.422576700542647
3024144,688.8752702877869
3024145,403.2297802823553
3024146,3.2798322849958823
3024147,10.51193194053797
3024148,435.24256885655905
3024149,98.80164641634315
3024150,2253.9542280663136
3024151,8.063705124033085
3024152,9.098913611250778
3024153,4.600693119149583
3024154,0.0
3024155,1.4738465689517524
3024156,1656.9371855383451
3024157,0.0
3024158,159.98123306156882
3024159,12.985444700919365
3024160,1112.086390421111
3024161,410.8806420232984
3024162,231.1964309700412
3024163,49.20608489126672
3024164,32.853817704209995
3024165,2990.198539055338
3024166,8.53229445871569
3024167,1.2890683732684152
3024168,11.150931693918135
3024169,18.931776162622832
3024170,0.4888648136031396
3024171,188.23014789400193
3024172,10.784893024480201
3024173,0.0
3024174,5.674437711548383
3024175,36.76300453353097
3024176,1.792607917672085
3024177,156.61490273429442
3024178,188.78968183471505
3024179,1.4623597533898516
3024180,6.583911362581832
3024181,149.06831330421363
3024182,29.127378810545643
3024183,441.02911545866834
3024184,1.1455194532509083
3024185,4.637550680907721
3024186,4.51399208047994
3024187,0.0
3024188,4.709420519411177
3024189,1568.1821622298216
3024190,0.0
3024191,136.11753535704779
3024192,8.358726684125429
3024193,942.9830893657705
3024194,279.37112126477996
3024195,166.1490013854396
3024196,45.854858959963614
3024197,31.69026823661338
3024198,3063.7313302061384
3024199,11.565392572780196
3024200,0.10888988787561507
3024201,13.55734447612722
3024202,9.531173121068184
3024203,0.21302035157275445
3024204,155.76063856261513
3024205,2.4706907602573747
3024206,0.0
3024207,4.029710006074563
3024208,25.12618215105016
3024209,0.6411689836845161
3024210,179.79353128479556
3024211,204.14787927644156
3024212,0.8674027842706783
3024213,5.776389736775979
3024214,89.63316171732086
3024215,16.298124518589315
3024216,238.42234825021896
3024217,0.8139775735785274
3024218,3.237334623266826
3024219,3.298671134404726
3024220,0.0
3024221,3.365771188207268
3024222,1540.264911872768
3024223,0.0
3024224,171.04973906381716
3024225,8.022549196287155
3024226,1637.4653805415392
3024227,389.4751039898299
3024228,270.84475616494296
3024229,31.04850276939993
3024230,39.84826037472315
3024231,3340.968046333881
3024232,11.78285672843818
3024233,0.35855277705191724
3024234,7.096187082335827
3024235,24.216968391186686
3024236,0.11043339860027969
3024237,233.83305752036495
3024238,2.1575345481674018
3024239,0.0
3024240,3.4185009319477118
3024241,15.281355992287772
3024242,1.4959627892738423
3024243,263.63609965814106
3024244,283.8818257097113
3024245,1.5388258294472528
3024246,4.131098528594286
3024247,73.53945520126877
3024248,96.16295716030494
3024249,472.90181693519304
3024250,0.8011071249665791
3024251,4.13468252661724
3024252,3.918894149894848
3024253,0.5467909993043655
3024254,4.485379239843209
3024255,1769.0272732816632
3024256,0.0
3024257,158.61014198130968
3024258,0.7156016171567298
3024259,1038.8401225026155
3024260,382.32789891421925
3024261,280.70125377226293
3024262,76.44453098747213
3024263,60.59316876402288
3024264,2978.624607508488
3024265,8.941681290551609
3024266,0.868207767408136
3024267,17.04768697785844
3024268,19.63552446696607
3024269,0.25375368299764284
3024270,240.24477095918752
3024271,7.422284074528208
3024272,0.0
3024273,5.449039418843175
3024274,20.90720275476789
3024275,1.5986445118468373
3024276,151.06353536981266
3024277,192.143840257939
3024278,0.4122543499434769
3024279,5.786927337541246
3024280,114.90004546523203
3024281,50.49437708975283
3024282,1043.332008169864
3024283,0.513291813186027
3024284,5.092972657562321
3024285,4.203899622482127
3024286,0.10162432713504961
3024287,2.4197979546168074
3024288,1295.6100243725134
3024289,0.0
3024290,157.9313036276856
3024291,4.882949404104226
3024292,1253.1358122036722
3024293,255.37073733545478
3024294,163.69713843837252
3024295,123.42346054973738
3024296,21.9383035615513
3024297,2225.708178066408
3024298,4.592377070265714
3024299,0.651255497097703
3024300,8.452398082219181
3024301,12.348522530858576
3024302,0.25690023301022724
3024303,163.31950857186968
3024304,0.0
3024305,0.0
3024306,2.5741720547488787
3024307,52.54133028093498
3024308,1.0605731744392073
3024309,53.63926015726284
3024310,136.9417060758797
3024311,0.8073487679534774
3024312,3.067442077452201
3024313,68.66876814400896
3024314,33.542349744657585
3024315,861.653082604212
3024316,10.60840026613483
3024317,1.134957569682595
3024318,7.318178223994678
3024319,0.573598552637153
3024320,3.4314740060052666
3024321,3245.899612663617
3024322,0.0
3024323,327.8015489080447
3024324,6.561029076475003
3024325,1226.596634930729
3024326,759.6669277009489
3024327,533.0190475201783
3024328,205.49636378251208
3024329,103.22509414883177
3024330,5094.119776332929
3024331,18.268476892037462
3024332,2.178715687908869
3024333,18.914921095563482
3024334,14.643692599011073
3024335,0.45389353252544035
3024336,310.7963885892013
3024337,1.477900128855579
3024338,0.0
3024339,6.190867117741644
3024340,27.711028518825845
3024341,1.9382501651823925
3024342,298.23984235949905
3024343,289.78412139025994
3024344,2.0728453142890793
3024345,7.2490125379190085
3024346,375.78991826002454
3024347,43.6013222901208
3024348,2204.4211565091437
3024349,3.1595725959418064
3024350,16.74184102591066
3024351,3.660544732275349
3024352,0.2451864677753
3024353,5.215898937241061
3024354,2353.240723068375
3024355,0.0
3024356,641.2600899445088
3024357,8.107999204841043
3024358,643.3821846200954
3024359,672.8164755278422
3024360,247.18144870255742
3024361,186.30803220217425
3024362,55.13054932119824
3024363,3197.817506618854
3024364,13.234675201681902
3024365,0.8256486129816125
3024366,34.92343900844534
3024367,16.878364507223147
3024368,0.33362688124376055
3024369,208.16471718781852
3024370,10.539335824261697
3024371,6.217256962605467
3024372,4.384248517796914
3024373,51.79355290770344
3024374,1.8998569798284133
3024375,107.0038540654774
3024376,168.61683244749588
3024377,5.136931514341625
3024378,6.3067294424334674
3024379,190.01121495956608
3024380,68.65241225973345
3024381,3477.701713721819
3024382,16.09697072849481
3024383,15.054517606548094
3024384,6.524912553129383
3024385,0.27196284575124474
3024386,4.100521566225775
3024387,2428.365295497245
3024388,0.0
3024389,162.31757953062942
3024390,8.526377897191386
3024391,917.1028792599108
3024392,366.20269123461344
3024393,301.74514140798914
3024394,70.03938991559052
3024395,51.045335657547156
3024396,3407.4172033308173
3024397,29.923733330394406
3024398,0.8822390083115715
3024399,12.381758506888229
3024400,17.33705079854054
3024401,0.16935782804037328
3024402,189.9827088479182
3024403,8.110096135491393
3024404,0.0
3024405,4.264090198451888
3024406,38.22048162588787
3024407,1.9466759703995944
3024408,133.99212017375254
3024409,188.09496829989902
3024410,1.030561319675097
3024411,5.127898385103795
3024412,98.26958728426172
3024413,28.868173690236617
3024414,563.4880183857277
3024415,1.0615699645145502
3024416,3.8456651048796617
3024417,5.052715439509973
3024418,0.0
3024419,6.504453922308034
3024420,2582.741979418428
3024421,0.0
3024422,569.0401558279292
3024423,8.42728788201347
3024424,915.3167623358701
3024425,748.9775792269601
3024426,202.89189356756327
3024427,162.28215399027982
3024428,91.06944603955712
3024429,3692.568224693677
3024430,40.725683229624956
3024431,1.0525338318527682
3024432,10.37268272740064
3024433,28.254375740541427
3024434,0.42767337788087884
3024435,242.85491472449746
3024436,19.91170962464092
3024437,12.224204271882785
3024438,4.689314398657614
3024439,63.17128280389283
3024440,5.305065364330675
3024441,415.98491541194625
3024442,229.40570852048143
3024443,9.994334456552457
3024444,8.745165278557506
3024445,413.18144031887766
3024446,75.92078726771665
3024447,2005.5866588455015
3024448,0.0
3024449,28.15753983768948
3024450,8.741669467975823
3024451,0.1446791298999914
3024452,4.720765725955294
3024453,3446.9830539141108
3024454,0.0
3024455,453.97033713142025
3024456,7.234266032926143
3024457,1708.0196912179542
3024458,723.7202348961275
3024459,642.1650800007683
3024460,104.68207640545566
3024461,74.79023865311578
3024462,5531.454975172267
3024463,14.715873332677521
3024464,0.648599151958388
3024465,19.54707838805412
3024466,17.14658766536608
3024467,0.0700714127266459
3024468,349.01291616719334
3024469,2.1479487448035224
3024470,5.351925194090987
3024471,4.821004398163023
3024472,37.520185039749116
3024473,0.3182539381460712
3024474,285.21900188195974
3024475,327.7371914329468
3024476,4.852450643459423
3024477,4.530918955872557
3024478,278.2123470606136
3024479,46.49361088929538
3024480,1312.933410917674
3024481,15.086692573169884
3024482,12.745615783705812
3024483,10.427555843529875
3024484,0.6662150700850484
3024485,4.349613198804668
3024486,3043.0779940646057
3024487,0.0
3024488,451.2017815688642
3024489,5.148442969572
3024490,1685.0889817987202
3024491,613.2291818711496
3024492,338.1979387854851
3024493,253.99269018281282
3024494,95.4309373126142
3024495,4350.020396731479
3024496,14.94573881853376
3024497,0.8008480828483567
3024498,38.52631145178056
3024499,40.26796616001099
3024500,0.3179638577034321
3024501,330.21772987937345
3024502,3.4495318338349583
3024503,3.363733943794681
3024504,13.808400014633657
3024505,83.50417340672865
3024506,1.506568940702715
3024507,118.74262184547115
3024508,286.8433636557737
3024509,2.9680662112805147
3024510,5.232069065517901
3024511,163.9764954393306
3024512,144.62092364295992
3024513,2141.135136488949
3024514,15.329711662295553
3024515,6.883169124751385
3024516,4.30590539230408
3024517,0.007882842458320537
3024518,3.318940892194222
3024519,1729.8536896053556
3024520,0.0
3024521,144.59045223851578
3024522,5.627526705189088
3024523,781.3625544650178
3024524,345.6450316989346
3024525,160.54971829971942
3024526,56.244253461788674
3024527,42.056772636685956
3024528,2670.271063180332
3024529,12.234926830919335
3024530,0.6881172763165411
3024531,13.69528654250914
3024532,21.067198717681286
3024533,0.13276177755561797
3024534,191.91013582050473
3024535,2.667627681947916
3024536,0.0
3024537,5.882342567635056
3024538,64.1379484238182
3024539,1.9526522309761392
3024540,103.57545999255412
3024541,186.76113056598285
3024542,1.0297816652074252
3024543,5.838865109134882
3024544,160.0711084205996
3024545,43.46140239426517
3024546,650.5587620324014
3024547,0.9934404291921596
3024548,3.132748299823485
3024549,1.3577503683246321
3024550,0.0
3024551,1.1527496975746063
3024552,1369.267751415976
3024553,0.03949182951602744
3024554,265.55188664460536
3024555,9.555999588546147
3024556,550.5230233055506
3024557,476.64614418361384
3024558,118.09804830154162
3024559,51.372585767713275
3024560,58.383394234799574
3024561,2129.1307316277685
3024562,36.01842521417655
3024563,0.6834740950036415
3024564,12.183978239297714
3024565,14.29891266894297
3024566,0.3528037334147498
3024567,128.7558397797833
3024568,9.905252894778462
3024569,0.613594734087267
3024570,3.73654148019897
3024571,38.268629791532405
3024572,5.035764302951617
3024573,904.3191389301886
3024574,146.6339390450603
3024575,4.615782767786378
3024576,5.385229737244772
3024577,376.8146995347543
3024578,27.945094189226356
3024579,1143.1437891909293
3024580,0.0
3024581,8.043026103631341
3024582,3.1973179373323495
3024583,0.12993330193924757
3024584,3.6874063500627248
3024585,3266.4128171512943
3024586,0.1607194034767139
3024587,685.8969490686767
3024588,14.907408036263108
3024589,1084.8217042954313
3024590,1178.7335086720268
3024591,254.70269793550267
3024592,223.47763402473308
3024593,142.24467443020401
3024594,3884.8321314023633
3024595,37.55333303364547
3024596,1.275303897798823
3024597,16.180856120166865
3024598,33.67750614919066
3024599,0.08981623098149025
3024600,251.56093017048332
3024601,11.468183212270999
3024602,34.392708927428686
3024603,10.435369623724807
3024604,72.28829806173317
3024605,9.774583874138402
3024606,359.188412527092
3024607,252.5658918421247
3024608,17.612625935339082
3024609,11.898237948811273
3024610,493.1919880167291
3024611,102.84427808477074
3024612,3312.8723617145224
3024613,0.7434184742006954
3024614,22.96916734894649
3024615,2.275648375476597
3024616,0.08695189351409971
3024617,2.461858847026322
3024618,1253.5582734698496
3024619,0.0
3024620,255.84222470447241
3024621,3.8518616010619606
3024622,331.83887195344846
3024623,418.6870680744026
3024624,114.16985063715916
3024625,86.96825856469326
3024626,22.139968931697346
3024627,1420.5279434732934
3024628,16.41444372464899
3024629,0.7168793027990522
3024630,10.09397185972563
3024631,12.581032496044838
3024632,0.15171269447912245
3024633,70.19004152955216
3024634,0.0
3024635,14.946829181652442
3024636,1.7699635567221272
3024637,90.13386488275525
3024638,4.05066833600705
3024639,148.0031612990654
3024640,69.60840861190349
3024641,3.6364284296745177
3024642,4.055325353999936
3024643,132.5287509045916
3024644,24.52937243693777
3024645,1030.265507264955
3024646,2.4278043872339587
3024647,2.3489330975074365
3024648,4.592378466104058
3024649,0.0
3024650,0.0
3024651,1053.8720077580915
3024652,0.0
3024653,207.9406816560091
3024654,4.865172003970719
3024655,430.05674482641655
3024656,235.49240866698128
3024657,78.23123954436305
3024658,35.386819398030035
3024659,26.039009538843445
3024660,1541.1214631853024
3024661,14.117595934258489
3024662,0.7026454932639339
3024663,11.431049457464372
3024664,10.882541982318877
3024665,0.5206019657883127
3024666,81.90022636222966
3024667,0.2751040233263639
3024668,3.577318975195586
3024669,0.007548774827929114
3024670,16.334159331633632
3024671,0.34665466220271535
3024672,241.73291041827918
3024673,124.77432099757799
3024674,3.0894937843404278
3024675,1.3902714880651619
3024676,126.79068721559031
3024677,27.754006323873433
3024678,370.3179170973858
3024679,2.1672279297066925
3024680,1.77887846653383
3024681,5.144475242668788
3024682,0.3066565081762278
3024683,2.0029211833247103
3024684,2892.838291055223
3024685,0.015227351799875733
3024686,555.832518787801
3024687,12.792702898591054
3024688,811.4661219963405
3024689,872.7154501618423
3024690,272.30498423944806
3024691,232.44115852890886
3024692,89.93801591447217
3024693,3510.917559981314
3024694,22.87520124334999
3024695,3.1763103487851216
3024696,17.87128233092048
3024697,22.222966562327613
3024698,0.1531455205756169
3024699,219.4892956250341
3024700,5.246702942700239
3024701,21.277684318479928
3024702,7.652013728688177
3024703,95.12950505996956
3024704,2.7667159402195347
3024705,250.8750931511794
3024706,208.5535305277386
3024707,9.985973969106709
3024708,7.416393690881768
3024709,343.53988945170346
3024710,65.96712954933022
3024711,2376.2080393778338
3024712,1.1894903957425378
3024713,10.735476533914671
3024714,7.44674311072566
3024715,0.0
3024716,4.966388022842594
3024717,3619.053073302358
3024718,0.0
3024719,726.8288663857285
3024720,13.766180664918902
3024721,1325.0662853445338
3024722,1019.9170255454328
3024723,435.6741925640648
3024724,310.2567120422366
3024725,66.79282541605974
3024726,5443.114039557779
3024727,17.123243863963438
3024728,1.2395264010739908
3024729,32.82864424757192
3024730,18.32127747610141
3024731,1.0302845804245948
3024732,318.9495736952344
3024733,0.0
3024734,7.93835767542966
3024735,6.220962440807162
3024736,38.45065963292111
3024737,1.0922634617879505
3024738,200.45751197149602
3024739,377.5814993483385
3024740,5.2115848661465725
3024741,4.935719326319473
3024742,240.57140931203227
3024743,88.8360933258634
3024744,3124.4561207204315
3024745,20.091022733627327
3024746,2.1454352445604363
3024747,6.563731104084297
3024748,0.19466103136432752
3024749,2.691769295702212
3024750,3153.4840335572135
3024751,0.0
3024752,701.1315507526214
3024753,12.071118877247516
3024754,1092.9032954098548
3024755,784.8922382986796
3024756,309.86932903046073
3024757,222.82782271665502
3024758,57.22170993493723
3024759,4355.701147500344
3024760,17.160765253514754
3024761,1.5076222481318153
3024762,26.7202286924282
3024763,17.990670924253486
3024764,0.32994735154375937
3024765,277.13522819117003
3024766,0.0
3024767,7.92344153862924
3024768,6.000865615243592
3024769,45.85487772498165
3024770,2.358533004216276
3024771,126.86148744379841
3024772,281.50118418351394
3024773,4.679689555014448
3024774,3.0220229797165077
3024775,201.22247165184558
3024776,69.05176452960973
3024777,2520.5904487579382
3024778,12.63418889008657
3024779,6.363881561402968
3024780,8.82314840143874
3024781,1.1300069064568097
3024782,10.22002525583789
3024783,7225.96408144027
3024784,0.0
3024785,1035.5951112737434
3024786,43.12537631727978
3024787,1828.7689460912097
3024788,1806.511842590239
3024789,321.4901120773067
3024790,436.4353533038189
3024791,292.5012913761031
3024792,7012.970110174647
3024793,87.28812101922541
3024794,3.1584728932707007
3024795,38.73692691689597
3024796,54.29592400168578
3024797,1.092151433883736
3024798,477.5427608316081
3024799,28.702961492564214
3024800,49.19018309695469
3024801,23.533102902245943
3024802,167.34833794806357
3024803,19.33388377846834
3024804,588.6919703577387
3024805,455.4990084031766
3024806,16.01153495320229
3024807,19.199731399233325
3024808,961.5201780854557
3024809,177.95520609168483
3024810,6466.9247502909375
3024811,0.7744614703978765
3024812,66.72145303187258
3024813,4.1559235020771155
3024814,0.5170222215216139
3024815,1.3183116034149525
3024816,1636.6534927574062
3024817,0.0
3024818,172.77194665015628
3024819,3.6689746168722843
3024820,1250.0373439150637
3024821,280.23735523264696
3024822,120.89149006490446
3024823,153.0036565882103
3024824,47.59604032550094
3024825,2560.469186610426
3024826,5.316216313564075
3024827,0.555912754903333
3024828,12.666718909232141
3024829,8.681690592268575
3024830,0.4670135676512458
3024831,179.33314338438322
3024832,0.0005489662214238406
3024833,0.0
3024834,3.3080325432105973
3024835,43.22006277906126
3024836,0.60629438637294
3024837,75.04245209575858
3024838,95.66923044178012
3024839,1.7442646668221107
3024840,4.720478819271231
3024841,117.04848497308397
3024842,23.298321912036844
3024843,1236.167516522422
3024844,6.895035196958813
3024845,5.172131255846203
3024846,7.092998512750241
3024847,0.36440851912898437
3024848,4.194714749819307
3024849,3596.614418630465
3024850,0.0
3024851,571.5078043448065
3024852,8.90667770197636
3024853,1391.6546002304278
3024854,702.6297793077307
3024855,256.2482377355303
3024856,362.2122709986794
3024857,81.94928289866255
3024858,4884.6963296073045
3024859,15.109338843278854
3024860,0.5206507720362503
3024861,25.676243318113464
3024862,18.924060450762653
3024863,0.0
3024864,304.36046645146945
3024865,1.4719920176024246
3024866,3.6295429766603426
3024867,11.058667264074804
3024868,20.37727553030017
3024869,1.4368846026449875
3024870,360.6752193222089
3024871,293.8625202618574
3024872,4.178285005184608
3024873,7.941928432794369
3024874,134.34687587130256
3024875,58.82552089085319
3024876,2754.839704131051
3024877,16.712505446263897
3024878,6.760008844410838
3024879,1.287468448963944
3024880,0.01132844402850779
3024881,0.9035422443185596
3024882,1113.4544057767132
3024883,0.0
3024884,109.05933170381901
3024885,2.7038969222622873
3024886,1079.257596808344
3024887,157.43926681019835
3024888,82.89869702840741
3024889,184.38945712936726
3024890,14.060286094412781
3024891,2148.29295918948
3024892,2.4637559583348017
3024893,0.35483800408016763
3024894,6.600033779733417
3024895,3.0902281290698146
3024896,0.03828022176571842
3024897,96.33397244006277
3024898,0.0
3024899,0.0
3024900,0.7969988854798906
3024901,14.846915041933762
3024902,0.3389407173404624
3024903,79.75538637091255
3024904,94.11031430023313
3024905,0.9798851712782339
3024906,1.9747598426576176
3024907,55.58750518426911
3024908,11.270798517911519
3024909,380.5002518668457
3024910,6.857170900929374
3024911,1.7567872116744152
3024912,8.988466963544349
3024913,0.0
3024914,3.355239525935698
3024915,2376.9662024510008
3024916,0.0
3024917,257.96939968892235
3024918,9.712376638718574
3024919,1104.2509065739678
3024920,429.44937118902084
3024921,204.1196775542375
3024922,161.35702850473476
3024923,59.19022190075844
3024924,3372.9772919554866
3024925,3.8801858534515437
3024926,1.1556014228232587
3024927,18.19829304620644
3024928,15.741490560923241
3024929,0.364944365797105
3024930,236.49471162666646
3024931,0.0
3024932,0.0
3024933,16.153103029314163
3024934,26.524356614365466
3024935,1.700276112863343
3024936,275.12280810396186
3024937,223.87676255102582
3024938,2.034460880207179
3024939,5.021567967540498
3024940,215.39000274074849
3024941,30.28988299512147
3024942,2159.553161030476
3024943,6.726187337047476
3024944,1.6651896098954253
3024945,3.79094971680615
3024946,0.1790153714180358
3024947,2.093605742513699
3024948,2123.5067220511983
3024949,0.0
3024950,634.7674577242975
3024951,4.6717862065284
3024952,876.1862926352021
3024953,545.9746560526665
3024954,228.82275341762596
3024955,112.05449181135694
3024956,67.65934087824488
3024957,3854.1935568711183
3024958,5.393926585995008
3024959,5.379072690430564
3024960,25.842148987409107
3024961,39.30765286691528
3024962,0.19217898181050885
3024963,201.3987577150774
3024964,3.74490451321301
3024965,2.5184553931877938
3024966,5.127630284410438
3024967,21.978318626774243
3024968,2.123723527003339
3024969,174.85619835267775
3024970,220.01162928913928
3024971,4.5299937652497775
3024972,6.4963226728834425
3024973,142.11317461433907
3024974,33.34436470050749
3024975,1209.0313269157364
3024976,18.87551217563952
3024977,4.534522925766889
3024978,4.386052182586868
3024979,0.051641626517790994
3024980,0.6300669716396522
3024981,1329.0965418554267
3024982,0.0
3024983,104.01092615312471
3024984,3.4112300847469026
3024985,484.2010268713814
3024986,192.4835195439129
3024987,101.03964248322724
3024988,148.33218976293378
3024989,22.050413162844062
3024990,1940.2806197461712
3024991,6.611804032571416
3024992,0.27082020731702783
3024993,13.76392499863395
3024994,8.660044069444956
3024995,0.11121467337189404
3024996,107.18574938141981
3024997,0.0
3024998,0.0
3024999,0.6026586800305116
3025000,29.292414472164513
3025001,0.6390134565958174
3025002,223.72502343591344
3025003,98.15112734476047
3025004,1.2824401284578357
3025005,0.9294017420673827
3025006,52.1923573455854
3025007,17.82350534374399
3025008,724.4725320890954
3025009,4.374240232840546
3025010,1.3653401548667483
3025011,4.766052522945321
3025012,0.08019308165166339
3025013,2.7647501841679656
3025014,3453.2935716930547
3025015,0.0
3025016,534.7158285443386
3025017,9.621189218959266
3025018,1022.1218126651758
3025019,697.7272125406735
3025020,252.95184225179565
3025021,189.55223731791176
3025022,68.29342236708555
3025023,4582.516041717424
3025024,11.738557820783916
3025025,0.3265747876654021
3025026,29.58626157168064
3025027,9.228170439817234
3025028,0.4616142532266882
3025029,246.7804137265469
3025030,0.0
3025031,31.95026915957623
3025032,4.182906951944673
3025033,21.59810102496805
3025034,0.5964082437163283
3025035,240.70048861357992
3025036,243.73699203008442
3025037,3.0594887718355506
3025038,6.1786341851942534
3025039,135.1862673600334
3025040,48.22735475510512
3025041,2811.577951454376
3025042,37.34783500711954
3025043,1.9959627635179245
3025044,5.126032114733219
3025045,0.0
3025046,5.666037941347367
3025047,2618.7352720509316
3025048,0.0
3025049,472.3682238106677
3025050,9.246622407335712
3025051,996.1903715803984
3025052,837.8192247734477
3025053,144.0751951095765
3025054,127.31376968621159
3025055,110.1371166293725
3025056,3609.020265967923
3025057,57.30551125247557
3025058,1.5321002389876903
3025059,16.645076285138337
3025060,27.047434605186606
3025061,0.6960869390216653
3025062,238.10433383463356
3025063,18.52961259581852
3025064,28.464210484294043
3025065,1.5052085736929275
3025066,84.77911383932154
3025067,7.839275921460145
3025068,213.6523601799852
3025069,232.48067225006827
3025070,10.431370210415666
3025071,13.188566917629304
3025072,242.06117523941626
3025073,55.709362577640434
3025074,2198.967726673083
3025075,0.2691812428071583
3025076,10.637565027096308
3025077,6.581959667225589
3025078,0.0
3025079,4.371118535587046
3025080,2489.9793625269235
3025081,0.0
3025082,375.74824941985116
3025083,12.239231299164146
3025084,1073.0609535660628
3025085,691.7446247523395
3025086,144.69792931981246
3025087,76.5821164018971
3025088,89.82455482475355
3025089,3291.135284988643
3025090,27.10977392664535
3025091,1.7033324122019888
3025092,15.561559504095007
3025093,94.41186416657301
3025094,0.18229512849145127
3025095,302.3701298231744
3025096,16.535029738039423
3025097,16.886867768694113
3025098,11.218826447116363
3025099,103.27979733063222
3025100,7.018049204413253
3025101,135.83244457245488
3025102,333.44255384761027
3025103,7.3390516559141235
3025104,10.661113144631381
3025105,107.21188673606048
3025106,47.71583421746818
3025107,1568.2176980357187
3025108,1.0609110915457483
3025109,11.885832466991813
3025110,10.13590339940384
3025111,0.0669732527686417
3025112,1.6882517098445124
3025113,3626.64528158028
3025114,0.0
3025115,701.5091381184924
3025116,5.763006328797964
3025117,1944.2172343963816
3025118,692.6239180709287
3025119,227.9170949936488
3025120,271.21101385561934
3025121,67.24065187420607
3025122,5930.322927545443
3025123,44.5018086935451
3025124,1.6985709111454348
3025125,29.14924769510288
3025126,18.747416787404248
3025127,0.3364894684628312
3025128,379.58159557705324
3025129,5.997935979523052
3025130,16.217960717711247
3025131,7.164974188877385
3025132,56.744758700388275
3025133,2.8568265173009726
3025134,93.88720814276721
3025135,309.8135242788034
3025136,8.176842446768749
3025137,10.402331757832076
3025138,211.7257831319997
3025139,47.139524784821795
3025140,2913.8481795148828
3025141,2.423732779538103
3025142,20.674090937105028
3025143,3.604915243083177
3025144,0.14189879705783742
3025145,3.6876709557120573
3025146,2037.288315339876
3025147,0.0
3025148,321.75532946346055
3025149,4.145729465177303
3025150,787.6541255946984
3025151,614.9986843791914
3025152,172.23282406277718
3025153,126.53529167115985
3025154,70.48664514807743
3025155,3140.2026842331456
3025156,23.17736280145812
3025157,1.2040130650457619
3025158,7.811691301879923
3025159,9.978371963282092
3025160,0.37799122016393705
3025161,219.04814765870356
3025162,16.599000868505733
3025163,18.649260346398634
3025164,2.2182048455806256
3025165,58.656574714022256
3025166,5.109901583264844
3025167,342.97841826205644
3025168,186.63790004226885
3025169,7.095709988263376
3025170,7.695136034458759
3025171,307.5300604069795
3025172,21.05031834121022
3025173,1747.371916155405
3025174,0.0
3025175,20.655897420297855
3025176,3.6948284869979116
3025177,0.2056749420680863
3025178,3.355772536139099
3025179,4551.383182346396
3025180,0.0
3025181,431.16967443375785
3025182,5.870168066770353
3025183,2127.7247381257625
3025184,669.85911882534
3025185,330.0693862031109
3025186,197.01953644144692
3025187,82.93810370368061
3025188,5897.5636819266
3025189,12.708024235064757
3025190,2.013913135119535
3025191,30.650953639704348
3025192,29.67575382141907
3025193,0.2725404619732656
3025194,472.45137664248
3025195,0.0
3025196,0.08796240796780812
3025197,10.873062692792915
3025198,21.929135604759516
3025199,1.8002833433025578
3025200,146.389438715455
3025201,346.9153407071758
3025202,2.7473420437815785
3025203,11.884945542392513
3025204,183.23695356979363
3025205,57.96492556298541
3025206,2199.571989828668
3025207,13.82188909516512
3025208,5.947024709073852
3025209,6.772950451969238
3025210,0.072519759611221
3025211,6.527366366863616
3025212,2438.4825893566626
3025213,0.0
3025214,443.64299092030757
3025215,10.240900029635899
3025216,1333.8984039173965
3025217,685.0843317045152
3025218,231.57458942971328
3025219,137.71490970197124
3025220,97.55502734660104
3025221,3848.3831014058505
3025222,39.35203529340672
3025223,1.3623318326049036
3025224,23.096066743715973
3025225,37.81255463638508
3025226,0.3721178293786762
3025227,238.0338264514894
3025228,16.878918695718856
3025229,15.634412117342112
3025230,8.803814485939723
3025231,105.96573079792212
3025232,7.3575922128298
3025233,191.4924562896777
3025234,385.36510057286955
3025235,12.381894476382579
3025236,8.024363324267632
3025237,191.80837612006115
3025238,46.09624145003707
3025239,1933.379283135703
3025240,1.066745845250939
3025241,6.423881415657631
3025242,3.136582048499546
3025243,0.0343316292199611
3025244,4.974659229398481
3025245,2371.5491709924054
3025246,0.0
3025247,404.69881034319104
3025248,9.144696831123385
3025249,732.242372715796
3025250,739.8339546133128
3025251,154.8693191861656
3025252,125.90774649163862
3025253,100.44147378164858
3025254,3017.621960392126
3025255,34.129875237032024
3025256,0.7854278917958196
3025257,27.074219428678987
3025258,21.351703314095243
3025259,0.0
3025260,189.17401634614896
3025261,18.73421231424408
3025262,31.504637523330967
3025263,5.502527509895464
3025264,42.71364470482263
3025265,6.552786010013438
3025266,216.0972956610109
3025267,189.64993838801868
3025268,9.541674655645682
3025269,9.431018367067743
3025270,195.1095258567915
3025271,37.59839295011996
3025272,2057.762181889463
3025273,0.0
3025274,13.442182798482348
3025275,3.4656930366661878
3025276,0.03043212524340924
3025277,4.095063523598005
3025278,5177.498482493602
3025279,0.0
3025280,563.7720523538995
3025281,15.406456270544775
3025282,1283.9547474192889
3025283,656.9163199353266
3025284,270.0799299539723
3025285,242.249921714712
3025286,63.2116024967409
3025287,5146.09423906044
3025288,11.70144428048108
3025289,0.16119480036983727
3025290,7.620770353381788
3025291,16.37643606123854
3025292,0.13650316025256737
3025293,264.12873756701134
3025294,0.0
3025295,8.451834363209624
3025296,2.4279273398457746
3025297,60.252111456867524
3025298,2.921828757269585
3025299,225.58253094182857
3025300,298.4485032681316
3025301,3.3361604094819595
3025302,2.226783093687689
3025303,261.2888126250041
3025304,134.62140406326887
3025305,1971.3363264695017
3025306,13.36455676662316
3025307,1.3337741092332274
3025308,11.640292588245426
3025309,0.0
3025310,12.83455237421145
3025311,7713.590902285234
3025312,0.0
3025313,1385.781549302453
3025314,22.275740452804556
3025315,2261.4997888702437
3025316,1939.6220126738576
3025317,462.3665196137801
3025318,529.0063677079214
3025319,369.35243280848647
3025320,8049.352299093566
3025321,90.57335676524724
3025322,3.9310677000406185
3025323,113.48035353677733
3025324,119.5575526149162
3025325,0.0
3025326,604.1729929615927
3025327,24.116145839512328
3025328,16.608305785607723
3025329,18.16904926999488
3025330,268.2497115322077
3025331,18.807245286931657
3025332,676.9507001906071
3025333,449.6544958886148
3025334,38.54667207851572
3025335,30.06679391518819
3025336,864.115881450603
3025337,204.93009790631066
3025338,6982.218569252048
3025339,94.67480749711629
3025340,69.07509468504651
3025341,12.573915228936588
3025342,0.0
3025343,11.583595026580257
3025344,7336.964755914963
3025345,0.0
3025346,1017.2524300025015
3025347,18.519914875986935
3025348,2515.5559720177107
3025349,1912.408226023998
3025350,627.311472722651
3025351,335.48354953831875
3025352,262.0359979203674
3025353,9780.763201434436
3025354,146.823155020819
3025355,2.0587454521617468
3025356,14.510012221376757
3025357,91.02789719279453
3025358,0.9035585761736665
3025359,637.1737623366128
3025360,19.31164687693826
3025361,28.72032670881905
3025362,5.660383242912581
3025363,147.32784491054926
3025364,13.098109046491395
3025365,915.7930794087597
3025366,634.2092795563283
3025367,20.618202580461645
3025368,26.20697705390526
3025369,1091.957861137044
3025370,156.47156901492818
3025371,4907.729505388675
3025372,195.17863112648948
3025373,74.04980214233532
3025374,11.534475193832533
3025375,0.0
3025376,15.378921495760308
3025377,4937.959363661846
3025378,0.0
3025379,777.3725561180413
3025380,11.477967981888535
3025381,2269.6745499765893
3025382,1411.7452262576858
3025383,697.414782968808
3025384,145.67404570294934
3025385,215.25812456116125
3025386,8740.623588381966
3025387,55.47151537188134
3025388,2.7960690233555643
3025389,32.11247893773355
3025390,26.805055791418813
3025391,0.2993760573838357
3025392,570.4174384585303
3025393,20.507115689586687
3025394,19.287739619203414
3025395,8.332846907153593
3025396,98.55739703049093
3025397,7.689705217274367
3025398,885.1061356109857
3025399,660.1389718970677
3025400,21.993593520873073
3025401,42.14996934582951
3025402,649.6981032013512
3025403,87.36570785500109
3025404,2185.3880875290483
3025405,128.64273318731566
3025406,34.94353941044689
3025407,12.510979283383838
3025408,0.0
3025409,16.195975019649243
3025410,7122.822095599684
3025411,0.0
3025412,1048.2329940483678
3025413,15.507515417030485
3025414,2248.7701385272007
3025415,1835.2612827748285
3025416,582.7745298802337
3025417,320.1302686025449
3025418,211.45177423316
3025419,9269.059151424632
3025420,50.91067593815372
3025421,2.3646194733724095
3025422,28.68543712098195
3025423,83.6809531580331
3025424,1.4285376337189586
3025425,566.336888844564
3025426,19.444150700575616
3025427,20.60758597284959
3025428,6.715074563433999
3025429,153.90340850508886
3025430,7.9113958457365605
3025431,773.7328313403674
3025432,589.3001739932334
3025433,23.488300809519384
3025434,21.8571893401545
3025435,1059.9425682323242
3025436,142.3890847842236
3025437,4481.528384061509
3025438,148.7309431834014
3025439,51.79271382283865
3025440,12.371106339577029
3025441,0.0
3025442,17.75385917250771
3025443,3729.8454723547343
3025444,0.028380387064889125
3025445,695.7911776762808
3025446,11.40729900960541
3025447,2010.9949154764101
3025448,1138.099668902899
3025449,542.1494211869199
3025450,103.6217348860286
3025451,149.69265100138736
3025452,7435.210059686137
3025453,44.85193119124133
3025454,0.7757446181814411
3025455,19.057425227196024
3025456,54.8873305282163
3025457,0.633846363990887
3025458,540.3558826321088
3025459,14.840527572881733
3025460,6.594019333544925
3025461,2.497972445078649
3025462,86.98063608867947
3025463,4.51708746112048
3025464,805.6934210178886
3025465,619.698724515046
3025466,16.68073845992594
3025467,19.75065138101642
3025468,741.3667034918313
3025469,52.095690426156985
3025470,1490.4410893830932
3025471,90.63520977387327
3025472,14.923765283486063
3025473,12.558286891170576
3025474,0.0
3025475,10.687586939983209
3025476,5419.304165182475
3025477,0.0
3025478,977.4249501506941
3025479,20.271614819122412
3025480,1802.0070861731901
3025481,1851.0253892603669
3025482,377.53913140777775
3025483,436.2572516829956
3025484,279.5909044655616
3025485,6828.16659230831
3025486,83.48231331708932
3025487,1.3762354986511407
3025488,43.63912553414867
3025489,60.90440307346061
3025490,0.4424261936289137
3025491,434.04828745695704
3025492,12.870934483780879
3025493,20.729851420782754
3025494,11.39963182879544
3025495,170.91387867819233
3025496,14.41235442137945
3025497,662.4117867157871
3025498,457.01329659466467
3025499,19.47866670685801
3025500,24.70425057747156
3025501,895.0167347204682
3025502,140.33686922316238
3025503,6302.379032329024
3025504,108.18989292883762
3025505,59.256377365349735
3025506,6.784594967909688
3025507,0.0
3025508,5.545914933069938
3025509,1754.1043894216234
3025510,0.0
3025511,339.9415176298365
3025512,17.587715662337263
3025513,922.6747694886278
3025514,529.6817024431625
3025515,214.55884360786456
3025516,85.68469831368516
3025517,78.70963808586963
3025518,2815.981113631304
3025519,45.410674456042635
3025520,1.4369568362214127
3025521,19.316129180054933
3025522,20.401961753581464
3025523,0.48826669444953374
3025524,215.98510750744217
3025525,13.015060151233358
3025526,7.8426315514028415
3025527,10.05750360936913
3025528,42.527304221398886
3025529,5.442802120091293
3025530,245.6293480393713
3025531,218.0777734343109
3025532,3.761655927528146
3025533,6.363614264058969
3025534,222.17497998030552
3025535,45.17211618508712
3025536,1482.1915016007574
3025537,0.952366194934819
3025538,9.362881339345682
3025539,8.388086963907847
3025540,0.0
3025541,11.244334718015947
3025542,3976.880194919018
3025543,0.0
3025544,492.2337048082276
3025545,26.358902516166903
3025546,1579.3482268629039
3025547,1026.8019488753466
3025548,413.94078193488457
3025549,103.4158570062164
3025550,120.88872418148506
3025551,6230.240318241991
3025552,102.42057552956396
3025553,1.4008392572296806
3025554,35.91459521409124
3025555,45.87064913816023
3025556,0.7418783859502521
3025557,427.0216377564074
3025558,15.405110418465977
3025559,1.3704883808032589
3025560,3.435840558353954
3025561,105.7429912865755
3025562,5.734987611112647
3025563,539.9844418738793
3025564,465.2978379596816
3025565,11.971805446464106
3025566,19.54858839552967
3025567,363.04131197077027
3025568,55.83426513168731
3025569,1909.56353051053
3025570,106.38102262821579
3025571,18.845282832141216
3025572,8.038538427841324
3025573,0.0
3025574,3.8537816873335107
3025575,4031.9280990558227
3025576,0.0
3025577,764.533687877826
3025578,8.472619935052872
3025579,1375.564040027235
3025580,1400.981569415245
3025581,231.97097692714635
3025582,324.1425615313024
3025583,210.4620720481055
3025584,4750.087909130961
3025585,45.481658456679625
3025586,2.4668064891651253
3025587,20.489839668583187
3025588,38.65598528835864
3025589,0.8140523371943675
3025590,308.0792432406189
3025591,2.8721518488164106
3025592,34.313937530845955
3025593,6.8997630239001095
3025594,119.55191641745391
3025595,6.77991018475891
3025596,549.2648958264384
3025597,298.7996274866866
3025598,18.92012641757301
3025599,9.905193804197468
3025600,560.5796518956705
3025601,90.19077178245045
3025602,4792.316221988469
3025603,20.576959746832326
3025604,41.38537128273086
3025605,15.49090775243222
3025606,0.0
3025607,11.389377210709926
3025608,6055.960594126028
3025609,0.0
3025610,1070.0414126543783
3025611,14.73373365966018
3025612,2229.027600026601
3025613,1549.8712032372584
3025614,500.9446346689415
3025615,278.4217757091501
3025616,431.1781618105491
3025617,8082.206906074948
3025618,61.278798652721896
3025619,4.1547051802090875
3025620,74.53015231587865
3025621,70.13779306637173
3025622,0.8212667117053218
3025623,501.4700974401662
3025624,11.706172276037245
3025625,59.912571664762524
3025626,10.559396983213169
3025627,265.3215129828871
3025628,12.586321531766238
3025629,647.1099993538604
3025630,499.3111568728232
3025631,19.827863747708214
3025632,35.302750526943996
3025633,634.3916271708749
3025634,184.22769082706463
3025635,6179.1383395737275
3025636,18.33565523839489
3025637,14.7260281027345
3025638,8.611987297423125
3025639,0.12449372125014793
3025640,2.651779091938323
3025641,1888.25904462012
3025642,0.0
3025643,422.68614126062016
3025644,5.566610026582644
3025645,882.4525863663031
3025646,465.99040481866007
3025647,205.7882721911804
3025648,87.97121577490611
3025649,94.51256180950001
3025650,2832.147422868529
3025651,13.890986695263692
3025652,1.2156231796763954
3025653,22.53557055979183
3025654,22.72874789045317
3025655,0.0
3025656,182.84419010608255
3025657,3.9553097674234463
3025658,9.219277412318007
3025659,6.647640554318445
3025660,70.5107211451036
3025661,3.325629573343124
3025662,257.3040649674972
3025663,205.22621516447572
3025664,4.862783627568906
3025665,5.466178367228545
3025666,170.6305545871367
3025667,45.46746160038997
3025668,1578.1527033835173
3025669,0.0
3025670,1.3708814250162165
3025671,6.568489064204815
3025672,0.0
3025673,2.091367779092424
3025674,3406.2264378261084
3025675,0.0
3025676,244.64039633295744
3025677,1.6457300712730616
3025678,1170.9763456532703
3025679,245.1193168838755
3025680,238.68837359954628
3025681,66.43965430202562
3025682,33.308209875754294
3025683,3271.8256859407406
3025684,6.989849802693467
3025685,0.23051015142045844
3025686,15.555264546850792
3025687,13.900790358189312
3025688,0.18093787907948333
3025689,227.2098962782582
3025690,0.0
3025691,0.0
3025692,3.97345064232835
3025693,23.058562205535637
3025694,0.8439058279293479
3025695,54.202328431642776
3025696,184.23507944453274
3025697,0.0
3025698,1.2083298520662125
3025699,65.80059446710388
3025700,97.83722146618564
3025701,905.7740975465235
3025702,2.46038644492469
3025703,3.8356418683351734
3025704,6.931225307212376
3025705,0.13962525763228872
3025706,6.534120958974833
3025707,3044.082693438465
3025708,0.0304387062192789
3025709,504.10212059497803
3025710,10.81296340134331
3025711,1237.892319269962
3025712,861.756592500481
3025713,322.12164491829253
3025714,162.34649155707686
3025715,133.5830657276308
3025716,4460.872795694079
3025717,41.5376283606815
3025718,1.3830432469530791
3025719,16.325948758078276
3025720,63.75076431181884
3025721,0.2374978475655725
3025722,314.83788925134473
3025723,18.058270030172572
3025724,9.211698593306595
3025725,8.037396178509914
3025726,67.38163504936074
3025727,6.096503470565056
3025728,431.640787424773
3025729,321.2430059015761
3025730,9.084656962189918
3025731,11.720234501337606
3025732,497.09226565528604
3025733,57.08268751256429
3025734,2022.1411095606802
3025735,0.0
3025736,30.131463681467523
3025737,5.6558316279976335
3025738,0.14443343985193016
3025739,5.165970451844568
3025740,3894.6767711758603
3025741,0.14712686709411968
3025742,681.497858964554
3025743,17.395246145185595
3025744,1169.6822290996802
3025745,1271.0835204991683
3025746,192.40653184789466
3025747,284.60796645145774
3025748,212.10253287139844
3025749,4003.667172223817
3025750,52.88952765046697
3025751,3.0964978755779278
3025752,36.71745114094777
3025753,28.407950442619587
3025754,1.0609096670088594
3025755,249.29606487683554
3025756,15.559508670234264
3025757,45.36942623275783
3025758,9.11042821363722
3025759,119.12882078578654
3025760,9.12258325563992
3025761,445.9207217452478
3025762,253.37233924027024
3025763,9.708006633446333
3025764,13.047085301865923
3025765,637.45982770708
3025766,107.98915054558326
3025767,4894.399386726713
3025768,0.3913332117676362
3025769,40.35174804590675
3025770,4.49802825026166
3025771,0.26595869910839887
3025772,8.889832763950452
3025773,3550.3039322145087
3025774,0.0
3025775,692.4817810204737
3025776,18.95243290038582
3025777,1091.8155979690177
3025778,1131.1643512725173
3025779,242.7332013673837
3025780,277.70998591917987
3025781,127.19999302183268
3025782,4212.325471489038
3025783,34.13958651125629
3025784,3.6666634974170593
3025785,39.37555423425201
3025786,47.30813124932274
3025787,0.6905258814888466
3025788,292.747559585744
3025789,19.91076929635633
3025790,32.0304655923738
3025791,21.472349272396873
3025792,100.10287376715435
3025793,12.255730624311006
3025794,355.0803528995971
3025795,281.0586782184512
3025796,17.241074682665896
3025797,18.97347377970691
3025798,483.6583910015002
3025799,99.0825784919604
3025800,3540.0381582639197
3025801,0.5093960872797355
3025802,31.421534703628602
3025803,13.694860108060151
3025804,0.4003003095354589
3025805,7.115062509903179
3025806,3460.7841134054306
3025807,0.0
3025808,520.9621192463865
3025809,12.133687476833398
3025810,1706.4197323479768
3025811,822.197683046951
3025812,553.1393220938066
3025813,195.0000315987923
3025814,85.3142637655424
3025815,6948.746622425425
3025816,15.90173199113151
3025817,1.5367634044203868
3025818,12.524984878653461
3025819,38.539471775383916
3025820,0.2741671028806896
3025821,454.5320183704427
3025822,14.915059783865402
3025823,7.187043327956555
3025824,7.70793577150409
3025825,39.99980296952641
3025826,2.083691886287303
3025827,346.0173696307538
3025828,458.5089146713566
3025829,7.340563563652033
3025830,7.633585220367727
3025831,387.889288695759
3025832,103.24884714268234
3025833,2264.806289660731
3025834,46.44889266116788
3025835,18.7218569697833
3025836,5.299417731395827
3025837,0.0
3025838,3.7113231081304807
3025839,2368.7252566738175
3025840,0.19650443210575758
3025841,394.6909041293921
3025842,15.828293314612427
3025843,841.1623152562706
3025844,805.7371974753597
3025845,140.83770000874944
3025846,157.91710453721333
3025847,159.6493704162318
3025848,3003.5010788629
3025849,26.75240870125166
3025850,2.0458008580514573
3025851,23.49890729437376
3025852,27.595873685916153
3025853,0.5981330097964893
3025854,203.32396835782262
3025855,16.214102414106556
3025856,22.722142341613168
3025857,10.389790688255463
3025858,99.71143975750152
3025859,6.940029947701673
3025860,298.5560645505268
3025861,159.4785929277861
3025862,5.289106340303172
3025863,10.69775756052989
3025864,363.6722574985851
3025865,58.197756287033414
3025866,4089.062934985077
3025867,0.17096865318509935
3025868,28.988258308714602
3025869,1.8472519796211673
3025870,0.0
3025871,1.9601924730762461
3025872,1156.8250198339056
3025873,0.0
3025874,88.66973852322428
3025875,3.108549194532338
3025876,765.7741397657469
3025877,393.76949965946557
3025878,231.21890232362168
3025879,35.465457037345054
3025880,30.050983966590756
3025881,2498.0727787900605
3025882,6.605236391563204
3025883,0.2829993159447014
3025884,11.51092995407157
3025885,8.260184663538253
3025886,0.1711778710291882
3025887,149.65735197699254
3025888,0.0
3025889,0.0
3025890,1.7046905181161112
3025891,11.079564633319158
3025892,0.38514302047925386
3025893,159.69203699391247
3025894,160.40505115655074
3025895,0.7632380306803108
3025896,2.159146332784502
3025897,132.75589042644768
3025898,19.119420535622385
3025899,220.34283409906905
3025900,0.27592224859031206
3025901,0.8460309665851288
3025902,7.1305700930071945
3025903,0.2249366742192556
3025904,3.834207265285311
3025905,4310.003223799499
3025906,0.0
3025907,580.9198708184716
3025908,8.31179918222978
3025909,1868.1346312776009
3025910,687.3424407340668
3025911,479.4733028887271
3025912,214.43143556478182
3025913,87.2017989935218
3025914,7510.1498270017055
3025915,35.63974044838094
3025916,0.7466178619343274
3025917,10.49611298285239
3025918,19.647309743393816
3025919,0.28539441762978934
3025920,489.498878822637
3025921,14.611832064819255
3025922,0.0
3025923,9.67156623634261
3025924,46.81396516571866
3025925,1.744953428637527
3025926,638.5177067592602
3025927,400.1373755926639
3025928,3.0232074899539736
3025929,12.570183647856
3025930,404.66962570472214
3025931,99.13600978897107
3025932,1215.1900355589655
3025933,8.93148429154686
3025934,8.154002997437432
3025935,5.552001148065508
3025936,0.0
3025937,1.8662377395122978
3025938,1627.345129560192
3025939,0.0
3025940,200.07218126573454
3025941,13.281876079058302
3025942,1019.5808414261528
3025943,541.0911327069819
3025944,229.32671259311536
3025945,40.32668042311643
3025946,34.59179050787851
3025947,3186.9393856728575
3025948,10.333266182077868
3025949,0.26707701455383764
3025950,11.325948375044183
3025951,17.538294050659815
3025952,0.5878617780233751
3025953,187.93457721456295
3025954,10.767700561988276
3025955,0.0
3025956,3.691735703717684
3025957,35.05099556556935
3025958,1.5440984636186907
3025959,127.93307890375051
3025960,185.46931517582416
3025961,1.8295300496764668
3025962,5.8469463618720985
3025963,135.2559244416086
3025964,39.154155761269706
3025965,331.0456844963046
3025966,1.547569302641259
3025967,4.830036251040211
3025968,4.677684435890786
3025969,0.0
3025970,4.6802646914649415
3025971,1481.3453853510239
3025972,0.0
3025973,118.12522492260541
3025974,7.145952393026299
3025975,804.7494057533604
3025976,338.34607319974657
3025977,149.65442035460765
3025978,58.82577308608096
3025979,30.239736448600443
3025980,2860.950007153203
3025981,14.898801158814933
3025982,0.13941858631963966
3025983,9.220124481242202
3025984,8.288621513711272
3025985,0.18682015789544204
3025986,147.88966190048612
3025987,1.7262765236352529
3025988,0.0
3025989,3.9051106243263756
3025990,25.354345316865984
3025991,0.5843913283621021
3025992,140.85912704075142
3025993,181.1579059117638
3025994,0.5821404879872233
3025995,5.619209028455676
3025996,50.74875606977908
3025997,32.13663326473633
3025998,163.4445138202862
3025999,0.5134715386255837
3026000,3.052104873923614
3026001,3.482319707853359
3026002,0.0
3026003,3.3008355978898916
3026004,1427.048143212023
3026005,0.0
3026006,153.5875370344208
3026007,8.014938860556295
3026008,1495.199983152443
3026009,485.6512986018595
3026010,232.30863261057465
3026011,27.68812443302445
3026012,46.06791117574238
3026013,3169.2744074754487
3026014,12.298461177712115
3026015,0.5085875983952464
3026016,6.92593873433365
3026017,25.243571777720256
3026018,0.08275315712756119
3026019,208.40551314347107
3026020,2.264587204012829
3026021,0.0
3026022,3.8075798491377957
3026023,14.37253598013075
3026024,1.2355725882381579
3026025,167.98159868058187
3026026,285.00039401282334
3026027,1.403134340293472
3026028,4.066619792471737
3026029,72.1754028722734
3026030,92.53290030501277
3026031,324.12905472021083
3026032,0.8052513222603147
3026033,3.195244379204161
3026034,3.415511909263315
3026035,1.3006439407794224
3026036,4.302424679206718
3026037,1710.0973146187853
3026038,0.0
3026039,157.00332776290554
3026040,0.7181185948907673
3026041,1012.8120213512794
3026042,469.45939588492314
3026043,273.50943000968823
3026044,68.85864159295501
3026045,63.277835027415335
3026046,2968.178792837008
3026047,10.178253520873547
3026048,0.9243653015989678
3026049,17.07594105320767
3026050,19.130906889469422
3026051,0.2933793077110548
3026052,237.65249190356766
3026053,8.105861855023193
3026054,0.0
3026055,5.124062651110533
3026056,20.628448734304417
3026057,1.4817241463353148
3026058,150.88897729237462
3026059,185.90246630425352
3026060,0.8183832765954173
3026061,5.413504601755683
3026062,107.74716140771349
3026063,46.67930198873642
3026064,598.3723894887257
3026065,0.7408608896706302
3026066,5.796067268202307
3026067,3.52843676104652
3026068,0.11954114592269356
3026069,2.7726582404883424
3026070,1471.4665145770946
3026071,0.0
3026072,141.08423429425252
3026073,4.22089066628363
3026074,1744.199110916025
3026075,261.0498481009659
3026076,146.25529793808528
3026077,122.50660139540699
3026078,25.409444860403088
3026079,2493.6399084518102
3026080,7.065255331913928
3026081,0.4180844825327403
3026082,6.488028130522747
3026083,11.837406137921777
3026084,0.2328030873050448
3026085,171.42106232337065
3026086,0.0
3026087,0.0
3026088,2.0466108244714873
3026089,42.950987843070294
3026090,0.6101966774536142
3026091,55.11033939673202
3026092,130.43793697956016
3026093,1.0145655339180302
3026094,2.24482549035604
3026095,64.90060142745925
3026096,29.755636173095834
3026097,463.61418961111355
3026098,11.623416701631722
3026099,1.4019266885608765
3026100,7.20607193957594
3026101,0.6743327757127291
3026102,2.8337008850900154
3026103,2802.974576607361
3026104,0.0
3026105,278.38886264874606
3026106,5.461032852443499
3026107,1025.2520730259455
3026108,953.6183978055893
3026109,466.3824448012896
3026110,129.9679301208113
3026111,92.16943885235897
3026112,4428.33598088383
3026113,16.073998637360393
3026114,0.8155694512286813
3026115,14.417247834185183
3026116,7.590127592067089
3026117,0.3162845824275013
3026118,271.4406097881036
3026119,1.3252846122484383
3026120,0.0
3026121,4.173669168213158
3026122,29.309747905015655
3026123,2.514512950773697
3026124,266.92058494890927
3026125,253.62658022634554
3026126,1.3651606797781255
3026127,6.14211477839455
3026128,307.0143925399889
3026129,42.93340912364787
3026130,1158.2434519360554
3026131,1.688461183520234
3026132,12.556566448485833
3026133,4.245390712596975
3026134,0.2613781780076483
3026135,3.7810926291325107
3026136,1786.521866835532
3026137,0.0
3026138,525.8037753879056
3026139,6.855942126101489
3026140,511.3941110303741
3026141,708.7626362746922
3026142,189.25065808771936
3026143,140.50532135399038
3026144,51.236094988591105
3026145,2635.28632580914
3026146,10.587085464735786
3026147,0.7097842367063072
3026148,23.79073895899162
3026149,14.188236386013534
3026150,0.3491294777842231
3026151,164.8039903868854
3026152,11.369861916318266
3026153,2.4794134047862384
3026154,5.595381347328865
3026155,50.05693936066185
3026156,1.3031517158813377
3026157,86.47006454483807
3026158,139.38326321340355
3026159,4.934322850310278
3026160,5.620155487602865
3026161,144.34934295153033
3026162,57.78722635116352
3026163,1307.6498896758962
3026164,13.8010338815492
3026165,10.762227649156479
3026166,5.346066286236482
3026167,0.23473659964588528
3026168,3.680714596274376
3026169,2316.1765411846663
3026170,0.0
3026171,151.44471301412582
3026172,6.1164307864132414
3026173,883.3639781381164
3026174,347.222649557997
3026175,268.1082284759908
3026176,53.84158895872333
3026177,52.20359985475531
3026178,3261.9632879808596
3026179,31.522506507252356
3026180,1.16029102565374
3026181,11.035833910280257
3026182,18.00289185667817
3026183,0.06123240278723266
3026184,176.65179478536072
3026185,7.0211132095587265
3026186,0.0
3026187,4.023949040672895
3026188,29.02987334661673
3026189,2.2841158431508783
3026190,112.48843014527858
3026191,179.21261860111747
3026192,1.138471099865446
3026193,4.583855360919968
3026194,78.72061162273741
3026195,24.214976549604344
3026196,348.7135049398559
3026197,0.5877373532256521
3026198,2.6760870351702692
3026199,4.77178239101283
3026200,0.02737073064908781
3026201,6.007398794952183
3026202,2650.860427733645
3026203,0.0
3026204,610.282868142513
3026205,10.425620887011357
3026206,948.0526201657476
3026207,807.3959835532122
3026208,207.44893868043502
3026209,163.21154822870804
3026210,109.98983182340045
3026211,3841.218697932376
3026212,42.19583908235769
3026213,0.6729770619330909
3026214,8.307130281702515
3026215,46.067512767960125
3026216,0.39830056005320036
3026217,243.67506792256123
3026218,19.92217803660578
3026219,15.142667790247597
3026220,5.741726043280879
3026221,69.04341990647744
3026222,5.979004105701606
3026223,485.2199376445793
3026224,224.40801023490076
3026225,8.836878867840648
3026226,9.135174375877787
3026227,429.8549051783229
3026228,85.17435534419312
3026229,3327.5250476678284
3026230,0.0
3026231,33.64789857692416
3026232,8.522661511484053
3026233,0.0
3026234,4.26487555036057
3026235,3191.831617919646
3026236,0.0
3026237,414.1479819145496
3026238,7.939559098270282
3026239,1647.4240683141159
3026240,874.4858172405708
3026241,558.4520319494841
3026242,89.52007669679155
3026243,69.3825919754275
3026244,5360.843225750922
3026245,15.560408651736363
3026246,0.7286981233273621
3026247,20.236740219036232
3026248,16.51338076986393
3026249,0.10869631283278587
3026250,326.6213917114729
3026251,2.129064670248201
3026252,3.4145677706647803
3026253,4.501896001081511
3026254,43.13724357111722
3026255,0.5261238623625034
3026256,302.70280060065556
3026257,314.72848544577937
3026258,4.778617469866985
3026259,3.5026585833067885
3026260,255.2769480323065
3026261,41.165802504414934
3026262,722.9651416447721
3026263,14.013459158289036
3026264,13.899461440830395
3026265,8.70556301402901
3026266,0.3172080240699131
3026267,3.5855017132200673
3026268,2657.09715087616
3026269,0.0
3026270,396.4553975608058
3026271,6.545440717086758
3026272,1912.3565284610063
3026273,671.1633767663203
3026274,297.7047169008909
3026275,214.84329360738843
3026276,91.57267627051603
3026277,4192.843749207177
3026278,16.83179265946217
3026279,0.8786004630538361
3026280,34.5760424825211
3026281,56.78454190918803
3026282,0.30337470210179324
3026283,298.12123157613235
3026284,2.8187767051989505
3026285,0.6066278827880838
3026286,12.076376493725409
3026287,68.22538577533365
3026288,1.284699106392411
3026289,106.89991472423549
3026290,263.4896219136751
3026291,3.0639312120196402
3026292,4.892329434285736
3026293,151.865985431161
3026294,137.28241666404233
3026295,1175.8799886533654
3026296,9.589463835112582
3026297,6.2213484771482275
3026298,4.013595956213784
3026299,0.1964100841289999
3026300,3.6217003400873327
3026301,1669.3566073885997
3026302,0.0
3026303,140.9249061555482
3026304,6.590606843648847
3026305,779.944605785179
3026306,383.6553541439176
3026307,146.0645619112177
3026308,57.34042281103117
3026309,41.605404935622076
3026310,2687.988738993189
3026311,11.82864682679398
3026312,0.8882160071563667
3026313,16.395252747821615
3026314,18.80213862188326
3026315,0.11645991491465316
3026316,187.0494015822336
3026317,3.048367067179968
3026318,0.0
3026319,4.805939432409455
3026320,69.95553788718702
3026321,1.0466208061033737
3026322,111.50010250271421
3026323,173.92817311443136
3026324,1.1604904443317285
3026325,4.8591232139694895
3026326,150.0629567138474
3026327,42.420310307422476
3026328,467.16594450234237
3026329,0.7290196616478105
3026330,2.5076056532584654
3026331,1.7936200298838185
3026332,0.0
3026333,1.1175783116660463
3026334,1389.40727357499
3026335,0.0
3026336,272.8494123329761
3026337,8.87864141578507
3026338,583.322869235697
3026339,483.8681121266205
3026340,123.47746397668128
3026341,50.77168684960097
3026342,66.1719682622612
3026343,2230.475110236176
3026344,29.675756935499525
3026345,0.504096324627269
3026346,13.59052471996139
3026347,14.971036741249327
3026348,0.24601584928439532
3026349,129.5290164439615
3026350,11.845829320207724
3026351,0.0
3026352,2.8759581978563307
3026353,37.43634862491842
3026354,4.002082431873083
3026355,525.4989871528397
3026356,148.19836843284904
3026357,4.819771209998644
3026358,6.64212098755526
3026359,332.16911095023886
3026360,30.958608201987243
3026361,1576.8578507609143
3026362,0.0
3026363,6.054335385232156
3026364,3.781836303712964
3026365,0.0
3026366,4.121609148884064
3026367,3743.319456174271
3026368,0.09405828060675428
3026369,787.0714205898997
3026370,18.288676618143683
3026371,1261.4337507503105
3026372,1353.536895420558
3026373,282.14434580033213
3026374,260.9521537691298
3026375,179.0187802210002
3026376,4470.403703373398
3026377,39.10535602946598
3026378,1.0486569432567436
3026379,21.091290124601084
3026380,43.055413259371505
3026381,0.14685304827487008
3026382,287.8195745242657
3026383,12.12375865328306
3026384,39.873782422332816
3026385,11.66671487358094
3026386,75.33261156646165
3026387,11.110478423703658
3026388,413.7987951470237
3026389,287.519234596879
3026390,18.874122976767566
3026391,10.350560754280052
3026392,586.267894022946
3026393,119.57077148635477
3026394,6100.227120908809
3026395,0.8359982479193242
3026396,25.89622720910989
3026397,2.2457917683851663
3026398,0.06302381219264055
3026399,2.5847195789870225
3026400,1552.20261568419
3026401,0.0
3026402,315.94639029231155
3026403,3.930514768824806
3026404,413.280267672539
3026405,512.1503262073907
3026406,130.6940579511637
3026407,106.54176295698858
3026408,25.889525450230337
3026409,1707.8307186896495
3026410,17.785523076035005
3026411,0.505225300302432
3026412,11.624740834439482
3026413,14.790869666773883
3026414,0.10750344629679877
3026415,89.64694743748134
3026416,0.0
3026417,26.653575166798657
3026418,1.9893807665638883
3026419,97.23242182427111
3026420,3.9839581583319275
3026421,210.190385748293
3026422,94.28919080922056
3026423,5.3831154844173
3026424,5.030202953940672
3026425,172.10872936743377
3026426,34.62178361645528
3026427,2496.542741758638
3026428,3.37747870588195
3026429,2.142073004428841
3026430,4.72275218820134
3026431,0.0
3026432,0.03441462523135884
3026433,693.3614054526382
3026434,0.0
3026435,221.53064366030563
3026436,6.085146502678979
3026437,501.2971603812127
3026438,263.4985418757496
3026439,85.58744960524493
3026440,37.63012692189168
3026441,32.92470348450073
3026442,1624.5971251250303
3026443,14.74463334887859
3026444,0.8942050259155787
3026445,11.975027120680904
3026446,11.45633947494732
3026447,0.4635832903684235
3026448,87.8296013499435
3026449,0.08136398758610772
3026450,2.5815442807673383
3026451,0.07450771921968664
3026452,19.828308890217293
3026453,0.1688936508509222
3026454,274.2390233890743
3026455,129.01544125464176
3026456,2.9452478408022653
3026457,1.6390859467195515
3026458,138.19029556057222
3026459,22.895296424340852
3026460,971.0533509408061
3026461,1.7627746173542869
3026462,2.3033299385167956
3026463,4.765503257497309
3026464,0.3238022151866777
3026465,2.178959062418151
3026466,3057.786475717761
3026467,0.0
3026468,606.7440104540567
3026469,12.063089939558525
3026470,915.8926923744679
3026471,966.5139177192993
3026472,286.4744345533232
3026473,257.41850897062346
3026474,109.50153461251585
3026475,3869.9646427974367
3026476,23.725383709653595
3026477,2.5106739159319647
3026478,23.818584566809292
3026479,25.120960840046983
3026480,0.41215422785625927
3026481,231.6773690413525
3026482,3.543130757903255
3026483,24.756679950892806
3026484,6.760133143059136
3026485,91.84304441478125
3026486,2.896293130479929
3026487,276.3120045413672
3026488,217.23453032834314
3026489,10.762123326212436
3026490,7.767079385683917
3026491,364.2045595268104
3026492,78.07260618213778
3026493,4158.646538301225
3026494,0.9183757554318421
3026495,17.584643849867785
3026496,5.599545747155518
3026497,0.0
3026498,3.251136836648789
3026499,2832.4924056911473
3026500,0.0
3026501,588.7856678865802
3026502,15.199859165207325
3026503,1061.1623536130653
3026504,888.9505511792734
3026505,365.91652199934776
3026506,214.44931225340892
3026507,53.77531010438997
3026508,4462.954877834959
3026509,13.260428147460418
3026510,1.0931116112884383
3026511,29.01636620309212
3026512,15.648152232533807
3026513,0.9878030596495326
3026514,264.27693591768514
3026515,0.0
3026516,7.5031330513341725
3026517,6.7016764510060804
3026518,30.979258368937607
3026519,0.9889339061377173
3026520,168.72405733183092
3026521,265.5723756396665
3026522,5.564972290241693
3026523,4.591556526215646
3026524,198.4373137241755
3026525,79.10412463130966
3026526,1261.0240623279576
3026527,17.909160921326297
3026528,0.4693452031378819
3026529,5.918497401051244
3026530,0.5793184866738089
3026531,2.3199661216058938
3026532,2754.389283839021
3026533,0.0
3026534,572.2265696466749
3026535,10.266766028335098
3026536,895.9346697786659
3026537,784.3783416011435
3026538,254.8884125289069
3026539,188.71080839147376
3026540,55.344628396396445
3026541,3648.3091721653304
3026542,14.694325935351957
3026543,1.164696835556027
3026544,24.020096948382246
3026545,13.501920346957716
3026546,0.35464611889450864
3026547,243.0351232066047
3026548,0.0
3026549,5.826003969408221
3026550,5.738285442266883
3026551,49.54135417849734
3026552,1.3069000045927084
3026553,104.48196047947799
3026554,255.29515147013058
3026555,4.53371576622128
3026556,2.843969437857063
3026557,166.30027686400413
3026558,57.095170945803105
3026559,889.8663908132171
3026560,11.589594842512318
3026561,5.104124179160213
3026562,11.145346439623555
3026563,1.4842424634340732
3026564,11.524843313775502
3026565,7578.659138840746
3026566,0.0
3026567,1168.9008753185897
3026568,40.69798419450397
3026569,2070.5682640700225
3026570,2086.1197248323724
3026571,328.58224094966886
3026572,491.7876428764303
3026573,344.3069647739098
3026574,7795.287618423391
3026575,91.25491172683022
3026576,3.080627494871212
3026577,48.76299055208644
3026578,55.89180843396296
3026579,1.618691563650194
3026580,526.6699976347169
3026581,31.821380190440127
3026582,70.95457778839676
3026583,20.55206660873695
3026584,188.86577475731852
3026585,18.79832849282718
3026586,662.6273998790314
3026587,476.4947053495057
3026588,16.002916831615945
3026589,17.340187390651693
3026590,1037.4911224787106
3026591,194.69873246804264
3026592,10675.991667379758
3026593,1.194458447757541
3026594,76.0883191314763
3026595,2.6483707481910432
3026596,0.46676042884235497
3026597,1.1096279764207782
3026598,1330.9849764880007
3026599,0.0
3026600,141.30324143280868
3026601,3.427662192295901
3026602,984.9054588284348
3026603,305.7088029633932
3026604,110.73221689651902
3026605,113.15748019626311
3026606,43.20042038290332
3026607,2425.847131841536
3026608,6.169336191674369
3026609,0.28341815964213557
3026610,10.011280111296895
3026611,8.058172200792061
3026612,0.2661838291430839
3026613,152.25644712438364
3026614,0.0
3026615,0.0
3026616,4.30928977690892
3026617,57.997619901936126
3026618,0.41817866961931155
3026619,56.755109335453334
3026620,84.33117722867793
3026621,1.5499781160003656
3026622,4.532050287395888
3026623,104.17441338725723
3026624,15.964830775053336
3026625,430.90093432454836
3026626,6.110300265073837
3026627,3.222024800970696
3026628,8.507378110392768
3026629,0.11014134185672846
3026630,3.889946082265286
3026631,3046.93914336678
3026632,0.0
3026633,468.89780791291383
3026634,8.859129458148006
3026635,1288.4577776985527
3026636,765.6159039380519
3026637,222.77863008479528
3026638,260.9855901658649
3026639,76.1336577556828
3026640,4360.674874596655
3026641,14.449365985163764
3026642,0.19466179754637195
3026643,17.672711750136337
3026644,15.198916109729398
3026645,0.02327522670630259
3026646,271.27224221521027
3026647,1.9232251257643864
3026648,1.242564604457916
3026649,12.075699467090464
3026650,14.651512097251027
3026651,1.1736856197461067
3026652,296.2866815094704
3026653,258.7616542167073
3026654,4.865303451581602
3026655,6.525471716199441
3026656,112.84416780246897
3026657,64.74089867182524
3026658,1081.4253773215132
3026659,14.298670851509465
3026660,6.213902353861939
3026661,1.2842589062675707
3026662,0.0
3026663,0.7593734790980119
3026664,855.5501007241875
3026665,0.0
3026666,105.96516199699926
3026667,2.0465858344705943
3026668,960.8781364890503
3026669,180.05909669571125
3026670,81.90425446217061
3026671,170.2569364689854
3026672,12.354409357391608
3026673,2406.2232761197192
3026674,2.3835706497291698
3026675,0.15939522996779065
3026676,8.226422556387819
3026677,3.0216798093569275
3026678,0.13395318406275727
3026679,92.22246947425538
3026680,0.0
3026681,0.0
3026682,0.9629986252604906
3026683,10.825465051227816
3026684,0.34318331313894024
3026685,67.39926834142413
3026686,73.11824574164038
3026687,0.889550156092002
3026688,1.4534128510889794
3026689,48.67724988878281
3026690,10.170902501261192
3026691,131.01175842746636
3026692,7.347317213260176
3026693,1.8244461309701947
3026694,8.123983526861096
3026695,0.0
3026696,3.2427845665736816
3026697,1818.9355502657984
3026698,0.0
3026699,208.2414828925185
3026700,10.049305271073143
3026701,979.9086568596035
3026702,506.89387406168987
3026703,175.5445997306749
3026704,138.59864779495845
3026705,57.32079694338537
3026706,3139.5730184438444
3026707,4.396456032426085
3026708,1.0419124486236815
3026709,17.355433000120986
3026710,13.95570423831289
3026711,0.10383824059744169
3026712,228.67427973286757
3026713,0.0
3026714,0.0
3026715,15.257949836520364
3026716,20.19305007142693
3026717,0.6674547163712844
3026718,244.43935737434114
3026719,217.47237846683126
3026720,2.150418129319101
3026721,5.989690205372292
3026722,202.86547590970844
3026723,29.31389045093033
3026724,1183.1496505635114
3026725,4.56041798013434
3026726,0.9674175246130267
3026727,3.7876381375017814
3026728,0.3276783890280615
3026729,2.4443824255326496
3026730,1914.1964787021257
3026731,0.0
3026732,604.6255722371936
3026733,4.480854658235045
3026734,765.9593802821291
3026735,726.7863881510573
3026736,214.68546940004023
3026737,91.21201660137743
3026738,63.11825130704937
3026739,3512.924833603165
3026740,4.350264981514218
3026741,4.38635293988951
3026742,12.468521283378927
3026743,37.10293546163302
3026744,0.020513872054572318
3026745,189.79502518955044
3026746,2.6397133522940504
3026747,1.7224213140776603
3026748,4.345098106110713
3026749,26.854243341770715
3026750,1.5760735465594264
3026751,170.5729872532822
3026752,227.62229253450357
3026753,3.883894764827574
3026754,6.8344841376727095
3026755,140.83255198497432
3026756,31.361049091030754
3026757,590.6955071042919
3026758,16.617944334868977
3026759,5.4017530038285715
3026760,3.3729028130826095
3026761,0.02654707626823454
3026762,0.6413659976221857
3026763,1309.327926200118
3026764,0.0
3026765,78.16928285337086
3026766,3.159963982440051
3026767,448.3126174711082
3026768,215.89438553642265
3026769,81.49600772393485
3026770,142.37431732243988
3026771,17.56141949054638
3026772,1740.6157931493615
3026773,6.618732494739571
3026774,0.669661729917755
3026775,14.147762053782229
3026776,8.942962606288008
3026777,0.2099165755319401
3026778,100.31458643724818
3026779,0.0
3026780,0.0
3026781,0.30845008595282025
3026782,21.192276727853983
3026783,0.36036837375245645
3026784,175.70005672764498
3026785,92.09650334878506
3026786,0.7991338051379699
3026787,1.2307588615659302
3026788,31.14924254961945
3026789,15.054747599377325
3026790,298.26352542122504
3026791,2.807829414746918
3026792,0.7844636250713896
3026793,5.0116767279484495
3026794,0.018773835261148602
3026795,1.5755192576339994
3026796,3086.857821896749
3026797,0.0
3026798,424.26874079827763
3026799,8.92895836092998
3026800,857.7708927117995
3026801,681.2523390005517
3026802,217.3194493546753
3026803,135.77989180497852
3026804,51.89917797001949
3026805,3871.37327568153
3026806,9.269789967737884
3026807,0.5873396183805034
3026808,29.315877709762603
3026809,8.26943716245045
3026810,0.2814540363654406
3026811,212.17940664140957
3026812,0.0
3026813,23.312914927143446
3026814,4.780035332387993
3026815,22.550270210366364
3026816,0.11723622113913111
3026817,208.42166996881096
3026818,213.8682420659029
3026819,2.4581241440582136
3026820,4.238002522647484
3026821,109.68149693568557
3026822,44.80293047676489
3026823,1032.1693950668703
3026824,30.305797769496223
3026825,1.0943058897127558
3026826,4.920131369137202
3026827,0.0
3026828,5.859024089469656
3026829,3051.448688509497
3026830,0.0
3026831,566.7024894296113
3026832,8.701348269459174
3026833,1188.324815795495
3026834,956.4039568413048
3026835,162.31273152350408
3026836,144.7301899942356
3026837,128.3315325287826
3026838,4092.25339633341
3026839,66.58915633125093
3026840,2.0668520428624855
3026841,26.77608261842596
3026842,36.28302685070648
3026843,0.5944581443827017
3026844,271.6122242789288
3026845,20.784168318795118
3026846,33.07856192745851
3026847,1.8030818551098384
3026848,92.32499356083873
3026849,6.870775839638318
3026850,224.07699655177868
3026851,269.2719118798894
3026852,14.033645993504367
3026853,14.92529007661155
3026854,288.4205549792057
3026855,62.243225436076685
3026856,4068.231847375596
3026857,0.0
3026858,13.898170007994949
3026859,7.087690092495128
3026860,0.0
3026861,5.053348043350797
3026862,2396.198936752338
3026863,0.0
3026864,462.4294914467822
3026865,10.497613666653402
3026866,1266.963326510589
3026867,887.2589397386149
3026868,155.31885446525268
3026869,87.77646688711427
3026870,155.57901656264318
3026871,3941.587577008844
3026872,33.63046102519609
3026873,1.7293842592583075
3026874,23.271463501388514
3026875,100.76225785814803
3026876,0.10246778172384927
3026877,335.30489862073046
3026878,18.449172686276338
3026879,18.92916245812587
3026880,10.688047624738854
3026881,134.76558468235518
3026882,7.593259528970959
3026883,192.55857395407222
3026884,431.9247136769093
3026885,8.94088629863888
3026886,11.546724802343043
3026887,141.896225191066
3026888,64.8987318514579
3026889,3260.580519904644
3026890,0.2611665634999906
3026891,15.744894405615314
3026892,8.081512271560799
3026893,0.0
3026894,1.759117728205548
3026895,3381.511139108504
3026896,0.0
3026897,620.9683395999161
3026898,7.612007376621242
3026899,1875.058629963614
3026900,690.086126731977
3026901,202.80191291839466
3026902,265.3608420163796
3026903,53.965700397925566
3026904,5635.089062403783
3026905,34.608117148537275
3026906,1.8686578074363926
3026907,22.212243849761585
3026908,16.776635028928407
3026909,0.23990352337437548
3026910,320.7600526714846
3026911,3.7450229883087482
3026912,15.379211282613927
3026913,5.57095895954054
3026914,53.336650673876015
3026915,2.4111406842271226
3026916,73.76589405382998
3026917,279.30392356355867
3026918,7.49651929502545
3026919,9.13258523079593
3026920,190.50577252868098
3026921,43.62208242186813
3026922,1337.307952136399
3026923,2.698643883328572
3026924,15.33634540731063
3026925,3.6058182805036654
3026926,0.25744463588376526
3026927,3.8623775310285287
3026928,2159.4943696625187
3026929,0.0
3026930,349.48547431253184
3026931,5.880663033190319
3026932,842.3647208863451
3026933,715.1870823211729
3026934,174.07230919944598
3026935,132.60164137714227
3026936,91.79969495443079
3026937,3211.347434608815
3026938,22.448117522773416
3026939,1.1804359460273393
3026940,11.46832010721395
3026941,11.617176842310016
3026942,0.3105383061326436
3026943,220.24963515103016
3026944,14.883264861763715
3026945,23.25528785327851
3026946,2.406322866763704
3026947,60.57149035138125
3026948,4.542598665450653
3026949,359.9497975458791
3026950,193.34500581662888
3026951,6.757417990944901
3026952,8.978102505114716
3026953,322.39866744543735
3026954,23.17512101146596
3026955,3118.258581938688
3026956,0.0
3026957,21.625115614883562
3026958,3.5681962714370834
3026959,0.0
3026960,2.8060171640197265
3026961,4540.294018536464
3026962,0.0
3026963,372.51749898262585
3026964,11.815623960584341
3026965,2007.6362437641815
3026966,812.1127744184117
3026967,289.5492184470841
3026968,166.64109583145583
3026969,66.16021820414153
3026970,5669.658645466773
3026971,13.569397627041733
3026972,2.4296184770179905
3026973,23.008740922443856
3026974,22.68376349461064
3026975,0.20872450747237242
3026976,443.8258588690922
3026977,0.0
3026978,0.10735843000227843
3026979,11.022472529998819
3026980,26.283324268032736
3026981,1.0404571226668444
3026982,140.39176309897772
3026983,349.5958151837364
3026984,3.598831240065214
3026985,10.247442640148913
3026986,166.10254790159107
3026987,61.250676599038236
3026988,1037.247546665414
3026989,11.902311198319461
3026990,4.96526339607976
3026991,8.682034568946122
3026992,0.0518499142399417
3026993,6.935729364673214
3026994,2518.850542709463
3026995,0.0
3026996,499.19338995576936
3026997,10.520297971849633
3026998,1565.4139122468853
3026999,762.7703631598644
3027000,241.76134714878083
3027001,148.22474831136523
3027002,121.58856118542822
3027003,4596.146404798934
3027004,42.09787040179578
3027005,1.422878132159894
3027006,24.562028450374143
3027007,39.99183550775772
3027008,0.44594236765696643
3027009,257.45545121092556
3027010,17.62331837390912
3027011,18.323408589881634
3027012,8.288446071940735
3027013,117.44674991231265
3027014,8.658109403773617
3027015,215.5060329473813
3027016,442.33259788819805
3027017,14.223364014912
3027018,9.18042464826408
3027019,214.43569017368247
3027020,64.59176145172812
3027021,3033.9712060174356
3027022,1.1256483031049824
3027023,7.9004736886037845
3027024,3.2130173010200993
3027025,0.0
3027026,4.871773777522377
3027027,2683.7839555843843
3027028,0.0
3027029,473.011230128949
3027030,10.294217575713969
3027031,865.7605947432314
3027032,862.2197912491629
3027033,170.88830001564347
3027034,147.18472454393958
3027035,118.16217202473496
3027036,3477.539224742002
3027037,41.31176707027305
3027038,0.9434666456794328
3027039,19.420693354347566
3027040,17.733874854073264
3027041,0.22817735019936042
3027042,224.82248782198067
3027043,18.680676142942144
3027044,44.97048012040745
3027045,6.420216013988779
3027046,56.066495637161744
3027047,7.782414185804517
3027048,235.8975654508361
3027049,206.83956796524367
3027050,10.883655263365128
3027051,10.121040341725712
3027052,244.42766667505254
3027053,44.50026148491899
3027054,3420.0799718410444
3027055,0.018351471948376087
3027056,13.911554915703086
3027057,3.2007711626576434
3027058,0.07108765933423895
3027059,4.008711268834143
3027060,4828.490719912614
3027061,0.0
3027062,538.5527282066331
3027063,15.43940155782066
3027064,1209.6801078618623
3027065,732.429750532306
3027066,243.67414812055964
3027067,220.15648021129306
3027068,60.429878272159335
3027069,4692.964436897194
3027070,9.160796398604209
3027071,0.13338995298973852
3027072,6.450838448909341
3027073,16.419849517429988
3027074,0.07747659332148407
3027075,247.38252744404045
3027076,0.0
3027077,8.839797581057656
3027078,2.1707088505423107
3027079,45.40096253321323
3027080,3.5261708175842537
3027081,219.95504754778565
3027082,297.49670708137603
3027083,2.576974556456432
3027084,2.1715628506531535
3027085,243.3298554373832
3027086,124.44569572800926
3027087,1119.5223221242925
3027088,12.164930112179848
3027089,1.5928837490571122
3027090,13.558101960245876
3027091,0.0
3027092,15.086347378474175
3027093,8452.026754847258
3027094,0.0
3027095,1559.1303437947413
3027096,28.06078811747965
3027097,2692.269614833263
3027098,2331.420424372025
3027099,505.7556995268706
3027100,612.0106096269012
3027101,417.8411954832242
3027102,9213.302524045564
3027103,109.86497560040105
3027104,4.283616502762503
3027105,94.55388092649729
3027106,122.76469356005275
3027107,0.08978774385443948
3027108,659.0399621130792
3027109,31.021186285419983
3027110,16.956322817896705
3027111,18.85127269116807
3027112,298.60004306868234
3027113,19.21894546231555
3027114,750.7009790771857
3027115,461.63896686696927
3027116,39.92335166441314
3027117,33.200595966434136
3027118,985.0749145879685
3027119,245.45301339593814
3027120,12698.412230257241
3027121,97.75611070094763
3027122,77.01158070480258
3027123,12.333074453937789
3027124,0.0
3027125,10.52715379871966
3027126,7704.052372375939
3027127,0.0
3027128,1130.9547137204847
3027129,25.49005665574753
3027130,2595.8696539483317
3027131,2098.149676952956
3027132,613.9003029406264
3027133,358.5696593083046
3027134,301.3162871847614
3027135,10271.297491917805
3027136,157.8087359156725
3027137,2.162480957104066
3027138,25.21651719696921
3027139,101.12006942585933
3027140,0.9017766284482691
3027141,631.005350924372
3027142,16.165554143976266
3027143,31.12938693658288
3027144,5.002478422102835
3027145,181.03045331673445
3027146,11.171931935411093
3027147,934.6693686861552
3027148,628.8807438410228
3027149,20.109171336530565
3027150,26.57038964208593
3027151,1147.055757403567
3027152,209.03284358491953
3027153,8219.040402596916
3027154,195.25980523964466
3027155,79.73475231121627
3027156,10.614061511868886
3027157,0.0
3027158,14.313336778095213
3027159,4845.885593474594
3027160,0.0
3027161,865.9798990866784
3027162,14.143887026313436
3027163,2254.2801637811963
3027164,1404.2751367071974
3027165,669.8083031039353
3027166,143.29524792850006
3027167,218.73499117500316
3027168,8824.34151839291
3027169,44.93299687462888
3027170,2.5937707953016997
3027171,30.236969424666107
3027172,29.03683235812805
3027173,0.17349326723418038
3027174,557.4163934809584
3027175,19.146001727943258
3027176,21.137981052981424
3027177,7.280279513138028
3027178,105.60540155582805
3027179,7.563624434276115
3027180,917.2046083576384
3027181,633.81600390449
3027182,23.902933159046736
3027183,44.05972269727522
3027184,634.5649976606736
3027185,96.81797066652055
3027186,3379.352761846337
3027187,123.0199190253703
3027188,33.14540685536459
3027189,14.158715084078576
3027190,0.0
3027191,16.111069463395612
3027192,7001.101895888812
3027193,0.0
3027194,1103.387314003983
3027195,17.418551732607597
3027196,2324.7209591895166
3027197,2005.4254050300815
3027198,621.8988446119197
3027199,327.5810060552149
3027200,238.07102305659672
3027201,9808.069484827656
3027202,56.65320789057096
3027203,2.3764120188657327
3027204,39.40312230690287
3027205,89.29851665580473
3027206,1.6104162913585423
3027207,564.7978810168341
3027208,19.216296229482044
3027209,31.563495870163518
3027210,5.620299152844685
3027211,167.58219913732998
3027212,7.8490827844812685
3027213,788.6690176470252
3027214,586.944997802983
3027215,24.57970084195349
3027216,21.81885252276196
3027217,1020.8760855569539
3027218,149.7397232107429
3027219,7214.939598277368
3027220,146.7400402992345
3027221,59.54869987128585
3027222,12.29247831649054
3027223,0.0
3027224,17.12590201015894
3027225,3502.3029229193435
3027226,0.025790431703072072
3027227,668.9277446107455
3027228,11.626257938380606
3027229,1979.490852828917
3027230,1103.346249881956
3027231,574.9746974704118
3027232,101.72499691883775
3027233,153.568492150774
3027234,7298.923106142621
3027235,47.50327839215188
3027236,0.7857731946554604
3027237,19.0385972010062
3027238,55.536235488329396
3027239,0.6985729346628352
3027240,529.2666423109249
3027241,13.05176165213908
3027242,4.784495109867952
3027243,2.7189320359749596
3027244,96.89846310251636
3027245,3.489753012561649
3027246,745.5673474757185
3027247,626.4420305757965
3027248,15.011537936044105
3027249,18.958960653321135
3027250,716.4787910775599
3027251,49.35503707007166
3027252,2234.502419052266
3027253,102.2301594899771
3027254,14.161127789936897
3027255,13.030042545191648
3027256,0.0
3027257,10.281344061141267
3027258,6347.35487947837
3027259,0.0
3027260,1184.0434152544892
3027261,26.2071781620251
3027262,2066.040863213486
3027263,2216.711813208612
3027264,402.91079312175117
3027265,497.5831966258362
3027266,361.9873756554383
3027267,7896.420115882726
3027268,83.54716588079916
3027269,2.525332587826261
3027270,46.019919050508804
3027271,70.40229582435717
3027272,1.1703650679903055
3027273,478.2819158409832
3027274,14.394105400976413
3027275,24.180562706037684
3027276,9.896281329931494
3027277,215.41811405137503
3027278,13.621621338991904
3027279,703.8537551954608
3027280,478.52194909471126
3027281,20.460739643432472
3027282,25.33492386603152
3027283,958.4692497199444
3027284,195.20495702015347
3027285,10646.774636765344
3027286,108.44512784092932
3027287,72.2072289583135
3027288,6.774970239187894
3027289,0.14364474207695882
3027290,5.347750881563534
3027291,1845.121463771329
3027292,0.0
3027293,364.193333052505
3027294,19.210799399561918
3027295,997.9354363067353
3027296,574.9580765687289
3027297,225.00299177978587
3027298,91.34018898743531
3027299,93.41287688263637
3027300,3039.534687975793
3027301,45.66299322126455
3027302,1.6641873740575606
3027303,22.945445268784383
3027304,22.649367706945412
3027305,0.24751285324044903
3027306,220.5612077726788
3027307,12.899704662810361
3027308,5.15824275667708
3027309,11.097728656543456
3027310,47.087411265277105
3027311,4.750014338740595
3027312,239.9046842338564
3027313,241.59782551180996
3027314,3.1068608435945384
3027315,7.425116949333309
3027316,223.41959060329873
3027317,53.883505097211895
3027318,2108.964027892981
3027319,0.9669342473387686
3027320,9.303275321502507
3027321,8.357807705079841
3027322,0.0
3027323,11.4612487114192
3027324,3914.7988544652644
3027325,0.0
3027326,579.8447359150283
3027327,30.453140153168064
3027328,1661.9575193924961
3027329,1068.115213359498
3027330,440.4602605449898
3027331,106.12009201963754
3027332,141.36469414030154
3027333,6391.506602816702
3027334,109.74356124468324
3027335,1.5962467940884926
3027336,49.36888744579444
3027337,60.67708636258133
3027338,0.7535058263027706
3027339,429.3602836316472
3027340,16.309458274306476
3027341,0.5088289903176599
3027342,3.1563009615727404
3027343,132.77931273628832
3027344,5.944872380085471
3027345,586.9831179562943
3027346,468.67511330733777
3027347,11.738084887077195
3027348,19.721644681184586
3027349,370.1336940601912
3027350,67.74411038601714
3027351,2611.722368065034
3027352,112.67253967838303
3027353,19.734334642412993
3027354,9.11334577487086
3027355,0.0
3027356,4.493255487229076
3027357,4785.003385932506
3027358,0.0
3027359,960.4136021547648
3027360,8.028871576335524
3027361,1678.1224715730832
3027362,1763.9134359866448
3027363,269.0932975719202
3027364,384.6551114001783
3027365,258.2090295785004
3027366,5737.827771873437
3027367,48.36757056844415
3027368,1.850967550790185
3027369,35.59685967452062
3027370,58.660047503643824
3027371,1.3421907481166293
3027372,371.72439569819187
3027373,2.802005931667905
3027374,43.421124202027066
3027375,8.428497912211405
3027376,128.51638913865887
3027377,8.741632316348092
3027378,641.7864476349549
3027379,311.16538294216764
3027380,21.875926529078406
3027381,10.352404853951887
3027382,672.1915187149604
3027383,120.52901699130607
3027384,8603.44726328039
3027385,27.783334842822093
3027386,51.042856020492955
3027387,17.11624094161666
3027388,0.0
3027389,11.657464926736402
3027390,6315.02524480564
3027391,0.0
3027392,1152.9985188768967
3027393,15.269365368928087
3027394,2406.715111961312
3027395,1655.8971448475786
3027396,507.91905782747807
3027397,300.90239691030376
3027398,459.28921890081244
3027399,8596.769322526778
3027400,69.23273080791166
3027401,4.397564971707403
3027402,75.84634892463646
3027403,69.45617232713418
3027404,1.0768092848473134
3027405,517.6282329635503
3027406,12.95466927853257
3027407,72.93859361761167
3027408,11.714430353769693
3027409,283.6306759947902
3027410,12.380494543219948
3027411,684.2945778030603
3027412,520.4441013665885
3027413,19.778329869090665
3027414,38.51718516293132
3027415,686.5651923091332
3027416,195.01081470134233
3027417,8220.041833026193
3027418,18.13490115111665
3027419,12.904397925172567
3027420,9.83792433028195
3027421,0.1378317876715573
3027422,3.8037463418517956
3027423,2271.011436982346
3027424,0.0
3027425,506.25610498826717
3027426,7.545216341633432
3027427,1180.5262318569917
3027428,566.5913145346512
3027429,234.01733538775693
3027430,102.37292157124295
3027431,108.27996477346333
3027432,3419.7544212030984
3027433,17.998493292192606
3027434,1.7931493852125173
3027435,25.761230245138854
3027436,30.285696441283257
3027437,0.06196062216087662
3027438,206.14227296309934
3027439,5.374608306451387
3027440,6.0594474248382335
3027441,7.657152524577718
3027442,74.9869570903152
3027443,3.652467742224473
3027444,293.02156708689415
3027445,242.41941353755803
3027446,5.293342211701176
3027447,7.352256931230713
3027448,201.0581374186867
3027449,97.35433714861703
3027450,3239.5494915367053
3027451,0.0
3027452,1.8215059558970141
3027453,6.488846482389515
3027454,0.0
3027455,2.245440903723995
3027456,3231.7911860775516
3027457,0.0
3027458,210.55533225965044
3027459,2.389326864683993
3027460,1091.6491376673198
3027461,246.7298656101643
3027462,218.96138606532566
3027463,61.28903878951995
3027464,26.85442926142235
3027465,3354.8742538340357
3027466,5.7269610647032465
3027467,0.5184336499477479
3027468,14.898506307147246
3027469,11.552794647994665
3027470,0.09077599574033479
3027471,205.0947012386323
3027472,0.0
3027473,0.0
3027474,3.785437603192152
3027475,16.616537373015063
3027476,1.0070008833631392
3027477,49.60420291824981
3027478,162.4047647855319
3027479,0.10265160415787081
3027480,0.803061586999263
3027481,55.71196424996535
3027482,94.56711290096757
3027483,553.7797190766192
3027484,3.80479070463692
3027485,4.409333972611288
3027486,6.055620649310663
3027487,0.05662184362804529
3027488,6.616350682141967
3027489,3051.03911560249
3027490,0.0014734842442371229
3027491,526.3663557070868
3027492,12.00641135288772
3027493,1261.3020036680794
3027494,905.2201545677306
3027495,310.84824764223805
3027496,173.09673527839485
3027497,133.87011541320922
3027498,4639.446088155929
3027499,45.30734005421045
3027500,0.6042283866523263
3027501,16.178675533534996
3027502,55.956931260383236
3027503,0.1785701517493409
3027504,309.59815587308816
3027505,17.352827530778477
3027506,11.02479575419237
3027507,10.293190462687638
3027508,72.62392118142206
3027509,5.966576500631279
3027510,423.76814040041916
3027511,306.65687615816825
3027512,9.639707954751062
3027513,12.661157777190864
3027514,483.9150045768488
3027515,61.30964674391008
3027516,3585.265429370172
3027517,0.0
3027518,31.44030465817388
3027519,6.087650252755814
3027520,0.12113073341102655
3027521,5.331975558189238
3027522,4300.27468123319
3027523,0.21618811414320058
3027524,778.6271499408139
3027525,17.57515417608479
3027526,1318.771627390614
3027527,1467.0977307601897
3027528,200.38520123078374
3027529,316.4285646483526
3027530,227.79204170572962
3027531,4526.196930059592
3027532,57.467184987280035
3027533,3.2440656531603294
3027534,29.40347834953779
3027535,35.89751606175876
3027536,1.2501774878910363
3027537,276.4194310440235
3027538,17.12885742128363
3027539,48.302854180721965
3027540,8.010338802336667
3027541,144.38634019180267
3027542,8.987744897588579
3027543,481.1496471978502
3027544,279.7037800947988
3027545,9.569468109726223
3027546,13.522084458402285
3027547,702.9630645085794
3027548,125.02444120166348
3027549,7512.253798485188
3027550,0.39652351435241956
3027551,49.19911366808349
3027552,5.765476312555907
3027553,0.2476103909744461
3027554,8.890220616759157
3027555,4158.080641163493
3027556,0.0
3027557,806.2779375454621
3027558,20.456082619336218
3027559,1280.0295112348235
3027560,1384.4807827215632
3027561,261.50206537217895
3027562,321.179205542332
3027563,159.27377232426625
3027564,4852.65529968676
3027565,41.78907071222802
3027566,4.416520260325715
3027567,41.54915059770614
3027568,57.545002894402565
3027569,1.2140975341438054
3027570,330.80833175077794
3027571,22.917606470896878
3027572,43.10790192399243
3027573,18.27218283183276
3027574,121.09645911069505
3027575,13.482232399829108
3027576,382.13350298819233
3027577,304.9038832143984
3027578,17.29073033998681
3027579,21.83495182718938
3027580,538.57231919376
3027581,122.42456286017044
3027582,6659.129361552962
3027583,0.423791429574283
3027584,40.54478556460049
3027585,12.13998004491911
3027586,0.3566765690625424
3027587,6.545684603111903
3027588,2939.200465819136
3027589,0.0
3027590,456.64965657380446
3027591,17.171162550930628
3027592,1517.6247805341748
3027593,833.4378399375628
3027594,494.1145031506939
3027595,157.66409116213072
3027596,83.54033698154703
3027597,6343.843757824246
3027598,14.070647629742309
3027599,1.3568477116177327
3027600,10.148268880887747
3027601,34.90751676034615
3027602,0.34795486541886755
3027603,403.99304409843677
3027604,11.7685374855695
3027605,2.826902381515149
3027606,5.125911496552521
3027607,40.00388157726059
3027608,2.0428776408507945
3027609,326.8386210265133
3027610,409.83073987004184
3027611,8.868680450230034
3027612,6.848676314654055
3027613,360.9047053294036
3027614,96.2608493434465
3027615,1185.0053620764722
3027616,41.375223656527275
3027617,17.141157008519787
3027618,5.4624473700281415
3027619,0.0
3027620,3.325144702851719
3027621,2013.9126993639925
3027622,0.0
3027623,338.3190514693138
3027624,19.59588767625719
3027625,674.9891308883142
3027626,656.6324781483147
3027627,116.95988999992392
3027628,122.26245081309159
3027629,141.40149645268446
3027630,2469.458854347847
3027631,26.057934160016174
3027632,2.0731053331123825
3027633,25.398532196092034
3027634,25.23959078139497
3027635,0.9796772730179522
3027636,163.14499761538346
3027637,11.553576449444492
3027638,15.053740199439277
3027639,8.791889126900218
3027640,98.31687120083951
3027641,5.669343763725849
3027642,278.4546787303888
3027643,134.43671495153643
3027644,4.849482410523439
3027645,8.920776744976433
3027646,291.61156401132365
3027647,58.57224494953364
3027648,2165.0390541973
3027649,0.14215452873106196
3027650,22.430432336813197
3027651,1.9174049995472036
3027652,0.0
3027653,1.9828533117842764
3027654,1150.605471616846
3027655,0.0
3027656,83.6314712425299
3027657,2.335821098177124
3027658,810.8237968474798
3027659,233.1422685544082
3027660,227.27146406107303
3027661,23.709772548983583
3027662,29.893426391284894
3027663,2413.257524514084
3027664,4.980544581480636
3027665,0.39433130730249827
3027666,12.353790271751434
3027667,7.421676102385424
3027668,0.13792728297493684
3027669,150.21597594725046
3027670,0.26456218414085886
3027671,0.0
3027672,0.9253572051032742
3027673,11.15821698487024
3027674,0.3822380654929651
3027675,215.25426608020504
3027676,161.71998023669428
3027677,0.5370830110423749
3027678,3.1963878585464243
3027679,125.4204084476097
3027680,20.178727545220756
3027681,211.54544289666978
3027682,0.2899647604710856
3027683,0.9167040695282055
3027684,7.411140647162282
3027685,0.3325662141698824
3027686,3.637679678017353
3027687,4274.194210630624
3027688,0.0
3027689,611.0871296506928
3027690,11.56961486280083
3027691,1795.6215448115831
3027692,581.2083555558545
3027693,473.34448269895137
3027694,206.94034002193484
3027695,80.71425725385448
3027696,7296.448220868582
3027697,39.51341951250385
3027698,1.2008065014449605
3027699,13.923613527103102
3027700,18.960855790408846
3027701,0.31977885376476334
3027702,499.9214659607042
3027703,11.362303585524726
3027704,0.05136074630235216
3027705,9.16140793337359
3027706,56.048155846975696
3027707,1.8840671636148945
3027708,959.3379757653712
3027709,379.5973424994034
3027710,3.175516209633301
3027711,13.883026808032886
3027712,293.29709839168817
3027713,95.70898304076141
3027714,1196.512130907945
3027715,9.331885661399136
3027716,7.131025203866305
3027717,5.590208147198009
3027718,0.0
3027719,1.4363843591845122
3027720,1533.0953421277898
3027721,0.0
3027722,155.72215779346737
3027723,10.94194242350368
3027724,1027.1447129164587
3027725,382.24369506192136
3027726,209.32617167173115
3027727,58.825772160369
3027728,39.32449050345293
3027729,2917.180743218742
3027730,9.451813938062697
3027731,0.5132531577326263
3027732,14.22343248862497
3027733,17.720648479937708
3027734,0.32933444302579745
3027735,173.84121719626833
3027736,10.664572979433713
3027737,0.0
3027738,5.093242797482173
3027739,42.0945013035311
3027740,1.458747009128836
3027741,241.97423195774857
3027742,168.90738566240873
3027743,1.7483816710582323
3027744,6.541615260730497
3027745,159.3330738777687
3027746,28.704307114453737
3027747,334.78307521728647
3027748,1.1575122781972846
3027749,4.435476082728146
3027750,5.03292101625958
3027751,0.0
3027752,4.61393857341323
3027753,1475.0547743336851
3027754,0.0
3027755,111.9509217922647
3027756,5.634828938879148
3027757,919.6957877206271
3027758,239.6340497355375
3027759,128.92139907789718
3027760,32.87537685143148
3027761,31.23724566311165
3027762,2834.7350458745896
3027763,14.26076780351136
3027764,0.0
3027765,10.657415509728285
3027766,9.38424445092396
3027767,0.060867397688864594
3027768,140.40282352931843
3027769,2.6341308682102524
3027770,0.0
3027771,3.7608063696903526
3027772,31.893906074428227
3027773,0.8799785843944561
3027774,187.50200682465342
3027775,166.59986158239965
3027776,0.6448415023480234
3027777,6.3606152379793865
3027778,95.34189593688485
3027779,14.60766668388072
3027780,169.64611830117698
3027781,0.6791663976686849
3027782,2.42893745560102
3027783,3.4508155824693625
3027784,0.0
3027785,3.0748197138863094
3027786,1372.0792593771885
3027787,0.0
3027788,143.08740800252892
3027789,8.676878360433049
3027790,1694.0876573777027
3027791,342.0554106761151
3027792,259.55365340216485
3027793,25.766097814490653
3027794,44.97721201922938
3027795,2980.372445366458
3027796,13.59385152718125
3027797,0.7743423306828315
3027798,21.975176971530917
3027799,22.251658578421072
3027800,0.14539913522321707
3027801,203.485771016317
3027802,2.523669672232179
3027803,0.0
3027804,4.098239461778194
3027805,13.876329106448605
3027806,1.736036353463017
3027807,378.09387389570986
3027808,234.83548484342384
3027809,1.4106627359961887
3027810,3.455575581157849
3027811,71.83297571959535
3027812,93.87411502379888
3027813,362.53526982786065
3027814,1.155984451054843
3027815,4.913001252022262
3027816,3.044680435551797
3027817,0.37416210531984506
3027818,4.710058306512628
3027819,1661.7399751765313
3027820,0.0
3027821,151.13245124704932
3027822,1.6776902447236712
3027823,979.4454660607739
3027824,326.24506367404115
3027825,258.631294303572
3027826,71.36165179486615
3027827,70.7735570432742
3027828,2763.490168170069
3027829,10.74647826235102
3027830,0.9213245823124043
3027831,12.587092393994062
3027832,17.63464272360851
3027833,0.10686236099481337
3027834,219.73186319626498
3027835,8.453170505708766
3027836,0.0
3027837,4.826995831198553
3027838,24.377210056740154
3027839,1.1529937708663172
3027840,156.08761402213673
3027841,192.1438597282873
3027842,0.8337325004912185
3027843,4.740148464186612
3027844,101.24188181248823
3027845,40.21221023011511
3027846,539.4569412113461
3027847,0.632178632440326
3027848,5.460349886410385
3027849,3.3170118695916195
3027850,0.2595250051138298
3027851,2.220355906555233
3027852,1127.1919550406267
3027853,0.0
3027854,126.96534037641318
3027855,5.218455965125003
3027856,1198.6877124097325
3027857,205.27454969410675
3027858,129.13551659822187
3027859,118.42819801070657
3027860,26.290129868879326
3027861,2225.1076015596327
3027862,6.6407566648672685
3027863,0.44618752861221794
3027864,7.506856051797903
3027865,14.471707731867932
3027866,0.2020991128652572
3027867,162.64878498432162
3027868,0.0
3027869,0.0
3027870,3.0992402474896137
3027871,54.09403167473554
3027872,1.186128700778389
3027873,49.64466161410772
3027874,121.76012802277283
3027875,0.7275132730979602
3027876,2.9525335616337647
3027877,60.05112261844662
3027878,29.812104252988906
3027879,416.6212586565654
3027880,11.06858791208846
3027881,0.9114687985867146
3027882,6.4624480097808945
3027883,0.6335574519196625
3027884,2.3519551896676307
3027885,2595.761277855508
3027886,0.0
3027887,246.99570747573773
3027888,6.420776116188888
3027889,958.3962784724873
3027890,588.0104250223874
3027891,429.44161585511824
3027892,131.77066805955678
3027893,89.66768004104888
3027894,4005.497216593135
3027895,17.234460585042953
3027896,1.0451581593770485
3027897,15.180116312151437
3027898,14.839581338755771
3027899,0.1326604948853066
3027900,245.0378710131292
3027901,1.873813194715282
3027902,0.0
3027903,5.937108237696173
3027904,37.59940606700908
3027905,2.7396683595884217
3027906,299.10298873789094
3027907,226.42314926827765
3027908,1.905214256394516
3027909,6.563441866955883
3027910,286.31070633758543
3027911,40.58458567735508
3027912,1103.4585502541727
3027913,1.7856523006038922
3027914,13.273963294000088
3027915,4.159800106056969
3027916,0.36486491968195683
3027917,4.0743851014044745
3027918,1777.3791033990306
3027919,0.0
3027920,519.840029636327
3027921,8.32711895650301
3027922,523.642598024576
3027923,518.1924313030228
3027924,190.56437625407426
3027925,131.46533850823943
3027926,53.16884488150301
3027927,2634.7502621926756
3027928,11.885733814325235
3027929,0.8180163293904167
3027930,19.4322835297601
3027931,11.74892811311753
3027932,0.4474703132999421
3027933,167.38296053083465
3027934,8.754830464054514
3027935,3.0153604114904318
3027936,3.7035801061541904
3027937,75.06925377544039
3027938,1.7358643394634903
3027939,281.53462146163423
3027940,124.7813185837894
3027941,4.80206074574591
3027942,4.645100812973499
3027943,153.70211923347432
3027944,50.771937587348766
3027945,1262.299191389864
3027946,15.438572852637186
3027947,11.717989541422037
3027948,5.638179041241217
3027949,0.2515643381716613
3027950,3.2678806090131682
3027951,2195.582495761603
3027952,0.0
3027953,142.99251466323176
3027954,6.758524138334706
3027955,799.7368832809977
3027956,288.26894961784626
3027957,234.96177748207526
3027958,54.63155690723909
3027959,46.23023111065523
3027960,3008.2446709784667
3027961,31.047540438695087
3027962,1.5378630372723667
3027963,19.158287234112166
3027964,15.426905628400624
3027965,0.16635786475863723
3027966,161.6700520120164
3027967,6.077098148950919
3027968,0.0
3027969,3.185001230788711
3027970,40.9050099517911
3027971,1.306285293512304
3027972,130.5486159146305
3027973,164.926009890165
3027974,1.246250715314028
3027975,4.414228341494348
3027976,204.30959419887495
3027977,20.146949178002956
3027978,377.3456162960489
3027979,0.8237188963104255
3027980,3.4720298634602034
3027981,5.8375210685365975
3027982,0.12110410358923825
3027983,5.2130641994426545
3027984,2253.2086484803476
3027985,0.0
3027986,520.9182661456617
3027987,10.817191660935144
3027988,842.0198661630321
3027989,662.6292235669317
3027990,177.614088794328
3027991,135.36441880593262
3027992,86.10488066406026
3027993,3299.138739439282
3027994,37.61557546819801
3027995,1.417174314861267
3027996,11.263516946044467
3027997,37.011460833205
3027998,0.3877361839690854
3027999,207.06045068808862
3028000,17.775825739022157
3028001,9.388795316847647
3028002,6.935826556304157
3028003,78.5565711953134
3028004,5.586959753392059
3028005,409.275627487657
3028006,190.28052032871372
3028007,9.122415835488695
3028008,7.893731443288727
3028009,361.58696625005473
3028010,73.62234551994253
3028011,1758.4791021420265
3028012,0.0
3028013,25.611001532550482
3028014,9.277055862793663
3028015,0.03750324176487162
3028016,3.8845785122662178
3028017,3374.4297295757324
3028018,0.0
3028019,410.2783088674535
3028020,7.714629031801225
3028021,1681.2980512273903
3028022,647.9748777343806
3028023,591.9553921202861
3028024,87.47213065938274
3028025,75.28518232181442
3028026,5589.489691446703
3028027,17.65981037780659
3028028,0.790201400593608
3028029,18.56000887838796
3028030,16.88745512284704
3028031,0.050998889829207195
3028032,347.2283036137631
3028033,0.8582129403018697
3028034,3.3362720215540214
3028035,4.672580643316503
3028036,49.73770541274214
3028037,0.6197900965427153
3028038,696.0317798178374
3028039,327.44920121215586
3028040,4.944911616996756
3028041,3.553777520994482
3028042,270.937601047094
3028043,40.229413710775724
3028044,763.6360416189351
3028045,13.30197347572477
3028046,12.714445331614465
3028047,10.507956746313482
3028048,0.3898985448460442
3028049,3.6299490354926895
3028050,2550.151247094886
3028051,0.0
3028052,347.9876607853157
3028053,6.0405825906117085
3028054,1776.4523920028632
3028055,472.7284665894765
3028056,274.1191025302536
3028057,225.80118595552008
3028058,84.00939571042532
3028059,3842.2493949770305
3028060,15.326859336345704
3028061,1.0258776337950786
3028062,38.721274925188176
3028063,36.518065194522556
3028064,0.34272477478024466
3028065,286.53611465007094
3028066,3.8641189170539563
3028067,0.08421647092798083
3028068,11.226152402133659
3028069,81.48499580118211
3028070,0.8852347805882266
3028071,122.58865207160365
3028072,249.3643214891417
3028073,2.3462319448893627
3028074,3.828570169635707
3028075,135.3876145343488
3028076,135.29020187981084
3028077,1040.4272474027662
3028078,8.25038544566091
3028079,6.480511465103536
3028080,5.126301536432546
3028081,0.1971614028343305
3028082,2.8926055142620863
3028083,1690.2912319520885
3028084,0.0
3028085,132.583532158975
3028086,9.091028251547712
3028087,756.7883802995593
3028088,314.2683808558341
3028089,134.4242377352254
3028090,55.93982112698899
3028091,52.34359341386756
3028092,2712.9905371157356
3028093,12.0830272867322
3028094,0.5339453810961464
3028095,18.98230060196796
3028096,17.97790724347279
3028097,0.09548834499115703
3028098,172.85936733800372
3028099,3.0127032325552126
3028100,0.0
3028101,3.741253612996316
3028102,85.64050899138859
3028103,1.5044071073505845
3028104,113.1872892817564
3028105,153.11631430718742
3028106,1.3215567690834225
3028107,5.359338907053744
3028108,140.34587880503872
3028109,32.99234097829864
3028110,458.400882201373
3028111,0.9582848937053899
3028112,3.0729943085400078
3028113,1.8729822165033339
3028114,0.0
3028115,1.486839294427991
3028116,1206.752847854354
3028117,0.0
3028118,239.39216756401603
3028119,12.420515254749397
3028120,502.7040064253559
3028121,443.78164423859863
3028122,112.59501263463073
3028123,45.031788779704684
3028124,73.5642307631328
3028125,1989.2828008974327
3028126,35.68102499723713
3028127,0.5214071334972948
3028128,12.913386575618546
3028129,13.395487524874879
3028130,0.2856270941800526
3028131,112.35341223288724
3028132,9.351976221702353
3028133,0.0
3028134,2.654153372564253
3028135,50.433982916971146
3028136,3.6213997476345154
3028137,914.5421023595167
3028138,132.70738930897141
3028139,3.823101722594906
3028140,5.556424514384183
3028141,247.8425015568296
3028142,26.81787046116408
3028143,990.9628581762668
3028144,0.0
3028145,6.135322553704478
3028146,3.9302214614791673
3028147,0.134746745786024
3028148,3.1308802017147124
3028149,3101.829214362668
3028150,0.05468017777745394
3028151,647.3199063911969
3028152,20.782655940347805
3028153,1080.1569757187126
3028154,1115.338300588303
3028155,243.00525555502443
3028156,199.684367763659
3028157,150.13723371895978
3028158,3885.205553911601
3028159,40.939007440811885
3028160,1.0965949104855977
3028161,20.41868529524615
3028162,42.63478754438896
3028163,0.07602910268260998
3028164,239.36160178133184
3028165,10.074961971864498
3028166,27.75767974688814
3028167,10.969721612777825
3028168,81.20950388275007
3028169,11.00006313690323
3028170,344.8626915894432
3028171,243.0805055998213
3028172,16.917960828696607
3028173,9.851806620457307
3028174,463.1735930281867
3028175,95.79011158761091
3028176,3092.5798764166652
3028177,1.037056542109276
3028178,19.08209342757304
3028179,3.077286192629777
3028180,0.09893405485934206
3028181,2.5761398410117753
3028182,1547.4944760751746
3028183,0.0
3028184,278.29558426775844
3028185,5.007660067098799
3028186,371.68944169303325
3028187,438.2006851437761
3028188,116.29786991455052
3028189,103.72009220571269
3028190,31.884083159453343
3028191,1478.858478985069
3028192,17.227365545330848
3028193,0.4277722744280385
3028194,11.646484460328713
3028195,17.833444339264343
3028196,0.464287780149096
3028197,77.55186101612752
3028198,0.0
3028199,13.772016912757303
3028200,2.22845451090429
3028201,124.1965289955771
3028202,3.8003491539970398
3028203,163.4998681907906
3028204,76.64098730486492
3028205,5.397654161320952
3028206,4.8895944104330695
3028207,139.5399415892826
3028208,27.086591611299223
3028209,1148.6165357062307
3028210,1.0987398404273008
3028211,1.8336202721760562
3028212,3.6218789894427403
3028213,0.0
3028214,0.13240538451194472
3028215,490.60416359308937
3028216,0.0
3028217,183.44394460260025
3028218,5.0883566952172
3028219,411.1814973242842
3028220,214.80205892553082
3028221,72.4274999409224
3028222,31.487362949114452
3028223,31.535565235134914
3028224,1399.28661029047
3028225,12.324568219723256
3028226,0.46875764327980923
3028227,7.5050215632049575
3028228,10.08960564942755
3028229,0.5477558799894371
3028230,76.33781468492693
3028231,0.03561069488064101
3028232,2.0235379366748307
3028233,0.6984748071328621
3028234,20.226359028313965
3028235,0.1329577577129209
3028236,230.56311848395106
3028237,162.8167791057588
3028238,2.6510572820574785
3028239,1.5330618698964211
3028240,119.28623265140895
3028241,17.350058417880966
3028242,346.6254556668446
3028243,2.232952197276711
3028244,1.7071418201536896
3028245,4.8154978741146275
3028246,0.11287040250800105
3028247,1.2269792589694395
3028248,2412.244724779293
3028249,0.0
3028250,452.083626539944
3028251,14.427670698391164
3028252,686.4513180638227
3028253,726.7591089475875
3028254,237.64409101636008
3028255,197.29366412613328
3028256,93.55163308912304
3028257,3068.8751306538347
3028258,20.992135437570177
3028259,2.4315917740987603
3028260,20.28928368546119
3028261,22.513588061560778
3028262,0.3512885829563821
3028263,179.8655889606047
3028264,2.842077354442257
3028265,15.894217253395507
3028266,6.333518133255374
3028267,112.29020884159226
3028268,2.927023821851424
3028269,215.13249913918602
3028270,170.10584024460803
3028271,9.574633681691603
3028272,6.480121871467028
3028273,280.19924306414964
3028274,58.03272492810637
3028275,2031.8127490490895
3028276,1.4118167512676754
3028277,9.993296476922518
3028278,7.527958964926347
3028279,0.0
3028280,3.6484010577542603
3028281,2981.8345948736774
3028282,0.0
3028283,553.1110594393581
3028284,13.961621605473617
3028285,1158.784608221642
3028286,736.9453662640038
3028287,369.10769092387375
3028288,215.93565115325777
3028289,51.48603879491817
3028290,4596.998859567662
3028291,13.78826058450012
3028292,1.1935844760519163
3028293,33.25029674866081
3028294,18.807737911989644
3028295,0.8200322558306469
3028296,266.6331247063564
3028297,0.0
3028298,6.1811634402519005
3028299,5.990662460543081
3028300,56.20765397017556
3028301,0.47394467217661834
3028302,338.90728403083347
3028303,293.4236112840219
3028304,5.264761647667797
3028305,3.721760572107093
3028306,203.6028598330977
3028307,76.0126806238665
3028308,1210.7164497287656
3028309,13.15677633914442
3028310,0.8749617837938525
3028311,3.9381247685911105
3028312,0.019255137769122903
3028313,2.243114521338399
3028314,2681.9338042389736
3028315,0.0
3028316,550.7632315095184
3028317,13.628323634317276
3028318,870.623502583984
3028319,583.15675783638
3028320,244.97419852957054
3028321,187.0573913280173
3028322,59.20317021726799
3028323,3612.112339658648
3028324,16.512274684524968
3028325,1.086556437014667
3028326,26.16028837242395
3028327,14.121136273489478
3028328,0.21221688118066165
3028329,229.46382602220976
3028330,0.0
3028331,5.522598967754922
3028332,5.608218131665506
3028333,79.91401444905188
3028334,1.6257432551079014
3028335,141.11170710110167
3028336,224.65462064005763
3028337,3.6129563771524342
3028338,2.270474519602388
3028339,161.26768661033245
3028340,52.05504835766314
3028341,842.8796227129188
3028342,10.7597731593493
3028343,3.992632366472893
3028344,8.707131967626124
3028345,1.2439990774277485
3028346,9.157071234801538
3028347,6461.092222288304
3028348,0.0
3028349,969.0933665681497
3028350,73.43453216889077
3028351,1687.8395023612666
3028352,1629.8127846479488
3028353,289.9708325230585
3028354,395.03777507081503
3028355,293.08870115718696
3028356,6615.426422131415
3028357,79.0643209008261
3028358,2.838797203775911
3028359,52.305869946953
3028360,47.75172743595537
3028361,0.9573127709377254
3028362,409.84203003732574
3028363,26.941018336724074
3028364,40.63534320831953
3028365,18.168793595198384
3028366,218.9016103536607
3028367,22.528447716929257
3028368,566.1110732434535
3028369,374.13342670573525
3028370,13.798533811890321
3028371,16.423441399804783
3028372,841.0257610579897
3028373,176.3997787766817
3028374,5782.235652205417
3028375,1.0586467428510524
3028376,60.32244026140468
3028377,4.4819905592560225
3028378,0.40302795827266047
3028379,1.2993508549025785
3028380,1415.083813517567
3028381,0.0
3028382,148.63251131672232
3028383,4.159839494319199
3028384,1117.4290413765748
3028385,242.13388573508823
3028386,100.90234044077876
3028387,129.3873419802779
3028388,43.168419876656955
3028389,2509.605938270918
3028390,5.826244231250911
3028391,0.8376076654404476
3028392,10.351279263773156
3028393,8.583450305068178
3028394,0.26933073199382584
3028395,166.50874056346152
3028396,0.0
3028397,0.0
3028398,2.9256612970610134
3028399,66.43769094403926
3028400,0.5841034322881141
3028401,157.51233601759432
3028402,94.20918846764187
3028403,1.8308613913373195
3028404,4.7860502180872935
3028405,109.50043704038019
3028406,23.15276877609426
3028407,510.891019079832
3028408,5.783402890064146
3028409,4.51471209919773
3028410,7.863417445939885
3028411,0.22077592098887222
3028412,3.8486254001813522
3028413,2982.084952155784
3028414,0.0
3028415,487.98553999001336
3028416,9.332367620840575
3028417,1369.0391833156903
3028418,582.1556033097393
3028419,236.87102812498514
3028420,294.00444884469243
3028421,88.873215878796
3028422,4508.273385990398
3028423,15.161726507370476
3028424,0.350985944883502
3028425,27.41402095283593
3028426,16.67910096302347
3028427,0.0
3028428,282.2751037706539
3028429,1.6712817384291003
3028430,1.7323290693096058
3028431,10.480083324683987
3028432,17.333789186938372
3028433,1.0179300525134107
3028434,667.9579012715959
3028435,264.08019362174474
3028436,4.713448589096443
3028437,6.2178220421332595
3028438,160.63402653079706
3028439,57.00607521313354
3028440,1222.4227024817558
3028441,19.20140996063575
3028442,5.620705534162146
3028443,1.9919143523725897
3028444,0.0
3028445,0.8705781860521076
3028446,846.4242454767008
3028447,0.0
3028448,121.3552595334572
3028449,2.923775382573638
3028450,1500.597218493661
3028451,139.135790120976
3028452,84.10467856501948
3028453,205.51067509564547
3028454,14.374963842729457
3028455,2008.8002016477408
3028456,2.3902838750303386
3028457,0.13971031583795668
3028458,8.18946706120505
3028459,2.6001546312857835
3028460,0.10366000443805373
3028461,93.94082166973176
3028462,0.0
3028463,0.0
3028464,0.9175954638600495
3028465,29.56855732406891
3028466,0.33909509101106017
3028467,121.77115831172273
3028468,78.90514275395039
3028469,0.7394424179312917
3028470,1.4038441596679807
3028471,54.10172952577471
3028472,10.100498759959349
3028473,162.2612019473843
3028474,8.649343490879927
3028475,1.71312524923839
3028476,8.305875357789436
3028477,0.0
3028478,3.41236888255988
3028479,1786.2020710427291
3028480,0.0
3028481,204.59899081298073
3028482,13.32710936442415
3028483,939.8770098466125
3028484,342.00422934812195
3028485,175.6758364572487
3028486,146.79588935092517
3028487,63.65329473189274
3028488,2861.390267281122
3028489,3.850713138128639
3028490,0.927634795919122
3028491,17.651028712774693
3028492,12.369284135456864
3028493,0.3623969318143495
3028494,210.63497922778976
3028495,0.0
3028496,0.0
3028497,14.829562576231003
3028498,24.81931767149629
3028499,0.6103985392672382
3028500,405.4274826881009
3028501,201.92169234518073
3028502,2.0173541323395945
3028503,4.8736113231961875
3028504,203.35632507658664
3028505,27.28093552959496
3028506,1162.093389684768
3028507,4.548690085833836
3028508,1.8450589952859586
3028509,3.669101576612354
3028510,0.1579738021389694
3028511,2.419660810171053
3028512,2026.0042062613286
3028513,0.0
3028514,604.6627915541007
3028515,5.90238027873975
3028516,823.9439422135755
3028517,488.6450770160953
3028518,214.10411058233973
3028519,98.67643846096213
3028520,65.22904161537012
3028521,3747.9480818675734
3028522,5.030266783767442
3028523,5.536753961113204
3028524,0.0
3028525,36.123058542964856
3028526,0.18492066836550147
3028527,183.32079059242147
3028528,2.1302423893771674
3028529,0.6035429257416742
3028530,5.858373261788598
3028531,31.015216324823225
3028532,1.7070498883470897
3028533,239.12792447131054
3028534,212.4404528821091
3028535,4.529857275945315
3028536,7.381729670929363
3028537,134.8009322894013
3028538,34.330510607132965
3028539,582.5265994289746
3028540,15.345615500655207
3028541,4.946829030193737
3028542,3.779569042583281
3028543,0.06354395926513831
3028544,0.6044858469649634
3028545,1287.9693764970843
3028546,0.0
3028547,86.58537328589476
3028548,2.4070639022051132
3028549,448.52919497757387
3028550,165.21832721391874
3028551,86.24509623951269
3028552,152.96166514923294
3028553,22.04868225139187
3028554,1788.5829812696863
3028555,5.734151596077637
3028556,0.4361481215425711
3028557,16.931991043228493
3028558,8.726890311456051
3028559,0.1480565913295998
3028560,98.80625439768316
3028561,0.0
3028562,0.0
3028563,0.6525566492631786
3028564,39.973283487261504
3028565,0.5296296502546829
3028566,330.2067509681205
3028567,90.3472422611606
3028568,0.7187008537504662
3028569,1.0061048433516988
3028570,68.38177054907644
3028571,14.160451407748635
3028572,345.7713746081579
3028573,3.902308979935016
3028574,0.8508004652953568
3028575,4.869547559682217
3028576,0.07992923480934383
3028577,1.4932093163856963
3028578,3148.0466685333886
3028579,0.0
3028580,434.9635110459314
3028581,11.652436351444663
3028582,891.8837473228132
3028583,531.5793314663829
3028584,203.18153986695623
3028585,167.90452896339235
3028586,68.31589374881432
3028587,3923.1079936490114
3028588,9.240566438443784
3028589,0.3032851923933204
3028590,24.742644927382287
3028591,8.139683876844414
3028592,0.15157604657338242
3028593,210.55689811152763
3028594,0.0
3028595,28.261172890789698
3028596,3.9340382955271647
3028597,26.050233276868557
3028598,0.3299023042264919
3028599,398.4815695105435
3028600,234.1848687745662
3028601,2.7581554614442143
3028602,3.1449288810317286
3028603,124.89223941357302
3028604,40.445518914986756
3028605,1054.3528140794438
3028606,35.18738774841114
3028607,1.194130697231555
3028608,3.3366198562271774
3028609,0.0
3028610,5.15935213021696
3028611,2451.625886912247
3028612,0.0
3028613,470.2794037659624
3028614,10.906763765612888
3028615,947.0841114547306
3028616,788.4884162241269
3028617,144.59297188622293
3028618,122.17829532021186
3028619,117.59072013239354
3028620,3434.250240152444
3028621,59.268499084222256
3028622,1.8350133122284435
3028623,21.768648393004824
3028624,33.43477239678898
3028625,0.1921664777585534
3028626,217.84928630571576
3028627,16.11413561838993
3028628,20.083797463838767
3028629,2.1680881664430176
3028630,97.43437057745366
3028631,8.319898332759843
3028632,212.47604212889146
3028633,204.32430318780618
3028634,12.51121902653172
3028635,13.038597621441424
3028636,243.0491849862533
3028637,56.97094326087374
3028638,2194.860327247721
3028639,0.027338972033558256
3028640,11.856173252668569
3028641,7.18997861467557
3028642,0.0
3028643,4.328565182316091
3028644,2105.309662245486
3028645,0.0
3028646,354.5637616030743
3028647,13.745827132395538
3028648,1005.5643143646819
3028649,650.8564749993468
3028650,133.3776880535352
3028651,65.66676263257058
3028652,98.6251959512018
3028653,3212.889279397467
3028654,27.34623570608839
3028655,1.6777262508576187
3028656,19.198959345099738
3028657,93.01708269471301
3028658,0.1416090630344669
3028659,284.65541819128504
3028660,12.931143629023671
3028661,9.901827071531919
3028662,11.343459595662727
3028663,112.43823179224202
3028664,8.522594868451062
3028665,134.86578718092403
3028666,296.47771693990796
3028667,6.947641734198598
3028668,11.905716689992328
3028669,101.53693685623242
3028670,50.7850678036298
3028671,1564.4845891597315
3028672,0.2926370289741547
3028673,17.505056821551435
3028674,9.609267360762045
3028675,0.0
3028676,2.01485455463754
3028677,3110.5912968055304
3028678,0.0
3028679,604.5881372628043
3028680,9.017278281757836
3028681,2018.5928364596102
3028682,556.4696941772662
3028683,183.29860481008333
3028684,190.27690318572482
3028685,56.637308004598324
3028686,5264.246761396293
3028687,36.419309300537364
3028688,1.4279672336299927
3028689,23.389622994941615
3028690,14.158436608005912
3028691,0.3827884944248181
3028692,322.50610378713014
3028693,3.508348163476493
3028694,15.497050812213645
3028695,6.229360321029398
3028696,59.24276672758414
3028697,2.0801888761925307
3028698,161.3807006097281
3028699,269.2809761399832
3028700,7.884204506467974
3028701,8.965106194598569
3028702,213.25524519978848
3028703,42.060532713009465
3028704,1338.1796229118818
3028705,2.607990995820181
3028706,12.795741344396577
3028707,3.560636399051394
3028708,0.27665180863226246
3028709,3.020146212184578
3028710,1643.773419531678
3028711,0.0
3028712,269.49980289554156
3028713,7.21721888092906
3028714,690.1643235482201
3028715,549.8441611491976
3028716,152.3552695803442
3028717,105.0245075564442
3028718,66.19611388953832
3028719,2601.6987179342614
3028720,18.014609175667307
3028721,1.1175538642955012
3028722,8.070231360439776
3028723,17.41136208487058
3028724,0.4200952919369433
3028725,178.9472354735272
3028726,11.607535501962971
3028727,14.579836122780415
3028728,2.0974234084940826
3028729,73.63670084170717
3028730,4.1642027807819595
3028731,294.255001796438
3028732,145.92233600482768
3028733,6.419938855951572
3028734,6.592375148266774
3028735,242.01694764171629
3028736,22.48968715454993
3028737,1488.6625198017498
3028738,0.0
3028739,15.306550918317779
3028740,3.921367175460857
3028741,0.0
3028742,2.781028535460677
3028743,4113.851294650524
3028744,0.0
3028745,352.35819754983976
3028746,7.05286593905482
3028747,1897.4332631331645
3028748,538.0225075041946
3028749,269.68018880024306
3028750,143.84283276832605
3028751,77.66172728729954
3028752,5227.528420382647
3028753,12.498244909983818
3028754,2.0979012629732363
3028755,27.758485996394384
3028756,22.58051792726581
3028757,0.2625081959060974
3028758,419.718999098745
3028759,0.0
3028760,0.21770727716150037
3028761,9.705956686912165
3028762,42.37489750887903
3028763,1.0937296030682793
3028764,155.4900807030735
3028765,240.1512755065066
3028766,3.268359610964504
3028767,10.592150919738037
3028768,160.63431887777833
3028769,48.29153646023932
3028770,983.6549986535655
3028771,14.790187298806929
3028772,6.387138419423964
3028773,5.607918626509762
3028774,0.09256419678775865
3028775,6.331346134374264
3028776,2225.2842434035497
3028777,0.0
3028778,392.0278696840222
3028779,14.390786834833595
3028780,1264.19907634689
3028781,599.2931224252269
3028782,210.79568091877445
3028783,117.05087284708223
3028784,139.67051679591827
3028785,3452.0046922440015
3028786,38.77079516872806
3028787,1.001537957750546
3028788,19.92186003765055
3028789,35.290810359071926
3028790,0.44489877438736314
3028791,207.7276380758317
3028792,13.65748085066273
3028793,12.568422211060316
3028794,7.919595227277595
3028795,116.2920698924829
3028796,7.305282449152134
3028797,183.2709736888556
3028798,336.3465805108982
3028799,12.951927260278529
3028800,6.685814481871504
3028801,168.2261168342466
3028802,49.45888177455952
3028803,1807.9028939410064
3028804,1.4817923951524543
3028805,6.715966628593156
3028806,3.1963786481785
3028807,0.0
3028808,4.091501740012203
3028809,2183.876772615242
3028810,0.0
3028811,403.4379116178017
3028812,11.206318582120186
3028813,711.3998185367996
3028814,720.7339804678943
3028815,150.36716722962197
3028816,125.14832484276808
3028817,110.34434765296267
3028818,2936.074839954423
3028819,33.44929519983404
3028820,0.6986552415718706
3028821,20.354516710126074
3028822,17.82495889756908
3028823,0.1783394372175302
3028824,179.28512470655153
3028825,15.90554564511074
3028826,32.306553045189
3028827,5.499927010886044
3028828,67.33120659114388
3028829,7.7847127033320245
3028830,226.0158537410348
3028831,173.5472187670615
3028832,8.590737322610181
3028833,8.559234772084812
3028834,190.13932061850716
3028835,41.18244358654021
3028836,2041.4076576116315
3028837,0.0
3028838,12.605757893644313
3028839,4.510086626531944
3028840,0.20418786418263885
3028841,3.560144645548116
3028842,4722.783353279551
3028843,0.0
3028844,513.4466460384749
3028845,15.314259062208704
3028846,1208.8059031422008
3028847,563.1496623706103
3028848,245.14519864200392
3028849,217.39480797579273
3028850,62.20117713844965
3028851,4627.5085945276605
3028852,9.293236358137904
3028853,0.006395411026032968
3028854,7.669791560593088
3028855,17.176315054992937
3028856,0.17074140542907915
3028857,239.95704872789761
3028858,0.0
3028859,9.784083523303357
3028860,0.9999621697995603
3028861,87.42138485298469
3028862,2.915455310122417
3028863,259.5903176270109
3028864,294.83516262624363
3028865,2.713734676478643
3028866,2.4875178091633217
3028867,224.82673670824602
3028868,141.99101853526386
3028869,1117.9674092829566
3028870,9.445149146957787
3028871,1.4978414423175004
3028872,14.613343776249234
3028873,0.0
3028874,12.618342135399224
3028875,7235.615484122353
3028876,0.0
3028877,1270.6867304139607
3028878,35.98802033773305
3028879,2215.1892730175723
3028880,1824.9634940730357
3028881,437.47653496976864
3028882,477.32346260328694
3028883,396.2383756581142
3028884,7539.940341963003
3028885,91.38898800541965
3028886,3.9508644900956993
3028887,114.65220292934649
3028888,123.31557712630786
3028889,0.0
3028890,537.6628195458496
3028891,24.82752723573863
3028892,16.102389728068264
3028893,17.94500915750331
3028894,339.6071065255039
3028895,20.71535455903898
3028896,662.0495738797416
3028897,371.7680157246632
3028898,38.860411752753436
3028899,30.360205959804247
3028900,887.6853825655526
3028901,239.32793879224604
3028902,6443.83236771252
3028903,106.79340132893873
3028904,62.779944493851886
3028905,12.550609039134011
3028906,0.0
3028907,10.873329508693011
3028908,6339.94277192883
3028909,0.0
3028910,893.5408808081903
3028911,30.73741135368852
3028912,2226.242845223492
3028913,1721.4528542968555
3028914,530.4874551421698
3028915,283.01655146976725
3028916,260.76643064322735
3028917,8747.478107438426
3028918,149.99695596854068
3028919,1.5792813864569972
3028920,34.50738184763189
3028921,79.6417872498737
3028922,0.8116912056883141
3028923,528.7766506041496
3028924,16.2732655666353
3028925,25.736999957751983
3028926,5.743786982411229
3028927,204.53365204291077
3028928,13.752312598857307
3028929,842.0620670669709
3028930,526.1193205144014
3028931,19.223887551201827
3028932,24.995992429188565
3028933,913.1676202127439
3028934,155.77178258551007
3028935,4433.3956534621475
3028936,189.57297609959562
3028937,59.49230509747386
3028938,11.86878917347016
3028939,0.0
3028940,14.628560052026954
3028941,4445.802412239713
3028942,0.06319502308108484
3028943,708.1088010059585
3028944,12.508125886527548
3028945,2102.2172785876637
3028946,1280.3994910731717
3028947,643.9102315235268
3028948,127.45866416481954
3028949,217.3533769390381
3028950,8149.911652942625
3028951,53.739448120869234
3028952,2.026546283866047
3028953,32.672113828143736
3028954,24.940014092927758
3028955,0.19184461016520063
3028956,513.7926959670849
3028957,16.98970305762032
3028958,14.402570385007825
3028959,8.633977152916946
3028960,120.29685517992505
3028961,7.885786087377062
3028962,833.5271454063055
3028963,594.0755504439509
3028964,22.29123900431193
3028965,42.91109083275799
3028966,573.8315946859931
3028967,90.33467261563958
3028968,2013.9980201348571
3028969,126.386926441206
3028970,31.87482406420144
3028971,12.608952399074635
3028972,0.0
3028973,14.042368999040267
3028974,6121.2077477924895
3028975,0.0
3028976,906.7610627775683
3028977,25.584518261504723
3028978,2081.156471908724
3028979,1693.5595638888472
3028980,526.1839494244524
3028981,269.9551702378198
3028982,218.0434982131837
3028983,8595.682271087182
3028984,53.030850415399264
3028985,2.036760705788588
3028986,44.75462721023555
3028987,83.31291397564603
3028988,1.4390928140891446
3028989,520.9375795358046
3028990,20.418122027794656
3028991,25.044953807724287
3028992,4.455627741252279
3028993,188.6257445869851
3028994,9.39795998906025
3028995,706.4718319038907
3028996,516.4252174479421
3028997,24.589198932434343
3028998,20.567008041423033
3028999,871.9356400771311
3029000,137.16065240626318
3029001,3955.653184016556
3029002,149.1159629370656
3029003,49.04238678309417
3029004,12.790972469835312
3029005,0.0
3029006,17.427960130096487
3029007,3312.3542978827695
3029008,0.053777166713146245
3029009,633.8686964977875
3029010,12.707075817772033
3029011,1908.2422875376717
3029012,1051.1330332123346
3029013,531.796683448072
3029014,89.51498910065484
3029015,151.80062570370896
3029016,7133.021555492408
3029017,47.47112857206841
3029018,0.90283153302848
3029019,17.87947410895711
3029020,50.308252764839516
3029021,0.6833518845188672
3029022,500.65506506294577
3029023,13.432507571932867
3029024,6.80258103171009
3029025,2.3610173587552645
3029026,115.22174989948921
3029027,4.005764302152516
3029028,718.4418269971552
3029029,566.4479958655569
3029030,16.74580722111907
3029031,17.30626331644231
3029032,720.6448710507774
3029033,53.29918027852564
3029034,1388.5548858355266
3029035,112.99425047829472
3029036,14.702717149188105
3029037,12.016045970213952
3029038,0.0
3029039,8.358747280305195
3029040,5119.439798327643
3029041,0.0
3029042,902.3693621877832
3029043,23.26183590225549
3029044,1646.5181340162019
3029045,1716.7547723179312
3029046,363.68216863705453
3029047,390.90304783008224
3029048,281.02048836466156
3029049,6348.546285366891
3029050,80.51832809286658
3029051,1.97855057136474
3029052,55.12733873391048
3029053,65.64362297594542
3029054,0.7260401842572268
3029055,371.85575911285946
3029056,13.30022299970847
3029057,19.195960379226452
3029058,8.993166454191062
3029059,257.21756264362153
3029060,15.910852933975471
3029061,636.2196894267474
3029062,385.4483761913068
3029063,18.766630623251665
3029064,24.46515124220201
3029065,801.9547149834744
3029066,143.38400143029628
3029067,5676.456398678648
3029068,108.0361591499449
3029069,51.5549247980306
3029070,7.2202712294012565
3029071,0.23136931392432433
3029072,5.398089573319312
3029073,1560.4490581893908
3029074,0.0
3029075,294.64848296698887
3029076,21.127683497672773
3029077,929.4938868005618
3029078,484.15754337352473
3029079,198.10032740244208
3029080,73.67137709030065
3029081,89.5751273637177
3029082,2722.6920356446512
3029083,44.62334931889623
3029084,1.5712149048468966
3029085,21.775623061642435
3029086,25.84999063974714
3029087,0.4287670423042047
3029088,191.90848568874168
3029089,10.419600411816647
3029090,2.935174286777642
3029091,10.82702159259708
3029092,58.07401875942725
3029093,5.710625060675566
3029094,215.79519825028493
3029095,194.5529750670463
3029096,2.741931415022459
3029097,6.418778926414147
3029098,183.90063175677724
3029099,46.101149829834384
3029100,1345.3111484357582
3029101,0.7786130153193186
3029102,13.377619981788708
3029103,8.148830618180991
3029104,0.0
3029105,11.093883207601603
3029106,3493.7881843869322
3029107,0.0
3029108,479.155944962433
3029109,26.742451812039636
3029110,1504.2867717725633
3029111,946.1366695617761
3029112,407.7628716080524
3029113,90.80267565484574
3029114,147.53311370958215
3029115,5810.200040667247
3029116,108.15102617302075
3029117,1.2135285058187064
3029118,48.7859432235189
3029119,52.11804345561527
3029120,0.6175340047411569
3029121,392.07325321908644
3029122,12.798495809924397
3029123,0.0
3029124,3.3331023645031292
3029125,138.36263058999182
3029126,5.96602305936074
3029127,470.6817220612917
3029128,411.6804321280435
3029129,11.332151609972401
3029130,17.966145285313583
3029131,328.0748438583365
3029132,62.43420572693632
3029133,1709.6382374605068
3029134,110.15261595959244
3029135,18.49308651570464
3029136,7.850909714313612
3029137,0.0
3029138,2.8581285933992038
3029139,3640.850185721339
3029140,0.0
3029141,692.930327141049
3029142,9.650063671872411
3029143,1212.4764242069018
3029144,1273.4230785442708
3029145,217.3427623881933
3029146,283.5708223825415
3029147,229.49089571065565
3029148,4224.466069635725
3029149,41.0916180585041
3029150,1.5355598824731869
3029151,26.13828100073063
3029152,43.641445893845464
3029153,0.8439921452086131
3029154,264.2620798119925
3029155,2.233532250242825
3029156,32.599435911007554
3029157,6.139406883874874
3029158,133.80309548993696
3029159,7.2656442621775525
3029160,507.5877413247747
3029161,208.8930137357486
3029162,19.08233999669806
3029163,6.579729180199222
3029164,482.4574299057128
3029165,93.48579830312046
3029166,4344.066920095815
3029167,20.637564844952635
3029168,37.33462690293445
3029169,17.288736487133797
3029170,0.0
3029171,11.018870884250004
3029172,6052.568698347733
3029173,0.0
3029174,1100.3865082982838
3029175,15.918673714558238
3029176,2279.2502760760653
3029177,1550.1379859753638
3029178,490.94911918342325
3029179,274.58600364508334
3029180,467.7719999599981
3029181,8277.595642715698
3029182,64.69350862702905
3029183,4.427526202070316
3029184,86.97341891091673
3029185,68.55406260742653
3029186,1.2172548934376917
3029187,496.0977141344588
3029188,12.787949785063041
3029189,75.11405776039845
3029190,11.017233859505666
3029191,306.35024713856626
3029192,13.465410242001509
3029193,664.1990484509298
3029194,496.24482648600355
3029195,21.54988746097604
3029196,37.12509534919595
3029197,644.782466067204
3029198,180.820841107132
3029199,6409.6464316641595
3029200,20.452069838909225
3029201,13.486944497209866
3029202,8.65095594293388
3029203,0.05238747996429544
3029204,2.3735314592266827
3029205,1730.763792107811
3029206,0.0
3029207,380.3868948031478
3029208,8.286461216103605
3029209,816.8698757149981
3029210,400.30649028455684
3029211,201.34254523836051
3029212,74.882320007634
3029213,101.70512404120856
3029214,2725.239077236546
3029215,13.105480913384245
3029216,1.5774273737530178
3029217,20.935222104380742
3029218,24.703226206635314
3029219,0.0
3029220,155.91516656968034
3029221,3.919015800060208
3029222,1.8581156508364323
3029223,7.887651674367366
3029224,88.74110718732
3029225,2.2391349348941074
3029226,227.88033940709792
3029227,194.37726162018055
3029228,5.411896003228897
3029229,5.786018011962389
3029230,152.6304135663528
3029231,40.53293536972191
3029232,1439.6313800751977
3029233,0.0
3029234,1.4034112886174113
3029235,4.926533994642654
3029236,0.0
3029237,2.0942767199503924
3029238,2921.7949354463076
3029239,0.0
3029240,182.3118308111358
3029241,3.166846524663308
3029242,1052.5212015716904
3029243,193.26785126754191
3029244,196.08170248377812
3029245,52.68741866482251
3029246,26.478389952265818
3029247,2698.592706920476
3029248,7.188216886244106
3029249,0.45225844060683
3029250,15.58562365189674
3029251,11.372323237528907
3029252,0.3394414158493824
3029253,182.03908234550002
3029254,0.0
3029255,0.0
3029256,3.5989619528502828
3029257,24.230047052879016
3029258,0.48658273540847785
3029259,59.63477060351399
3029260,141.05718687952867
3029261,0.05092118760721958
3029262,0.6320146219999667
3029263,58.2960332438212
3029264,81.92525658996384
3029265,498.9048444378209
3029266,2.752470735924783
3029267,3.0888118246184852
3029268,5.006795845659452
3029269,0.12440554291220698
3029270,5.418279831840062
3029271,2352.56460231268
3029272,0.0028867098354497696
3029273,430.42933962900196
3029274,14.221605347043111
3029275,1097.647186901605
3029276,733.2225462364703
3029277,267.5812692771601
3029278,133.67681636503656
3029279,116.75334973684687
3029280,4006.58376953913
3029281,36.62747734684478
3029282,0.9985790190094829
3029283,18.68957871149494
3029284,59.15401028019933
3029285,0.20699376180384166
3029286,262.5518294338334
3029287,14.328474146872088
3029288,9.596961860950357
3029289,8.364845652686872
3029290,80.89758857874602
3029291,5.008676256079074
3029292,366.4587242210265
3029293,256.04148293837056
3029294,8.299016175019611
3029295,11.489154149001141
3029296,392.2368389119307
3029297,53.13185392507709
3029298,1818.337209310911
3029299,0.0
3029300,21.909639535399354
3029301,5.878726081410656
3029302,0.0630976380964762
3029303,5.081745556726058
3029304,3379.5002226507922
3029305,0.09413681007023773
3029306,603.3313420443986
3029307,19.35843368163452
3029308,1017.1358824288367
3029309,1130.599574756286
3029310,159.1485370468794
3029311,238.26107637237178
3029312,194.7600306686174
3029313,3550.290343779239
3029314,48.002271016551205
3029315,2.0414668756528234
3029316,26.711505882907773
3029317,26.7617689661287
3029318,1.0632725014394382
3029319,214.45898246054412
3029320,15.227046111849148
3029321,33.82685575421641
3029322,9.261958654532291
3029323,165.9702807586147
3029324,8.2332351946349
3029325,398.6134548829868
3029326,222.53995858154704
3029327,8.951310097641507
3029328,12.880330503479113
3029329,532.0797541289213
3029330,101.42582500449042
3029331,4206.643504267747
3029332,0.3587151525410275
3029333,34.70236583199458
3029334,3.80452849227541
3029335,0.2506537299129018
3029336,8.134467242895548
3029337,3332.1362192446445
3029338,0.0
3029339,646.4934926428505
3029340,23.061957184213345
3029341,1048.4659211940125
3029342,1101.2072695354132
3029343,219.58392652167905
3029344,243.3091325944357
3029345,131.08318507231567
3029346,4063.7503976847206
3029347,35.983954498881765
3029348,2.9890079635426314
3029349,31.39166652331884
3029350,41.83277380151363
3029351,0.7145696235885867
3029352,271.73825269959383
3029353,14.90068767285336
3029354,25.446866143926837
3029355,26.28423964318414
3029356,141.63373034059146
3029357,16.80883341311636
3029358,337.49534907394536
3029359,245.53368737330362
3029360,17.908236750605976
3029361,17.346905101476054
3029362,421.5450733900921
3029363,115.90561403198328
3029364,3216.142275507708
3029365,0.6055218347697977
3029366,30.21143042306422
3029367,14.009445616193831
3029368,0.5848593798936218
3029369,6.607695872617874
3029370,2978.625229432849
3029371,0.0
3029372,440.66424109201677
3029373,15.717296171486336
3029374,1592.0762349281931
3029375,676.4058080471876
3029376,500.3803689856671
3029377,147.28519149192672
3029378,83.01998744761072
3029379,6466.76227049158
3029380,17.173752381267548
3029381,1.7569743384480734
3029382,13.269486738261831
3029383,35.799767664098155
3029384,0.25813372948209234
3029385,409.9971544105067
3029386,11.669206310568418
3029387,2.820631717328983
3029388,4.809325710245426
3029389,50.62401994581803
3029390,1.9804114761299412
3029391,526.4393300842582
3029392,410.11911877813264
3029393,7.625692715368759
3029394,7.200557171577712
3029395,352.4829883396189
3029396,95.47520075675072
3029397,1188.7753753708994
3029398,45.447031171975595
3029399,16.234183777809317
