id,sales
3000888,4.493549221758816
3000889,0.0
3000890,3.573596101149052
3000891,2416.6670941395037
3000892,0.463357222937727
3000893,390.75887090391006
3000894,16.85216276558011
3000895,810.003202404582
3000896,809.3980566284246
3000897,136.08229554473678
3000898,159.73615071523506
3000899,157.35676741918786
3000900,3051.3417927813525
3000901,30.53222039849499
3000902,2.3789769789786432
3000903,28.321166526000624
3000904,26.589339817759893
3000905,0.44293818123133577
3000906,191.1458847870672
3000907,16.277486314787538
3000908,24.362325692795004
3000909,9.463873098692018
3000910,95.70455898188739
3000911,8.281601532626581
3000912,289.316798328886
3000913,149.8004970126924
3000914,4.951250875548869
3000915,10.852575666129246
3000916,354.8647297473804
3000917,66.26921515679362
3000918,4045.702641983383
3000919,0.08097639910254678
3000920,30.56195368873484
3000921,0.9704734185195619
3000922,0.0
3000923,2.0525004872548696
3000924,1038.5318705881432
3000925,0.0
3000926,84.11156297450447
3000927,4.042483329446245
3000928,547.7599670049734
3000929,368.86218546986754
3000930,197.91198746673075
3000931,34.690265747883785
3000932,27.22949702437859
3000933,2158.7994510631697
3000934,6.803056104567564
3000935,0.26176192311646246
3000936,10.330006581612274
3000937,6.664419470450979
3000938,0.18309791273824902
3000939,126.51887721869198
3000940,0.0
3000941,0.0
3000942,1.59796785686007
3000943,11.265220471886376
3000944,0.5894079987436304
3000945,142.0025152195592
3000946,117.24747064760899
3000947,0.6718881364916592
3000948,1.8920405618571643
3000949,118.318745465522
3000950,18.13251742850178
3000951,207.92171345160602
3000952,0.8467587440344244
3000953,1.1506392905034393
3000954,4.64618750221316
3000955,0.1800488299809138
3000956,2.3281429116746812
3000957,3631.6352947970627
3000958,0.0
3000959,588.2568183274592
3000960,10.098489699833296
3000961,1366.9452581854505
3000962,621.83408219124
3000963,409.3107844632336
3000964,182.1284318040619
3000965,71.43449868862037
3000966,5839.190179952531
3000967,29.159110214818135
3000968,0.3015887859502081
3000969,10.078602680400246
3000970,15.55542841694977
3000971,0.3604918539035103
3000972,359.9064437626194
3000973,13.006290849958557
3000974,1.8466963531083784
3000975,9.918955551924164
3000976,48.29150942468771
3000977,3.1279454906135893
3000978,533.0315276637616
3000979,279.11329968582197
3000980,1.9588558393039721
3000981,13.19362913093967
3000982,353.5786968655073
3000983,97.7979268345401
3000984,972.7464370814969
3000985,8.238223210059415
3000986,6.558287703475196
3000987,4.008145018581785
3000988,0.10042865411022671
3000989,1.2120814820675128
3000990,1468.36791402933
3000991,0.0
3000992,198.65044442714077
3000993,13.253329783015404
3000994,745.9673732998522
3000995,521.0140007850679
3000996,206.38188580933434
3000997,39.50752945702642
3000998,31.226301881994193
3000999,2726.8377488301444
3001000,11.286037502514631
3001001,0.5677371052044213
3001002,13.259341083530183
3001003,16.629294612731066
3001004,0.49906226046682944
3001005,139.65174209822953
3001006,8.990409231279553
3001007,0.0
3001008,3.976391388683406
3001009,34.57397734939068
3001010,1.666909891143001
3001011,118.91204313714127
3001012,136.35626504797358
3001013,1.6561403454046923
3001014,4.859164504805362
3001015,128.62285070688546
3001016,40.24718470836606
3001017,331.2240379889564
3001018,2.219195351465267
3001019,5.018009980860344
3001020,2.1167483324429854
3001021,0.0
3001022,3.70055794161971
3001023,1260.695534711255
3001024,0.0
3001025,106.03546693801852
3001026,7.862620912279707
3001027,518.0487747214306
3001028,308.059956012386
3001029,123.84808439855524
3001030,53.93388182352054
3001031,25.124247226106753
3001032,2314.098149474193
3001033,14.053878661223782
3001034,0.15811111164509942
3001035,9.989905241496096
3001036,6.919223810504385
3001037,0.13785602489686635
3001038,107.06893000683304
3001039,0.7424312532402765
3001040,0.0
3001041,2.8261768231874997
3001042,38.88382708244953
3001043,0.8641332554046924
3001044,125.05601620041207
3001045,121.00353064608412
3001046,0.6189091077068715
3001047,3.777726708187933
3001048,47.32906970305476
3001049,33.138047556402626
3001050,159.7079962869619
3001051,1.4444810292048185
3001052,2.6622529668581953
3001053,2.108378221043955
3001054,0.0
3001055,2.8994816023257153
3001056,1262.3382261275353
3001057,0.0
3001058,135.41226984860887
3001059,6.774108760256922
3001060,1017.0935486164842
3001061,448.9292150971754
3001062,217.07772841166647
3001063,27.516794467042804
3001064,45.49556942524664
3001065,2596.8053468430776
3001066,12.02859621625619
3001067,0.31565332647506816
3001068,3.598244686615519
3001069,19.85951865348442
3001070,0.088541601553588
3001071,146.01879539649389
3001072,2.5936060208178997
3001073,0.0
3001074,2.8496750693053703
3001075,16.391643426733594
3001076,1.9336987746346406
3001077,166.5752749497053
3001078,235.14454186057097
3001079,1.165760294191063
3001080,4.88515837546088
3001081,66.70604214550339
3001082,85.00936422828445
3001083,325.9887414215388
3001084,1.2064625923833396
3001085,2.315598022852199
3001086,3.1422267989662163
3001087,1.7451526858043325
3001088,3.2794547390182394
3001089,1561.635817635597
3001090,0.0
3001091,150.84906662717617
3001092,2.1056131664695656
3001093,784.1191116001226
3001094,460.1687505236292
3001095,258.3767305190784
3001096,81.86356940632209
3001097,56.73501272249889
3001098,2652.737372898639
3001099,8.88822595034887
3001100,1.0686923873240202
3001101,14.4554007047352
3001102,18.237525471185904
3001103,0.24940149241411216
3001104,190.0666245308838
3001105,8.295565124939445
3001106,0.0
3001107,4.366863271139301
3001108,19.98529960547917
3001109,2.0782705992384507
3001110,144.07021372501342
3001111,147.47032660708194
3001112,0.9253555107941106
3001113,4.837618104231126
3001114,110.68646414839279
3001115,46.459687295694216
3001116,597.7374116041586
3001117,1.5294249427517514
3001118,5.9657074175311005
3001119,3.3122192010255813
3001120,0.08838735443826011
3001121,1.789014486324063
3001122,1449.0720139688747
3001123,0.0
3001124,131.1157592568944
3001125,4.4493126470639845
3001126,1417.8740730632987
3001127,242.56357140022496
3001128,140.34474811073406
3001129,110.41021710206772
3001130,25.762620369465512
3001131,2042.85355670171
3001132,7.713862327452824
3001133,0.4647427590160333
3001134,7.767701279162404
3001135,8.857418938520054
3001136,0.10198063601933843
3001137,142.35422362672725
3001138,0.0
3001139,0.0
3001140,1.5243764418977628
3001141,45.20103537306638
3001142,0.8876659905840478
3001143,50.94461573899039
3001144,107.1230922574292
3001145,0.9615130307828794
3001146,2.208500766003284
3001147,59.73855588265037
3001148,26.845645988795127
3001149,443.7201964492722
3001150,1.2473479290368563
3001151,1.7131903008689398
3001152,7.063237184206668
3001153,0.5915237023571087
3001154,2.739783831410956
3001155,2497.9970738976162
3001156,0.0
3001157,275.0305984763936
3001158,3.5279000314849447
3001159,763.3497658858977
3001160,904.585996466369
3001161,415.6132563551782
3001162,120.87785707205833
3001163,78.58425699401444
3001164,3549.7445149110217
3001165,12.244816225907156
3001166,0.40217171519266287
3001167,14.698372239122712
3001168,6.539994446826432
3001169,0.3872768061140762
3001170,219.10388178523274
3001171,1.1938016326135328
3001172,0.0
3001173,3.9128044784679887
3001174,26.540722219229593
3001175,3.6399836405682766
3001176,243.1922462818348
3001177,189.26508374373557
3001178,1.3463626060126241
3001179,4.726489456594998
3001180,277.1527869974878
3001181,45.033853920118446
3001182,1119.7822648062574
3001183,3.961428889799111
3001184,10.928211265364258
3001185,3.6774738349956753
3001186,0.10075357366759863
3001187,2.451858072443035
3001188,1611.5920784292982
3001189,0.0
3001190,517.0855543958369
3001191,6.021289543509986
3001192,408.0555346342142
3001193,660.8743617898798
3001194,157.6279655612009
3001195,122.76946754600954
3001196,46.04425067210017
3001197,2228.6234938825214
3001198,9.809093659409733
3001199,0.8416498286907153
3001200,15.424235431590557
3001201,13.522793510431887
3001202,0.5122532553484129
3001203,142.2170615304426
3001204,10.878787161820565
3001205,4.882764650990542
3001206,5.208208391776051
3001207,43.62796113508174
3001208,1.581954872021793
3001209,69.4050916687401
3001210,122.17307403137316
3001211,4.160933832522299
3001212,4.826349962444291
3001213,124.29822817463646
3001214,58.47842818285953
3001215,1251.7756319657035
3001216,10.975123017896658
3001217,7.143665898535806
3001218,3.7075051657930747
3001219,0.27660121154513295
3001220,2.9272132212084867
3001221,1891.2375265977482
3001222,0.0
3001223,138.56087256074306
3001224,5.640355678750533
3001225,687.4442305805327
3001226,307.19960208191486
3001227,252.8040024998821
3001228,51.63923502993289
3001229,41.61161014889674
3001230,2802.4453596815006
3001231,26.589286249569824
3001232,1.001350561564272
3001233,12.9039343898415
3001234,12.41315755091592
3001235,0.06946527801424905
3001236,124.84042886557583
3001237,4.67548449073029
3001238,0.0
3001239,3.397952917687583
3001240,21.94846942581053
3001241,3.102791774030271
3001242,104.11572043579791
3001243,117.57036376587038
3001244,1.1663748178890063
3001245,4.431605464983144
3001246,73.21279392062509
3001247,22.55463884833037
3001248,332.17315278073755
3001249,1.281664413905031
3001250,3.2417254745623763
3001251,4.061199695033329
3001252,0.0
3001253,6.55811534089159
3001254,2706.965229665202
3001255,0.0
3001256,594.4131756988423
3001257,11.04743925767632
3001258,806.7647447050979
3001259,778.6841859826211
3001260,194.4759548199002
3001261,163.31267954407667
3001262,108.16693672813739
3001263,3563.3078903446813
3001264,43.794544616992695
3001265,0.5295086253088502
3001266,13.069037045991665
3001267,52.84063734685627
3001268,0.31346304308364503
3001269,210.1208614704995
3001270,17.91495959946702
3001271,20.346737606852784
3001272,5.283194193459528
3001273,72.88123445389772
3001274,8.58297862061107
3001275,466.4735710116992
3001276,184.99928279627218
3001277,8.11613078973712
3001278,7.92139338848523
3001279,395.89594708837427
3001280,90.85097739965212
3001281,3248.8414106041096
3001282,0.0
3001283,34.22982798223165
3001284,5.997352734084501
3001285,0.0
3001286,4.020855197133309
3001287,2650.8633341809063
3001288,0.0
3001289,367.566086975643
3001290,6.88756243431194
3001291,1042.441768375516
3001292,749.4083002611077
3001293,465.43579708795494
3001294,79.79425403922649
3001295,51.37439109164396
3001296,4148.709475446721
3001297,14.041457769861642
3001298,0.7316315776401208
3001299,1.9002701159351527
3001300,13.236901983117852
3001301,0.12783138468052752
3001302,234.76639867150848
3001303,2.308216234945115
3001304,5.763554843199883
3001305,3.364719670247995
3001306,39.506857044905104
3001307,1.6086951047427638
3001308,264.4455260303316
3001309,213.36218411051894
3001310,3.311237919934436
3001311,2.9907808723375027
3001312,191.7393060790366
3001313,39.87337997813233
3001314,680.2548633023594
3001315,18.539739447897922
3001316,10.78779586639169
3001317,8.202261321581208
3001318,0.0
3001319,3.0685719970961283
3001320,2178.4982649093727
3001321,0.0
3001322,368.6772635511619
3001323,5.8007135156819265
3001324,1583.3027692476496
3001325,609.9176514235303
3001326,252.21142548633503
3001327,205.46562988324374
3001328,79.85228682482955
3001329,3229.2803307424015
3001330,16.585380282840912
3001331,0.8773330200101231
3001332,19.92835456733465
3001333,42.18965364413741
3001334,0.14418425022340262
3001335,229.18852609096362
3001336,3.123921819876799
3001337,2.69919021644739
3001338,9.821814167020543
3001339,67.24432338687416
3001340,1.9682021122364075
3001341,98.96685205125542
3001342,187.42501518732357
3001343,3.264898381483393
3001344,4.042421802744377
3001345,141.0881298626812
3001346,134.3076528738607
3001347,1097.1936248291931
3001348,3.5228943306759652
3001349,5.2152535463781104
3001350,2.9667232734457465
3001351,0.10179461607685486
3001352,2.937525841982494
3001353,1415.4702565421971
3001354,0.0
3001355,126.6757392691991
3001356,7.1276052577409015
3001357,519.0582785870763
3001358,338.9622774064676
3001359,128.3935422996266
3001360,52.32837110710426
3001361,44.79580818153416
3001362,2162.0335948363117
3001363,12.076626827801592
3001364,0.8946233687692756
3001365,14.296573990245863
3001366,14.639594209366592
3001367,0.09091064552180414
3001368,131.41788353966592
3001369,2.364277607113518
3001370,0.0
3001371,4.220780213557788
3001372,62.567825652710106
3001373,2.2015093085707864
3001374,104.82437422579133
3001375,122.51916279709263
3001376,1.198052898997344
3001377,3.8263102157154214
3001378,140.25764755450348
3001379,36.67008340415334
3001380,415.1147210434017
3001381,1.2044232690346934
3001382,1.9371078560742407
3001383,1.8511453006195429
3001384,0.0
3001385,0.6606608445016879
3001386,1418.8331992497633
3001387,0.0
3001388,261.90981557516056
3001389,10.258277675046898
3001390,528.2091675300687
3001391,475.100345405852
3001392,119.40013138875359
3001393,48.82082618514116
3001394,64.74218960397833
3001395,2109.092653630765
3001396,25.63507783838124
3001397,0.5469032182635684
3001398,12.87925202861795
3001399,13.439065227164066
3001400,0.11059490108163547
3001401,116.480370822979
3001402,12.055852010885918
3001403,2.254871774397236
3001404,2.0096031935569445
3001405,34.79086691878465
3001406,4.478468536936562
3001407,493.15120250730286
3001408,133.515616375333
3001409,4.5091632304038844
3001410,5.696084387154581
3001411,317.5755805018744
3001412,32.27949777606831
3001413,1552.053515108318
3001414,0.0
3001415,5.897478309819434
3001416,3.0692237852102737
3001417,0.018211508089808173
3001418,3.526814798624862
3001419,3671.6627740810736
3001420,0.0
3001421,782.089831069798
3001422,13.293052391127242
3001423,1171.4493538170177
3001424,1345.7000704772183
3001425,274.4283663940484
3001426,264.2408460733214
3001427,187.53542001846367
3001428,4399.842258452994
3001429,36.13200336368619
3001430,0.957392055887281
3001431,22.111430357698087
3001432,37.98333846774026
3001433,0.1311391106223686
3001434,268.2594109779386
3001435,12.662499675838845
3001436,45.20059650911454
3001437,8.769693448560384
3001438,85.65513423360525
3001439,13.021965066148313
3001440,402.06683759651537
3001441,251.367881311759
3001442,16.468404496954985
3001443,8.246574001730348
3001444,567.0594144301609
3001445,119.75371008452535
3001446,6050.137076518346
3001447,0.189549017752927
3001448,25.705080171233554
3001449,2.3449890625643808
3001450,0.05232656907891731
3001451,1.7544407225740561
3001452,1335.2870319295
3001453,0.0
3001454,284.54513970163356
3001455,4.167826126167977
3001456,295.2495053936439
3001457,433.61246320737547
3001458,110.4078104433452
3001459,88.12432772978036
3001460,0.0
3001461,1453.9176269731074
3001462,15.094210595727667
3001463,0.41049592500175275
3001464,8.005477273488205
3001465,10.239436808943843
3001466,0.0957603348724927
3001467,73.80503909272744
3001468,0.0
3001469,30.570358058600696
3001470,0.3169852345915768
3001471,47.0391657659641
3001472,5.711384992362092
3001473,187.55184339295727
3001474,77.87822772426334
3001475,4.675006033542736
3001476,3.4987794201626796
3001477,153.80782996919322
3001478,28.297868627328338
3001479,2286.6438800217966
3001480,3.480216114016389
3001481,1.647834822950813
3001482,4.020446104830234
3001483,0.0
3001484,0.14416011533055825
3001485,733.8315433434263
3001486,0.0
3001487,200.7140729157424
3001488,6.108035830838359
3001489,364.58069596189335
3001490,229.53051451600467
3001491,71.49018944834759
3001492,29.698832254917768
3001493,27.29996673911209
3001494,1337.3543424017416
3001495,12.44178269884735
3001496,0.9421466119856233
3001497,11.414314460242963
3001498,9.557634522947117
3001499,0.41301162826971466
3001500,62.842175455498804
3001501,0.0
3001502,7.0566873190949755
3001503,0.2268922295070093
3001504,19.698759999168608
3001505,0.5305625095063746
3001506,236.45428570642414
3001507,91.88117266035935
3001508,2.1256500329701837
3001509,1.3510392041781842
3001510,117.40232217733153
3001511,18.933427211170685
3001512,940.9919083201409
3001513,1.344978315240662
3001514,1.8354834986458948
3001515,5.0347453915323355
3001516,0.2583618379853529
3001517,2.0470373246115123
3001518,2970.140732863354
3001519,0.0
3001520,595.1952774775773
3001521,12.869381721096559
3001522,853.771785427714
3001523,938.6510865657888
3001524,284.24570490934906
3001525,244.42870558583766
3001526,108.0259142685374
3001527,3718.3179700090705
3001528,23.482702695371756
3001529,3.08076869432589
3001530,25.79884203784693
3001531,27.287645943439507
3001532,0.47167877177797807
3001533,213.83590859852754
3001534,6.0143622959584695
3001535,40.4000684690582
3001536,8.334967373420785
3001537,91.26789511577923
3001538,4.6189317711216376
3001539,272.33759721238187
3001540,203.8771698972636
3001541,10.1226254441053
3001542,7.756363412340072
3001543,356.2035943862222
3001544,70.79859295358791
3001545,4057.2553597167403
3001546,1.8034198373037946
3001547,17.653191291241
3001548,4.959600762863331
3001549,0.0
3001550,1.4692788155016308
3001551,2390.687502475277
3001552,0.0
3001553,539.1000284926585
3001554,15.466231673040213
3001555,903.3029782334039
3001556,796.413719191759
3001557,305.03803786617243
3001558,189.47901787644182
3001559,48.083197393847335
3001560,3914.699865934013
3001561,12.556803559729273
3001562,0.8458099232768439
3001563,27.397289042283305
3001564,12.589866979748749
3001565,0.9394354314177604
3001566,210.3604273923134
3001567,0.0
3001568,7.900167680923229
3001569,6.393156949889011
3001570,25.510707501784562
3001571,1.2832387580746332
3001572,161.11593764102298
3001573,197.48606344530836
3001574,4.659446535054967
3001575,4.188107920646613
3001576,173.3000869841897
3001577,68.59332668510359
3001578,1189.1261118414905
3001579,7.963078630022983
3001580,0.8298229725243592
3001581,6.27120053981594
3001582,0.6195231876128119
3001583,1.4414895792593123
3001584,2425.2126752861186
3001585,0.0
3001586,523.9261389524908
3001587,9.133052055237677
3001588,768.6630829115087
3001589,729.5412147372997
3001590,228.07199037745394
3001591,194.41656283312216
3001592,51.84863650928806
3001593,3204.5066559988422
3001594,14.250626481294475
3001595,1.3573745708699612
3001596,25.197486197154237
3001597,12.23266594638457
3001598,0.395700671832317
3001599,201.68947657608166
3001600,0.0
3001601,7.996438279520569
3001602,5.24969867683814
3001603,68.39049177528656
3001604,0.9807186189690538
3001605,96.79424141680062
3001606,195.654260385905
3001607,4.538027680212004
3001608,4.154776310192718
3001609,157.71628228911433
3001610,53.48465062774057
3001611,871.6297641455858
3001612,1.7906316278715155
3001613,4.546440493909616
3001614,9.914222606533935
3001615,1.20711545551553
3001616,12.413634944805851
3001617,7472.033468788479
3001618,0.0
3001619,1142.8486806837016
3001620,37.00033903405872
3001621,1809.6982343648838
3001622,2038.5370039763473
3001623,312.2872156081383
3001624,481.08443874150333
3001625,336.0381798107557
3001626,7363.189282611301
3001627,86.76764075384804
3001628,3.198058243342652
3001629,46.66720654689268
3001630,50.23809483078548
3001631,1.2149763519777093
3001632,448.91028449698774
3001633,33.26295676698359
3001634,77.16015794763564
3001635,17.84276180853412
3001636,184.34450425072137
3001637,27.689075081075114
3001638,631.3760035537574
3001639,415.47261222629294
3001640,15.90924480766223
3001641,19.7227973887165
3001642,986.0081531678128
3001643,203.46187481032834
3001644,10545.651317422984
3001645,1.1264594991566013
3001646,77.24602485472914
3001647,2.61160059413658
3001648,0.25360502278092867
3001649,1.0008003884355214
3001650,1307.5009617144854
3001651,0.0
3001652,136.41037994055773
3001653,4.157222737798179
3001654,821.3176831408535
3001655,306.15195268960656
3001656,104.10343746164966
3001657,125.06867864025773
3001658,45.295668735132224
3001659,2408.0187202085353
3001660,6.2574710544354275
3001661,0.2903383538480703
3001662,13.536254231897022
3001663,6.900448742470188
3001664,0.31840778144137777
3001665,148.8117904608073
3001666,0.3080358888797232
3001667,0.0
3001668,4.454649180892511
3001669,51.83611893493495
3001670,0.6303279321919446
3001671,55.46764013112081
3001672,94.06998126761115
3001673,1.6802926743611861
3001674,5.0001786251112375
3001675,103.52765777258536
3001676,15.435652104811513
3001677,434.72913208111424
3001678,1.7331011261895866
3001679,3.75746196766218
3001680,7.757546264609491
3001681,0.0
3001682,2.2872098018825096
3001683,2612.303275891294
3001684,0.0
3001685,424.5116349057773
3001686,10.234925319340105
3001687,916.8365135998425
3001688,691.6151117069317
3001689,185.39956166360176
3001690,227.62867339710675
3001691,75.86262556846309
3001692,3509.489273730727
3001693,12.288509555680527
3001694,0.27325869674912934
3001695,9.119642185896117
3001696,13.190312884101752
3001697,0.4012783972766953
3001698,209.40461658452824
3001699,2.259131939610866
3001700,4.14525180228495
3001701,11.048492847407946
3001702,16.011276904372547
3001703,1.7091620280232898
3001704,263.57939844755856
3001705,161.14569363773185
3001706,3.8596040551833433
3001707,5.41557194733242
3001708,106.22678051649626
3001709,57.31729546943092
3001710,1016.2541801809765
3001711,1.8370351507952043
3001712,5.383287747270144
3001713,0.8783362798090159
3001714,0.0
3001715,0.5625812981100318
3001716,783.0422546660814
3001717,0.0
3001718,98.79042708520602
3001719,2.378646025732433
3001720,790.7176121273262
3001721,176.73335504530962
3001722,82.58296018846849
3001723,157.20759356473096
3001724,13.838788511773078
3001725,2363.657248112456
3001726,1.804210944541248
3001727,0.21563044890428762
3001728,9.405532003506027
3001729,3.2728504706781933
3001730,0.10049761491689733
3001731,75.6148353173504
3001732,0.0
3001733,0.0
3001734,0.8665131752364837
3001735,15.991920314245787
3001736,0.17488664220093308
3001737,61.026229219581175
3001738,54.398334863724294
3001739,0.792388972970987
3001740,1.2517042678906916
3001741,45.181605982206406
3001742,9.068855188169369
3001743,142.6009870158969
3001744,1.6856227269968453
3001745,1.8036108778777882
3001746,6.900579728435563
3001747,0.0
3001748,2.5911054710298274
3001749,1748.4693727263736
3001750,0.0
3001751,184.87554593564772
3001752,7.524358976431018
3001753,773.9586126834685
3001754,463.27375074644135
3001755,141.65288592082976
3001756,125.44556960267629
3001757,54.09608631899407
3001758,2664.746226499264
3001759,5.1039974311238225
3001760,0.6828024480438564
3001761,19.957085641301425
3001762,13.092360603645783
3001763,0.10334499923017768
3001764,170.67164113688665
3001765,0.0
3001766,0.0
3001767,12.247464174367916
3001768,16.073654049779865
3001769,0.977913480130572
3001770,224.22670599797618
3001771,145.30492979269067
3001772,1.9278003668946218
3001773,5.130107934477629
3001774,200.0492768178762
3001775,29.438960835956138
3001776,1082.6817181006247
3001777,2.7182666457626583
3001778,0.9534008982805992
3001779,3.34219148755063
3001780,0.24867146205866905
3001781,1.9807359842480046
3001782,1683.033259296303
3001783,0.0
3001784,575.746335632089
3001785,6.243439488820283
3001786,674.7361983681241
3001787,725.9623534495908
3001788,193.99958859909697
3001789,95.77427379941892
3001790,63.07071102325286
3001791,3180.3527698895678
3001792,5.999352053570732
3001793,4.9644006995638446
3001794,9.167188288730102
3001795,36.94606706097054
3001796,0.06320707034941687
3001797,186.2828715688735
3001798,3.119270436138666
3001799,5.293808573616368
3001800,2.063164415672356
3001801,26.28664151675693
3001802,2.08015373307741
3001803,159.7928469320629
3001804,216.70549346419656
3001805,4.513646153203196
3001806,5.909063286326783
3001807,135.98588731619517
3001808,32.36135719288493
3001809,581.0954891565435
3001810,6.413626619105315
3001811,4.80558868996725
3001812,3.9567099156666186
3001813,0.0
3001814,0.4110596779604874
3001815,1134.0722124094561
3001816,0.0
3001817,71.46168184091505
3001818,1.9300939583259826
3001819,349.9254662236459
3001820,192.94215130868577
3001821,65.60882454164457
3001822,102.36250739406407
3001823,15.230899457236424
3001824,1457.0978739443783
3001825,3.862874409155419
3001826,0.5103545767267784
3001827,9.118910455910404
3001828,7.131996667313817
3001829,0.2778295496631692
3001830,76.42737290678137
3001831,0.0
3001832,0.0
3001833,0.4024141840356768
3001834,0.0
3001835,0.4979132829325809
3001836,168.35567944387063
3001837,60.65453203688699
3001838,0.36987560260565017
3001839,0.9476239469632375
3001840,28.171830309654833
3001841,13.061288976910225
3001842,270.8432561945607
3001843,1.5919017847489434
3001844,0.6935556949417397
3001845,3.89142767369159
3001846,0.040305809476954065
3001847,1.0410533515303104
3001848,2569.4492946996425
3001849,0.0
3001850,394.549086529157
3001851,6.457705137400013
3001852,607.7973539343195
3001853,602.4611836264958
3001854,183.08442106114535
3001855,107.12196306847724
3001856,49.882640816848294
3001857,3028.304036292431
3001858,7.044388957533893
3001859,1.006435585408656
3001860,20.84128863612226
3001861,7.891749133213149
3001862,0.0
3001863,152.32384492589435
3001864,0.0
3001865,24.474733211766683
3001866,4.632037524131048
3001867,22.00694124529219
3001868,0.9683929404465271
3001869,198.23309676696604
3001870,132.08947509815755
3001871,2.8471329340669587
3001872,2.731866371697541
3001873,98.25216929138588
3001874,40.83898134495634
3001875,933.8979547074306
3001876,0.0
3001877,1.0082547855672188
3001878,4.6106510812201
3001879,0.0
3001880,5.636016772129624
3001881,3052.576350216876
3001882,0.09781308892448805
3001883,554.9018403234307
3001884,7.516493574191092
3001885,1043.412904784613
3001886,925.2465979173061
3001887,156.47580515738508
3001888,136.60445991380604
3001889,131.82004241935513
3001890,3839.779845267139
3001891,64.69568985899903
3001892,2.006157581751742
3001893,25.60832373251719
3001894,31.54887946352263
3001895,0.40223167492455103
3001896,243.26023844170473
3001897,20.09353202966997
3001898,34.49104832015782
3001899,2.462636208916708
3001900,92.82942564490024
3001901,9.610488841197439
3001902,222.05058530374833
3001903,238.84900558628388
3001904,12.426345015524236
3001905,14.49011134992372
3001906,273.888860703447
3001907,59.2849849892888
3001908,3955.726224447066
3001909,0.0
3001910,12.960973288589413
3001911,5.4902082239339824
3001912,0.0
3001913,3.704989925578409
3001914,2837.1244147437947
3001915,0.0
3001916,427.9919888396768
3001917,11.114045414994925
3001918,961.8780645715902
3001919,835.2987162146371
3001920,139.5372349713978
3001921,86.26986739970181
3001922,156.23175196500713
3001923,3457.1461208992614
3001924,30.300617685460182
3001925,1.30162348691715
3001926,32.6114046875462
3001927,69.36325692591586
3001928,0.12873211003738985
3001929,261.1589281725392
3001930,17.463812052841934
3001931,25.013658411409278
3001932,10.3530512335914
3001933,131.22062714765303
3001934,10.006360730300683
3001935,181.47338051990317
3001936,339.9732854707472
3001937,8.245297905394434
3001938,9.943139590861916
3001939,129.33297285271485
3001940,62.87796853676237
3001941,3192.361150722939
3001942,1.4302378975667716
3001943,15.115194081590307
3001944,5.917248354631995
3001945,0.31751294774397903
3001946,2.592854030755209
3001947,3152.6406460942503
3001948,0.0
3001949,620.5770190224946
3001950,9.712159778336288
3001951,1257.7407622834714
3001952,648.0603010109525
3001953,184.35443453568817
3001954,245.1160661425975
3001955,62.07141811428364
3001956,4869.364199494147
3001957,33.319355742826104
3001958,1.4562917503712096
3001959,10.944114695346332
3001960,15.594795767403118
3001961,0.18356477923533268
3001962,267.4757632085039
3001963,5.242290726012394
3001964,13.406894329056408
3001965,4.942369515872731
3001966,52.63140564220838
3001967,4.294951776629168
3001968,127.72528004755442
3001969,210.28996610671146
3001970,6.749182417482231
3001971,6.913631333928686
3001972,188.81524747303297
3001973,43.7555985660883
3001974,1273.9985468474792
3001975,3.816586359698604
3001976,15.01155171979362
3001977,3.5262242962389854
3001978,0.08045444279292237
3001979,3.4990059170416794
3001980,2211.5814431546696
3001981,0.0
3001982,333.46930671767643
3001983,7.8119681700475025
3001984,714.7473273893172
3001985,712.2336011830612
3001986,165.91458570762356
3001987,125.7922304889236
3001988,81.33564639008809
3001989,2926.841575327068
3001990,24.746590124245404
3001991,1.4484953813121908
3001992,17.05252496519755
3001993,8.656192362430405
3001994,0.24700544920555148
3001995,197.8635957062056
3001996,16.637645628023307
3001997,23.316890715214438
3001998,1.1340252279055683
3001999,54.85618751687352
3002000,7.194602621570222
3002001,323.18898199221655
3002002,174.61154399371213
3002003,6.480022591829693
3002004,8.255942228682988
3002005,316.86273591256906
3002006,32.14275854583818
3002007,3095.369690336853
3002008,0.0
3002009,21.69289705457448
3002010,3.251053864632762
3002011,0.2400659369084798
3002012,2.379360486407053
3002013,3999.7177190573834
3002014,0.0
3002015,346.6819128154339
3002016,14.469038115690516
3002017,1649.1405367732311
3002018,760.119714800524
3002019,251.16332813002137
3002020,163.25052269695897
3002021,59.98907527070921
3002022,5069.869500762932
3002023,14.411136326708021
3002024,2.2640100157600385
3002025,22.85280392541517
3002026,22.060467960889497
3002027,0.15651818621549113
3002028,340.01432769912725
3002029,0.0
3002030,0.1041364418223185
3002031,11.378226194888637
3002032,4.438525019761136
3002033,1.6273498540605218
3002034,129.72143456219996
3002035,283.13358677208777
3002036,3.8057299559746816
3002037,9.17624170139309
3002038,155.75466183888764
3002039,58.410740255355215
3002040,976.6585501872006
3002041,1.6035275433333054
3002042,6.022442483675959
3002043,7.755018343719993
3002044,0.0
3002045,6.7421008276405185
3002046,2712.1423697910186
3002047,0.0
3002048,474.2954117793337
3002049,10.581509193772003
3002050,1269.5995102439895
3002051,705.3582082377839
3002052,216.21029586830934
3002053,137.1248136259445
3002054,125.81448091417657
3002055,3880.5302301911065
3002056,36.43671423641575
3002057,1.7244471568161182
3002058,26.475954905331605
3002059,35.513097802933935
3002060,0.5327746680239897
3002061,218.18420498206103
3002062,18.444724356160965
3002063,22.50207160667601
3002064,7.232711319793735
3002065,95.80077576196915
3002066,10.790187449421317
3002067,203.15760243051756
3002068,415.9815075578915
3002069,12.520885853543476
3002070,9.152928920309042
3002071,202.04551123582542
3002072,61.75872556601122
3002073,2929.8275995939307
3002074,0.4225745023374603
3002075,7.846182230639417
3002076,2.5211372717030036
3002077,0.006305990344619108
3002078,3.690262430054379
3002079,2507.908718533243
3002080,0.0
3002081,438.71095981063723
3002082,8.643488093412468
3002083,715.298747772048
3002084,807.634999577639
3002085,157.47333466936652
3002086,135.09983468589664
3002087,112.25323266339335
3002088,3026.701501548141
3002089,38.46135814587346
3002090,1.3243068658053474
3002091,24.543090554200965
3002092,19.002386899943524
3002093,0.30363994400687894
3002094,189.98952411309224
3002095,15.825266126042868
3002096,46.625605454260224
3002097,4.570170668522842
3002098,57.4307967185902
3002099,10.089031704607475
3002100,222.54920709360746
3002101,169.97031993572045
3002102,10.51664015068045
3002103,9.20581780060811
3002104,225.50567443582838
3002105,42.415470489983186
3002106,3348.3440151079726
3002107,0.0
3002108,14.178693662524044
3002109,3.408455959877533
3002110,0.10000966625708736
3002111,2.6371948523389896
3002112,3973.6090563689418
3002113,0.0
3002114,476.97146077498047
3002115,15.989373232974039
3002116,871.4301860218918
3002117,647.5252067995107
3002118,198.56165293248878
3002119,172.91263242402286
3002120,45.69728489417541
3002121,3750.64900489943
3002122,8.830473517786753
3002123,0.13239382236240765
3002124,6.3831483916826395
3002125,15.315047512672873
3002126,0.06881855704805012
3002127,182.29919501284743
3002128,0.0
3002129,8.051037258808558
3002130,1.3955765545653165
3002131,28.305677918325788
3002132,3.793425906204199
3002133,191.8647989784657
3002134,198.50079627052762
3002135,2.343292660112866
3002136,1.1513435966036316
3002137,217.40364483158044
3002138,112.19350170300686
3002139,983.3983160864734
3002140,4.566003729172634
3002141,1.500861217817769
3002142,14.108030387547215
3002143,0.0
3002144,13.206649419637174
3002145,8368.09642718612
3002146,0.0
3002147,1506.6163833101432
3002148,28.430011140698667
3002149,2346.578553442229
3002150,2284.489298290441
3002151,472.7829395268769
3002152,584.2127166461303
3002153,396.20790021556473
3002154,8665.103013056132
3002155,105.66253159637363
3002156,4.335024804274581
3002157,93.82513579824159
3002158,108.57915758914902
3002159,1.2057819156045808
3002160,578.445593485294
3002161,29.59134900543589
3002162,21.545427191832022
3002163,20.29099892238176
3002164,297.04638284896447
3002165,25.21190909799882
3002166,735.5243119030966
3002167,402.19991312887385
3002168,34.17350965599677
3002169,30.9474992370964
3002170,916.3233998710923
3002171,257.8212985589039
3002172,12628.71466873717
3002173,94.07276861837794
3002174,74.54861537549252
3002175,12.153671338729037
3002176,0.0
3002177,8.800595182957347
3002178,7601.958208286115
3002179,0.0
3002180,1102.0639868896167
3002181,26.939042803039133
3002182,2099.0393282270024
3002183,1996.8390708985378
3002184,553.6112925970014
3002185,343.97680463578257
3002186,287.52902476483723
3002187,9173.454529648045
3002188,147.27964316749052
3002189,2.1170964869470397
3002190,41.91150917392077
3002191,95.67118582153114
3002192,0.710334874756902
3002193,518.9168435039129
3002194,17.379964001628295
3002195,41.339389088551805
3002196,4.187646015193058
3002197,182.60785840279905
3002198,17.23050146509552
3002199,838.2326768632538
3002200,514.537827115607
3002201,18.6449616525276
3002202,25.013501443660203
3002203,1049.3416938730459
3002204,214.69587971349287
3002205,8056.023815431991
3002206,152.43118623371717
3002207,75.2697666146797
3002208,10.305167356075257
3002209,0.0
3002210,12.746365400983724
3002211,4603.135777763272
3002212,0.0
3002213,864.170911235364
3002214,13.733961038617547
3002215,1776.6025316647117
3002216,1182.4476918053429
3002217,543.008232275475
3002218,122.28707130598569
3002219,177.90162424463634
3002220,7130.064247075697
3002221,37.72244883359014
3002222,2.4781625452137614
3002223,28.888570340432867
3002224,24.148941276269582
3002225,0.49359591389226953
3002226,419.5787565148291
3002227,18.616506607653946
3002228,27.43750000493134
3002229,6.445739935162638
3002230,99.38425327357204
3002231,8.163852304035721
3002232,830.1974128886089
3002233,458.16587659816815
3002234,21.114619249402338
3002235,40.470454983443126
3002236,457.52690735443184
3002237,95.0702485717396
3002238,3143.130880558708
3002239,82.67012965539952
3002240,31.961913930414067
3002241,14.140273083942779
3002242,0.0
3002243,13.80375984766347
3002244,6981.848903102685
3002245,0.0
3002246,1018.2593375577812
3002247,22.139576831910244
3002248,1899.2048784490419
3002249,1897.872345996136
3002250,560.4985345836483
3002251,312.10690482796934
3002252,205.7203912075485
3002253,8577.20795060335
3002254,56.57489809213328
3002255,1.7963223155690724
3002256,48.18680005904272
3002257,73.56282349548718
3002258,1.0353080489850377
3002259,482.56424959891393
3002260,18.887852871717882
3002261,39.42066065450612
3002262,7.245826234407616
3002263,158.01112757340243
3002264,12.806721829724296
3002265,722.6907221795904
3002266,471.24443517841974
3002267,20.22801997788605
3002268,21.82464921748383
3002269,866.163510771391
3002270,149.11507972829705
3002271,7086.7521986123
3002272,114.45797534944167
3002273,55.7109319695399
3002274,10.270191498472313
3002275,0.0
3002276,13.577479048261878
3002277,3069.7069397029736
3002278,0.015378709527507339
3002279,605.3389905315872
3002280,14.267447669449306
3002281,1292.030167505382
3002282,876.1865513685218
3002283,451.9763117221957
3002284,89.8318294486114
3002285,136.63549825558704
3002286,5382.42864626046
3002287,42.2990684665178
3002288,0.10126402324718879
3002289,18.584635602007786
3002290,40.237667013864005
3002291,0.6056287464926039
3002292,350.9165561570262
3002293,14.404923562248488
3002294,12.344731305399346
3002295,2.7442967780813454
3002296,88.31976964429522
3002297,3.998015797697039
3002298,598.0010640169725
3002299,441.9279264379792
3002300,13.70267529711934
3002301,16.17398542081275
3002302,529.2901043585059
3002303,45.587111227610094
3002304,2062.295940606583
3002305,102.37946122084153
3002306,13.066504108788015
3002307,10.733219219590113
3002308,0.0
3002309,10.320899936692065
3002310,6443.329170235054
3002311,0.0
3002312,1209.6388930500038
3002313,32.09108559099516
3002314,1817.8710052656415
3002315,2197.1233324225955
3002316,377.6765584804464
3002317,484.84706685971076
3002318,354.6053334700614
3002319,7588.509780637641
3002320,72.70646288025692
3002321,2.1292156246128933
3002322,57.105386129974455
3002323,60.21821097692759
3002324,1.256540989314798
3002325,436.8772758219059
3002326,14.70875928257838
3002327,35.54214570249106
3002328,11.826762458960724
3002329,216.37280316484853
3002330,18.146616728998854
3002331,669.9260017051112
3002332,423.7064816137719
3002333,17.536009290491062
3002334,27.16084346630221
3002335,880.8288224186667
3002336,198.3953656251174
3002337,10661.85984050543
3002338,73.73636719855821
3002339,79.51771457002482
3002340,5.828685323106958
3002341,0.03962535394011955
3002342,3.7700198983769515
3002343,1793.1277156636272
3002344,0.0
3002345,341.92127694252054
3002346,18.662094134491454
3002347,859.2513700225911
3002348,529.1501445436512
3002349,201.83002214195375
3002350,84.97050211559596
3002351,87.763244685527
3002352,2766.6677069095267
3002353,48.00587652776311
3002354,1.1502266709360107
3002355,20.621686393231325
3002356,21.584790457584766
3002357,0.18429359406871607
3002358,196.86849680694453
3002359,12.491377256456824
3002360,9.377640164525534
3002361,10.594823165212643
3002362,41.22476556018636
3002363,6.811294766676648
3002364,222.97516738073904
3002365,212.29934491464772
3002366,2.7328822545975826
3002367,6.703862207576426
3002368,208.4850733635359
3002369,50.31549292026308
3002370,2019.661298850468
3002371,2.716405615297183
3002372,9.828536160471375
3002373,8.822910393100177
3002374,0.0
3002375,10.633596034926207
3002376,3630.045244989441
3002377,0.0
3002378,509.38809862071025
3002379,27.475693894313608
3002380,1406.3683627617652
3002381,989.9565920453663
3002382,380.63705017234054
3002383,93.69497119361
3002384,132.1384915268282
3002385,5460.381813410795
3002386,109.28922554238136
3002387,1.9462764859862882
3002388,47.411929869053175
3002389,55.43138512939265
3002390,0.7771927178878291
3002391,356.64008230858116
3002392,13.175895721366972
3002393,6.956193317526224
3002394,2.987287712445246
3002395,128.79290236015748
3002396,10.129822724386191
3002397,548.9373711515807
3002398,395.42531845153576
3002399,10.945360541072299
3002400,17.21475878722904
3002401,339.9082670865473
3002402,64.98673179839541
3002403,2534.5284154412034
3002404,97.98265413744457
3002405,17.684259384018016
3002406,8.802300414724035
3002407,0.0
3002408,3.9777961418419467
3002409,4597.755526415935
3002410,0.0
3002411,898.0262137098669
3002412,8.887923377888168
3002413,1531.6897577497982
3002414,1725.4183370438557
3002415,252.55717217076136
3002416,377.1173478962577
3002417,252.9675514682181
3002418,5433.43502553095
3002419,49.29495028021385
3002420,1.6254260254667112
3002421,44.54369401946081
3002422,52.61502820374705
3002423,1.4091471710423733
3002424,337.4786045082943
3002425,3.749179929931564
3002426,56.45387161374155
3002427,8.505063199550916
3002428,116.96797151868016
3002429,13.094810951300081
3002430,602.9438732228373
3002431,281.396319842202
3002432,21.937516950517704
3002433,11.560470480699204
3002434,690.644009625145
3002435,124.60362243654164
3002436,8498.934158524067
3002437,22.155499222073495
3002438,45.81321296347155
3002439,13.697565737843783
3002440,0.0
3002441,8.998924399275863
3002442,5184.679988716983
3002443,0.0
3002444,965.9331847371714
3002445,13.203393753581663
3002446,1979.04678300444
3002447,1394.410017946368
3002448,414.118335994621
3002449,257.96810508773535
3002450,380.6874828159916
3002451,7086.051908953334
3002452,61.854814837747846
3002453,4.041477475644415
3002454,59.84334667201801
3002455,54.64622004942848
3002456,0.8400566701859475
3002457,415.21772528622404
3002458,10.59457448715994
3002459,79.46596814998985
3002460,9.198485632006058
3002461,245.81887992004437
3002462,11.644512453715354
3002463,575.2477637910864
3002464,405.0112034777271
3002465,15.994473656478974
3002466,32.408351959723404
3002467,587.1224737064971
3002468,162.30501397482922
3002469,7238.876784162955
3002470,7.185014260311346
3002471,10.363790400809501
3002472,8.668617275767657
3002473,0.2680352610186583
3002474,3.467996927817723
3002475,2244.1725797907757
3002476,0.0
3002477,477.16246891063486
3002478,7.9600379846080225
3002479,1014.2877268491695
3002480,546.1240586293782
3002481,215.58317789647717
3002482,96.38012134784118
3002483,96.01306128792466
3002484,3182.8936819468704
3002485,18.292627237400794
3002486,2.2548833052667057
3002487,24.383550403872466
3002488,29.894351618702622
3002489,0.24538100478273955
3002490,183.60829555211046
3002491,5.981952235345209
3002492,17.716490481693384
3002493,5.881495106566757
3002494,65.3065036692228
3002495,4.930676260263509
3002496,270.02537634512396
3002497,202.10335371802046
3002498,5.568712705655616
3002499,7.2841787750284785
3002500,191.0493922513664
3002501,99.48265604551884
3002502,3212.26032182442
3002503,1.8836735193367247
3002504,3.456716171528463
3002505,5.961452074808118
3002506,0.0
3002507,1.478030958248586
3002508,3235.732885418782
3002509,0.0
3002510,193.8064042918805
3002511,2.8959226773752937
3002512,924.1320304677944
3002513,229.0767658538045
3002514,189.80792881141727
3002515,54.74436400849491
3002516,25.986124177595308
3002517,3304.9538653980103
3002518,8.425498368591454
3002519,0.8238712245595203
3002520,18.65574695184488
3002521,11.26666119862142
3002522,0.0
3002523,170.11069537119388
3002524,0.0
3002525,0.0
3002526,3.56164966834639
3002527,24.93505909511177
3002528,1.266949199932453
3002529,47.189401640617085
3002530,126.14237488145906
3002531,0.022541184272533495
3002532,1.405637210687279
3002533,59.15759092540345
3002534,87.56667808838765
3002535,564.681867552392
3002536,1.7288364691780505
3002537,4.0713234183882445
3002538,5.01153185804058
3002539,0.18484787189663948
3002540,4.796097216115678
3002541,2971.3263695534515
3002542,0.0
3002543,503.39766322838375
3002544,11.311654693386666
3002545,1061.211993083798
3002546,891.5142081302379
3002547,284.9843955022604
3002548,168.58414304454385
3002549,121.57201166793328
3002550,4185.68383063323
3002551,48.815223526033165
3002552,0.971469865488627
3002553,22.893718088841595
3002554,44.583630119788204
3002555,0.11772789646635327
3002556,264.19296453999556
3002557,17.797002997210978
3002558,16.33035920041869
3002559,9.746666153354136
3002560,66.81265631097209
3002561,7.342607982393028
3002562,382.0591801365189
3002563,242.0864317791308
3002564,8.307689438626618
3002565,12.21186222761144
3002566,429.0298307731883
3002567,70.20035670899848
3002568,3542.679298887233
3002569,0.017389219751000645
3002570,29.694354669256256
3002571,5.816569235670713
3002572,0.0
3002573,5.8941092385117955
3002574,4219.462886264426
3002575,0.1361737121567128
3002576,754.1602447411273
3002577,15.990508900277032
3002578,1223.3332576794678
3002579,1447.822875986953
3002580,195.07959907476612
3002581,314.28288738222756
3002582,219.17555376599466
3002583,4365.421493950175
3002584,52.52293035131154
3002585,3.5781377797948735
3002586,38.8848764200699
3002587,41.43004588291981
3002588,1.1523186294369687
3002589,254.94416371361154
3002590,17.43128362995023
3002591,48.86767392195742
3002592,7.000326805595241
3002593,135.75492018600832
3002594,14.07907818236196
3002595,462.80126308479777
3002596,247.2668199341112
3002597,8.537088247931457
3002598,12.926251404220105
3002599,673.1566817929515
3002600,126.10028817061868
3002601,7446.551024648121
3002602,0.3259800493657821
3002603,48.58013820324268
3002604,5.352634205630181
3002605,0.4324136400995309
3002606,6.340620375866959
3002607,4254.114889383103
3002608,0.0
3002609,828.9473251531069
3002610,23.357544154430638
3002611,1217.6360485559185
3002612,1429.0392330884001
3002613,254.46269951241837
3002614,323.38269231153845
3002615,165.54133635208677
3002616,4850.3144354787455
3002617,44.785260190595665
3002618,4.695891550555326
3002619,43.166903981339246
3002620,50.44315395237621
3002621,1.384956845512265
3002622,317.3188910312345
3002623,25.52422997144384
3002624,48.493670682970276
3002625,16.96145343674634
3002626,126.90430074484735
3002627,19.322049485195215
3002628,392.8297403340506
3002629,298.157882971028
3002630,17.023093804906928
3002631,23.27614834274462
3002632,537.6966869995388
3002633,126.31613447628281
3002634,6727.86811183336
3002635,0.0806688191037439
3002636,39.26646399363851
3002637,11.988748678869444
3002638,0.0
3002639,5.799741572271806
3002640,2285.1682894087207
3002641,0.0
3002642,440.13446912574665
3002643,15.367316982065612
3002644,1066.8534877213533
3002645,734.7417381435157
3002646,402.148512328794
3002647,159.6378735536693
3002648,75.81906214093739
3002649,4456.719855385992
3002650,13.156751834493246
3002651,1.0876161017273522
3002652,0.0
3002653,30.545213605508124
3002654,0.2525130817439831
3002655,305.2992696659622
3002656,11.252823837137273
3002657,5.806246330663525
3002658,4.446806308830978
3002659,34.883918062655475
3002660,4.081316718547895
3002661,284.66373491419847
3002662,289.086002855267
3002663,7.06492478045059
3002664,6.931881629920423
3002665,290.33693852252156
3002666,97.16378920016379
3002667,1121.9027856098617
3002668,36.006958083076945
3002669,16.588279574287633
3002670,4.610088493773867
3002671,0.0
3002672,3.0884480785544426
3002673,2050.690766872413
3002674,0.14568128237930283
3002675,333.9045844631778
3002676,20.520160236214867
3002677,636.5697025554251
3002678,657.0496753864753
3002679,111.80993477990489
3002680,123.44323836928193
3002681,137.9022704603519
3002682,2502.512312235673
3002683,29.74703815463698
3002684,2.394478283992637
3002685,29.81144221930087
3002686,23.8170565379325
3002687,0.942060913136315
3002688,150.61396550132588
3002689,11.59786072878808
3002690,16.513486864892627
3002691,7.60242055599089
3002692,93.71840982127243
3002693,7.124986665735422
3002694,271.19516502598515
3002695,120.46305815668991
3002696,4.356884268893489
3002697,9.172697345076035
3002698,280.9209539768076
3002699,65.41503080749942
3002700,2107.472299487895
3002701,0.0515045596986182
3002702,23.114156255671446
3002703,0.9937372412493192
3002704,0.0
3002705,2.0231995147377675
3002706,979.2523737535382
3002707,0.0
3002708,76.6664999616407
3002709,3.4656145365035655
3002710,575.1928649862742
3002711,199.553694455425
3002712,184.8260157791301
3002713,22.875147123231567
3002714,25.634846155732966
3002715,1963.1412577694116
3002716,5.289862090637675
3002717,0.4042234316331122
3002718,10.772770010736414
3002719,5.759812975586743
3002720,0.15592652837899376
3002721,119.83010877620296
3002722,0.34889987064650496
3002723,0.0
3002724,0.7038468590778959
3002725,11.445943075388914
3002726,0.586120157469926
3002727,191.78746538146297
3002728,108.10319139578124
3002729,0.4033981163931127
3002730,2.8098103833339865
3002731,108.10375052312222
3002732,18.43663010396572
3002733,194.66056351265647
3002734,0.8070222883307421
3002735,0.9578003757653757
3002736,4.665927017433519
3002737,0.19920885969877358
3002738,1.792516304239285
3002739,3432.200868060404
3002740,0.0
3002741,607.1685243008461
3002742,12.8579090577769
3002743,1151.6265501698163
3002744,485.6414547662628
3002745,383.27886099625766
3002746,172.81436628451823
3002747,61.35143699076322
3002748,5203.1458069261
3002749,32.53234763690768
3002750,0.7330338557248183
3002751,9.144204085018968
3002752,13.28740815077995
3002753,0.38773739358337306
3002754,334.353667359148
3002755,9.639329190786427
3002756,1.9902905580473191
3002757,8.800232738713728
3002758,57.650580249384355
3002759,3.1199585930221176
3002760,833.5595018606292
3002761,219.32314775213416
3002762,1.973672372469477
3002763,13.763115334495707
3002764,224.73334436639672
3002765,95.05041922174068
3002766,902.6314259106093
3002767,7.837818771582985
3002768,5.439991566228435
3002769,3.792150769272253
3002770,0.09917926124474587
3002771,0.7271690292964025
3002772,1362.7460365563209
3002773,0.0
3002774,148.76392086211925
3002775,10.153049348240524
3002776,742.8703366268307
3002777,360.5367435346247
3002778,183.70031481459296
3002779,54.0588454130985
3002780,34.85941386388666
3002781,2413.509133265228
3002782,10.195921820446717
3002783,0.7373657264470905
3002784,15.82971267544943
3002785,16.254488906083978
3002786,0.2578789195568203
3002787,123.11924086985607
3002788,8.76069680816599
3002789,0.0
3002790,5.175633223190795
3002791,42.01998857985228
3002792,1.6167655686200608
3002793,231.32546883247196
3002794,115.29318578268763
3002795,1.6214704305663747
3002796,5.503630669500145
3002797,152.63927606905068
3002798,30.00742319852109
3002799,334.782659504177
3002800,1.6436995383398378
3002801,4.533254963208387
3002802,2.3219495843940363
3002803,0.0
3002804,3.5982534854636294
3002805,1226.3103485291283
3002806,0.0
3002807,96.14200074763684
3002808,6.401881990348775
3002809,620.2728710248233
3002810,205.88247251590647
3002811,99.89706013497856
3002812,27.57548854229225
3002813,25.236270664013883
3002814,2188.5452020077555
3002815,13.055983693767729
3002816,0.006312995426760631
3002817,11.48042935854439
3002818,7.759538479715982
3002819,0.01565030967844195
3002820,94.30870828916461
3002821,1.6859462528505615
3002822,0.0
3002823,2.7026675538575136
3002824,45.00976655169681
3002825,1.12182615139776
3002826,169.36634067468157
3002827,95.63409652786778
3002828,0.6787056848302748
3002829,4.179365502119168
3002830,89.4779961389202
3002831,15.618964924665539
3002832,161.20120304975163
3002833,1.4904020522707249
3002834,1.9929299565578973
3002835,2.0281785497007716
3002836,0.0
3002837,2.614814807105874
3002838,1173.1557123770488
3002839,0.0
3002840,123.6078107146885
3002841,7.560670843833123
3002842,1211.0925016383596
3002843,297.4425785198331
3002844,239.0496243887186
3002845,25.020511974701364
3002846,44.643823017618885
3002847,2311.004606064586
3002848,13.664429176667912
3002849,0.5579776028963036
3002850,18.828417253907116
3002851,16.668235856168486
3002852,0.15020608158130763
3002853,137.57230268925818
3002854,2.8672035288683024
3002855,0.0
3002856,3.0377063691802424
3002857,15.616535118643105
3002858,2.4726985725536554
3002859,374.50796248703017
3002860,177.52391442286853
3002861,1.1593722112428237
3002862,3.932419453248546
3002863,67.00148937236548
3002864,85.46859329652759
3002865,362.3456359117762
3002866,1.4618331527542148
3002867,4.026347862419057
3002868,2.7828388089440086
3002869,0.7143077999293287
3002870,3.586722664882801
3002871,1480.7934551623848
3002872,0.0
3002873,143.0955321921857
3002874,2.866218078739776
3002875,746.0735907005719
3002876,311.2202648536289
3002877,242.59488695035068
3002878,84.02624375814922
3002879,64.12664430595628
3002880,2398.021521606718
3002881,9.506594702442477
3002882,1.005580838374826
3002883,10.00448210611489
3002884,16.52870544429923
3002885,0.06338654553855583
3002886,169.37238125836862
3002887,8.52336307847705
3002888,0.0
3002889,4.139065737671185
3002890,24.426702990842195
3002891,1.752072623119707
3002892,147.9483394096734
3002893,149.0971701776246
3002894,0.9102712740204573
3002895,4.12418985679662
3002896,103.63946774170864
3002897,40.01944112063491
3002898,534.6285519326835
3002899,1.2983609913715222
3002900,5.4330316831771865
3002901,3.0888238645280772
3002902,0.19924926364195125
3002903,1.3726837444634024
3002904,1087.451015179877
3002905,0.0
3002906,114.94879698836804
3002907,5.335826539549177
3002908,924.4305883435745
3002909,185.3024108364606
3002910,119.99477898444297
3002911,104.07108369513756
3002912,26.484911175174123
3002913,1709.3844987812702
3002914,7.369303995224183
3002915,0.4942648118788677
3002916,8.36961875699283
3002917,11.341987907105649
3002918,0.07595868511289505
3002919,128.02269904889133
3002920,0.0
3002921,0.0
3002922,2.373231637219629
3002923,58.03340391120051
3002924,1.4317570660366383
3002925,45.49747399554685
3002926,95.6623196732083
3002927,0.6339663162550897
3002928,2.936827118667034
3002929,53.73548663958969
3002930,26.655707481037787
3002931,391.3686470262201
3002932,0.8364913144539129
3002933,1.19264379962039
3002934,6.405257955397704
3002935,0.5077827129888537
3002936,2.2903081797308267
3002937,2232.6963500253587
3002938,0.0
3002939,239.89038848099676
3002940,4.245081928444681
3002941,668.8914162883365
3002942,527.9457688809587
3002943,372.5296366499547
3002944,122.94495861912574
3002945,74.19976276539882
3002946,3014.3273644143674
3002947,13.500773386182722
3002948,0.6965369959993956
3002949,15.286759203803177
3002950,13.509190081861597
3002951,0.2546641225751956
3002952,185.3086513045306
3002953,1.4021803021410093
3002954,0.0
3002955,5.557250886258714
3002956,34.73323865485707
3002957,3.810309271127347
3002958,273.601086866995
3002959,152.4625948809127
3002960,1.9334455828970738
3002961,4.80992271340748
3002962,256.319152981526
3002963,42.015968901399965
3002964,1049.5365063413942
3002965,3.842586030915064
3002966,11.216603803756088
3002967,3.362461399133598
3002968,0.19246447296605596
3002969,2.646748178379691
3002970,1532.0046254022582
3002971,0.0
3002972,510.54012009342057
3002973,7.452058594578306
3002974,400.3256346307939
3002975,461.399162359918
3002976,154.60659681717866
3002977,108.80400443612771
3002978,45.39787898406002
3002979,2125.2900734364175
3002980,10.753559962610074
3002981,0.9793344040623781
3002982,10.741644547541496
3002983,10.444833358100908
3002984,0.657426687916773
3002985,141.46035707419801
3002986,8.260386252433877
3002987,5.353825104128882
3002988,2.9460837001707407
3002989,70.06144117726048
3002990,1.956637071557123
3002991,262.7914353526338
3002992,98.35087587265056
3002993,4.080434218475922
3002994,3.5931723252482453
3002995,129.75949162449675
3002996,49.96562292107303
3002997,1174.0159829210786
3002998,11.272000404618046
3002999,7.995583794076827
3003000,3.9013677703448897
3003001,0.32116527756111335
3003002,2.353411553989531
3003003,1773.293568873615
3003004,0.0
3003005,127.57205266234463
3003006,6.385125062017289
3003007,593.3879979037476
3003008,244.15259283369303
3003009,214.30409833806408
3003010,53.664147398659125
3003011,34.95564052649043
3003012,2509.2308226694586
3003013,27.646703433047684
3003014,1.3653869716829892
3003015,20.888974846703846
3003016,9.2160607258404
3003017,0.15343557965534935
3003018,107.46490843300572
3003019,3.7714746461162814
3003020,0.0
3003021,2.397018763011456
3003022,36.22136493331388
3003023,2.2372709496400955
3003024,121.27402084959412
3003025,99.02217494215503
3003026,1.2462111751684264
3003027,4.136101257646675
3003028,197.4055399390527
3003029,18.778095202334526
3003030,353.6599677045279
3003031,1.3958389578024981
3003032,3.880135719326279
3003033,5.100445012390132
3003034,0.0
3003035,5.841700451801992
3003036,2313.327293721065
3003037,0.0
3003038,502.6390520241688
3003039,11.516323903320904
3003040,698.6860570049315
3003041,630.9632583863821
3003042,164.2033847835752
3003043,134.8372174154492
3003044,82.59793343612648
3003045,2986.024792054967
3003046,40.22672669354637
3003047,1.2825369869567902
3003048,16.041683508431316
3003049,41.969678393681846
3003050,0.32529908323821655
3003051,175.18101703115676
3003052,15.608582690166207
3003053,13.886770872285329
3003054,6.642522684292385
3003055,82.46246971143621
3003056,8.037862128079565
3003057,389.6965608852649
3003058,145.5018022351682
3003059,8.444740024274662
3003060,6.797224481838713
3003061,326.2008384744037
3003062,78.87567568009624
3003063,1668.9559409895155
3003064,0.0
3003065,25.559745398358913
3003066,6.593070539986224
3003067,0.10110388952495497
3003068,3.369351010169761
3003069,2643.0385493678878
3003070,0.0
3003071,351.70582629537375
3003072,6.7049529733226985
3003073,1035.6005235189862
3003074,490.65885476511085
3003075,474.9262489539983
3003076,72.47645314901892
3003077,53.84540904620761
3003078,4107.119724708447
3003079,15.97467220807916
3003080,0.7960029160612038
3003081,2.130439134592181
3003082,12.816680836765359
3003083,0.060749652184952
3003084,243.7026991489462
3003085,1.2067117518778656
3003086,5.38084286613674
3003087,3.354379327172053
3003088,45.738851918837575
3003089,1.6003469342471168
3003090,647.9984066271471
3003091,202.44459956498034
3003092,3.3261801209056965
3003093,2.936808696298563
3003094,197.54192376773412
3003095,36.76543835550695
3003096,692.0747684510774
3003097,15.692681315227329
3003098,9.341912743450543
3003099,9.653450333744743
3003100,0.0
3003101,3.0994648877775037
3003102,1995.7898537299786
3003103,0.0
3003104,312.76580127766096
3003105,5.342610098739287
3003106,1443.8453019294293
3003107,399.83665932535774
3003108,222.05545076563092
3003109,211.36941187968682
3003110,74.55297290937858
3003111,2695.6994909060672
3003112,14.68399785980777
3003113,0.9834706368505336
3003114,24.5488628337026
3003115,21.992486511692558
3003116,0.17472309035697198
3003117,209.613111287735
3003118,4.413996908205929
3003119,1.8888910603141618
3003120,9.179262227372448
3003121,80.43754561716354
3003122,1.5341882124297572
3003123,112.99293593563121
3003124,162.60016217419408
3003125,2.4288048553758363
3003126,2.7425417034945965
3003127,120.59734140035388
3003128,132.82520686680743
3003129,941.0866779110164
3003130,3.310341665801826
3003131,5.618118103622353
3003132,3.777821860026046
3003133,0.04247208003045119
3003134,2.1708791866376935
3003135,1390.191434144923
3003136,0.0
3003137,115.52999094489063
3003138,9.486651854111994
3003139,471.54582090399816
3003140,264.7620013012124
3003141,113.17405716024774
3003142,49.71562453305363
3003143,55.47887743521429
3003144,2127.973213373785
3003145,12.530185730332846
3003146,0.44340830763776556
3003147,15.799950568619431
3003148,12.865455846475044
3003149,0.0
3003150,112.7154875449553
3003151,2.461652064908018
3003152,0.0
3003153,2.99178317528412
3003154,76.36805242430476
3003155,2.6274741304074904
3003156,102.481529784912
3003157,96.19861687611844
3003158,1.2808895400797844
3003159,3.9409551459905985
3003160,128.0446614681511
3003161,26.719105838355617
3003162,397.4898796191354
3003163,1.3398960478428332
3003164,2.513457331817011
3003165,1.8278433086768344
3003166,0.0
3003167,1.006133410627373
3003168,1242.1209545276377
3003169,0.0
3003170,227.821392125987
3003171,13.979934776257213
3003172,441.40013817409204
3003173,435.08230281546577
3003174,108.32300830731116
3003175,43.53705364047661
3003176,73.32921481018771
3003177,1862.5845518589572
3003178,31.173648139682992
3003179,0.5292550586700356
3003180,12.467217776133813
3003181,11.494821381080486
3003182,0.13455967618248224
3003183,99.96671440887478
3003184,9.304743326235416
3003185,2.440343732930383
3003186,1.7751547003414212
3003187,51.327040876811886
3003188,4.222662595943976
3003189,874.0007364052021
3003190,115.33786564298859
3003191,3.460163271703848
3003192,4.513691861639832
3003193,233.8795171612987
3003194,27.80818128313464
3003195,967.1173719944757
3003196,0.003154886297798007
3003197,6.08838226690593
3003198,3.3274532186318377
3003199,0.12863353221672114
3003200,2.4444350086294806
3003201,3030.1690099223133
3003202,0.0
3003203,638.6629213994719
3003204,15.320717491984864
3003205,995.570002507689
3003206,1101.3843277542894
3003207,234.54495551236877
3003208,201.77047783119528
3003209,158.57177103981758
3003210,3824.3936855232746
3003211,37.94734353640605
3003212,1.109639569108443
3003213,20.814887470993153
3003214,36.37867785747668
3003215,0.07684964591899476
3003216,220.9300776590908
3003217,10.963295634103066
3003218,32.74789863109627
3003219,8.123905299148763
3003220,92.10914164285542
3003221,13.123501339597995
3003222,333.7036235035703
3003223,204.26579540956422
3003224,14.07604386687945
3003225,7.8008994969564265
3003226,442.13208837847463
3003227,95.14270485845437
3003228,3024.801438476655
3003229,0.4675188708932392
3003230,18.869626062458416
3003231,2.9532033674739266
3003232,0.0792359100591283
3003233,1.8433668030786559
3003234,1383.5390374778983
3003235,0.0
3003236,251.15786888210076
3003237,5.172976814499911
3003238,265.44787027486393
3003239,370.01925138302
3003240,97.54831292622903
3003241,86.36457094024472
3003242,5.9703532145702
3003243,1253.111519620395
3003244,14.199785023465099
3003245,0.2944160574347176
3003246,7.205909245071446
3003247,13.027855858707746
3003248,0.4278285068893805
3003249,64.41151013369446
3003250,0.0
3003251,17.1697681960079
3003252,0.8214944491941324
3003253,85.5352520608785
3003254,5.947611565291821
3003255,143.8993866721808
3003256,59.51764204211421
3003257,4.573566633809084
3003258,3.7111675199235306
3003259,123.42555134555685
3003260,21.216903306669483
3003261,963.0033314424928
3003262,1.5537731491229438
3003263,1.8596115382666911
3003264,2.8438365004788393
3003265,0.0
3003266,0.2501743237521039
3003267,565.0733412231281
3003268,0.0
3003269,162.1823446937164
3003270,5.0263421989777735
3003271,285.23549250267644
3003272,181.14882695334396
3003273,57.61458641231392
3003274,23.654946258167758
3003275,25.071812765295245
3003276,1137.601027098764
3003277,10.637802826452154
3003278,0.48543288857578104
3003279,6.822120953469598
3003280,8.427079433268524
3003281,0.5184418826307907
3003282,52.505150892663224
3003283,0.0
3003284,6.155706881039188
3003285,0.8640874017045145
3003286,20.860076582695907
3003287,0.48872540033079953
3003288,194.66071728642072
3003289,132.86383923332897
3003290,1.9442067756850592
3003291,1.2198398081896982
3003292,99.94061162116284
3003293,13.571951450874964
3003294,320.7827068659563
3003295,1.7671909627379265
3003296,1.0550370274064507
3003297,4.787805054295373
3003298,0.03435699096433312
3003299,0.9732699292170028
3003300,2328.2287001111376
3003301,0.0024954056828685863
3003302,434.7848878325566
3003303,15.25489165344539
3003304,632.2246515553226
3003305,692.8534862209134
3003306,236.5358958418989
3003307,183.79659509107597
3003308,93.30012850097228
3003309,2914.38283739921
3003310,20.169256355093296
3003311,3.009999773104374
3003312,20.860786492097365
3003313,23.923629077603273
3003314,0.3486021812393443
3003315,165.44732959473058
3003316,5.303610863257995
3003317,30.50675098421237
3003318,7.780246053962644
3003319,115.96217851798345
3003320,4.846302952529973
3003321,212.26253070933905
3003322,154.42112713965338
3003323,8.928492264557601
3003324,6.373512775104033
3003325,271.3616882307361
3003326,50.470148671944116
3003327,1913.7912435475585
3003328,2.356015097227423
3003329,9.923892641476254
3003330,6.861000534033749
3003331,0.0
3003332,1.9028419033585986
3003333,2470.335653089195
3003334,0.0
3003335,496.0738647956695
3003336,14.41950265027298
3003337,967.8348132543697
3003338,636.6398992546332
3003339,306.63797657291633
3003340,194.9348067127235
3003341,45.440683215681965
3003342,3937.634329196891
3003343,12.61515469031776
3003344,1.0134122727154107
3003345,30.737271137834867
3003346,15.856912234490434
3003347,0.7292658153847809
3003348,211.2304101654392
3003349,0.0
3003350,6.370202688870009
3003351,5.562672617798284
3003352,52.13674277047017
3003353,0.7847928502104115
3003354,328.89712107882116
3003355,216.81575988521533
3003356,4.521356084581555
3003357,3.256286219547848
3003358,173.64974661095908
3003359,66.27157065754051
3003360,1122.2971514636936
3003361,3.872469899014903
3003362,1.0109583227110284
3003363,4.2529826799821135
3003364,0.05113323597962532
3003365,1.2323082734951671
3003366,2290.690464639123
3003367,0.0
3003368,496.62362861185153
3003369,12.374445801003287
3003370,736.5370630250438
3003371,517.8154695001301
3003372,215.75015204675967
3003373,186.93700809994075
3003374,54.891529950899624
3003375,3112.893048362397
3003376,15.338909800147311
3003377,1.2972975398908186
3003378,26.047261670245373
3003379,12.222634428294723
3003380,0.22666900587197686
3003381,187.3407613725662
3003382,0.0
3003383,7.5474827621196825
3003384,4.852742503592342
3003385,98.3663882601969
3003386,1.4878340004972106
3003387,132.63038577687018
3003388,159.6216833143265
3003389,3.5931584630079
3003390,3.2685576060491774
3003391,150.64825839306422
3003392,48.6156873465025
3003393,809.2412656918477
3003394,2.2575394994600555
3003395,3.2531959621515307
3003396,7.505461248271882
3003397,0.9580826584622634
3003398,9.57481740042711
3003399,6297.52988088459
3003400,0.0
3003401,943.0686165484142
3003402,69.95261532915207
3003403,1400.0519416872453
3003404,1566.9671065049426
3003405,271.91582838746757
3003406,380.96039365881063
3003407,277.99790686529474
3003408,6036.637098756592
3003409,74.741947762991
3003410,2.8115670309369687
3003411,48.787020908407506
3003412,41.06287149736058
3003413,0.5230612591164007
3003414,331.92446981397694
3003415,27.40385092305464
3003416,47.01907584234296
3003417,15.098793703513023
3003418,217.74369974029574
3003419,31.774424203955245
3003420,528.7211503828939
3003421,300.8982481256941
3003422,13.042791563835276
3003423,18.481795291768748
3003424,774.6921151834601
3003425,182.39921008746185
3003426,5573.879350356893
3003427,1.0161726590885365
3003428,59.91641925293474
3003429,4.523023673539012
3003430,0.2018837530226922
3003431,1.1897180202992883
3003432,1385.3186428375473
3003433,0.0
3003434,143.53547231597074
3003435,4.824931432171363
3003436,953.9308814848821
3003437,243.99024647137026
3003438,94.74176356385266
3003439,142.3213891229098
3003440,45.96881193377786
3003441,2508.390508426366
3003442,5.780852813378541
3003443,0.8589978266857284
3003444,13.66439921218551
3003445,7.555185485430539
3003446,0.37722565754563014
3003447,165.90280233244061
3003448,0.2896152502374927
3003449,0.0
3003450,3.0951186360080003
3003451,64.72877895192649
3003452,0.7726288777577295
3003453,156.63576725007084
3003454,101.11012004562497
3003455,1.9564559079966248
3003456,5.389790125967149
3003457,109.2551134790887
3003458,22.400123205772832
3003459,513.8793876959218
3003460,1.9712801140974159
3003461,5.0782788751248145
3003462,6.811236402843041
3003463,0.11093451912177837
3003464,2.266730425331827
3003465,2499.449370893236
3003466,0.0
3003467,433.2415028571025
3003468,10.220756011955148
3003469,991.0799376832762
3003470,500.04737754057174
3003471,200.00801049900858
3003472,258.0449149673069
3003473,87.8616979874131
3003474,3573.0255821303754
3003475,13.027781468010737
3003476,0.4268314079395601
3003477,18.7368774886629
3003478,14.69506736655225
3003479,0.32704709181196423
3003480,221.67063672661945
3003481,2.1224530445873224
3003482,4.349844084388078
3003483,9.31236752156069
3003484,17.993623972122066
3003485,1.6485741038435986
3003486,631.7638265394394
3003487,168.47697084965307
3003488,3.7489355519188905
3003489,5.103995617902316
3003490,155.18471235195307
3003491,48.374061520898195
3003492,1159.0545915500509
3003493,8.459823871314352
3003494,4.721532142711493
3003495,1.5035345000059943
3003496,0.0
3003497,0.6517408243673742
3003498,726.6653442977278
3003499,0.0
3003500,113.76237375503874
3003501,3.0559667196122886
3003502,1262.888639506234
3003503,135.24698212658953
3003504,85.00898394438332
3003505,191.63140731163122
3003506,15.230297064360895
3003507,1818.5718642313223
3003508,1.9349222169337295
3003509,0.23074298542189844
3003510,9.163214897680461
3003511,2.757017695146242
3003512,0.06817987853739724
3003513,76.37900172292231
3003514,0.0
3003515,0.0
3003516,0.8589275089226787
3003517,34.73134774188554
3003518,0.18591000985675554
3003519,114.83082827290674
3003520,56.43527560044945
3003521,0.6985931785353856
3003522,1.239036436532869
3003523,50.360451409718564
3003524,8.87667152645643
3003525,173.3199106233959
3003526,3.143753077618208
3003527,1.599408622034692
3003528,6.89126262751595
3003529,0.0
3003530,2.810033905297688
3003531,1658.2214704175983
3003532,0.0
3003533,177.11253773216995
3003534,10.617048127349575
3003535,711.3820334011615
3003536,293.19553099318523
3003537,140.64247557564624
3003538,129.99494316875476
3003539,59.76238875420008
3003540,2304.7095497705955
3003541,4.562861298906556
3003542,0.5615844251668324
3003543,19.13970485574577
3003544,11.518508075065073
3003545,0.34499560117345274
3003546,149.55654441052295
3003547,0.0
3003548,0.0
3003549,11.706607136909362
3003550,21.612716838309414
3003551,1.0104724629130588
3003552,385.4575330259179
3003553,124.55980457493683
3003554,1.8245764648027094
3003555,4.046871819843015
3003556,198.33883038198206
3003557,26.45618821535817
3003558,1043.585832732669
3003559,3.4028822884983105
3003560,1.9451490835682057
3003561,3.0978286842481695
3003562,0.04706596586523644
3003563,2.033851251335238
3003564,1765.7588167658494
3003565,0.0
3003566,571.272570339037
3003567,7.633419272753099
3003568,727.8414350201397
3003569,488.44832453136235
3003570,192.9323030970072
3003571,102.10916203707576
3003572,65.81836867505073
3003573,3386.614349501019
3003574,6.527535011613042
3003575,6.102972155998836
3003576,0.0
3003577,35.471176361729235
3003578,0.21209781617742274
3003579,177.80942587671254
3003580,2.8317181632703643
3003581,3.7523740592292576
3003582,3.587881996449154
3003583,31.066563700757357
3003584,2.2460668358691227
3003585,229.13435162244696
3003586,198.7281677092969
3003587,5.0967513119847
3003588,6.222995848811255
3003589,129.23025779973577
3003590,35.92397770248495
3003591,561.9270864946263
3003592,5.4511421585868405
3003593,4.327118308155701
3003594,4.290331428686416
3003595,0.0
3003596,0.39200250807397186
3003597,1127.5805949773546
3003598,0.0
3003599,79.81305326639124
3003600,1.176959504036015
3003601,360.56833019055557
3003602,145.02411991733413
3003603,71.87975610228233
3003604,114.96881249015134
3003605,23.77251879430949
3003606,1505.0223645601802
3003607,3.0266031579225134
3003608,0.25004009330071747
3003609,12.183722074636597
3003610,7.428752176978048
3003611,0.21634331626167652
3003612,76.83593980933243
3003613,0.0
3003614,0.0
3003615,0.8101004185115798
3003616,15.898578268690901
3003617,0.6984144360962452
3003618,325.42753048567425
3003619,61.89233419593228
3003620,0.3485203708555427
3003621,0.8083682993326237
3003622,66.03358899278011
3003623,12.859155582677374
3003624,316.8023296709706
3003625,3.0161733663367896
3003626,0.764548242093402
3003627,3.703053868467004
3003628,0.10311445782917252
3003629,1.077367470451748
3003630,2572.8475953019465
3003631,0.0
3003632,400.0781477350622
3003633,9.325467856634214
3003634,637.2265142382068
3003635,449.14689899053604
3003636,166.66325071158778
3003637,138.53792883323703
3003638,68.209951620674
3003639,3034.2870395090827
3003640,6.553236279346656
3003641,0.7073181857255465
3003642,16.654169862355893
3003643,7.806293177525105
3003644,0.0
3003645,147.38827392535518
3003646,0.0
3003647,29.451122698676993
3003648,3.5469407143527256
3003649,28.22343348338255
3003650,1.1589880998500734
3003651,387.9754684166485
3003652,149.84653297696948
3003653,3.100877476802677
3003654,1.513366770240553
3003655,111.52133830052635
3003656,36.42592343571777
3003657,947.3533375870761
3003658,4.991623237443504
3003659,1.0974301712953782
3003660,3.0938507818062733
3003661,0.0
3003662,4.782578375474629
3003663,2443.0713729527056
3003664,0.11960709897650307
3003665,452.5225556003617
3003666,9.363168518290761
3003667,792.4765350618009
3003668,750.8633100694968
3003669,137.05928920477567
3003670,113.72658713283947
3003671,120.21833507283246
3003672,3130.836433477208
3003673,58.33215003589591
3003674,1.7453802515798944
3003675,20.309238955455754
3003676,27.200460345365354
3003677,0.06426646596939742
3003678,187.62890758056784
3003679,14.568202394039245
3003680,20.97554839708991
3003681,2.591186776447012
3003682,97.87997773483195
3003683,11.101899747456315
3003684,209.22376070533738
3003685,165.96814689703325
3003686,10.579081886525529
3003687,12.516886940705133
3003688,228.8965214629649
3003689,53.72039536430581
3003690,2066.1873247221774
3003691,0.012335500168492473
3003692,10.788557665955302
3003693,5.69700475255467
3003694,0.0
3003695,2.74212808127055
3003696,2582.6674526127017
3003697,0.0
3003698,315.0675937965626
3003699,14.197122213850541
3003700,707.3858805540046
3003701,592.5693035015126
3003702,116.44206486986585
3003703,63.82763586280994
3003704,98.44057220282468
3003705,2687.7579114664945
3003706,23.422566230086723
3003707,1.249580144918857
3003708,28.366837623286187
3003709,65.4078707170231
3003710,0.149688043503552
3003711,211.7997877738452
3003712,11.31383869746204
3003713,14.90592406857491
3003714,10.603543869315969
3003715,113.43554015600624
3003716,10.871668171711006
3003717,122.26684016143984
3003718,198.3839490052226
3003719,6.199379314143251
3003720,9.908739428151499
3003721,89.1941606606723
3003722,48.10219706517465
3003723,1474.816758691091
3003724,1.2858110038047257
3003725,17.18123301321358
3003726,7.339616906405732
3003727,0.1447878722777538
3003728,2.742329995972085
3003729,2797.8484166632657
3003730,0.0
3003731,595.5845199173314
3003732,11.53520114769006
3003733,1386.8097999839074
3003734,501.445135222841
3003735,162.36594652166127
3003736,165.27269569146418
3003737,61.46148225438658
3003738,4323.262901151791
3003739,34.791639107513696
3003740,0.9776880420792624
3003741,14.149524914300926
3003742,11.887466383117827
3003743,0.29631295391583107
3003744,261.08518472594585
3003745,5.137997954669052
3003746,13.461371443651487
3003747,5.431280573193515
3003748,61.73365296517865
3003749,4.047716926435279
3003750,214.89495674095684
3003751,185.94963587744508
3003752,6.9547340772108655
3003753,6.5801208291438416
3003754,207.6661469078914
3003755,41.90497383262696
3003756,1257.9787573034737
3003757,3.8235745769568936
3003758,12.503044195965366
3003759,3.530546311710754
3003760,0.06942116407692443
3003761,2.5633310077088995
3003762,1690.8708987119326
3003763,0.0
3003764,252.3545830233047
3003765,8.733615716706645
3003766,551.3136229143871
3003767,540.3331316674463
3003768,143.627041256773
3003769,95.8861987419582
3003770,52.67698095645458
3003771,2282.0818452063577
3003772,20.276617331963184
3003773,1.4482662561413828
3003774,13.11554571908454
3003775,13.880380060421961
3003776,0.39397829067950146
3003777,161.47557823848567
3003778,13.60501996039517
3003779,14.404022794117948
3003780,0.749660059475778
3003781,69.27067669372471
3003782,6.772638032894308
3003783,259.78691403457276
3003784,122.29301191076671
3003785,6.022884422362231
3003786,5.741569675872771
3003787,232.41207812644353
3003788,29.2873446894686
3003789,1443.350555108278
3003790,0.0
3003791,15.032195472568553
3003792,3.595701524748104
3003793,0.14288822973019621
3003794,2.211219262614998
3003795,3474.589301495231
3003796,0.0
3003797,319.19134309535525
3003798,9.899593268874272
3003799,1455.440932690653
3003800,479.72854517498445
3003801,231.0225369854516
3003802,139.94160001428338
3003803,72.37418985780488
3003804,4483.283186142704
3003805,13.100908129196343
3003806,1.9161329907328857
3003807,26.522876589102808
3003808,22.295170042874055
3003809,0.22900370903299427
3003810,314.37694054078247
3003811,0.0
3003812,0.18132814216637813
3003813,10.248572875702296
3003814,23.65643268753129
3003815,1.737068259966806
3003816,144.67259369886483
3003817,171.08491148746984
3003818,3.440937747779253
3003819,9.384421444395198
3003820,150.6696291426371
3003821,45.80820820144635
3003822,911.1856529799743
3003823,6.067349303103391
3003824,7.162676290245604
3003825,4.439140472010734
3003826,0.0
3003827,6.273149735571381
3003828,2444.816031391955
3003829,0.0
3003830,365.29918592637097
3003831,14.440838774360932
3003832,1022.9013166218192
3003833,539.6016595527949
3003834,185.14192462310157
3003835,105.65226648041441
3003836,141.35875329483673
3003837,2738.2262527051043
3003838,33.34006671372302
3003839,1.3222371575784317
3003840,21.555429857799442
3003841,30.304191769762088
3003842,0.5311761425243924
3003843,171.3110279253399
3003844,14.759381679620088
3003845,16.957671649471397
3003846,7.047257623294401
3003847,100.95297971727933
3003848,9.553660430884852
3003849,172.32545427523132
3003850,309.2215175416285
3003851,11.11599219824792
3003852,6.829320335680859
3003853,155.40308114312813
3003854,45.03072872617125
3003855,1694.4473112770377
3003856,0.3967750123056397
3003857,6.594506162418022
3003858,2.2574416599988116
3003859,0.023057512428164742
3003860,2.7845342660853336
3003861,2014.406285592304
3003862,0.0
3003863,360.6620180437065
3003864,9.405341341931416
3003865,548.1646173452243
3003866,655.3779987214397
3003867,137.26095825682486
3003868,112.20903121046096
3003869,103.33787676726503
3003870,2448.098176723044
3003871,30.73600940199935
3003872,1.0464039923150377
3003873,24.94626581984941
3003874,20.013808213533835
3003875,0.28911781565378847
3003876,142.61090044273698
3003877,13.579678987495889
3003878,33.214716808590694
3003879,4.02396614598346
3003880,69.01768463989531
3003881,9.952023576401892
3003882,211.0870243335152
3003883,131.2103459106764
3003884,8.194685056669035
3003885,7.810819900458955
3003886,168.16820863370327
3003887,40.28291629049061
3003888,1948.1782002574478
3003889,0.0
3003890,12.610700637806477
3003891,4.1716245833154115
3003892,0.2163963121611675
3003893,2.133113832908
3003894,3814.660659265353
3003895,0.0
3003896,445.6198526578648
3003897,16.102446578072843
3003898,859.3066504485068
3003899,464.6483606236175
3003900,196.78687592197593
3003901,165.89067852758774
3003902,46.30477073422676
3003903,3614.0493212364113
3003904,8.76736668826865
3003905,0.011091565999519123
3003906,7.380110743327958
3003907,15.473320778307304
3003908,0.163373387030893
3003909,171.93205555209101
3003910,0.0
3003911,8.641713204224782
3003912,0.11041614566362407
3003913,77.1381429740417
3003914,3.382811774453595
3003915,230.69753012789067
3003916,189.5798481392274
3003917,2.3364125360166352
3003918,1.3389495113871848
3003919,196.77396960433467
3003920,128.30071292272422
3003921,965.5274390846041
3003922,3.036021380376168
3003923,1.3547039602958608
3003924,15.109043996036597
3003925,0.0
3003926,10.660989061243392
3003927,7058.873834681731
3003928,0.0
3003929,1212.7764180360718
3003930,36.14424770983343
3003931,1840.0157962155379
3003932,1751.1660954767615
3003933,398.9278411402629
3003934,442.9364824508019
3003935,362.74865692972344
3003936,6850.583369988344
3003937,87.2036911245788
3003938,3.8497570341309206
3003939,110.09294557021528
3003940,107.16008929623501
3003941,0.8010864484965887
3003942,461.8628682349985
3003943,23.30004529356258
3003944,20.33381251212436
3003945,18.16841255614464
3003946,344.5615291683336
3003947,26.538686604313916
3003948,640.0567539314138
3003949,296.1928025022179
3003950,32.37562775306537
3003951,27.238612285084354
3003952,799.1105388641656
3003953,247.96533778230037
3003954,6276.4236942657435
3003955,88.55645801843663
3003956,59.20771273690557
3003957,12.154131759493666
3003958,0.0
3003959,8.60943237079145
3003960,6127.406285484931
3003961,0.0
3003962,860.6355979770162
3003963,31.651809113935386
3003964,1684.8303103973549
3003965,1589.1982871998173
3003966,458.3949720889606
3003967,264.1500922986225
3003968,239.79000941355972
3003969,7394.104107373226
3003970,142.27963405609276
3003971,1.5632975861787881
3003972,45.52895417245379
3003973,74.90690146051459
3003974,0.6212702481115364
3003975,409.12572393137737
3003976,17.184336312282582
3003977,34.28360489786883
3003978,5.024586321732788
3003979,204.69575203526176
3003980,19.19707671699159
3003981,735.6952597489319
3003982,384.6087114970447
3003983,17.190196848077182
3003984,22.904585716051972
3003985,793.0449624537972
3003986,159.37628264467952
3003987,4200.978995756197
3003988,136.82178620105262
3003989,53.135035337496355
3003990,11.270373503306198
3003991,0.0
3003992,12.478342271353698
3003993,4097.881469340153
3003994,0.003367838143444766
3003995,694.8552579254178
3003996,12.362860924943204
3003997,1588.48797860219
3003998,1027.2587759027138
3003999,498.8386697926626
3004000,103.88185759119173
3004001,168.03654890996208
3004002,6128.550986499007
3004003,45.993617242194766
3004004,1.916903428764605
3004005,29.39276924017359
3004006,19.813748262648257
3004007,0.4687843335094423
3004008,369.71722062150764
3004009,16.45956065745722
3004010,19.979120418844076
3004011,7.55744444106645
3004012,113.881659578962
3004013,8.442883879414985
3004014,738.5280063231575
3004015,385.4851498461877
3004016,18.98136679647791
3004017,38.58001032263299
3004018,377.5381824927373
3004019,85.65286081239894
3004020,1723.642731291126
3004021,77.4948554097095
3004022,29.877986359836914
3004023,12.521951965169505
3004024,0.0
3004025,10.987315217871018
3004026,6017.994784421948
3004027,0.0
3004028,806.0170062293518
3004029,30.20767823839375
3004030,1625.6114337715271
3004031,1552.1700688722028
3004032,456.9032134494349
3004033,248.97583990197538
3004034,179.04918594362653
3004035,7098.150363232719
3004036,52.18786900716795
3004037,1.4157805769771235
3004038,49.15741069221127
3004039,66.56438583444525
3004040,0.7819785208727267
3004041,433.97994020399904
3004042,20.710349817833738
3004043,31.5275333037193
3004044,6.0439055688315015
3004045,178.45688880396253
3004046,14.165605003906759
3004047,627.2914687789056
3004048,372.23966729101863
3004049,20.13598973152343
3004050,19.625749109136716
3004051,697.5849923062618
3004052,134.090432883116
3004053,3741.646409032062
3004054,99.60918743409187
3004055,43.92994650820174
3004056,10.674590713997931
3004057,0.0
3004058,13.118803457212783
3004059,2785.920986789202
3004060,0.05013836117017188
3004061,556.1306243684738
3004062,15.104751885887948
3004063,1148.1975198268071
3004064,786.786535320492
3004065,391.6455158852693
3004066,75.11095107513741
3004067,127.80588237903663
3004068,4885.794142329603
3004069,41.28556096003397
3004070,0.19831222642013194
3004071,16.398496270671643
3004072,34.491972545535006
3004073,0.6227642681002113
3004074,310.1972238123644
3004075,14.700260689651323
3004076,13.345471424884567
3004077,2.2493907526709056
3004078,105.55539225219914
3004079,4.290902581687231
3004080,556.9759722295801
3004081,344.36902452003545
3004082,15.171976294442752
3004083,13.706314951380524
3004084,509.38411091177613
3004085,47.80996282605611
3004086,1168.5587239523597
3004087,97.97898344060381
3004088,13.118594984959858
3004089,9.789501969158849
3004090,0.0
3004091,8.119720407022161
3004092,5107.647819525549
3004093,0.0
3004094,911.5459724979993
3004095,28.676718675242256
3004096,1350.410557616064
3004097,1667.0050150515644
3004098,331.37219573373386
3004099,373.2930027434837
3004100,267.31360352138887
3004101,5865.992624225178
3004102,69.96194926172366
3004103,1.5750435680532404
3004104,61.367585833925254
3004105,54.595410059008636
3004106,0.8281041814767639
3004107,326.7108649429254
3004108,13.353745172245752
3004109,30.2693885976499
3004110,11.15256540964245
3004111,258.5872425488662
3004112,20.109565650532513
3004113,591.5176974320824
3004114,310.1268023094477
3004115,15.43162977103374
3004116,25.884842142981576
3004117,701.5231885963211
3004118,142.9395196639465
3004119,5595.204877463461
3004120,65.581784181832
3004121,58.02313361677212
3004122,6.050675809219512
3004123,0.08014856511163344
3004124,3.6710009867256193
3004125,1516.0208107215547
3004126,0.0
3004127,267.96584580544214
3004128,21.046988047979653
3004129,797.991532974945
3004130,431.93733244946685
3004131,173.5195559828692
3004132,66.3924975068332
3004133,84.59490913170755
3004134,2401.0433900961507
3004135,49.21017113525563
3004136,1.0786849528549292
3004137,18.4465529594236
3004138,24.22430094723655
3004139,0.3785760968560759
3004140,170.4929644232165
3004141,10.121114976782955
3004142,6.848999929767186
3004143,10.076110763124262
3004144,53.02929157251908
3004145,7.71049368942315
3004146,197.31495927193194
3004147,160.25216710768322
3004148,2.3127686904317755
3004149,5.575560803598997
3004150,167.15990747435637
3004151,41.72271413355624
3004152,1238.7853304813025
3004153,2.4076880610502207
3004154,13.886875970493529
3004155,8.191471457297789
3004156,0.0
3004157,10.014578831176712
3004158,3220.7014567766487
3004159,0.0
3004160,392.2826578739329
3004161,22.509963265043712
3004162,1221.3702766438093
3004163,850.1413034803066
3004164,337.9835387266743
3004165,77.42933428692344
3004166,134.5029137940456
3004167,4744.198926029528
3004168,110.8574433824028
3004169,1.497833144574528
3004170,44.437533176841846
3004171,46.67490734622431
3004172,0.6613023297196252
3004173,324.4900391507812
3004174,9.501496721817555
3004175,4.129731356703734
3004176,2.9819302574262703
3004177,136.49706905439544
3004178,9.699432732213955
3004179,430.75300829910714
3004180,325.01412410324025
3004181,10.315095837237237
3004182,14.605947591900115
3004183,294.5516206502862
3004184,58.8087870076865
3004185,1617.6607898631744
3004186,81.79395665934105
3004187,16.322671036739273
3004188,7.627636901215926
3004189,0.0
3004190,2.333231408878147
3004191,3445.9954412685624
3004192,0.0
3004193,625.2047373767846
3004194,10.432281396945983
3004195,1073.8154264097436
3004196,1231.5779018465184
3004197,199.58763533978203
3004198,274.3207870495308
3004199,220.67980889519487
3004200,3887.295571748489
3004201,40.888862788659694
3004202,1.2637231170224625
3004203,32.85397200426569
3004204,36.505754485632615
3004205,0.8434662622670782
3004206,234.9780451275807
3004207,3.270854261389967
3004208,44.22411793126433
3004209,5.678078358402112
3004210,125.07609699753043
3004211,11.472870626119239
3004212,465.3256904186804
3004213,180.75694520187486
3004214,18.900600675373166
3004215,7.954983928239566
3004216,476.5962257354887
3004217,96.6750321090037
3004218,4204.295997014815
3004219,15.71523051677583
3004220,32.142501370085384
3004221,14.132157454490848
3004222,0.0
3004223,8.449902089842109
3004224,5012.540542236492
3004225,0.0
3004226,924.0841573877186
3004227,14.0294284636835
3004228,1890.3394707630937
3004229,1304.8513932124067
3004230,400.41931123398217
3004231,234.08277356619433
3004232,390.8024583457031
3004233,6889.242983498761
3004234,57.20036655904984
3004235,4.071402151427857
3004236,71.107869379342
3004237,54.988536349732314
3004238,1.0197270947735526
3004239,403.64954933317944
3004240,10.695420845581074
3004241,81.45131929676603
3004242,8.746609873593984
3004243,271.6315465603679
3004244,12.932523329386798
3004245,562.8208539308164
3004246,386.7628456033251
3004247,18.02831253390775
3004248,31.658997899857937
3004249,550.6540296017171
3004250,149.56852217891665
3004251,5492.8873403651805
3004252,12.09784711875938
3004253,11.312493212202062
3004254,7.35767686879104
3004255,0.16027670795035504
3004256,1.9964435243965988
3004257,1714.1878442017132
3004258,0.0
3004259,348.68407164888424
3004260,8.584803569911525
3004261,651.3847682615249
3004262,378.7653353253867
3004263,182.01491641982756
3004264,69.01508787447602
3004265,91.79973275361851
3004266,2477.0317206084696
3004267,13.36441220186598
3004268,1.8904933246297442
3004269,19.47241530087059
3004270,24.278513031904687
3004271,0.1096244425507985
3004272,134.63982422918943
3004273,4.545009074955354
3004274,12.429077040939049
3004275,6.0330817754570925
3004276,81.18300041823966
3004277,3.660332948049474
3004278,206.74662259037814
3004279,151.98427760508244
3004280,5.686367459567883
3004281,5.820427843866179
3004282,143.02057953892478
3004283,42.37614542488044
3004284,1416.051463517662
3004285,1.6503233882560804
3004286,3.159497563416487
3004287,4.174693670581443
3004288,0.0
3004289,1.3476386786412815
3004290,2861.660234979668
3004291,0.0
3004292,162.456939154779
3004293,3.680034997251603
3004294,858.0763122665721
3004295,170.68551675275873
3004296,163.75410046344393
3004297,47.476143049604474
3004298,25.870274306862687
3004299,2594.745929697491
3004300,9.535274937477258
3004301,0.6901402173227559
3004302,18.993102927694242
3004303,11.192566265015364
3004304,0.24015599105748564
3004305,145.550315263368
3004306,0.0
3004307,0.0
3004308,3.2515215705429155
3004309,32.59339875591898
3004310,0.8359112515977816
3004311,58.1481093349794
3004312,100.96390030329124
3004313,0.0
3004314,1.0648873672039054
3004315,61.46265620587598
3004316,76.26597055627293
3004317,503.62293284017244
3004318,1.0711597471122065
3004319,2.852096396799156
3004320,3.8475750962522013
3004321,0.23618468850649965
3004322,3.4061526960624913
3004323,2270.107740556985
3004324,0.0
3004325,408.1376519602093
3004326,13.55266971044386
3004327,891.4165619389172
3004328,710.5502603016621
3004329,240.5837471952173
3004330,128.36505629053954
3004331,102.20277792425645
3004332,3474.9957175128675
3004333,40.30990267828108
3004334,1.3776144961568377
3004335,24.145737595479567
3004336,45.85600288306521
3004337,0.1541672151200085
3004338,219.45451390507608
3004339,14.455086302296035
3004340,14.175750464290036
3004341,7.393467014681144
3004342,76.50473421905187
3004343,6.30932781399652
3004344,322.71451193102166
3004345,179.57295478846896
3004346,6.893861985423312
3004347,10.930329109144154
3004348,331.9234100815441
3004349,61.36124164051513
3004350,1757.2785484228996
3004351,0.01425453368863462
3004352,20.315232969258915
3004353,5.471083469243744
3004354,0.0
3004355,5.429419686842588
3004356,3307.6493733286147
3004357,0.009792329493975698
3004358,585.4539954019231
3004359,17.943879080845765
3004360,911.9896722950533
3004361,1113.4991226507036
3004362,154.31092923892598
3004363,235.8891143165892
3004364,184.5543549981917
3004365,3371.4065267478027
3004366,42.98734725440586
3004367,2.3271972836773664
3004368,33.14992642239429
3004369,30.62755096053157
3004370,0.911704349320334
3004371,191.84556924419903
3004372,15.93214612450931
3004373,34.936690417040296
3004374,8.035127608163288
3004375,156.21974018014976
3004376,13.361657501800302
3004377,376.3409187836025
3004378,182.8252434477699
3004379,7.823651820820134
3004380,12.345915041349372
3004381,497.2686851251814
3004382,102.36808462713542
3004383,4118.718742450572
3004384,0.30713599908675926
3004385,34.26383262637571
3004386,3.523396824674795
3004387,0.42363663603194684
3004388,5.354564278451147
3004389,3380.852149751504
3004390,0.0
3004391,666.2386414185366
3004392,25.63632025556915
3004393,971.1753031712915
3004394,1129.001276880775
3004395,210.5432784489703
3004396,242.78060607325077
3004397,132.81789469588162
3004398,3995.8972535818943
3004399,37.90106302641261
3004400,3.2438473017392178
3004401,31.554277377308825
3004402,34.54792710607742
3004403,0.8815693338514969
3004404,254.70718140858648
3004405,17.492625946625818
3004406,30.48929902509961
3004407,24.214885953160085
3004408,146.8826192817743
3004409,22.639544421803823
3004410,345.9051818527232
3004411,233.57667646025467
3004412,17.3959614645105
3004413,18.51910395134407
3004414,414.21719318781766
3004415,119.6013014580312
3004416,3239.2892431019022
3004417,0.1676150048497937
3004418,29.2093014657964
3004419,14.12651097422152
3004420,0.0994700698513052
3004421,5.342693245182832
3004422,2177.1997551630916
3004423,0.0
3004424,416.2580153599721
3004425,13.429748232471063
3004426,1058.7236239985193
3004427,554.638452396164
3004428,387.4373857827281
3004429,144.80053385898333
3004430,69.07738258015993
3004431,4264.537079497278
3004432,16.157357329747885
3004433,1.4483839666730454
3004434,0.0
3004435,29.52797276803325
3004436,0.1522197622778119
3004437,295.6820757554225
3004438,11.704394117104991
3004439,5.6269211331878495
3004440,3.880474551350574
3004441,44.098470411939395
3004442,3.9302544160074735
3004443,476.23967401986926
3004444,261.6650308450636
3004445,5.7069796591749995
3004446,7.0664964953138885
3004447,267.98130130800894
3004448,94.64320742361404
3004449,1091.3257888746473
3004450,35.45908871811512
3004451,15.403441911809384
3004452,6.419879710992839
3004453,0.0
3004454,3.0049108322058005
3004455,2388.0926086483705
3004456,0.1797234630230205
3004457,358.3646272759003
3004458,23.542619462629343
3004459,718.864277389568
3004460,767.7131288778645
3004461,173.10442176166978
3004462,162.19295881328824
3004463,157.33379882871105
3004464,2859.2508857788234
3004465,29.592180123151095
3004466,2.1577119382651224
3004467,27.614932724375244
3004468,24.37805872780152
3004469,0.5763066318806822
3004470,163.09232196579595
3004471,11.641189686455249
3004472,26.345292564478196
3004473,8.703070753256949
3004474,138.78408735503774
3004475,8.471094958716662
3004476,694.1170971103496
3004477,112.60180352865753
3004478,4.882105571667871
3004479,8.899755620317183
3004480,520.5572927935051
3004481,73.89541765844572
3004482,2405.597985639553
3004483,0.0
3004484,43.90362272227402
3004485,0.7488864442975791
3004486,0.0
3004487,2.0787051100588303
3004488,965.6367771140871
3004489,0.0
3004490,64.22918811315691
3004491,3.863413739141983
3004492,582.0020031793359
3004493,171.68662116116204
3004494,257.58106746544206
3004495,23.44115662417756
3004496,21.61436086509343
3004497,1911.7600937560917
3004498,8.410630252540747
3004499,0.42955035667426905
3004500,10.228217978536643
3004501,6.459714587176259
3004502,0.06994213106254522
3004503,101.94932778767364
3004504,0.0
3004505,0.0
3004506,0.7504426326450715
3004507,18.656283384057268
3004508,0.3923186633340871
3004509,110.58748882661813
3004510,86.79038800201462
3004511,0.4740587739760745
3004512,2.5360406415808656
3004513,114.2104502256584
3004514,15.694713219255704
3004515,202.64320673427574
3004516,0.7890831695534373
3004517,0.6502468349652684
3004518,6.170379362409483
3004519,0.09256710972004452
3004520,1.804759026733848
3004521,4101.4728112664725
3004522,0.0
3004523,584.8110599779005
3004524,14.7535722371221
3004525,1158.504450143772
3004526,478.27612246396495
3004527,509.2615882327624
3004528,218.74746040920016
3004529,77.39869081895931
3004530,5179.734608347174
3004531,32.44661005627738
3004532,0.5773362807506057
3004533,7.9743485512001655
3004534,8.569109583333647
3004535,0.2516124357516989
3004536,262.53763771793865
3004537,13.309002457558792
3004538,2.719381773517156
3004539,8.818471325103843
3004540,63.52081846116565
3004541,2.9437959372659486
3004542,443.53839306268566
3004543,162.59195139550604
3004544,1.8014315373108944
3004545,9.392362813783864
3004546,465.9146400692843
3004547,95.4040872939609
3004548,1338.1089090666765
3004549,4.944345996286661
3004550,7.186259647455526
3004551,3.0148817098651657
3004552,0.11099834363695685
3004553,0.3816980817810097
3004554,1365.1422987441424
3004555,0.0
3004556,156.04146981193426
3004557,10.698117255599996
3004558,736.9837113955668
3004559,321.1377616548476
3004560,244.4045761095908
3004561,36.04176295822866
3004562,35.9533632113449
3004563,2413.8286697160033
3004564,13.136215555308949
3004565,0.5937324486353878
3004566,15.65076537760896
3004567,15.404807404260737
3004568,0.21965963032598756
3004569,116.49198899868945
3004570,8.580128703694673
3004571,0.0
3004572,5.814615644529491
3004573,59.17796653905653
3004574,1.7694744829184499
3004575,102.43883246265358
3004576,98.88989077747033
3004577,1.212206611066192
3004578,4.300689176646852
3004579,163.29938519151042
3004580,23.674695722736004
3004581,312.27439780128583
3004582,1.3419592006101833
3004583,2.663198152908213
3004584,2.578520277361632
3004585,0.0
3004586,3.7253745316998175
3004587,1344.522957301027
3004588,0.0
3004589,93.920920253324
3004590,6.151594359854284
3004591,556.2802939819637
3004592,191.50127007809442
3004593,161.00674535495904
3004594,36.193504712729855
3004595,28.30736473996828
3004596,2233.240307423867
3004597,18.09739667841586
3004598,0.08101155672529001
3004599,11.002724997751328
3004600,6.70724982893353
3004601,0.021636769514773307
3004602,99.05199732687502
3004603,1.723951032371913
3004604,0.0
3004605,2.897137010042258
3004606,73.80119004206153
3004607,0.9661303075467657
3004608,131.94560918299612
3004609,109.82343430941822
3004610,0.6987857455329355
3004611,3.282364383337949
3004612,79.16622532431144
3004613,10.409923794348767
3004614,163.2417684454018
3004615,1.3248897141647276
3004616,4.820032322671378
3004617,2.272665808804563
3004618,0.0
3004619,2.406095308424366
3004620,1185.0339744647592
3004621,0.0
3004622,115.75025403479138
3004623,7.345931466053272
3004624,1329.185384403171
3004625,251.06954157295104
3004626,303.2252405518402
3004627,29.76731940111492
3004628,49.107399969307615
3004629,2413.190009467308
3004630,14.478079982951906
3004631,0.0685289400808486
3004632,4.945380836576012
3004633,18.24957648994392
3004634,0.1327412061759963
3004635,130.12201488520938
3004636,2.9348718238614335
3004637,0.0
3004638,2.7132050585675613
3004639,27.146813455724505
3004640,2.605658640401454
3004641,180.05612611227508
3004642,209.9092104460224
3004643,1.5994373982738983
3004644,3.976569406080473
3004645,74.92242722081768
3004646,73.88485355427704
3004647,329.9225659444431
3004648,0.842766779476199
3004649,4.388954076293
3004650,3.237693570659393
3004651,0.8925745795223528
3004652,3.3096277201957496
3004653,1382.7959776268476
3004654,0.0
3004655,131.95362636614638
3004656,5.23088094620657
3004657,725.9022785037187
3004658,289.8997721301684
3004659,318.17841811147764
3004660,77.39665688042473
3004661,64.41593100983727
3004662,2209.2697281578003
3004663,11.213483809138301
3004664,0.7310186186072913
3004665,11.436561313264482
3004666,13.536929223243218
3004667,0.13715111697737972
3004668,164.5798480893124
3004669,7.485849399610748
3004670,0.0
3004671,5.217328240645269
3004672,36.352711212817354
3004673,2.7056250013075926
3004674,127.17533362048957
3004675,125.15598420091146
3004676,0.3376643914878785
3004677,5.3707493986022845
3004678,132.2788139510515
3004679,49.06059734492343
3004680,545.0864712416161
3004681,1.1645787598114816
3004682,5.533830017641651
3004683,3.932076742296436
3004684,0.17117274856999262
3004685,1.4929978424790882
3004686,1192.7309439877388
3004687,0.0
3004688,113.49610812338328
3004689,6.431892650514266
3004690,1159.6528063517612
3004691,188.58780487850686
3004692,145.48521929728832
3004693,79.7488599037959
3004694,31.31510959003673
3004695,1687.41286381217
3004696,6.748097552161513
3004697,0.42463261821658954
3004698,9.586062018960588
3004699,15.785519928242376
3004700,0.05595285126649239
3004701,108.87784022478174
3004702,0.0
3004703,0.0
3004704,2.564608926042781
3004705,51.796318879979204
3004706,1.200741167881957
3004707,42.641273002283846
3004708,89.41476992128588
3004709,0.8606994095759458
3004710,2.3945219852125716
3004711,64.03372262905134
3004712,27.4716826600433
3004713,450.7809316139662
3004714,4.428710864242509
3004715,1.6460154946984424
3004716,5.368273383932725
3004717,0.5014936640107504
3004718,2.749039248892036
3004719,2264.137023992132
3004720,0.0
3004721,213.2059784340397
3004722,6.582647579821742
3004723,676.4458200191003
3004724,476.6029940827346
3004725,536.1574627964961
3004726,117.74668018183887
3004727,80.71453692527594
3004728,2825.3865960065236
3004729,15.067330425233315
3004730,1.1788423464168722
3004731,15.112609373139328
3004732,5.36183886665932
3004733,0.16530979777130872
3004734,178.48968182543973
3004735,0.9984124136840737
3004736,0.0
3004737,3.418445425820148
3004738,53.83979204613041
3004739,4.102451775434793
3004740,187.04168398947834
3004741,139.20794950711175
3004742,1.764351034249419
3004743,3.624759728961321
3004744,291.99459790567226
3004745,38.62088970785421
3004746,971.0745689793429
3004747,3.6825942998241548
3004748,10.75090168691322
3004749,3.511552362476406
3004750,0.01957141181008768
3004751,1.7228118327890933
3004752,1523.7683674149578
3004753,0.0
3004754,464.7653297476926
3004755,10.070038480965676
3004756,401.27369012713416
3004757,430.4312816411045
3004758,206.38180204832076
3004759,106.26836061810613
3004760,44.711834519380275
3004761,1921.3824153392934
3004762,9.926774626964853
3004763,1.1214163324549413
3004764,11.849393793957619
3004765,10.956210473147987
3004766,0.44219241174920965
3004767,129.75240783681468
3004768,6.147075835446501
3004769,4.914523669872018
3004770,3.33663607376753
3004771,83.89339150578236
3004772,1.661058195576146
3004773,66.72250360913091
3004774,97.05357319394766
3004775,3.465406769692854
3004776,4.111528044411078
3004777,194.10920263387678
3004778,47.61656129063592
3004779,1090.8440211809523
3004780,8.07741967061096
3004781,6.049930550962511
3004782,4.956269903382903
3004783,0.3617754912575758
3004784,2.695281034909895
3004785,2159.3206322030246
3004786,0.0
3004787,119.59938838280624
3004788,5.642873956323444
3004789,726.4384947450908
3004790,259.95730083601586
3004791,278.5004758172865
3004792,47.252217341606794
3004793,34.922413154832
3004794,2917.6746567181194
3004795,36.17404708528861
3004796,0.9360267493204176
3004797,15.562873732075257
3004798,11.05542230866221
3004799,0.2624901429579039
3004800,122.82466015058972
3004801,4.030344697440065
3004802,0.0
3004803,3.962158538917302
3004804,49.92983333259565
3004805,3.4685087137728994
3004806,113.94544646976036
3004807,145.42533500639024
3004808,1.4833116978359013
3004809,3.7199630779719515
3004810,114.70902346762513
3004811,17.734196770745047
3004812,352.4998436436725
3004813,1.107012858311761
3004814,3.0924772137974967
3004815,5.6453687469810445
3004816,0.0
3004817,6.276913386373905
3004818,2858.553697274875
3004819,0.0
3004820,615.7908506922956
3004821,16.912366600460203
3004822,845.6333095987042
3004823,804.9280041394192
3004824,239.84944217109617
3004825,185.59953917417135
3004826,127.54143122302487
3004827,3667.1152418121396
3004828,44.653563283590806
3004829,1.6816559320274
3004830,18.286018642351326
3004831,32.77508524069568
3004832,0.2119260813557097
3004833,214.34266297750844
3004834,16.804608167747336
3004835,19.040207056249262
3004836,5.817870320440887
3004837,121.57738676940433
3004838,10.05782602645055
3004839,1278.5059496804643
3004840,161.48144238962973
3004841,9.811565777760544
3004842,9.443056476023473
3004843,606.092782720192
3004844,76.33971587711501
3004845,1995.002448144394
3004846,0.0
3004847,43.502547498505436
3004848,5.468345190106254
3004849,0.0
3004850,2.2321873296275445
3004851,2462.3930429831767
3004852,0.0
3004853,304.79279669101885
3004854,10.656046890629824
3004855,1005.6875340312375
3004856,393.7819037127309
3004857,895.751361669023
3004858,61.82749049824538
3004859,59.360468626875566
3004860,3682.0653381873626
3004861,15.626223019126122
3004862,0.3283023105458301
3004863,6.822257103648647
3004864,12.60115975698159
3004865,0.0
3004866,196.78637449910443
3004867,2.2653956067757393
3004868,5.432966522387165
3004869,2.785030076087703
3004870,63.6967204724527
3004871,1.5377710042739816
3004872,222.75534180593837
3004873,149.4020380511078
3004874,2.5476167372057597
3004875,1.817573769293978
3004876,433.11996169028805
3004877,39.95636215906009
3004878,571.5054312764103
3004879,13.025001119525687
3004880,6.7934173865460945
3004881,8.262501171850172
3004882,0.044033803028486196
3004883,3.011200218913388
3004884,2160.659185061389
3004885,0.0
3004886,313.9247699039739
3004887,6.48432568333937
3004888,1478.5869617055096
3004889,389.0149021572762
3004890,268.78911077094716
3004891,164.0774959784646
3004892,99.3031614793591
3004893,2692.3067534291326
3004894,12.379626485588476
3004895,0.5788332252218655
3004896,24.86723925454447
3004897,21.499897422629747
3004898,0.09780226888363971
3004899,198.08402042717506
3004900,3.6542538453410933
3004901,2.1159858163684953
3004902,12.54170646275944
3004903,128.54792266654658
3004904,1.6413422644374471
3004905,86.73183759432978
3004906,168.2881578011328
3004907,2.3705690836450652
3004908,0.9581282139916886
3004909,135.44529851824166
3004910,144.79555193457864
3004911,960.2398996206302
3004912,3.0627500834081953
3004913,4.553212377356883
3004914,2.723112212451808
3004915,0.0025339078742215846
3004916,2.3081884363312426
3004917,1416.790548313382
3004918,0.0
3004919,134.83220892905842
3004920,9.072950089336661
3004921,455.0873488608224
3004922,258.73507999656687
3004923,136.07429214335667
3004924,56.6999014760698
3004925,61.51295091317173
3004926,2070.02504661679
3004927,14.302104399813077
3004928,0.658723080529049
3004929,16.39731387116003
3004930,14.750512143647157
3004931,0.052117980137386
3004932,119.2157360412902
3004933,2.186601505596882
3004934,0.0
3004935,4.300724823956642
3004936,92.93024089571612
3004937,2.2646967326347114
3004938,94.48622445741226
3004939,99.15970993046807
3004940,0.912997542716815
3004941,3.331346331466537
3004942,244.89256404833344
3004943,21.763107663761463
3004944,460.7213836185294
3004945,1.1133351648005765
3004946,1.9672552324774082
3004947,1.4872424916010287
3004948,0.0
3004949,0.25560562619353633
3004950,1383.1589216115412
3004951,0.0
3004952,246.98298581126664
3004953,14.571586873108702
3004954,495.6445878650321
3004955,507.65332851887086
3004956,139.04247641061687
3004957,52.63039518155233
3004958,82.42302856102798
3004959,2045.4441642765948
3004960,30.926728034476547
3004961,0.5577706812042802
3004962,15.65400423213323
3004963,16.522769700269983
3004964,0.04285004568407102
3004965,98.19034977826219
3004966,9.488715368255104
3004967,3.7782364213221085
3004968,2.8487118711082724
3004969,75.88135437717226
3004970,4.951832689664588
3004971,477.5921323253953
3004972,117.79549055097594
3004973,3.893318384705421
3004974,5.167947368534132
3004975,405.7348906638641
3004976,39.855802826752985
3004977,1182.597333070187
3004978,0.0
3004979,9.29773937650309
3004980,3.115955391155498
3004981,0.13547807060343015
3004982,3.9827747140395653
3004983,3853.1632433734208
3004984,0.07050662393235435
3004985,787.7611952955881
3004986,19.66646498199981
3004987,1224.4545613433684
3004988,1379.0507862006234
3004989,329.7075663960534
3004990,276.7790852195618
3004991,235.51350743273298
3004992,4673.909104765363
3004993,36.39401396521108
3004994,1.0414771076689509
3004995,21.24128081655798
3004996,30.469773061454116
3004997,0.513598414941339
3004998,256.1629363598311
3004999,10.84712862005096
3005000,49.946740936500035
3005001,10.009716661600464
3005002,149.90171398290343
3005003,16.708602673632925
3005004,728.0049601703398
3005005,237.95982043659413
3005006,14.728601505009452
3005007,8.461340715061752
3005008,840.1956133751964
3005009,130.7858455008487
3005010,3782.274949774658
3005011,0.26620522953466486
3005012,44.81160182559202
3005013,2.0737431840767955
3005014,0.08288579548453402
3005015,3.069456194917574
3005016,2460.4907774528747
3005017,0.0
3005018,369.38107094835436
3005019,6.796889001812926
3005020,411.6488042658418
3005021,609.7143207928714
3005022,161.10481318141638
3005023,130.06046992839578
3005024,104.54210445201592
3005025,1838.3445638676033
3005026,21.384480036886632
3005027,1.0799860505546213
3005028,11.537598057925424
3005029,13.036134114261738
3005030,0.1608861616235437
3005031,90.40536896142861
3005032,0.0
3005033,30.924405301493
3005034,2.386409179663021
3005035,194.48934061139644
3005036,10.410280158564756
3005037,367.86473663758767
3005038,86.63451779936038
3005039,5.272330033797592
3005040,7.039026805522059
3005041,271.55160325617993
3005042,38.750463250578775
3005043,1688.6849879178628
3005044,1.9829997354068842
3005045,9.853249477854956
3005046,3.4728781693461417
3005047,0.0
3005048,0.3264552997397934
3005049,1029.7796686321112
3005050,0.0
3005051,205.73009167379448
3005052,6.001871721289442
3005053,358.4216524853969
3005054,218.2682350612705
3005055,92.36012851944686
3005056,31.106084944167364
3005057,26.02886997013506
3005058,1384.1271571326683
3005059,13.527999592336135
3005060,0.9784794100081701
3005061,10.471812539135039
3005062,9.396642105663892
3005063,0.29900731137356085
3005064,58.75680071817863
3005065,0.095899369869496
3005066,10.306043816348314
3005067,0.301392970583177
3005068,31.575116120524005
3005069,0.751842240582035
3005070,389.27704110868626
3005071,90.94671781002513
3005072,1.9778439579061302
3005073,0.8306987787146585
3005074,188.40738422089171
3005075,23.05802950011808
3005076,462.708946720558
3005077,0.9904314781760258
3005078,2.4723711205109877
3005079,5.4940385850747475
3005080,0.14455907438979648
3005081,1.1046550769085601
3005082,2677.976870937477
3005083,0.01534118954896128
3005084,491.378567711243
3005085,19.4455347254512
3005086,748.4469353499173
3005087,800.0212508752983
3005088,330.6272856303225
3005089,228.29535260665685
3005090,158.56090469633307
3005091,3315.4578214283183
3005092,21.595764671648222
3005093,2.6736385184939744
3005094,24.84761423854402
3005095,23.99339879876397
3005096,0.3723672806806561
3005097,184.4205851029862
3005098,5.34594288097867
3005099,40.98606350781999
3005100,8.084915627722738
3005101,199.2554315361212
3005102,4.96399515708367
3005103,410.8725746612028
3005104,162.26468088188508
3005105,9.582101486283435
3005106,7.5347409691447575
3005107,453.6561306026338
3005108,62.90535601318966
3005109,2112.964281301727
3005110,1.494389857379172
3005111,19.2590385010588
3005112,6.502974131637921
3005113,0.0
3005114,1.277927999237829
3005115,2343.4354738420657
3005116,0.0
3005117,465.2232896943277
3005118,16.914746428124893
3005119,989.3190026890284
3005120,590.255129368317
3005121,389.02536682857607
3005122,159.60391770992524
3005123,65.11193068464137
3005124,3555.50936885335
3005125,13.827622320559493
3005126,1.2096361377415765
3005127,27.57088778361924
3005128,12.647107774921333
3005129,0.5513636103437415
3005130,181.50055197992612
3005131,0.0
3005132,5.312898851880273
3005133,5.053749272832077
3005134,80.58985677358336
3005135,0.9959740838381212
3005136,114.35845015808832
3005137,185.7565954851714
3005138,3.795446218330709
3005139,2.580580258087083
3005140,195.9926270476985
3005141,61.44628997534976
3005142,952.0624225950032
3005143,5.86321938864186
3005144,0.40002765709178645
3005145,5.1727877328485246
3005146,0.0
3005147,0.8683015849874786
3005148,2102.491774508377
3005149,0.0
3005150,453.1346871426789
3005151,12.82452469093795
3005152,766.660870755784
3005153,474.7074467301525
3005154,282.49514900460343
3005155,145.2501645811048
3005156,73.19865146562023
3005157,2912.9946116473643
3005158,13.41509441013963
3005159,1.3306823210023868
3005160,24.166037020261225
3005161,12.169093041798412
3005162,0.24865775650218247
3005163,175.25947489753796
3005164,0.0
3005165,7.451024637588895
3005166,4.554309123046015
3005167,138.23295295448875
3005168,1.4282564443180588
3005169,86.33895605343656
3005170,151.99333767650663
3005171,3.2850776186311714
3005172,3.294785879613092
3005173,219.40068422931566
3005174,46.89276580021814
3005175,675.8510761861194
3005176,0.5851284008258961
3005177,3.004805955823296
3005178,9.641473226399993
3005179,1.3675845770325017
3005180,12.755930071970564
3005181,7915.336816213103
3005182,0.0
3005183,1153.9298082820794
3005184,52.817383409850066
3005185,1752.5417998433225
3005186,2107.8205182104793
3005187,413.22570381646347
3005188,523.7205760502717
3005189,399.6501636989558
3005190,7658.0640633632365
3005191,87.17654173174671
3005192,2.5574754753640367
3005193,48.5364101843138
3005194,46.281745588103114
3005195,1.197018994497494
3005196,426.39832337247987
3005197,31.702483690574404
3005198,75.17321481843105
3005199,18.91509131778029
3005200,340.28290477917636
3005201,36.84385723978813
3005202,1429.557594085781
3005203,394.1942119373144
3005204,16.745254954271186
3005205,21.095620843097105
3005206,1598.7516960511894
3005207,224.71935443622044
3005208,6923.864447335963
3005209,0.5952508193752796
3005210,127.0064518583753
3005211,3.5855210232317085
3005212,0.3721492600005769
3005213,1.360908663387534
3005214,1254.6043188239885
3005215,0.0
3005216,125.51073393167817
3005217,5.44294399671718
3005218,998.4588895618514
3005219,228.9306769908815
3005220,146.69539073161437
3005221,132.0934908367542
3005222,51.883988796447156
3005223,2059.3205575198745
3005224,6.465953409108976
3005225,0.3696011997366119
3005226,13.43897771828529
3005227,7.423147819231473
3005228,0.43281145449213115
3005229,147.65589217916008
3005230,0.44922231134948154
3005231,0.0
3005232,4.034103034685178
3005233,83.12467293518901
3005234,0.895545433208027
3005235,49.96062412968868
3005236,99.85340033973036
3005237,2.2934206433594357
3005238,4.265590252069096
3005239,130.71298945778986
3005240,15.179575678598024
3005241,427.1965891175237
3005242,1.4672806708080992
3005243,4.508622960096814
3005244,7.626736507000082
3005245,0.10988068983017861
3005246,2.323360255384263
3005247,2693.616569651412
3005248,0.0
3005249,445.98624408050256
3005250,14.334855165558983
3005251,1036.7589930371944
3005252,527.8175013666104
3005253,271.794462021093
3005254,280.32225260136255
3005255,104.6845011098214
3005256,3656.437281480143
3005257,11.23076460938833
3005258,0.26492475419785616
3005259,19.501133660368172
3005260,14.351127702993786
3005261,0.24200849305364572
3005262,238.87213805681762
3005263,1.4450265961606543
3005264,3.9830701737367504
3005265,8.157477036623735
3005266,18.34132271500191
3005267,2.2241913280480037
3005268,309.1042172874427
3005269,182.9307624404867
3005270,3.333951468209714
3005271,5.7552045522941375
3005272,156.23480680979384
3005273,50.337201691002356
3005274,1184.3490757659633
3005275,0.3059885461531601
3005276,3.717687577554658
3005277,0.8974564631001845
3005278,0.0
3005279,0.6669320438050025
3005280,695.0753718754196
3005281,0.0
3005282,91.6971018279836
3005283,3.364599035472087
3005284,774.1084267783051
3005285,121.83593442708492
3005286,141.8055346665251
3005287,157.72477464895618
3005288,15.671702341457454
3005289,1250.062796189326
3005290,2.3776206759751473
3005291,0.23470453840405903
3005292,8.738659182687215
3005293,3.0560627258145887
3005294,0.07872656030141537
3005295,70.83976205274179
3005296,0.0
3005297,0.0
3005298,0.4515643430254481
3005299,112.72348648335364
3005300,0.14748771508147712
3005301,57.34300447644222
3005302,55.17553595710993
3005303,0.8127451402386814
3005304,1.210554408576803
3005305,71.59718432898097
3005306,8.34581136478912
3005307,185.50142566373768
3005308,0.5719571041013629
3005309,1.8230675367645623
3005310,6.862585970465151
3005311,0.0
3005312,2.3071189698840486
3005313,1701.0529668968118
3005314,0.0
3005315,159.56236131667177
3005316,8.537360681072768
3005317,695.7843199843879
3005318,283.6414052600972
3005319,191.0700982503347
3005320,109.83004974849321
3005321,89.7279762391594
3005322,2497.8902054038044
3005323,4.201814795399056
3005324,0.5922102759452758
3005325,17.9311710078653
3005326,13.536663600011313
3005327,0.33887348265459155
3005328,145.58172990197744
3005329,0.0
3005330,0.0
3005331,10.321641815646403
3005332,54.710432665748634
3005333,1.4111138834199066
3005334,185.52724425729326
3005335,116.64917093582575
3005336,1.9399018492649305
3005337,3.79158556817382
3005338,277.5150004856417
3005339,24.70020060258796
3005340,1027.0116002570162
3005341,2.717967717002263
3005342,1.2225922044268995
3005343,2.897524607387609
3005344,0.12437151725407501
3005345,1.8789366950218696
3005346,2181.0492924916816
3005347,0.0
3005348,606.9906924261065
3005349,9.996237711456123
3005350,884.6709975094958
3005351,609.7863186980376
3005352,247.13864057463655
3005353,126.21119094581707
3005354,76.24984381961656
3005355,3963.1429075135366
3005356,8.681240882615095
3005357,5.353531526908107
3005358,18.110409484306214
3005359,41.30167023334793
3005360,0.11906461951669599
3005361,207.95758430447447
3005362,2.4418629425085054
3005363,7.190751875005774
3005364,2.3774664102780716
3005365,52.44853105317012
3005366,2.262932482663636
3005367,164.25443759488658
3005368,233.73964524082493
3005369,5.748491268386083
3005370,5.309782202255434
3005371,168.47319571269904
3005372,40.657926573512
3005373,571.3482835191004
3005374,5.1037470873799755
3005375,2.655295246060294
3005376,5.253137839943884
3005377,0.11117860921734976
3005378,0.3734616666486888
3005379,1116.1439189685361
3005380,0.0
3005381,77.79979020327816
3005382,3.062242622013034
3005383,371.67214619364563
3005384,131.8295198526153
3005385,101.98348379546255
3005386,147.56119645076575
3005387,45.98419123107544
3005388,1492.5558972948625
3005389,4.704941111414081
3005390,0.03745881170391589
3005391,9.19145953143941
3005392,7.169487457831952
3005393,0.07066871708404934
3005394,83.3995532882113
3005395,0.0
3005396,0.0
3005397,0.8009725056586594
3005398,23.29730390663075
3005399,0.8337864107759977
3005400,162.75315497676146
3005401,59.22845070429436
3005402,0.5238626331890991
3005403,0.7112532376056075
3005404,71.21767282804721
3005405,15.267305920796211
3005406,292.3546677119539
3005407,3.5819450864338376
3005408,0.9072498889855775
3005409,4.108794852606376
3005410,0.009419243446658693
3005411,1.400593737473476
3005412,2539.0121522727354
3005413,0.0
3005414,401.0341392772155
3005415,7.3285807365348505
3005416,652.9128207191133
3005417,417.58963599987595
3005418,210.89110409064534
3005419,108.04780520170155
3005420,86.86369940249686
3005421,2920.004252352355
3005422,6.200686785277217
3005423,1.179147130528255
3005424,13.335578434033348
3005425,7.1704049491870085
3005426,0.0
3005427,151.8139904027948
3005428,0.0
3005429,42.16042693434658
3005430,2.9700686758143826
3005431,46.63831495318325
3005432,1.5626687677455655
3005433,174.38708352396034
3005434,129.0680952260232
3005435,2.975935342349603
3005436,1.7462586035256111
3005437,117.8797236869049
3005438,32.51292048192476
3005439,936.951722796232
3005440,0.0
3005441,1.029755055152449
3005442,2.584369422909539
3005443,0.0
3005444,4.51064232672914
3005445,2895.415364711038
3005446,0.0
3005447,509.3957419185062
3005448,11.419119071013224
3005449,885.0570168701198
3005450,875.7686035353132
3005451,165.82928416981943
3005452,129.93208858400214
3005453,154.84690934047904
3005454,3412.6757637735595
3005455,62.94456078033455
3005456,2.1947882089707194
3005457,29.625379639407363
3005458,21.92382773220296
3005459,0.14587690165791892
3005460,198.6490380887487
3005461,13.945583391345972
3005462,28.8458718213213
3005463,3.123114628638123
3005464,148.06842027675023
3005465,11.091951370793852
3005466,342.0045088021406
3005467,184.0879174926579
3005468,10.484698094586559
3005469,14.472371329203671
3005470,312.1887248369592
3005471,73.91875416738107
3005472,2419.228207826647
3005473,0.08124158315656331
3005474,16.88025782110594
3005475,6.60260110473973
3005476,0.0
3005477,2.9738558292275927
3005478,2901.5365294036897
3005479,0.0
3005480,351.87810941034184
3005481,17.408363645967768
3005482,871.2761807538736
3005483,756.9388620307858
3005484,164.3666792816801
3005485,79.39363480417116
3005486,113.18405623892012
3005487,3140.0928198046226
3005488,24.35291775346546
3005489,0.9801534040292483
3005490,29.36570337176289
3005491,76.9506222276221
3005492,0.08312254042479546
3005493,242.7402333852719
3005494,13.761284939858134
3005495,19.709219444494334
3005496,10.553557343557374
3005497,145.5999945752351
3005498,12.00359414096777
3005499,227.1174987765747
3005500,237.46154933676456
3005501,6.952592451595668
3005502,9.078907139041085
3005503,173.53259468805695
3005504,64.95391776889022
3005505,1777.2580401272626
3005506,1.4298456511473423
3005507,19.073021441105983
3005508,7.714531020242916
3005509,0.21499514727169788
3005510,2.5639829620151042
3005511,2899.6125077098127
3005512,0.0
3005513,628.9074269116378
3005514,12.167239879842317
3005515,1404.1094679736163
3005516,514.2521206413433
3005517,201.1702628642736
3005518,196.0045187427201
3005519,84.99575752650269
3005520,4621.583198545502
3005521,34.4573116172612
3005522,1.4792886695200225
3005523,24.860397818970245
3005524,13.024902590934337
3005525,0.0
3005526,260.222961958605
3005527,4.953577754823095
3005528,17.46150983048407
3005529,8.186445736215864
3005530,85.89582601967888
3005531,6.128804679822184
3005532,267.9988312620913
3005533,170.45966167924715
3005534,6.195455878271685
3005535,7.271594207125015
3005536,279.5672209050079
3005537,51.16583163561824
3005538,1367.3718334284329
3005539,3.0344755427402914
3005540,15.706730693301658
3005541,4.474840997840641
3005542,0.14214095110539254
3005543,3.7796816627591525
3005544,2365.3243133130327
3005545,0.0
3005546,310.6042865549176
3005547,11.11769867476617
3005548,749.9123068535417
3005549,661.4242132960205
3005550,206.00057584015096
3005551,128.81977109976833
3005552,88.29937249807445
3005553,3037.843662805682
3005554,25.57099068662301
3005555,1.5166882533302222
3005556,20.670872981657432
3005557,9.000005023545146
3005558,0.2936128487342005
3005559,192.90713772905028
3005560,14.407046255988016
3005561,25.113224011587896
3005562,0.6945823421864911
3005563,124.08104302908878
3005564,8.921472617751114
3005565,584.6704457011369
3005566,161.64605317243883
3005567,5.651541430702229
3005568,7.2330506167808615
3005569,480.0782086960236
3005570,38.664199325493804
3005571,1773.3766419697283
3005572,0.004861993391229637
3005573,28.392938134386966
3005574,2.974512952129719
3005575,0.1547519516578019
3005576,2.152416048928665
3005577,3947.8951718945414
3005578,0.0
3005579,323.61243538623046
3005580,13.869373955378109
3005581,1639.5018558047464
3005582,477.4459306953385
3005583,348.9993707768172
3005584,152.8765951438282
3005585,83.5682901099821
3005586,4665.198691205746
3005587,15.147481227636245
3005588,2.132808190264696
3005589,23.801306561445312
3005590,25.34020884052522
3005591,0.22716570043021808
3005592,295.7658368085885
3005593,0.0
3005594,0.46238697500512027
3005595,8.922150198648561
3005596,65.2834293388878
3005597,2.2164979179244133
3005598,126.96813182096594
3005599,166.6941254398702
3005600,4.476779389350879
3005601,8.667404605198808
3005602,254.21803693681
3005603,47.530677073393534
3005604,982.4989249257632
3005605,2.0354734897771953
3005606,7.600136926741554
3005607,5.7216770467794795
3005608,0.0
3005609,5.8465980456059246
3005610,2625.927402643022
3005611,0.0
3005612,402.27751894617523
3005613,14.953135342780646
3005614,1256.2425075114968
3005615,621.7537084188566
3005616,223.42514663079888
3005617,118.29864962065729
3005618,196.96790440744113
3005619,3019.888016564032
3005620,37.742547699306954
3005621,1.394926043803408
3005622,25.90898898047093
3005623,27.09333137490782
3005624,0.680462318816099
3005625,191.6792534945704
3005626,16.191512413490805
3005627,19.84266591751747
3005628,8.03890449660301
3005629,145.28975376389062
3005630,13.19095152644199
3005631,331.61205147984265
3005632,314.82665126853647
3005633,12.357626417301109
3005634,6.858379389833037
3005635,224.6634091126929
3005636,50.67588379310508
3005637,1910.9340281771679
3005638,0.19544329582982203
3005639,7.132073996891935
3005640,2.319700548918661
3005641,0.10887381824105377
3005642,2.2778705552556144
3005643,2399.893417024565
3005644,0.0
3005645,413.2409440931323
3005646,11.480778733009307
3005647,634.4690198784882
3005648,772.4274011878979
3005649,186.88548247852785
3005650,132.68953924144563
3005651,131.8414073643021
3005652,2727.254375884363
3005653,34.839149224948756
3005654,1.194060670305619
3005655,24.544416058876436
3005656,16.436630195893137
3005657,0.2339168987593301
3005658,150.31912032314168
3005659,13.78646132018278
3005660,45.842050585900054
3005661,4.897965100162967
3005662,93.56447495768626
3005663,10.684526362144046
3005664,314.28898404850696
3005665,138.80454276839185
3005666,8.5933756925609
3005667,9.119395066150581
3005668,267.195892738922
3005669,49.19039253481707
3005670,2235.8846153555155
3005671,0.0
3005672,18.059005446093586
3005673,3.953201714372653
3005674,0.12353875466303643
3005675,2.2399808870459155
3005676,4082.5214903195015
3005677,0.0
3005678,441.3737081263291
3005679,21.524512125446417
3005680,951.7053745099012
3005681,482.3205952420625
3005682,260.55473499842657
3005683,153.65825633962075
3005684,61.866976796099735
3005685,3850.852558285107
3005686,9.274350559781004
3005687,0.0
3005688,9.081522447244097
3005689,15.34343051192675
3005690,0.07307508119296739
3005691,176.18730019298977
3005692,0.0
3005693,8.353384906163566
3005694,0.38603567136023414
3005695,105.1121238969698
3005696,4.331097179164916
3005697,184.79033884777056
3005698,188.87056605162397
3005699,2.2728696870753295
3005700,1.4954069824540432
3005701,283.420162956982
3005702,113.64551701509643
3005703,970.6273393945725
3005704,6.5939675866069045
3005705,0.988954325724835
3005706,15.62506811531672
3005707,0.0
3005708,12.774274976281863
3005709,9110.099160609238
3005710,0.0
3005711,1605.2416897945834
3005712,47.393576764702054
3005713,2256.6349557884882
3005714,2465.7641024472923
3005715,653.8385744897804
3005716,652.2238120391903
3005717,492.95171649022234
3005718,9259.536501528251
3005719,102.05196062785186
3005720,4.350309895449531
3005721,111.63716658765746
3005722,102.51426519107738
3005723,1.5068899390447226
3005724,589.8130777817571
3005725,26.216049206065605
3005726,31.22848805901008
3005727,18.780511299279205
3005728,508.07688656013835
3005729,32.286517918741616
3005730,1554.742680752256
3005731,398.82392188762907
3005732,32.0920325746652
3005733,30.744797381278545
3005734,1689.6875041288165
3005735,225.8933728023181
3005736,8127.191331813672
3005737,81.60674943421162
3005738,119.84595889630727
3005739,12.395478464238044
3005740,0.0
3005741,8.172662543323616
3005742,8708.085843724728
3005743,0.0
3005744,1228.1112816659947
3005745,43.546303139923445
3005746,2383.368961135393
3005747,2224.5650307809697
3005748,792.8316335432942
3005749,399.1866615649818
3005750,404.6621149325923
3005751,10180.13692060332
3005752,167.69857148929557
3005753,1.561663024027585
3005754,48.213165938797076
3005755,108.31367019657377
3005756,0.7075315465124636
3005757,569.4257647223172
3005758,21.788382405648008
3005759,52.79599089608829
3005760,4.90168276691289
3005761,329.45197481073615
3005762,25.002586728584905
3005763,1898.633622135541
3005764,512.1710644194591
3005765,21.68149447676892
3005766,28.402849128036152
3005767,1756.702155223017
3005768,231.66476200005692
3005769,5686.423973545992
3005770,149.94642980180072
3005771,120.33737821412161
3005772,9.862379952347023
3005773,0.0
3005774,12.630769186307427
3005775,5085.985016655617
3005776,0.0
3005777,809.2354345490322
3005778,18.939326330171152
3005779,1963.9265544649656
3005780,1259.1270870725912
3005781,680.3555927426032
3005782,132.2366446041593
3005783,232.14256965415342
3005784,7648.280387224959
3005785,48.687615166200075
3005786,2.7273498073674793
3005787,33.32679285492578
3005788,24.744857523508802
3005789,0.5808100447980452
3005790,440.1592311658085
3005791,14.379966350462688
3005792,30.284702029707955
3005793,6.299386129363674
3005794,159.11383872040756
3005795,9.077499744919752
3005796,1811.6148128763614
3005797,478.81151031274317
3005798,18.622465694650487
3005799,40.711951983585664
3005800,906.0236918581209
3005801,118.86877312876078
3005802,2112.6111650800567
3005803,70.15104810176562
3005804,53.21321531204631
3005805,13.181946725273875
3005806,0.0
3005807,12.252834757624269
3005808,7992.21372145552
3005809,0.0
3005810,1103.2866130887592
3005811,39.47155208995596
3005812,2028.678940546534
3005813,2032.087827077566
3005814,731.0324652055289
3005815,363.93424028685115
3005816,268.3817730248529
3005817,8832.72994959615
3005818,70.61470887664164
3005819,1.1997349791125471
3005820,52.5534838777645
3005821,73.58700239810258
3005822,0.6689417319096935
3005823,519.472183561941
3005824,21.773990885457497
3005825,42.89618469730932
3005826,6.733195135911166
3005827,280.55846775863284
3005828,19.082110930543422
3005829,1756.6019873501373
3005830,458.69621585539926
3005831,19.78965774879434
3005832,19.926634964137072
3005833,1476.5785022359978
3005834,186.41029895393999
3005835,4862.967855433242
3005836,90.85859800511837
3005837,87.77349720091203
3005838,10.234044272405503
3005839,0.0
3005840,13.280470142353789
3005841,3543.923291785001
3005842,0.022823499502731215
3005843,660.6456592630906
3005844,21.54459893021135
3005845,1407.9052248164123
3005846,922.0748045625785
3005847,562.2136002669145
3005848,92.71460980037327
3005849,170.29647609169032
3005850,5843.244171995753
3005851,44.047004739657936
3005852,0.19902065816406042
3005853,26.617492108726662
3005854,43.07326104734408
3005855,0.9355456500301272
3005856,365.34880602337165
3005857,13.846814755529415
3005858,13.790597939930995
3005859,1.5940041320216796
3005860,152.46630518241386
3005861,5.273423646321609
3005862,1528.5894753880768
3005863,404.91722193996173
3005864,16.937143730185984
3005865,15.427943684547039
3005866,873.9386238959761
3005867,59.27089828348077
3005868,1376.8973803914448
3005869,83.76184713566151
3005870,25.900688982500647
3005871,10.562086003493885
3005872,0.0
3005873,8.209292554762392
3005874,6994.28943300358
3005875,0.0
3005876,1250.9219089403507
3005877,46.07505592418651
3005878,1761.6840053060796
3005879,2298.2120419999897
3005880,525.978113731868
3005881,530.2463738286449
3005882,435.05696034324797
3005883,7677.382229155264
3005884,79.58412730616865
3005885,1.246305974107416
3005886,65.94777945176128
3005887,64.8557960021777
3005888,0.8251287889243994
3005889,422.89251125661605
3005890,15.502576317317377
3005891,49.94148256311825
3005892,21.619404304176527
3005893,398.8241901597885
3005894,25.072288800472958
3005895,1495.54316401255
3005896,395.0553952701942
3005897,20.332275378789454
3005898,31.95838641919691
3005899,1474.1698876768194
3005900,226.5002446808895
3005901,7426.491244528024
3005902,68.10619147120504
3005903,117.37404756940487
3005904,5.783268999096668
3005905,0.0
3005906,3.6463712944381816
3005907,1779.592480740482
3005908,0.0
3005909,309.65105140791235
3005910,27.823934899867993
3005911,841.0593834484107
3005912,484.412476741128
3005913,233.64693023280242
3005914,87.85531182468232
3005915,118.02943397880838
3005916,2747.6534295226684
3005917,54.57485216172809
3005918,1.416641358503788
3005919,20.866411124015904
3005920,18.157664233255684
3005921,0.5142205439395915
3005922,194.45400640204838
3005923,10.145159407434289
3005924,8.593822136291159
3005925,10.511191359230175
3005926,70.71255393847092
3005927,8.803871521440529
3005928,310.3080614448763
3005929,173.95637548140374
3005930,3.0926761513045893
3005931,7.115874136522347
3005932,288.5435895754962
3005933,47.07980156722703
3005934,1483.3546343029425
3005935,2.178178697672247
3005936,12.402192025444538
3005937,9.074609477391926
3005938,0.0
3005939,9.905598926611159
3005940,3976.7158971008366
3005941,0.0
3005942,538.7551387226588
3005943,34.7613025602339
3005944,1503.0090122501294
3005945,1007.4717538878475
3005946,466.94155757374944
3005947,91.8080248999988
3005948,186.53943251070007
3005949,5744.526166623721
3005950,150.92367698019294
3005951,1.9891935760111805
3005952,47.18413289417045
3005953,46.74693944629163
3005954,0.6890800802620929
3005955,386.4913352923153
3005956,13.172977080022218
3005957,7.200344062781495
3005958,4.204559014261366
3005959,184.43904628269584
3005960,11.784148742912214
3005961,857.0836588339203
3005962,370.7484506737119
3005963,11.251517105821288
3005964,18.26160125673643
3005965,474.1457042832192
3005966,70.20202720582097
3005967,1931.5502739534377
3005968,77.24355127293984
3005969,22.257579720509877
3005970,7.443577699202711
3005971,0.0
3005972,4.070784659324273
3005973,4660.643274501599
3005974,0.0966539608641756
3005975,868.311757112644
3005976,11.786088671306086
3005977,1442.5779757383323
3005978,1707.3350771517712
3005979,325.21435793113113
3005980,410.8150751130114
3005981,337.99802505894013
3005982,5151.760562372771
3005983,45.46635278078061
3005984,1.9554418645311837
3005985,40.73362082197677
3005986,33.79066551887572
3005987,1.0953075793295486
3005988,309.426339654286
3005989,2.687254876441048
3005990,68.72411102951826
3005991,7.415252313368633
3005992,213.11581965743292
3005993,15.826847533022647
3005994,1108.8210792080304
3005995,239.46943383506223
3005996,23.66563275368838
3005997,11.842371264940063
3005998,3882.375353033497
3005999,117.5280701634025
3006000,5428.513836599625
3006001,13.866139598981825
3006002,73.75617716126175
3006003,14.115521515835253
3006004,0.0
3006005,9.385850763213396
3006006,5591.47974316379
3006007,0.0
3006008,1053.160412965874
3006009,14.938320441298378
3006010,2098.3709056109774
3006011,1470.2599104114486
3006012,474.2147078208422
3006013,273.0016644320329
3006014,490.7376648847706
3006015,7619.955456229525
3006016,66.34259044123527
3006017,4.39706819495201
3006018,73.88267537985789
3006019,60.23160200228466
3006020,0.9143340281232879
3006021,445.6454401581697
3006022,10.574142142126693
3006023,92.33544552814747
3006024,9.223634803679435
3006025,311.1487178231105
3006026,13.597593193355792
3006027,809.8665328877099
3006028,423.22859034487976
3006029,19.563078181437394
3006030,35.33421201357676
3006031,707.9539257301169
3006032,172.45585813005346
3006033,6162.011976766213
3006034,11.742129862017721
3006035,11.72271177470344
3006036,8.930491713482368
3006037,0.1855896007505113
3006038,2.2744437896783625
3006039,2109.9670595694547
3006040,0.0
3006041,412.8389888170461
3006042,9.538738968173064
3006043,852.4530832493349
3006044,448.4706849762496
3006045,242.56423740851943
3006046,86.56454969342069
3006047,162.06746632784913
3006048,2912.934801233231
3006049,19.275584341330596
3006050,1.3117715313633935
3006051,22.881745512813033
3006052,23.37495132794255
3006053,0.24244610299322655
3006054,163.99703625033214
3006055,3.8041145127560587
3006056,21.976433443824632
3006057,5.901349229290223
3006058,120.82747089120508
3006059,3.4017216223558187
3006060,456.15268759219487
3006061,161.3582587876268
3006062,5.776442097719926
3006063,5.280658387078689
3006064,252.2149927393417
3006065,55.87953897644235
3006066,1989.6327004291186
3006067,1.2327653626957
3006068,6.232566509151018
3006069,4.22579663856415
3006070,0.027496963134189815
3006071,1.600890589304765
3006072,3502.562419067961
3006073,0.0
3006074,175.9201206679999
3006075,2.9415508027871566
3006076,1179.0389457078684
3006077,172.16323851046664
3006078,241.79124091485826
3006079,55.793028095575565
3006080,32.51543109740745
3006081,3087.1239737053943
3006082,8.399914283670672
3006083,1.0257184622812394
3006084,21.82426428824565
3006085,10.551944308359733
3006086,0.24465771716702986
3006087,171.51429717129602
3006088,0.0
3006089,0.0
3006090,3.6424107904885297
3006091,38.23876004466213
3006092,1.4066307814610561
3006093,52.640078166938174
3006094,116.45746830245147
3006095,0.0
3006096,2.2679307092634855
3006097,72.77865469809446
3006098,81.5469419000443
3006099,600.9027878211449
3006100,1.1037948842417618
3006101,1.7555249510391535
3006102,4.163637306344774
3006103,0.1674745730419708
3006104,3.958377567042477
3006105,2886.6653918352354
3006106,0.0
3006107,466.2818401209021
3006108,17.592101519042146
3006109,1113.4797166314381
3006110,864.1697352707777
3006111,346.67905321281955
3006112,165.51276250463212
3006113,153.96921006412325
3006114,4169.6145857756555
3006115,44.51069243199807
3006116,1.4135730361859826
3006117,28.821223820235367
3006118,48.965689885553246
3006119,0.20436318141683
3006120,263.55733631945037
3006121,16.284538752098342
3006122,25.070829004688797
3006123,8.424421986550623
3006124,120.21525086916287
3006125,8.519958502741797
3006126,652.0495428537674
3006127,210.24470208908076
3006128,7.72450768200042
3006129,10.605741870993254
3006130,682.4769865654322
3006131,83.60315596271549
3006132,2088.4437878641243
3006133,0.0
3006134,48.895968488726076
3006135,6.658718011948987
3006136,0.0
3006137,4.685233213985115
3006138,4184.0500572253495
3006139,0.14837443787131666
3006140,702.1467426374918
3006141,25.066324791298722
3006142,1098.3393854396784
3006143,1375.212421744142
3006144,220.27470043852935
3006145,316.79870311664763
3006146,301.7079651002634
3006147,4005.3659822165755
3006148,41.077320814699426
3006149,3.094479199472092
3006150,36.627477575164356
3006151,33.06222420290996
3006152,0.3490891268870412
3006153,212.08657177948658
3006154,16.433713313181208
3006155,49.84111573606622
3006156,7.250358332088714
3006157,247.70063206137263
3006158,17.00661902373411
3006159,818.4823982848233
3006160,205.32832987217364
3006161,7.572799206928163
3006162,14.73662620735513
3006163,870.7136041790775
3006164,134.17243704528755
3006165,4981.829221450336
3006166,0.26117261521105656
3006167,63.66793409228889
3006168,4.270929724913458
3006169,0.4848335117205171
3006170,6.391420459603388
3006171,4404.578908699409
3006172,0.0
3006173,857.1737716344355
3006174,33.75105094670623
3006175,1184.14233158151
3006176,1465.0322681017926
3006177,338.12624935655316
3006178,345.76712294393735
3006179,196.40669061992043
3006180,4950.184718893507
3006181,48.56116294155017
3006182,3.617970598206303
3006183,39.21882570120196
3006184,40.03124405743827
3006185,1.2220983873862545
3006186,303.54766318495143
3006187,22.12762938852144
3006188,35.8548175803503
3006189,19.306862029117553
3006190,229.32743487730272
3006191,23.01611104717859
3006192,939.3373685517652
3006193,286.8913847840625
3006194,17.602070473917614
3006195,19.938894594657345
3006196,899.121396224369
3006197,146.26838071616604
3006198,4086.807800594791
3006199,0.11584524201646468
3006200,66.00720468261241
3006201,10.881637250068993
3006202,0.0514623853688628
3006203,4.832660238806
3006204,2138.831624973687
3006205,0.0
3006206,404.86695589860005
3006207,13.424382031737816
3006208,1028.8690634087031
3006209,512.8727023452606
3006210,561.2904135187292
3006211,141.43632117573023
3006212,80.48199166679389
3006213,4020.040936138947
3006214,14.837974623503015
3006215,0.9666000967406129
3006216,6.48369415809034
3006217,26.540935505980226
3006218,0.12321393803104021
3006219,265.86739320082864
3006220,12.38728339495193
3006221,6.241626296587261
3006222,4.240985548668674
3006223,60.62283534128718
3006224,4.054559979263317
3006225,252.53285481935498
3006226,216.81529537088508
3006227,6.280832283114098
3006228,5.881526228436477
3006229,411.57136024915883
3006230,93.45271662914642
3006231,1051.7588449956843
3006232,29.80100936971288
3006233,17.267990482742047
3006234,5.131443224196155
3006235,0.0
3006236,3.442157515494392
3006237,2376.3511262896136
3006238,0.0
3006239,353.4330734302643
3006240,14.311187231036397
3006241,573.7340023457105
3006242,720.1451464506708
3006243,132.49552497745773
3006244,162.3684435886394
3006245,137.08280753773553
3006246,2565.2603384307627
3006247,21.333570734429586
3006248,2.4543550585845373
3006249,24.588218281809723
3006250,24.74222625345088
3006251,0.7472698309843303
3006252,172.66444924716947
3006253,15.077308784420874
3006254,17.366746641132625
3006255,7.431825717000682
3006256,133.79049277589382
3006257,9.094325949586517
3006258,289.63618338249915
3006259,131.8691439139798
3006260,6.401191331649125
3006261,8.232414731590072
3006262,273.06878991660324
3006263,57.07810794737344
3006264,2269.177504831967
3006265,0.0
3006266,26.494104211061526
3006267,2.366361060681022
3006268,0.0
3006269,3.1402291032233514
3006270,1435.9219851190157
3006271,0.0
3006272,106.54790156387403
3006273,8.21987334499262
3006274,907.4346858528492
3006275,329.46446972304244
3006276,254.19729811440126
3006277,45.82835435210256
3006278,43.89289503550814
3006279,2908.4393707083163
3006280,11.968133027201107
3006281,0.46469199323805005
3006282,16.685384462316208
3006283,10.909523879752834
3006284,0.1371359429457209
3006285,199.71005550265022
3006286,5.221434490728418
3006287,0.0
3006288,2.829217845493701
3006289,30.77603922003049
3006290,1.2340276528630338
3006291,155.09977449899833
3006292,185.22144456938022
3006293,0.9476278379741825
3006294,5.2977297198647015
3006295,161.6851177920078
3006296,27.740232925073165
3006297,256.87909014252864
3006298,0.9972804276279102
3006299,1.1870539778048237
3006300,8.497453928385733
3006301,0.4253506202615086
3006302,2.903167590229339
3006303,4850.057949464299
3006304,0.0
3006305,661.8817119257353
3006306,26.024712113699522
3006307,1713.0328361685376
3006308,659.5191771541804
3006309,461.7406474783325
3006310,195.5512369905151
3006311,124.41251511925532
3006312,7123.2690690693435
3006313,39.552028890344
3006314,1.1053488081489118
3006315,26.107689877618665
3006316,19.570144836580237
3006317,0.4371010839465282
3006318,417.2250150544276
3006319,17.917241742087498
3006320,3.4711970161990084
3006321,8.943225413327331
3006322,83.59277830945477
3006323,5.035032905117517
3006324,549.2118461530157
3006325,342.99253783632764
3006326,3.0485352179639293
3006327,17.604446235791734
3006328,289.62826033205744
3006329,107.1982901909742
3006330,1213.571914542842
3006331,7.646007408837602
3006332,12.743773797247034
3006333,7.323055944793909
3006334,0.034391659500917625
3006335,0.7206108769832542
3006336,1821.6222740321052
3006337,0.0
3006338,169.65021274801296
3006339,10.93623253294214
3006340,986.0100907379895
3006341,469.10169787921984
3006342,221.2397535570186
3006343,57.01787253288666
3006344,58.611276198710954
3006345,3043.2041758496744
3006346,14.008879535491099
3006347,0.885306567059906
3006348,20.416860638909945
3006349,20.01783764095291
3006350,0.35446084177724707
3006351,177.51366289505836
3006352,10.698308862553116
3006353,0.0
3006354,5.501194229522158
3006355,77.91025025785166
3006356,2.075352018949015
3006357,120.50570950771505
3006358,181.91197449244342
3006359,2.065801573917838
3006360,6.1508226587372015
3006361,146.2148789193649
3006362,30.639146528577168
3006363,397.02713534927165
3006364,1.7309829113944366
3006365,5.366016511630631
3006366,5.65928903893974
3006367,0.0
3006368,5.516413578023577
3006369,1989.2851179185254
3006370,0.0
3006371,138.5907584027814
3006372,10.873391892213842
3006373,980.961625309026
3006374,373.46190565760037
3006375,204.09868433996323
3006376,49.71872317537129
3006377,46.285111884358095
3006378,3443.4858696640918
3006379,18.157452599755587
3006380,0.21478898059274332
3006381,19.650415582713883
3006382,14.579794214839987
3006383,0.09175506817066205
3006384,186.12127569477084
3006385,3.9835326927401566
3006386,0.0
3006387,3.4049248990249543
3006388,76.48236051985789
3006389,1.1024873928450027
3006390,200.95040946423066
3006391,227.1048819683786
3006392,1.002266702039126
3006393,3.9882183579412778
3006394,174.56593337889862
3006395,21.346827760233058
3006396,229.69599554810725
3006397,1.5601907867076854
3006398,3.0288997922344008
3006399,5.288963326504488
3006400,0.0
3006401,3.5314238985962967
3006402,1729.0811126910976
3006403,0.0
3006404,182.60647737097008
3006405,12.49589364844703
3006406,1825.818130217201
3006407,499.99844357828897
3006408,313.4435351292678
3006409,43.143594290541046
3006410,74.51787675319711
3006411,3824.4556511360274
3006412,15.846009038477135
3006413,0.5360850785867844
3006414,14.326820148544696
3006415,29.614459911301058
3006416,0.16078091208964154
3006417,294.1703163888475
3006418,3.8315413485289276
3006419,0.0
3006420,3.6754407849572535
3006421,39.263428791228044
3006422,3.288145759560957
3006423,366.9627196546868
3006424,348.0280812106249
3006425,2.244833885740868
3006426,6.586166013524607
3006427,176.2040705173949
3006428,95.83507021886459
3006429,499.8089728316821
3006430,1.373929937515122
3006431,7.4929106256156635
3006432,5.450653093626577
3006433,1.3646172398909604
3006434,4.667670197816301
3006435,1656.6723565982866
3006436,0.0
3006437,153.3133059826295
3006438,4.454737230649069
3006439,912.2088125327429
3006440,337.7730993505655
3006441,269.62992010593234
3006442,88.50884887464404
3006443,80.13417160358703
3006444,2713.593838721432
3006445,10.335356881553716
3006446,1.2430083572945998
3006447,12.684779036977979
3006448,19.134737386728858
3006449,0.10207924579312448
3006450,225.06905853106142
3006451,11.335320510812384
3006452,0.0
3006453,5.029333340057299
3006454,45.66868985859533
3006455,3.006862000574605
3006456,113.48152042945766
3006457,184.2413203893309
3006458,0.8167478204317629
3006459,5.570488730337436
3006460,94.53683807355655
3006461,42.87549617713523
3006462,582.828424286111
3006463,1.148682562718294
3006464,5.54358281586254
3006465,5.908706687663506
3006466,0.18825621012847674
3006467,2.2114072449176128
3006468,1321.8447433559566
3006469,0.0
3006470,141.8663938702543
3006471,8.93392895176958
3006472,1266.3481092979814
3006473,260.30522955923107
3006474,154.05005078170518
3006475,119.25316744735785
3006476,77.42085617319445
3006477,2068.1470572763096
3006478,7.432454057091799
3006479,0.6706556423026393
3006480,13.029195249879017
3006481,11.411270623469713
3006482,0.16388854364123986
3006483,161.59360938008302
3006484,0.0
3006485,0.0
3006486,2.299307148392706
3006487,92.28921040155781
3006488,1.6986490433097376
3006489,51.41288939305216
3006490,133.82940147227959
3006491,1.3570812790173348
3006492,3.755908362921249
3006493,60.87639832321276
3006494,32.00450057248749
3006495,489.27317906080134
3006496,1.7192651802869099
3006497,0.9288553088336159
3006498,15.451998554345996
3006499,0.4009285591254922
3006500,4.337894645738968
3006501,3428.057213067201
3006502,0.0
3006503,359.1420612472707
3006504,13.371604096088376
3006505,1212.4124124535394
3006506,780.1414905628293
3006507,532.715326699798
3006508,185.52814728433037
3006509,161.05235945956096
3006510,4681.733210093984
3006511,21.49673533112138
3006512,1.1659424667036475
3006513,25.95982320178134
3006514,18.438607321854313
3006515,0.7428788923390109
3006516,321.10225837190364
3006517,2.7024022913522545
3006518,0.0
3006519,8.75183418820382
3006520,98.17318185524839
3006521,5.0968395224290415
3006522,253.804361086063
3006523,290.56768524295074
3006524,3.5964683304439746
3006525,8.65479023113893
3006526,409.21635957183685
3006527,64.10781979722206
3006528,1454.1221124226488
3006529,5.16282644046036
3006530,18.71697942074786
3006531,5.740247953630732
3006532,0.525824728841402
3006533,4.906751413088157
3006534,2816.1150034261145
3006535,0.0
3006536,665.7486699805845
3006537,10.29654032227865
3006538,710.0910244003175
3006539,784.9661264140829
3006540,270.5934337191004
3006541,206.97420586786367
3006542,99.6395271896172
3006543,3350.6513083170416
3006544,14.887644757018608
3006545,0.9871119547058089
3006546,32.432301418932
3006547,21.09629061473229
3006548,0.8339834764258888
3006549,255.87182781582797
3006550,14.506145325831522
3006551,4.341669076653838
3006552,5.946846227846688
3006553,95.82688792549725
3006554,3.305161404971731
3006555,107.4493339465142
3006556,205.06114231409381
3006557,5.749091117073517
3006558,9.575013765394498
3006559,232.31613349367186
3006560,66.64762914299318
3006561,1884.554270244044
3006562,15.01772710152361
3006563,20.369998054911825
3006564,10.058336819848838
3006565,0.7243700092083288
3006566,4.565679904886
3006567,3511.8100461988743
3006568,0.0
3006569,204.88422122218537
3006570,9.060988418697542
3006571,1482.2655367139678
3006572,519.6174187460408
3006573,415.58571438691183
3006574,80.8282390435967
3006575,52.17748771816315
3006576,5007.876915400925
3006577,42.14116667267838
3006578,2.2352332902169794
3006579,26.7435418245154
3006580,16.676244037547363
3006581,0.5788121551602982
3006582,290.88970817945705
3006583,12.192858397696725
3006584,0.0
3006585,5.78580424160314
3006586,65.02457416886892
3006587,4.211418851223465
3006588,212.9917842583938
3006589,271.5942103656229
3006590,1.984161297647584
3006591,8.743352163492347
3006592,359.3787093593402
3006593,36.16816657773061
3006594,579.3533620387828
3006595,1.365375239817668
3006596,7.714010756542005
3006597,7.501337765759697
3006598,0.0
3006599,10.92544185343355
3006600,3874.297804025035
3006601,0.0
3006602,746.8402343530514
3006603,21.587358522735627
3006604,1038.5206857811756
3006605,1037.990774514402
3006606,268.45200287685907
3006607,217.22405983399187
3006608,164.22926835392633
3006609,4593.807656048968
3006610,59.674269273042846
3006611,1.934256735474207
3006612,30.833584426954054
3006613,39.00866135638421
3006614,0.38601040207375387
3006615,295.2157776170897
3006616,32.84054706201717
3006617,23.772111750024433
3006618,9.050416972514432
3006619,175.6503641167195
3006620,12.783336353433626
3006621,446.89651362582293
3006622,276.71780383718533
3006623,11.960400588614558
3006624,10.430157587500297
3006625,514.4185024866681
3006626,135.1665668656653
3006627,2607.337655138322
3006628,0.22194734425097698
3006629,36.5531155811945
3006630,12.031736450302866
3006631,0.4128564612113761
3006632,7.2105535477765414
3006633,4323.006559131539
3006634,0.0
3006635,549.2804272048536
3006636,17.33582272020528
3006637,1832.14267451631
3006638,896.7513445795735
3006639,756.0775106653067
3006640,120.66911969612806
3006641,131.97168334750026
3006642,6584.522339847492
3006643,22.751918290494277
3006644,1.1838088088060508
3006645,37.3744620747147
3006646,22.997082473819166
3006647,0.22338201880734393
3006648,429.535098549464
3006649,7.942084045128869
3006650,8.776575318413924
3006651,5.507269837915927
3006652,102.42179840247435
3006653,2.5782122522875426
3006654,346.2016061858729
3006655,399.35964141085793
3006656,6.553302543893789
3006657,5.9516570015462245
3006658,348.42375796308636
3006659,85.08218399678256
3006660,1155.5904540143597
3006661,15.529789214389902
3006662,24.56148200261142
3006663,14.696798734449974
3006664,0.15293154891746236
3006665,5.901600918523419
3006666,3112.4592724122404
3006667,0.0
3006668,464.24719507995377
3006669,9.337164330635881
3006670,1848.852563153028
3006671,662.3067026345462
3006672,369.43258371472336
3006673,264.2652311378842
3006674,208.91277921054166
3006675,4362.752136962686
3006676,19.576881680608167
3006677,0.8426432567851229
3006678,43.92279263027851
3006679,38.615512472109586
3006680,0.5022017811376215
3006681,354.0213772480496
3006682,6.745937548630842
3006683,4.814599457835919
3006684,14.280103215177602
3006685,139.2626176130573
3006686,3.5340457217416477
3006687,121.7332514984397
3006688,323.15798149013693
3006689,4.505224198361743
3006690,6.327814871864579
3006691,193.98259256308498
3006692,175.18427887314454
3006693,1379.099618596424
3006694,6.987832780014096
3006695,11.185373273040186
3006696,4.62175709197508
3006697,0.019048068802153987
3006698,3.4001514193059537
3006699,1762.4290800002007
3006700,0.0
3006701,140.25719431488156
3006702,13.219588010634379
3006703,631.0038313937673
3006704,354.8402460591659
3006705,171.07517861359707
3006706,48.75990966709845
3006707,129.99314245529894
3006708,2544.0150411971126
3006709,15.09462601972761
3006710,0.7359650182757652
3006711,23.633770134560006
3006712,21.77476015076448
3006713,0.024573461020199833
3006714,167.24685370499705
3006715,2.877950635430772
3006716,0.0
3006717,5.489042338692145
3006718,126.5311493312572
3006719,4.800706859876624
3006720,89.81616842147265
3006721,144.78269005649332
3006722,1.5766209816503827
3006723,5.905514818628086
3006724,142.238224204492
3006725,25.167392145224223
3006726,467.40144385968955
3006727,1.4967133014259428
3006728,3.1024835325742766
3006729,2.0275124079538855
3006730,0.0
3006731,1.4444065451560761
3006732,1686.894063285464
3006733,0.0
3006734,252.618481686952
3006735,19.75620596354626
3006736,537.438243572469
3006737,513.1418889535614
3006738,143.84152707138466
3006739,52.93737478089723
3006740,111.29753996581444
3006741,2233.920513446101
3006742,29.555023585468955
3006743,0.8550454255815989
3006744,19.406508211227088
3006745,16.2081352459651
3006746,0.3405292763380855
3006747,126.45090448029642
3006748,15.49761879085576
3006749,4.616290850088757
3006750,3.250476759732002
3006751,134.40180814942372
3006752,7.309693306627668
3006753,313.3729153583417
3006754,155.29045133032395
3006755,4.859551604667498
3006756,6.406376758575023
3006757,274.88887429328275
3006758,39.57116380602521
3006759,1136.0930450247329
3006760,0.006653352433724217
3006761,7.915206069663737
3006762,4.104636751391393
3006763,0.053260907607475594
3006764,4.68672427162428
3006765,4279.963089906972
3006766,0.0
3006767,845.5544681969056
3006768,19.576691876688727
3006769,1303.370835657836
3006770,1532.6520532058162
3006771,325.5988595549628
3006772,284.06427719647274
3006773,224.7370441184722
3006774,5011.193674616037
3006775,41.2677688393693
3006776,1.627854254251299
3006777,25.323331063045437
3006778,40.820235285176786
3006779,0.20536293797615018
3006780,315.20542189929205
3006781,20.313769904536972
3006782,45.75515217222144
3006783,12.29049000646532
3006784,172.28907867635684
3006785,18.554807117030684
3006786,429.32893460051594
3006787,318.8945980928301
3006788,19.444556237158952
3006789,11.565644487761473
3006790,589.5395637491032
3006791,141.46361123294665
3006792,3812.060230077289
3006793,2.6748836621612244
3006794,25.502267011221587
3006795,4.288780295647708
3006796,0.010278480748062948
3006797,4.988816137343704
3006798,3262.5438750636404
3006799,0.0
3006800,455.2122881413505
3006801,11.713728071892483
3006802,590.2999937664499
3006803,800.0715320605345
3006804,186.03465800252178
3006805,166.2430974293506
3006806,378.15040418319876
3006807,2446.6033128333706
3006808,24.39722089463887
3006809,1.560998822409965
3006810,20.33007188532778
3006811,17.798394704428112
3006812,0.2142404702035069
3006813,137.89966024470303
3006814,0.0
3006815,36.80292208025718
3006816,6.899761863489262
3006817,525.1374788396364
3006818,15.846346417740962
3006819,252.35763479439723
3006820,130.92760605239712
3006821,5.398518385030745
3006822,11.875206494746454
3006823,205.17647520994865
3006824,46.58146636324676
3006825,1911.2055291893357
3006826,2.803126938030186
3006827,7.309938559329378
3006828,6.649162228335019
3006829,0.0
3006830,0.4985516294263956
3006831,1000.2763847960913
3006832,0.0
3006833,220.06446844836148
3006834,9.657572232931926
3006835,475.98173258304166
3006836,281.2459296613131
3006837,97.48341623129947
3006838,39.10502957390438
3006839,61.27268890787329
3006840,1738.2402202253436
3006841,14.267207528799268
3006842,0.9608321176871193
3006843,14.625527414154774
3006844,11.145865183448823
3006845,0.5980269504874606
3006846,88.75803821863832
3006847,0.2326797383099381
3006848,9.379996386828502
3006849,1.9809649813543968
3006850,51.774600664702305
3006851,0.868212090042322
3006852,274.09114848839414
3006853,138.00025971748894
3006854,3.703910751676672
3006855,1.881500949719845
3006856,170.79726621369164
3006857,25.442565086034676
3006858,523.9665855787491
3006859,1.920583466751525
3006860,1.7839701294416666
3006861,8.444210568629709
3006862,0.10605838278657728
3006863,2.161381584723581
3006864,3864.1013735525103
3006865,0.21761093173265583
3006866,635.1428576409666
3006867,32.59411846414279
3006868,1040.5747070858429
3006869,1110.5004180425365
3006870,335.8169504432986
3006871,272.4256277737125
3006872,279.8116732185034
3006873,4355.195153334019
3006874,29.516918287214644
3006875,4.041985610785895
3006876,26.18259322837024
3006877,34.84202222314954
3006878,0.3389092554023923
3006879,264.27123081196873
3006880,12.73513058620683
3006881,52.88754712706881
3006882,10.731387969917646
3006883,391.5626263545605
3006884,6.645434293970928
3006885,318.0648043661561
3006886,257.9231794906473
3006887,13.284014369431148
3006888,11.940415070427214
3006889,404.9262636740291
3006890,87.79534859010597
3006891,2828.113232413578
3006892,3.299948597197754
3006893,16.98840845592194
3006894,10.651803551454705
3006895,0.0
3006896,3.067546893967465
3006897,3784.8974478590344
3006898,0.0
3006899,713.6323255043558
3006900,26.093717941445572
3006901,1600.1248480721133
3006902,987.73434203973
3006903,411.8413226720898
3006904,273.4784793990944
3006905,138.49020380483012
3006906,5626.161318836365
3006907,17.61418209212988
3006908,2.1519770327444623
3006909,46.68382535538863
3006910,24.57385766397463
3006911,0.9151994862964248
3006912,332.7024130842162
3006913,0.0
3006914,7.340296528127565
3006915,8.855710442340094
3006916,141.6866551020055
3006917,2.284123850751358
3006918,206.03051837930207
3006919,308.3657714939399
3006920,8.44531863445413
3006921,6.687922101882552
3006922,271.6818086356149
3006923,85.06021156099985
3006924,1765.974537932605
3006925,10.462591622594342
3006926,4.864273006202024
3006927,8.520800593493947
3006928,0.49415995050563166
3006929,2.6104439915003974
3006930,3240.0701398762594
3006931,0.0
3006932,651.434475152617
3006933,20.298752702393685
3006934,1169.4826201299798
3006935,789.5191013674649
3006936,296.4432451071591
3006937,209.6904355665382
3006938,163.1129592443256
3006939,4270.626910436675
3006940,20.264527675242235
3006941,2.140194825183138
3006942,37.18887823622486
3006943,23.085932657614112
3006944,0.3305850427681052
3006945,283.5515073796683
3006946,0.0
3006947,9.692198112344641
3006948,7.152899727372288
3006949,288.05715816135194
3006950,2.5109881974506285
3006951,114.0557698894508
3006952,275.5149912552308
3006953,5.958384353918982
3006954,6.550718102821423
3006955,215.9783164571245
3006956,69.39606443130924
3006957,1190.4069798137339
3006958,5.140961652385325
3006959,9.675724289393548
3006960,15.523134057798565
3006961,1.437760178800299
3006962,15.922646013177005
3006963,11129.597073025141
3006964,0.0
3006965,1416.6803257278834
3006966,72.11115272879843
3006967,2289.9758489541005
3006968,2634.3156630521703
3006969,496.8675411422038
3006970,609.3451971057067
3006971,486.5599248356687
3006972,9459.951422230331
3006973,103.04231242125958
3006974,3.3399815817495306
3006975,68.00864063454267
3006976,63.40586237571458
3006977,1.6492716808413617
3006978,630.6951785830903
3006979,60.90833356892666
3006980,76.6260446640136
3006981,25.716240690515875
3006982,428.31608394577825
3006983,43.071304188970466
3006984,846.7993743319769
3006985,653.9915486459969
3006986,25.242023452904697
3006987,32.1783911361439
3006988,1288.39674516702
3006989,269.6454140528834
3006990,8668.84658208278
3006991,1.995507480906953
3006992,90.42851510670243
3006993,4.591779974310201
3006994,0.21124454702378107
3006995,1.1521701380971636
3006996,1548.6216305353662
3006997,0.0
3006998,168.93927037302996
3006999,6.011688153434932
3007000,972.4137403855826
3007001,292.6800672432789
3007002,120.97114805924761
3007003,149.41681744785183
3007004,79.43195933292132
3007005,2369.924104038284
3007006,6.761674104690425
3007007,0.39521706523047684
3007008,16.101179317272113
3007009,8.836519329467293
3007010,0.6721411657982337
3007011,183.73033935143314
3007012,0.6060276305177779
3007013,0.0
3007014,5.8690672110695035
3007015,113.70735909388637
3007016,1.3117495153106586
3007017,66.85139031360754
3007018,123.94255907549447
3007019,2.7394419674614827
3007020,5.9661685281081445
3007021,124.67933957481411
3007022,19.783837351733453
3007023,560.7658701771983
3007024,2.577386303254598
3007025,6.844616501403953
3007026,11.16393776995386
3007027,0.2861573221182995
3007028,4.380822634795893
3007029,3244.101876505052
3007030,0.0
3007031,546.1638284620759
3007032,15.7662614988952
3007033,1595.6756970199656
3007034,750.1138170075685
3007035,283.1504876736179
3007036,277.9230565159859
3007037,183.44741282847224
3007038,5078.120739795976
3007039,15.551765085958591
3007040,0.5180145816727539
3007041,25.80769295956453
3007042,20.754490345159482
3007043,0.20885703070765627
3007044,331.87915233792035
3007045,1.8838238041337787
3007046,3.783542771997834
3007047,12.251665781899241
3007048,39.59996590190788
3007049,3.4168339845950038
3007050,352.1905838071646
3007051,312.8402894115896
3007052,5.304525770557984
3007053,9.350762229622744
3007054,149.19899838701505
3007055,72.3355919697941
3007056,1463.3851048506667
3007057,2.875171557121522
3007058,7.604066332402314
3007059,1.8980839099272946
3007060,0.0
3007061,0.9802534652316974
3007062,1008.5366541428313
3007063,0.0
3007064,120.3748765422242
3007065,4.924495214433292
3007066,1275.7072744877628
3007067,189.29639384700835
3007068,100.8491871310395
3007069,168.93036013033367
3007070,30.27014934178573
3007071,1834.0181331210933
3007072,3.605624935819131
3007073,0.33649605444649583
3007074,14.159593128131958
3007075,4.913510008037585
3007076,0.0
3007077,105.5084184544604
3007078,0.0
3007079,0.0
3007080,0.8923462958979032
3007081,62.855431079833416
3007082,0.2584621663528753
3007083,79.66204370345751
3007084,74.7625691966022
3007085,1.1122678779442214
3007086,1.3910049934511466
3007087,70.92548912672818
3007088,12.774098262634414
3007089,267.4689208219039
3007090,4.513040567329645
3007091,2.2861967407621204
3007092,11.530101555695975
3007093,0.0
3007094,3.7323371865839805
3007095,2188.0283360676317
3007096,0.0
3007097,226.60651042801047
3007098,11.631004057213854
3007099,1095.5647748403105
3007100,463.2433086508918
3007101,192.87492638102717
3007102,169.09819714842982
3007103,162.42179732529127
3007104,3377.8819123837175
3007105,4.939887902102757
3007106,0.656300953389631
3007107,31.895494331924375
3007108,21.161621529137904
3007109,0.4538934962931218
3007110,256.3289820846207
3007111,0.0
3007112,0.0
3007113,14.215771552065231
3007114,96.58088067075202
3007115,2.374122723790424
3007116,287.62364531571797
3007117,228.81103810735686
3007118,2.2012847007902177
3007119,5.8120931888821215
3007120,223.10044047800423
3007121,32.49587379595924
3007122,1311.6629228143229
3007123,4.887295188399941
3007124,2.2885453741890687
3007125,3.478122747749621
3007126,0.0
3007127,2.363762564564262
3007128,2552.0647454016907
3007129,0.0
3007130,669.2707611915891
3007131,12.325183326173107
3007132,936.1762932383399
3007133,750.0155015433093
3007134,233.79258481244227
3007135,127.3074794889389
3007136,92.70753101930198
3007137,4545.175713948468
3007138,8.39787099887174
3007139,5.009590285952731
3007140,17.32696776742842
3007141,50.261377284757515
3007142,0.34600317722876844
3007143,243.47950146525721
3007144,4.314002022423318
3007145,8.628581251856524
3007146,4.898100156873083
3007147,75.6815083737029
3007148,3.340977725669408
3007149,173.37693179655173
3007150,314.8570878555596
3007151,6.150035505896469
3007152,7.015923015475516
3007153,159.3433483487464
3007154,44.9719500163718
3007155,636.6976807465103
3007156,5.750941482852207
3007157,4.708163999567031
3007158,6.15853247864063
3007159,0.0
3007160,0.8456926685247055
3007161,1746.540609557588
3007162,0.0
3007163,96.11870248140634
3007164,5.138585931009473
3007165,548.9243783018997
3007166,215.45515441037801
3007167,108.31016142626981
3007168,180.26686725722743
3007169,135.19242575898804
3007170,2065.910490104506
3007171,5.569420615489922
3007172,0.23535798800458654
3007173,18.827294346101528
3007174,11.004256506159376
3007175,0.2682066567073575
3007176,122.21821985568779
3007177,0.0
3007178,0.0
3007179,1.0635037358838657
3007180,163.2770407731436
3007181,1.1744208166424865
3007182,192.26836851683586
3007183,102.00291867285213
3007184,0.8296131103790715
3007185,1.8410156213573095
3007186,50.0530671029615
3007187,19.795015322152857
3007188,393.16320420505775
3007189,2.680776982751606
3007190,1.0538320696456351
3007191,4.896961913495363
3007192,0.04157094709320353
3007193,2.070118818080416
3007194,3109.88848448983
3007195,0.0
3007196,466.49645708305985
3007197,13.576260634346145
3007198,901.9699852988438
3007199,588.2881375415949
3007200,215.27649984183572
3007201,155.54066405595395
3007202,250.59326104944324
3007203,3703.2481188988495
3007204,7.339781340940191
3007205,0.7363382502685364
3007206,19.674989316187762
3007207,9.904974234320179
3007208,0.1184829508772346
3007209,206.68010605999788
3007210,0.0
3007211,44.05320477496443
3007212,4.2721520372515265
3007213,140.62485106751004
3007214,2.1144463438255974
3007215,213.66168176751953
3007216,210.12418172621548
3007217,3.1728130185049555
3007218,5.154762673261569
3007219,125.08834780444623
3007220,45.20515395588958
3007221,1176.5355266532767
3007222,5.836586600016864
3007223,1.8568688202926165
3007224,4.4217151383500015
3007225,0.0
3007226,8.038632350944706
3007227,3457.6348388570036
3007228,0.0
3007229,536.3070666597639
3007230,8.705337072279132
3007231,1034.2448476962252
3007232,955.0358699510718
3007233,164.10208956924194
3007234,153.14638590781638
3007235,147.72285081280984
3007236,3975.6484673512887
3007237,60.18239789192012
3007238,1.716413397560358
3007239,29.229858479760644
3007240,22.028028577178624
3007241,0.4139872123782518
3007242,270.7894348010348
3007243,33.34715631097063
3007244,25.97950032881995
3007245,2.571478974192852
3007246,157.5385357774957
3007247,15.282556313328477
3007248,245.98176036284417
3007249,285.4861728663435
3007250,13.076401387012085
3007251,17.196064103565703
3007252,289.4086175852584
3007253,70.13095158581788
3007254,2603.8640829538413
3007255,0.0
3007256,17.789766548119875
3007257,10.07621309327433
3007258,0.0
3007259,7.909901957832975
3007260,4461.0403607305325
3007261,0.0
3007262,575.9722233422499
3007263,22.74287776039146
3007264,1471.168585660032
3007265,1065.8705677451094
3007266,209.73823232134842
3007267,141.67063338983718
3007268,151.59874471316888
3007269,5136.183649263181
3007270,34.17021076881187
3007271,2.174569873308038
3007272,56.64813136459182
3007273,87.49235627741007
3007274,0.23706009922745538
3007275,448.53509454235456
3007276,43.77912725342088
3007277,24.873326717506423
3007278,14.14334187511734
3007279,209.01156726704255
3007280,19.486946476659128
3007281,184.31235750717747
3007282,501.37303102813775
3007283,12.531406124354486
3007284,14.396987209642761
3007285,171.09458842335607
3007286,96.12798170432188
3007287,2444.2975172600145
3007288,3.061009088913896
3007289,23.098639143462172
3007290,13.10413729815119
3007291,0.449672042651252
3007292,4.431538905742369
3007293,4452.579460959384
3007294,0.0
3007295,839.7386764990683
3007296,18.36058110748977
3007297,2009.1839149901368
3007298,823.8879588319263
3007299,281.6248337627762
3007300,314.7644956472588
3007301,123.2282864655896
3007302,6330.345079772909
3007303,45.92931896438868
3007304,2.04221829323714
3007305,25.309482200119017
3007306,24.567330080401867
3007307,0.24785476749639557
3007308,415.64661464939553
3007309,11.165486826627932
3007310,22.53914360971784
3007311,10.766407253039802
3007312,156.83053186185782
3007313,7.661013071588189
3007314,172.26254033875045
3007315,364.386262966288
3007316,9.880246433186386
3007317,14.52383883976486
3007318,309.05765475199166
3007319,69.75125652957391
3007320,1901.2208747005086
3007321,3.870800980035732
3007322,23.78275857120483
3007323,5.959379009373064
3007324,0.03679654223068321
3007325,4.619933684011024
3007326,3270.373914651849
3007327,0.08045640190009719
3007328,409.1942699617427
3007329,15.70406730059708
3007330,858.2683321236381
3007331,915.6583372025113
3007332,245.43795914060408
3007333,162.99739451036328
3007334,130.05174084281887
3007335,3834.59807155572
3007336,31.74511586982381
3007337,2.0474228050702314
3007338,21.66188293470037
3007339,10.679226090415913
3007340,0.3390471440846389
3007341,269.9908900986587
3007342,25.96407303440243
3007343,28.73162967218676
3007344,1.8940561895693029
3007345,172.23899452561267
3007346,12.267999317798123
3007347,398.01042324013497
3007348,243.36809979261628
3007349,10.503622008646516
3007350,10.825494885090635
3007351,428.50036193920516
3007352,62.19341467547287
3007353,2443.732658877621
3007354,0.0
3007355,29.472011167935474
3007356,4.231211261688776
3007357,0.3304194071175898
3007358,3.4970313272521207
3007359,5027.740430668658
3007360,0.0
3007361,406.5164789902041
3007362,15.953220757232664
3007363,2254.7833621611812
3007364,675.9501404621011
3007365,312.0611240501217
3007366,184.916123447964
3007367,132.4893802079068
3007368,6500.344989237125
3007369,17.32310261109386
3007370,2.557925169956491
3007371,37.377442481539255
3007372,31.09458508141555
3007373,0.42968391694584984
3007374,438.21384597639945
3007375,0.0
3007376,0.16721034845865612
3007377,12.210927480243031
3007378,138.13875668898302
3007379,3.263807725347805
3007380,154.28379816210398
3007381,318.7196182138608
3007382,4.531034688816076
3007383,11.064190237309274
3007384,196.56029230401094
3007385,63.79969859065676
3007386,1149.2476067042294
3007387,7.396554561091512
3007388,8.771579420971863
3007389,7.954753631718238
3007390,0.01479551701346666
3007391,10.023817932505342
3007392,3531.1580165802957
3007393,0.0
3007394,564.4880758810449
3007395,18.263756356872882
3007396,1421.5043000064038
3007397,821.6131500155363
3007398,274.7869872883003
3007399,162.70065078961187
3007400,265.6533757241466
3007401,4380.938393795332
3007402,47.39690727228814
3007403,2.1675805658922593
3007404,36.72802121656105
3007405,39.070902708104946
3007406,0.8194585881614828
3007407,292.7105379892937
3007408,29.058287209822826
3007409,27.114375495891625
3007410,11.10727274324272
3007411,203.83844634127533
3007412,16.92077369606105
3007413,267.710188292436
3007414,493.06047525776273
3007415,15.805081430799707
3007416,11.316710001715059
3007417,221.10734729846212
3007418,63.329623135950946
3007419,2274.50873699855
3007420,3.9711101027846825
3007421,7.942304654186744
3007422,5.022729557104158
3007423,0.018229899708859732
3007424,5.273645942768517
3007425,3575.716569868385
3007426,0.0
3007427,564.5259584063925
3007428,16.764715072218877
3007429,933.3766458176984
3007430,1035.2946337480028
3007431,219.50555965077325
3007432,179.14051633754684
3007433,166.738869759003
3007434,3914.9510635018337
3007435,45.14874046634529
3007436,1.4752349933336668
3007437,36.78097462237157
3007438,24.357649019942762
3007439,0.4374359337451566
3007440,267.61784150694245
3007441,30.36678225380197
3007442,51.67306397409918
3007443,6.144200175641509
3007444,139.70834476167286
3007445,14.434439705084614
3007446,285.8885238891312
3007447,279.02325333541296
3007448,12.633166879696832
3007449,12.337678159480854
3007450,270.6090752430715
3007451,64.61469447681259
3007452,2918.827021615555
3007453,0.2097662751789678
3007454,19.697530464939423
3007455,4.82500213553055
3007456,0.21104058440496268
3007457,3.8073805599304937
3007458,5059.232452891162
3007459,0.0
3007460,525.7093393907892
3007461,25.185069147497337
3007462,1290.1737045336965
3007463,628.0378754539216
3007464,262.86601204102317
3007465,171.04588514785115
3007466,94.53807888602962
3007467,4810.92465447917
3007468,12.850436908270366
3007469,0.03199279415066791
3007470,16.806295753418222
3007471,19.77806043610161
3007472,0.07100691419277921
3007473,249.20251612404996
3007474,0.0
3007475,12.117804287014138
3007476,2.1573249329764987
3007477,232.7591473910398
3007478,4.7708007142200675
3007479,206.12356612581743
3007480,284.1174552222431
3007481,4.052481557225506
3007482,2.1575333967106074
3007483,213.0211333404122
3007484,108.96866700610025
3007485,1186.592843131544
3007486,5.6388632737584965
3007487,1.3782529216349624
3007488,28.652522372504915
3007489,0.0
3007490,23.56803293091336
3007491,14486.189611830312
3007492,0.0
3007493,2164.482141437807
3007494,38.67072075432513
3007495,3085.241733625769
3007496,3461.0277959107584
3007497,764.196675952156
3007498,860.7382034924094
3007499,608.4097389834265
3007500,13188.751539864357
3007501,119.90042762520795
3007502,5.499909948703243
3007503,130.7493217835457
3007504,160.1014038374101
3007505,1.634180473190564
3007506,1009.0574861591848
3007507,41.60301485455871
3007508,40.04381435778272
3007509,27.224027715493662
3007510,635.4683298464766
3007511,42.28078647847759
3007512,1153.3080962311224
3007513,824.5138615410171
3007514,62.77377017985972
3007515,46.94538607745042
3007516,1472.0590287857053
3007517,318.3307084040129
3007518,11255.363724452018
3007519,104.79284251390261
3007520,116.90066038579934
3007521,22.794276722696004
3007522,0.0
3007523,16.347153326229616
3007524,12535.712281317248
3007525,0.0
3007526,1500.1559224353873
3007527,50.2502699474549
3007528,3204.5163054096047
3007529,2922.4857905598838
3007530,930.7555551880519
3007531,507.8589543164196
3007532,468.9961527897305
3007533,13501.801668136075
3007534,184.38832211868458
3007535,2.7759767776729145
3007536,72.5414236410674
3007537,120.5398322169797
3007538,1.5290944857269448
3007539,893.0091228214367
3007540,39.03225176179299
3007541,61.351074290449155
3007542,7.1736673568644695
3007543,397.96258011336556
3007544,30.84678839732712
3007545,1398.218982770189
3007546,913.4245074745612
3007547,33.90821647564699
3007548,40.33972164864044
3007549,1561.735395758754
3007550,309.9770728754349
3007551,7367.218029488239
3007552,166.51668921615345
3007553,101.82299604317703
3007554,19.74749360455559
3007555,0.0
3007556,22.77296419454144
3007557,9352.425101885592
3007558,0.3208006012607444
3007559,1293.0386505623287
3007560,29.690209287954275
3007561,3338.7936491031746
3007562,2198.054762301382
3007563,1080.428182562597
3007564,239.21764719872428
3007565,339.76839223434644
3007566,13110.57711214425
3007567,67.51933299505667
3007568,3.9317681421149473
3007569,53.45594156950728
3007570,46.25007773718122
3007571,0.9312338428564225
3007572,874.6602023838972
3007573,51.14189389541218
3007574,38.7327819002759
3007575,10.993026922365408
3007576,248.33887376974283
3007577,16.46637211305392
3007578,1198.989172615284
3007579,1017.9892327431003
3007580,38.564121763073516
3007581,67.2107445817308
3007582,1080.1805436157815
3007583,180.97289011918977
3007584,3616.2441064443265
3007585,113.9374581858736
3007586,65.99198238940401
3007587,20.925581172094706
3007588,0.0
3007589,22.38613134705611
3007590,12225.65244881263
3007591,0.0
3007592,1374.7829717221568
3007593,40.03460489010547
3007594,2907.2576439017776
3007595,2791.3925269084825
3007596,842.7224533433302
3007597,460.69154570073357
3007598,363.4739706486467
3007599,12725.875418981608
3007600,77.80659999118367
3007601,2.4187598408794093
3007602,68.23959739331752
3007603,106.7610913931037
3007604,1.8140103563993342
3007605,843.9828503557175
3007606,42.040501872613966
3007607,42.30335283941524
3007608,8.167934502484991
3007609,371.2115043558165
3007610,21.610428143543167
3007611,1049.5936762191213
3007612,899.5640880815071
3007613,39.49376187750552
3007614,35.023301392708646
3007615,1339.0959311934375
3007616,261.0714512877552
3007617,6372.20915713079
3007618,111.65385462834004
3007619,78.85602978845476
3007620,18.077118076610148
3007621,0.0
3007622,23.026540288299326
3007623,6937.541885397876
3007624,0.15852258831713226
3007625,1062.2749954728
3007626,35.41039018463981
3007627,2623.506418034312
3007628,1735.641227390748
3007629,828.5198220431589
3007630,178.30687303280143
3007631,270.5890793738075
3007632,10369.430109863024
3007633,70.59564822942475
3007634,0.7955307375533199
3007635,39.057688558832865
3007636,70.70663563972917
3007637,1.1847756082205654
3007638,748.3528946653295
3007639,45.89352444394848
3007640,17.705736489131272
3007641,5.397569073033464
3007642,237.28910847587645
3007643,9.34723919877478
3007644,1022.655989623527
3007645,884.4161321241271
3007646,28.957514961232867
3007647,34.542081626764585
3007648,1071.167283166346
3007649,116.99933525517842
3007650,2511.9798178131573
3007651,93.07690703428283
3007652,28.789112782576037
3007653,12.90651017022024
3007654,0.0
3007655,13.845327968190938
3007656,8791.851601784669
3007657,0.0
3007658,1282.9514280768096
3007659,37.916199916713296
3007660,2019.5352922509985
3007661,2530.3928166830087
3007662,551.3318482176302
3007663,546.8873788465066
3007664,472.231194406249
3007665,8614.245361067204
3007666,80.9209597778701
3007667,1.6363398202462869
3007668,59.50506441372497
3007669,69.47148034164674
3007670,1.3089629264223348
3007671,572.2959850528912
3007672,22.05189699430971
3007673,42.67840177325924
3007674,12.86667165742946
3007675,454.8132278828733
3007676,26.48152691971437
3007677,910.9511336425506
3007678,592.2011815667379
3007679,26.096693068051394
3007680,39.47793470966643
3007681,1110.5930071847456
3007682,244.82822794725212
3007683,7845.588681113071
3007684,80.40099777974218
3007685,76.16356606015731
3007686,7.98129126325735
3007687,0.0
3007688,5.312102213351064
3007689,2046.4399274802386
3007690,0.0
3007691,341.14086560224405
3007692,31.49252575496722
3007693,1015.693862575216
3007694,545.0687096126883
3007695,218.36564528693864
3007696,88.84011028087532
3007697,148.35391517112564
3007698,3126.0940389734596
3007699,61.37619712797852
3007700,1.7748290197543684
3007701,25.090546424938868
3007702,21.869099431199352
3007703,0.47431635854503995
3007704,240.06843075023332
3007705,17.50550944621925
3007706,10.326317066212994
3007707,11.629717280644043
3007708,108.25574093563841
3007709,11.124983309791448
3007710,256.3848552477197
3007711,237.13202883621355
3007712,3.87100851127034
3007713,7.292299577454818
3007714,239.7193142613865
3007715,53.512297840161004
3007716,1547.1308898125005
3007717,6.48193389133727
3007718,10.254764448840447
3007719,15.108214009913365
3007720,0.0
3007721,16.289322572189874
3007722,6577.674247729077
3007723,0.0
3007724,697.1790615876424
3007725,40.834700786526916
3007726,2250.2334527184057
3007727,1535.9217998234453
3007728,623.8873168453714
3007729,146.25969950102757
3007730,230.13935119671277
3007731,8431.374262700654
3007732,141.97257962843705
3007733,2.9019630261904306
3007734,64.87085582069557
3007735,61.81300597942124
3007736,1.5696467789978212
3007737,641.8485908550126
3007738,32.43296186713663
3007739,11.239581221931669
3007740,6.025842203968789
3007741,230.2661989237155
3007742,16.60729554371773
3007743,663.2261277751111
3007744,726.7660982730532
3007745,19.97752166212734
3007746,33.281223656225386
3007747,498.1225047293732
3007748,99.39499975034315
3007749,2572.063431182122
3007750,86.18073579501119
3007751,23.58572200902771
3007752,10.203280685986593
3007753,0.0
3007754,5.484630572990882
3007755,5497.8230515768155
3007756,0.0
3007757,944.7387221752458
3007758,14.805115173097251
3007759,1613.490306072575
3007760,1839.279395365845
3007761,291.83547790832984
3007762,384.6358837715274
3007763,386.97432479370724
3007764,5600.564970511917
3007765,54.89230243392801
3007766,2.0505415296609755
3007767,49.53528005144128
3007768,42.912660780183806
3007769,0.9648846916278665
3007770,386.67302996649266
3007771,5.020775927650971
3007772,67.45913245755096
3007773,10.21173501928487
3007774,294.5952478293916
3007775,16.59058917879839
3007776,679.8482422957725
3007777,334.32105001878807
3007778,29.488242510106055
3007779,16.583094955209305
3007780,676.9049289043812
3007781,140.52484532788472
3007782,5740.750385397905
3007783,22.043385567431365
3007784,48.05576698791735
3007785,17.865078390355194
3007786,0.0
3007787,11.575553006139412
3007788,6325.013459480932
3007789,0.0
3007790,1119.4810031073848
3007791,17.61327004460052
3007792,2336.3288815416167
3007793,1583.9858314415353
3007794,516.5512907033961
3007795,289.45863386749755
3007796,490.8217278159349
3007797,8663.25149158256
3007798,67.44677534893424
3007799,5.002959957967046
3007800,73.72196043140693
3007801,68.31321923136069
3007802,1.2070418151105222
3007803,533.184144585551
3007804,14.173648793467544
3007805,100.04801000892517
3007806,10.499843487158987
3007807,356.53452379278764
3007808,15.998024461298643
3007809,674.2522881888234
3007810,521.0318959242919
3007811,20.867995607183683
3007812,39.282673963598334
3007813,673.9673940021015
3007814,169.6290764667083
3007815,6468.319052710685
3007816,17.017948253547708
3007817,13.929727487307739
3007818,13.740518127433782
3007819,0.1607062020464753
3007820,5.432729760120836
3007821,2737.974913578359
3007822,0.0
3007823,550.5784181188167
3007824,12.682182880721186
3007825,1146.8547575661858
3007826,604.7207649765081
3007827,282.9549232785182
3007828,110.65063813564883
3007829,275.6767825485682
3007830,3898.413384098999
3007831,19.176194945554638
3007832,1.7470741281212387
3007833,36.75825840273804
3007834,30.979077051586646
3007835,0.2508296307951373
3007836,245.46560265779692
3007837,7.868965465824659
3007838,17.63170254424688
3007839,7.693695795679825
3007840,194.8264276937318
3007841,5.861045681267908
3007842,355.1177822876462
3007843,281.0232261204919
3007844,6.771283782458032
3007845,7.754424860981929
3007846,250.05297340051212
3007847,66.0299116713831
3007848,2421.8535657449347
3007849,4.832497320384158
3007850,5.726180733671819
3007851,6.532533645822846
3007852,0.0
3007853,1.797335405451872
3007854,3593.4590378278626
3007855,0.0
3007856,220.16731345905953
3007857,5.672641566874525
3007858,1298.6856533312114
3007859,255.7785509579984
3007860,239.70038722019314
3007861,69.6741600729163
3007862,66.67545448357065
3007863,3739.721904543575
3007864,9.23805845714691
3007865,0.8774418918645743
3007866,28.225782559417578
3007867,16.05101776665213
3007868,0.1824585568609713
3007869,254.6482946863406
3007870,0.0
3007871,0.0
3007872,4.743442554249673
3007873,46.09849730822107
3007874,2.141964275065877
3007875,59.43755613448384
3007876,186.3806699370037
3007877,0.0
3007878,3.1107279211351297
3007879,75.46258727224483
3007880,89.70168965361903
3007881,730.3379524096513
3007882,1.9006160316124379
3007883,3.262670915324567
3007884,7.83488801676486
3007885,0.17878276301154364
3007886,6.920888677423095
3007887,4386.030002129415
3007888,0.0
3007889,620.225895004077
3007890,24.676827452107336
3007891,1442.2847911283147
3007892,1214.269105545288
3007893,415.3891516975933
3007894,221.058157657739
3007895,220.8365147511062
3007896,5631.675516253901
3007897,62.08501848239917
3007898,1.646986770444411
3007899,42.82057792123779
3007900,51.413462632823375
3007901,0.2035827042448254
3007902,395.0081190064848
3007903,34.05802402528054
3007904,22.090014897521236
3007905,12.161973488177606
3007906,193.25211464122125
3007907,11.049047748358277
3007908,535.0211624696043
3007909,368.5528452831368
3007910,11.992172758396267
3007911,17.0479773752304
3007912,641.6218088069314
3007913,121.57038575560519
3007914,2892.5395620706145
3007915,0.0
3007916,43.61558091083087
3007917,4.262538365852468
3007918,0.0
3007919,4.59536182606225
3007920,3982.8334905061006
3007921,0.04494713609158709
3007922,607.8046571755045
3007923,26.492027187121746
3007924,870.5787764798923
3007925,1228.622056422016
3007926,176.05107630060382
3007927,268.22513278951783
3007928,311.44034863252483
3007929,3413.5078953587818
3007930,41.23647195059891
3007931,3.546311706864282
3007932,36.00780371616625
3007933,31.087909149915856
3007934,0.6267214400385671
3007935,196.4460082316139
3007936,23.377839949311166
3007937,47.85881713627688
3007938,6.573809030955083
3007939,300.95400610493914
3007940,18.608618528714945
3007941,417.8312929170522
3007942,190.48040524309766
3007943,7.843763775800595
3007944,16.204928100722967
3007945,544.8104776327667
3007946,147.12345956655807
3007947,4353.575724444469
3007948,0.13527242319871566
3007949,31.81121837842332
3007950,6.1470291002251365
3007951,0.6194572518243676
3007952,11.473637039459003
3007953,6537.01436433998
3007954,0.0
3007955,1021.0712416893689
3007956,30.0329071061475
3007957,1485.0602245530308
3007958,1917.4163249130345
3007959,379.9916915082739
3007960,461.21522077103566
3007961,218.02871982719677
3007962,6363.698907604545
3007963,52.81267926028203
3007964,4.769486892740212
3007965,51.88503314843727
3007966,50.7879366124905
3007967,1.441163280807913
3007968,472.8490486780651
3007969,46.70173787323683
3007970,46.86037929943035
3007971,20.39385930715702
3007972,252.41918637286088
3007973,30.3341545164909
3007974,507.6533903691144
3007975,443.9587067914553
3007976,28.743574264178697
3007977,28.387945254956726
3007978,756.4109670382628
3007979,216.9801235412539
3007980,5621.201244288523
3007981,0.3329306285790603
3007982,51.59876080951834
3007983,16.43018506518978
3007984,0.35225443232170606
3007985,9.418217334744861
3007986,3863.460167148651
3007987,0.0
3007988,566.7996829487971
3007989,23.492017886393864
3007990,1814.7524444654216
3007991,954.1013433706325
3007992,565.6722366496879
3007993,198.79939491597017
3007994,138.63110482877735
3007995,7069.604502295342
3007996,19.74131187860684
3007997,1.4001527740924067
3007998,53.5020883111408
3007999,48.90678510662867
3008000,0.24867730674304056
3008001,480.075804883737
3008002,21.10387278003572
3008003,9.272252523089692
3008004,8.126866725728119
3008005,107.48959532634987
3008006,4.780906056105354
3008007,373.06108715885057
3008008,483.0691837905293
3008009,9.369095765228927
3008010,12.256597556015029
3008011,481.607897888084
3008012,148.1222729420367
3008013,1688.9668625355869
3008014,33.62009994761373
3008015,26.28824824197032
3008016,2.446143126780514
3008017,0.0
3008018,1.4756586369870552
3008019,967.1480719216183
3008020,0.0
3008021,110.03063760315433
3008022,3.768068110196818
3008023,185.68493162912318
3008024,275.6183299099385
3008025,56.17448838378132
3008026,76.71891840925691
3008027,61.697466167638524
3008028,1029.5780370930636
3008029,13.592090545574273
3008030,1.0230218252819216
3008031,8.905536469074974
3008032,7.674696092941475
3008033,0.5420223618120111
3008034,63.35013885558353
3008035,6.603452476464483
3008036,10.867151537783844
3008037,2.8775463649761823
3008038,33.67150017027477
3008039,3.420999837717864
3008040,106.12973108654691
3008041,37.86982749880767
3008042,1.9530454277363298
3008043,3.15007654005847
3008044,126.55453189172309
3008045,15.195339436976163
3008046,1016.0255244433047
3008047,0.0
3008048,10.302685492994808
3008049,2.015878402984155
3008050,0.0
3008051,3.227812555959844
3008052,1500.8625309294055
3008053,0.0
3008054,130.0889689143735
3008055,5.411142779897282
3008056,812.765871119039
3008057,361.2774571327259
3008058,285.9309814956939
3008059,53.974204393795254
3008060,31.516223154590996
3008061,2836.986158092378
3008062,6.852806465830618
3008063,0.6807181172499533
3008064,14.468242326767385
3008065,10.996598844404891
3008066,0.5075823367067743
3008067,194.69700881499975
3008068,6.252516909899052
3008069,0.0
3008070,1.845534787212276
3008071,13.333844620899908
3008072,0.9550896924661456
3008073,171.70854121981034
3008074,175.44492155994755
3008075,1.4006777079231496
3008076,5.055056947366666
3008077,190.99891962288154
3008078,22.723096807322406
3008079,289.35859847664915
3008080,0.745921253363437
3008081,0.4490672159078378
3008082,9.941524396015845
3008083,0.2562332294930625
3008084,5.3894394747243695
3008085,5145.305211679555
3008086,0.0
3008087,890.9013260206426
3008088,12.046976809951977
3008089,1931.8613838125993
3008090,909.9821679867929
3008091,580.3740647938255
3008092,272.65121503272854
3008093,113.92008601379113
3008094,8296.088289159801
3008095,30.51219960259096
3008096,1.2229686900737042
3008097,18.117385496472213
3008098,22.766385094152085
3008099,0.7293328641081731
3008100,537.0435011086752
3008101,19.326427767008305
3008102,3.2239292251599188
3008103,10.225877104655318
3008104,37.68356609089314
3008105,5.486484620718583
3008106,618.869037269639
3008107,472.34174519850967
3008108,3.227062896066321
3008109,19.09488430901621
3008110,457.2924411425511
3008111,101.58190048988207
3008112,1461.3458333871306
3008113,9.816628237498154
3008114,14.222498489709396
3008115,6.569429672276633
3008116,0.1235026040136836
3008117,1.6030527460716266
3008118,1990.1210872312195
3008119,0.0
3008120,221.99860683072487
3008121,11.57803509547691
3008122,1158.2429916889464
3008123,528.4779049685656
3008124,244.1333987253183
3008125,58.966031597996746
3008126,36.44457216394528
3008127,3048.0990018087605
3008128,10.015510590824263
3008129,1.0891431006097816
3008130,17.078215799085275
3008131,22.480246713457603
3008132,0.39957303788341786
3008133,191.02112920340124
3008134,10.376703110257415
3008135,0.0
3008136,5.235488394439712
3008137,38.876727557039985
3008138,1.7796064506206195
3008139,133.6760700298407
3008140,191.12484037966166
3008141,3.304230577570242
3008142,6.317134165668171
3008143,166.73704335361626
3008144,25.991651042000584
3008145,372.2108376227827
3008146,1.4892120170755845
3008147,4.297064575460059
3008148,4.373833168161568
3008149,0.0
3008150,4.397766888567908
3008151,1564.8225675326023
3008152,0.0
3008153,167.25293870653738
3008154,8.301756148777821
3008155,707.1332507572299
3008156,311.3729535927011
3008157,143.26105395179744
3008158,60.52890743040745
3008159,27.50286070114239
3008160,2388.9487970840405
3008161,13.279692990741665
3008162,0.08371482920033109
3008163,13.421034021658647
3008164,12.637169796869054
3008165,0.02945166658413008
3008166,138.76029738936026
3008167,2.811177589470078
3008168,0.0
3008169,3.2243998344048697
3008170,33.52228426542201
3008171,1.768374146267325
3008172,102.26958800050787
3008173,126.24960476838858
3008174,1.2666294816647061
3008175,3.8071227886281465
3008176,107.6825723792462
3008177,14.593908685848
3008178,192.76961585836864
3008179,1.4633324854284175
3008180,3.2520436349473623
3008181,3.8802544043403846
3008182,0.0
3008183,2.2735247414225848
3008184,1444.2193320234937
3008185,0.0
3008186,161.8418820875003
3008187,7.759100475461867
3008188,1209.9296720622096
3008189,330.9066499323089
3008190,196.765531526718
3008191,47.12924730687151
3008192,43.99006966601761
3008193,2368.1165721363614
3008194,11.294627186834031
3008195,0.5391239429048078
3008196,2.029557490203492
3008197,21.127715003612224
3008198,0.22529240353887395
3008199,146.452980198709
3008200,2.5348610016229727
3008201,0.0
3008202,2.1659808099042293
3008203,22.8897890037231
3008204,2.099815465123092
3008205,194.5612466436742
3008206,154.05287236860488
3008207,1.3893047013956903
3008208,4.4823441816558995
3008209,85.14806707403586
3008210,61.49629975343274
3008211,389.32599202954015
3008212,1.1498519929987254
3008213,2.38043351174382
3008214,4.986780750244752
3008215,0.7127625227055125
3008216,3.904355841840428
3008217,1562.392281015699
3008218,0.0
3008219,160.134145496985
3008220,2.8433495445823933
3008221,755.9370282974756
3008222,307.5672190122756
3008223,225.36869052433588
3008224,74.24113729077844
3008225,53.68069117424487
3008226,2367.051679140453
3008227,6.688693967596751
3008228,1.0461545263262553
3008229,10.841948919475275
3008230,16.44272076884735
3008231,0.24087433216049722
3008232,182.63905378475323
3008233,14.423999661848216
3008234,0.0
3008235,4.648220022010605
3008236,18.95429407689486
3008237,1.8351729682613103
3008238,112.7810803052015
3008239,156.65919220415194
3008240,1.3896195597445193
3008241,5.611705497198832
3008242,104.78335605680836
3008243,29.22475242862794
3008244,526.7157940069759
3008245,1.8257468241828456
3008246,4.769850221051403
3008247,5.866490115273858
3008248,0.04583030370882233
3008249,3.1146326633055996
3008250,1746.5985046098426
3008251,0.0
3008252,206.53726894022222
3008253,7.394689906144065
3008254,1766.7100200768134
3008255,364.88285920762416
3008256,210.41472455137935
3008257,169.98667124000093
3008258,45.378957994441045
3008259,2907.139165916793
3008260,6.800430843599919
3008261,0.66930549011346
3008262,15.302985734052507
3008263,16.75268776022321
3008264,0.24276675814831444
3008265,229.98572469247512
3008266,0.0
3008267,0.0
3008268,3.0224131851917067
3008269,54.23707404385746
3008270,2.404128656545867
3008271,67.83539061253524
3008272,190.08360440047306
3008273,1.850176090639774
3008274,4.959918438945478
3008275,85.52685423173766
3008276,42.06746234450735
3008277,652.7142074674193
3008278,6.757157738748025
3008279,1.957145439924787
3008280,13.249275151500045
3008281,0.5866684848797692
3008282,5.88507556784761
3008283,4499.269541889485
3008284,0.0
3008285,586.7568947157123
3008286,6.71818487174016
3008287,1383.4544624760651
3008288,1142.1704342034661
3008289,712.8542959289862
3008290,261.6543755246931
3008291,144.27112893518128
3008292,6086.887899243311
3008293,21.71683818442139
3008294,2.2600358616332827
3008295,33.158982629971064
3008296,28.381691004825562
3008297,0.9235746774450366
3008298,418.98998313288917
3008299,3.521358960687849
3008300,0.0
3008301,7.216622394495609
3008302,49.06962215153908
3008303,5.671431535302802
3008304,310.33566220433977
3008305,379.5789833620183
3008306,4.744712763304261
3008307,12.458073354160522
3008308,519.3877490767662
3008309,83.47525658186757
3008310,1893.5781660497246
3008311,4.128293024234264
3008312,22.75437183969884
3008313,6.221226090493064
3008314,0.19635214517275476
3008315,7.018426776237344
3008316,3197.3842840385887
3008317,0.0
3008318,814.7572042423211
3008319,7.033291931241442
3008320,797.7613808349695
3008321,909.4283614208075
3008322,311.2400745266573
3008323,259.96394565877586
3008324,83.32542194223852
3008325,3966.350730666049
3008326,15.367149432263295
3008327,2.0883156216514087
3008328,39.0964787234935
3008329,20.552389494442387
3008330,0.8810284115190637
3008331,299.91738920799435
3008332,20.25385306357603
3008333,4.182052023447193
3008334,6.250646331573458
3008335,53.33753594099795
3008336,3.4927948228896146
3008337,131.44758158074498
3008338,266.2173307553855
3008339,8.352662184603528
3008340,10.285058409987176
3008341,286.1264190324523
3008342,67.915431822562
3008343,2328.959250097702
3008344,15.494535940705816
3008345,18.45080237974118
3008346,8.865899955650795
3008347,0.3329341652264284
3008348,3.7277096362225373
3008349,2567.431182334976
3008350,0.0
3008351,213.15554774543568
3008352,5.031993998854233
3008353,874.8648556178207
3008354,437.42887191995175
3008355,337.73058458207356
3008356,81.88128395307722
3008357,45.90744949774233
3008358,3461.0680577192006
3008359,31.080651789272487
3008360,1.3560318968268898
3008361,20.616059585754744
3008362,17.93543224967586
3008363,0.337851267296656
3008364,173.78848820917625
3008365,10.743233433463109
3008366,0.0
3008367,4.848713416702645
3008368,41.12240443836059
3008369,3.614933934717282
3008370,126.92941029144248
3008371,166.60192834980958
3008372,2.3071169380397243
3008373,7.3709778897027896
3008374,78.96112104646113
3008375,30.643801011959766
3008376,509.3452669311067
3008377,0.9810824593697509
3008378,4.336901646893007
3008379,7.793916454982747
3008380,0.0
3008381,9.64426323647777
3008382,4388.942678877197
3008383,0.0
3008384,840.0655247005515
3008385,13.511297117832344
3008386,1092.9922369749575
3008387,1191.6686531586463
3008388,284.922488884455
3008389,258.93058221797963
3008390,149.79481894567763
3008391,5028.967890230798
3008392,63.03596934138486
3008393,1.768329444555097
3008394,21.983766427792524
3008395,38.12280182515571
3008396,0.36235896945121027
3008397,333.8940634478763
3008398,41.05476592116437
3008399,19.167691186682305
3008400,7.057827484420468
3008401,99.29699333233921
3008402,10.185882998239391
3008403,434.55124348043626
3008404,322.068885008926
3008405,12.721740673807687
3008406,14.433806799321433
3008407,597.3815596471155
3008408,134.5752361152159
3008409,3043.461931458546
3008410,0.35045353275073954
3008411,44.21439846015166
3008412,12.931830937856649
3008413,0.8755923076853344
3008414,8.722289484719454
3008415,5983.62542555764
3008416,0.0
3008417,1006.9115632816797
3008418,11.303408571528124
3008419,2289.9681698321365
3008420,1429.3262824520023
3008421,1041.8127647984
3008422,195.98996222835538
3008423,118.61624544175308
3008424,8629.951974867656
3008425,26.399234017288588
3008426,1.5825045500406885
3008427,36.263582494071315
3008428,30.92278421969967
3008429,0.3189150403642944
3008430,601.258508229356
3008431,21.730976319655813
3008432,9.995157526181778
3008433,7.675616678508401
3008434,57.56285582464732
3008435,3.6375327577103755
3008436,475.41341948258133
3008437,595.3116733432818
3008438,7.652529965163443
3008439,8.730239239827247
3008440,521.9213773306511
3008441,117.44394324652185
3008442,1685.4961496884043
3008443,25.166443996532948
3008444,23.46072152125417
3008445,15.996053721102422
3008446,0.9219315513547095
3008447,7.853323000622898
3008448,4054.955988110881
3008449,0.0
3008450,740.6636711831453
3008451,5.027804282973829
3008452,2273.8345042949895
3008453,969.1150301107627
3008454,500.9941772012688
3008455,387.6195160604241
3008456,105.33698985056793
3008457,5976.36459744306
3008458,25.27247667219415
3008459,1.028380473413468
3008460,52.956044160958584
3008461,52.66906339693877
3008462,0.4435343353411668
3008463,474.623266772355
3008464,10.589641515491813
3008465,3.377105228122007
3008466,17.613456786515435
3008467,68.72183068387591
3008468,5.04361684525268
3008469,166.26926146088675
3008470,433.7022627925924
3008471,5.190524893706452
3008472,9.309055537499678
3008473,231.07383783869332
3008474,198.18870321974956
3008475,1832.5590911220186
3008476,12.485825445374173
3008477,9.09771413926675
3008478,6.687189643067981
3008479,0.031485272891090155
3008480,4.165489890005448
3008481,1901.933615472729
3008482,0.0
3008483,180.26583443925273
3008484,8.14568833226395
3008485,699.7952870545593
3008486,401.70574923869134
3008487,185.77035291443252
3008488,54.86344648659544
3008489,59.32427442050582
3008490,2763.836799857271
3008491,11.059855749806685
3008492,0.7686779053156814
3008493,20.3661670339687
3008494,23.396615881889826
3008495,0.3207096718755179
3008496,194.52168707473766
3008497,4.219490297621261
3008498,0.0
3008499,6.502005035711819
3008500,61.234309411984015
3008501,4.13574757070099
3008502,127.19866808376177
3008503,175.51646395554678
3008504,1.208605991640364
3008505,7.122150618918701
3008506,148.5322203747783
3008507,37.5097439796971
3008508,505.29057582351544
3008509,1.0348640521910355
3008510,2.8793995721861516
3008511,2.9322711039409475
3008512,0.0
3008513,1.253849804579397
3008514,1908.6913657340726
3008515,0.0
3008516,275.7534079705156
3008517,15.204281636097136
3008518,543.4645387906576
3008519,599.3100119414208
3008520,152.01363856801186
3008521,61.50597078029922
3008522,73.76334148816402
3008523,2352.9345368315044
3008524,25.284126833101407
3008525,0.6745217312738454
3008526,16.80805284691019
3008527,15.407724654218482
3008528,0.30716980090356105
3008529,150.05907167660257
3008530,20.722343400910844
3008531,4.013562845409513
3008532,3.1502779265488994
3008533,53.01247087015195
3008534,6.202724011476566
3008535,1008.7403641757306
3008536,179.80505266726956
3008537,4.66860115053979
3008538,6.653121627217972
3008539,328.590377567168
3008540,32.79234158559338
3008541,1205.0675272929034
3008542,0.10038189862004611
3008543,8.077791061233379
3008544,3.8330472612672897
3008545,0.10598458466312775
3008546,4.1027326920271605
3008547,3676.325108925354
3008548,0.0
3008549,746.4278119520005
3008550,11.922528562103443
3008551,973.963227129683
3008552,1285.4067765999096
3008553,257.9911957764269
3008554,243.46355749137777
3008555,150.41060391573396
3008556,3954.4095765229094
3008557,37.81966971690128
3008558,1.316500574760824
3008559,21.55970790659411
3008560,29.39354769954455
3008561,0.3115669229789135
3008562,261.36717301763844
3008563,16.809515803023675
3008564,28.494792420794738
3008565,7.398234633569255
3008566,71.50833192966265
3008567,12.062014407234697
3008568,350.0218468303524
3008569,287.23924268107453
3008570,17.813748214321347
3008571,10.786334915020042
3008572,465.1776547380286
3008573,110.57740612780657
3008574,3301.2817854745235
3008575,3.5076901314167173
3008576,22.759269111517845
3008577,2.599111480982604
3008578,0.07434748395566342
3008579,2.5568541949797727
3008580,1996.3952373154912
3008581,0.0
3008582,344.92440665823773
3008583,6.133241722432127
3008584,408.97577492549505
3008585,523.0550441571463
3008586,136.3771726927831
3008587,101.46857534262745
3008588,110.78434933067736
3008589,1705.7073986632395
3008590,21.432471639271284
3008591,1.337222981338974
3008592,10.249532249804213
3008593,14.24188581767458
3008594,0.535575121446658
3008595,100.66734378076261
3008596,0.0
3008597,18.9366480326175
3008598,3.9958416787565643
3008599,184.97419193738637
3008600,8.391911147440167
3008601,168.7327734865651
3008602,98.15296506075899
3008603,4.02659314415
3008604,5.766677887468518
3008605,159.68433484854356
3008606,35.03230528076968
3008607,1267.3917766429072
3008608,2.4734805292289876
3008609,3.7936328228244363
3008610,4.8600519027470925
3008611,0.0
3008612,0.6980311913986956
3008613,1251.7725291449901
3008614,0.0
3008615,275.90591866172025
3008616,5.802052342209333
3008617,563.9066426011847
3008618,381.81277420965245
3008619,119.53326742292057
3008620,50.55588455888806
3008621,39.15678015088729
3008622,2004.175225541208
3008623,16.083083213393717
3008624,1.1013125366176395
3008625,15.36525845299139
3008626,13.636566568544207
3008627,0.4773534769999653
3008628,120.33981884097525
3008629,0.3654179937333997
3008630,6.5910534915943675
3008631,1.8616923773895961
3008632,25.027987675283818
3008633,0.7761877516455903
3008634,342.932982088129
3008635,165.7111045394753
3008636,3.626818486242258
3008637,1.9817674736931354
3008638,188.69082183591914
3008639,30.88350710745265
3008640,704.2627838226067
3008641,2.1638230002536822
3008642,2.843284163993052
3008643,11.052703579683852
3008644,0.0
3008645,4.100108996751728
3008646,5179.75909145568
3008647,0.34851331437971467
3008648,913.4524644894207
3008649,20.874991561751493
3008650,1256.1595150899857
3008651,1517.3711333628596
3008652,411.300933346417
3008653,355.87418117062333
3008654,201.39499595785014
3008655,5582.956577378211
3008656,40.91586330298248
3008657,4.972370111782866
3008658,26.374725443312816
3008659,37.9255070909943
3008660,0.3123586658995302
3008661,355.44937877336946
3008662,18.237870237735
3008663,52.242647098919974
3008664,12.35680706073499
3008665,206.4717700887279
3008666,7.86447571969412
3008667,369.4872841846887
3008668,364.0109623300965
3008669,15.065685072424026
3008670,13.946276239637738
3008671,527.3062406096591
3008672,106.39923466830508
3008673,3538.115133914045
3008674,5.799969503490101
3008675,22.50334891243838
3008676,10.949268086376005
3008677,0.0
3008678,5.004095520782921
3008679,5376.574286673826
3008680,0.0
3008681,1073.127194237361
3008682,17.2615721917319
3008683,1859.4007849037553
3008684,1506.8142488439444
3008685,589.0909431180967
3008686,415.89959243234443
3008687,99.03727932291939
3008688,7367.2222000994025
3008689,22.751611195237494
3008690,2.100422848453025
3008691,53.07123534639738
3008692,29.856036509576956
3008693,1.126842798712099
3008694,451.33823422322877
3008695,0.0
3008696,7.842143547858087
3008697,9.302505906453442
3008698,69.33101845967433
3008699,2.568809693084494
3008700,245.72517418133145
3008701,462.83295987170936
3008702,8.675391397305495
3008703,9.999926804085236
3008704,344.878603718553
3008705,104.72765767334548
3008706,2229.2297113823447
3008707,16.495853051699438
3008708,3.608895378197632
3008709,8.999183185453068
3008710,0.21448201109482054
3008711,4.154586700971587
3008712,4245.952215800603
3008713,0.0
3008714,970.651115564235
3008715,13.707245570513827
3008716,1369.0450459878055
3008717,1140.7462382597776
3008718,396.66047585026524
3008719,283.2141904730866
3008720,87.92862509109983
3008721,5213.262760727035
3008722,27.508686506719602
3008723,2.3694393875954627
3008724,36.622029925984734
3008725,23.99787779867396
3008726,0.5826377908718411
3008727,368.5229420491536
3008728,0.0
3008729,8.195730369334267
3008730,8.632521825355145
3008731,111.82687648888863
3008732,2.6135328999671033
3008733,143.59314339693833
3008734,373.12060659483933
3008735,7.491909963736788
3008736,5.57095937801951
3008737,269.6789784203717
3008738,84.39437733407985
3008739,1586.5197300597401
3008740,11.162801064366457
3008741,8.497629655429915
3008742,15.42437277375438
3008743,2.145119566327007
3008744,23.142629383099752
3008745,12472.638717572023
3008746,0.0
3008747,1574.0436006824377
3008748,35.86228345100142
3008749,2383.1114640260967
3008750,2895.2619677254684
3008751,512.0911233011487
3008752,677.8287580516393
3008753,453.85835692830454
3008754,10258.021788145661
3008755,121.732977508547
3008756,3.9358148043058696
3008757,60.44998794154521
3008758,67.1752538920719
3008759,1.5215989516767163
3008760,722.2042512680664
3008761,71.03292044984471
3008762,71.8879516066336
3008763,25.94084220743306
3008764,231.2558830041957
3008765,40.083506338033835
3008766,864.2222337799395
3008767,771.7463399499497
3008768,25.5601939325983
3008769,34.097280417265296
3008770,1405.021159398271
3008771,303.1599371494141
3008772,9259.106815918969
3008773,3.229233657816583
3008774,103.09496649066078
3008775,2.6611201425268365
3008776,0.300936801777982
3008777,0.9684168584542442
3008778,1597.7323220759174
3008779,0.0
3008780,194.88607502103147
3008781,4.676542440854063
3008782,793.8571144515796
3008783,322.17322591284886
3008784,128.17968006626103
3008785,156.49241824049062
3008786,49.39734467356374
3008787,2319.2086703048135
3008788,8.155979354510185
3008789,0.5649342083971528
3008790,11.587056205272736
3008791,9.609485652257117
3008792,0.5288393174348985
3008793,163.38573158943322
3008794,1.063927069927036
3008795,0.0
3008796,5.425432899040644
3008797,47.5813931675163
3008798,1.1591858939013995
3008799,56.17983389508372
3008800,107.56738805563504
3008801,1.9904523820860882
3008802,5.008919778504373
3008803,115.57074062882486
3008804,18.970600886949303
3008805,547.1410541797699
3008806,5.016133511531188
3008807,5.435751231031147
3008808,10.579338587001127
3008809,0.32907268426073416
3008810,4.859043991946373
3008811,4118.408315290747
3008812,0.0
3008813,699.8717119489496
3008814,10.910676128703212
3008815,1752.7011308395065
3008816,979.5787698766486
3008817,333.6946407284144
3008818,349.4785672159244
3008819,82.06199886789186
3008820,6031.0270135473875
3008821,18.7300854107787
3008822,0.6099820783298939
3008823,32.36835555893132
3008824,25.36340051397159
3008825,0.5100752233641741
3008826,405.2587526003644
3008827,3.5817189988201505
3008828,4.033120103287876
3008829,13.860358298804739
3008830,13.716292575768795
3008831,2.8203605922517374
3008832,439.76190387585655
3008833,386.6608542119101
3008834,5.319308397112126
3008835,11.993116041167605
3008836,163.13033866246516
3008837,81.32932944802266
3008838,1573.68624522551
3008839,14.424579878148892
3008840,5.910419388349928
3008841,1.7781682867337485
3008842,0.015572373244288744
3008843,0.893355941196323
3008844,938.6182876662552
3008845,0.0
3008846,167.62125782208315
3008847,2.6818866108398054
3008848,788.7977050639493
3008849,235.7843967548684
3008850,114.2010654523219
3008851,160.79444574465072
3008852,18.562971521882204
3008853,1265.687531931827
3008854,4.170833488779546
3008855,0.37718530954734997
3008856,10.712599387753905
3008857,3.8087141717285466
3008858,0.10979660238274579
3008859,101.96795342539001
3008860,0.0
3008861,0.0
3008862,0.5835461307208825
3008863,13.915791806379335
3008864,0.3445281249970684
3008865,78.08352670030243
3008866,67.39816498528505
3008867,1.1170166217897013
3008868,1.5157459138744533
3008869,66.25201862067202
3008870,11.56791364861737
3008871,261.6631244176668
3008872,3.676873112068934
3008873,2.642455562102674
3008874,12.317780839620283
3008875,0.0
3008876,4.107033761807793
3008877,2451.8996329900665
3008878,0.0
3008879,303.14911986809045
3008880,8.95763518338782
3008881,1165.5090674456922
3008882,538.9340260576649
3008883,212.25052680276863
3008884,168.8593176433183
3008885,41.7977083415356
3008886,3407.793960319183
3008887,6.392851642617149
3008888,0.9469634452962294
3008889,27.30351674041501
3008890,20.291303826938197
3008891,0.44668428280385075
3008892,270.7899006053852
3008893,0.0
3008894,0.0
3008895,19.389724611399657
3008896,6.355422868238987
3008897,3.0785388083786205
3008898,314.72448701949236
3008899,257.55344256558925
3008900,3.6935701733709436
3008901,7.111250098392863
3008902,261.21811446944207
3008903,30.990930210368507
3008904,1335.0497958329709
3008905,7.277817593649771
3008906,1.696137078874706
3008907,2.8784555858178704
3008908,0.03696993684536116
3008909,1.8461831506479398
3008910,2586.63878539272
3008911,0.0
3008912,673.3632100741758
3008913,4.63106676494724
3008914,814.9452246531439
3008915,796.1617529975656
3008916,227.90024146436815
3008917,112.99404097021859
3008918,66.70285933100728
3008919,4165.651644852851
3008920,7.670248085356425
3008921,4.46218931572597
3008922,14.118178126949832
3008923,39.57399419833377
3008924,0.13027494215324142
3008925,222.6754326428615
3008926,5.788032047450998
3008927,2.195031443559383
3008928,4.785169203382021
3008929,25.947365488924405
3008930,2.7904148067991836
3008931,160.74049957941529
3008932,238.76489089375113
3008933,5.378710156354947
3008934,7.0252074537611175
3008935,142.66307693860415
3008936,34.63232872183052
3008937,602.7619887367008
3008938,12.170864222819029
3008939,3.4633225817139164
3008940,6.191653384746372
3008941,0.01833939897550211
3008942,0.5359117691488181
3008943,1649.6157675690738
3008944,0.0
3008945,136.87539631024973
3008946,2.8743450959646935
3008947,573.8067573097492
3008948,243.6353401091711
3008949,99.97592627674396
3008950,167.24885060335856
3008951,73.77070348665968
3008952,2091.7699115703467
3008953,8.088626935673313
3008954,0.23282209634641737
3008955,14.903519953595824
3008956,11.708651419748396
3008957,0.43237060466209704
3008958,119.7120498176599
3008959,0.0
3008960,0.0
3008961,1.0933250287331748
3008962,103.32491044609897
3008963,1.0798595160730597
3008964,214.04660136142178
3008965,109.14140882899258
3008966,0.6827580960666015
3008967,1.62733396262881
3008968,57.91921649293632
3008969,22.790384220176634
3008970,412.05976370189967
3008971,3.0448724073516007
3008972,1.3394620791084753
3008973,5.943582870627006
3008974,0.07396669231024937
3008975,2.411642955529133
3008976,3475.1923254796693
3008977,0.0
3008978,545.0472704726876
3008979,9.041781369846374
3008980,896.0151062570403
3008981,722.9839831752881
3008982,235.52365968086008
3008983,145.9280392259624
3008984,100.9109338664482
3008985,4072.6906678698047
3008986,8.247152056878221
3008987,0.7367152439898453
3008988,24.149890465922425
3008989,11.938545484524292
3008990,0.10788045539559699
3008991,220.70257996404908
3008992,0.0
3008993,34.986231312852
3008994,2.6620750018897392
3008995,76.75871435050895
3008996,1.6457942637188872
3008997,198.7891152720407
3008998,221.84924662565834
3008999,3.363568864820298
3009000,3.3362049015096056
3009001,117.87501695895311
3009002,50.94553440156709
3009003,1237.3669655625474
3009004,8.497098322293466
3009005,1.919853811166557
3009006,4.192080138388284
3009007,0.0
3009008,6.626038255141568
3009009,2783.558487866438
3009010,0.0
3009011,454.9248650698791
3009012,5.72699152695872
3009013,763.0685270440019
3009014,758.7213361798988
3009015,134.58731950132483
3009016,132.79725112132257
3009017,95.18201309694088
3009018,3079.442028034965
3009019,54.032333950906555
3009020,1.2787167249018232
3009021,18.9965013584787
3009022,22.97739487857447
3009023,0.2889053235331221
3009024,218.1638843897199
3009025,27.86141639583677
3009026,17.686811626394768
3009027,1.8486768715630024
3009028,72.44639721037578
3009029,10.623169856853423
3009030,165.31118781139688
3009031,234.50929812510086
3009032,10.01519956852324
3009033,15.72292368552373
3009034,223.18745507070318
3009035,39.522724344227996
3009036,1930.0069752108411
3009037,0.014491303262820152
3009038,9.990684677292519
3009039,9.739708052146725
3009040,0.0
3009041,8.537635162920221
3009042,4388.654822336916
3009043,0.0
3009044,599.8942176859898
3009045,16.902263360000674
3009046,1489.1720475933914
3009047,1057.0223663813997
3009048,199.87019274393364
3009049,149.73989815356182
3009050,125.20881219657221
3009051,4831.341561706976
3009052,29.901537464352376
3009053,1.9768179270885964
3009054,42.72044977677565
3009055,83.99742364761984
3009056,0.3281834030390407
3009057,464.02998520127477
3009058,43.62086090585268
3009059,18.87155588204904
3009060,11.943306257779392
3009061,122.76786918412978
3009062,16.349111046604936
3009063,151.13100909815014
3009064,521.2531273698511
3009065,10.211310625900945
3009066,16.46424523451715
3009067,145.75844122133847
3009068,88.97449980815907
3009069,2300.53945441219
3009070,1.1844464247604474
3009071,21.948200141482822
3009072,11.634265863205828
3009073,0.5839383939413961
3009074,5.426380267491004
3009075,4713.052488394227
3009076,0.0
3009077,939.4231276356718
3009078,10.57827843774748
3009079,1911.3071693065322
3009080,890.7197608842383
3009081,264.56531792484714
3009082,347.2312679888178
3009083,80.56261982531518
3009084,6150.493204536023
3009085,49.17150063002792
3009086,3.051308186130687
3009087,36.73088488205954
3009088,24.644786700889473
3009089,0.2727066086268499
3009090,416.4415675754687
3009091,13.720584120536776
3009092,17.576427362453323
3009093,8.269466303969487
3009094,76.12082280444265
3009095,7.306016507950493
3009096,153.8756110949678
3009097,381.1041441837039
3009098,10.03390438033221
3009099,13.133177347905912
3009100,278.25615831666147
3009101,60.03178051669044
3009102,1969.1821978284045
3009103,5.831402295492965
3009104,22.144218289727057
3009105,5.980164592805352
3009106,0.0046967191442976695
3009107,7.409756557816085
3009108,4099.463920456938
3009109,0.0
3009110,546.7624572498592
3009111,8.877693318364773
3009112,1011.0435585790569
3009113,1183.9977131788394
3009114,288.1416463887869
3009115,226.5707833269589
3009116,125.78943107372943
3009117,4715.077008546875
3009118,35.972757789346836
3009119,2.3250377152866952
3009120,17.93428993663016
3009121,13.020404737909377
3009122,0.6905842783965601
3009123,357.8065523735394
3009124,40.537862074199715
3009125,26.057205909897583
3009126,2.212740272140335
3009127,90.9748749706623
3009128,9.139345662325562
3009129,442.60335113249744
3009130,329.8806240872523
3009131,12.060111902865307
3009132,14.975574724382984
3009133,530.3921522059339
3009134,58.62753601596012
3009135,3163.947404784227
3009136,0.0
3009137,35.76348804837153
3009138,4.661148225584196
3009139,0.13573035314707754
3009140,2.4273525798746256
3009141,4463.081566553773
3009142,0.0
3009143,437.2029693168984
3009144,6.907972721920103
3009145,1985.8385981926358
3009146,645.253439344927
3009147,286.1147810036643
3009148,171.87649265534404
3009149,59.58428571780831
3009150,5371.310907210656
3009151,13.575665911187926
3009152,2.478498112841506
3009153,30.055223995775926
3009154,29.002187523921936
3009155,0.24095815965270376
3009156,380.7248990693581
3009157,0.0
3009158,0.12039774573277273
3009159,8.912302006473466
3009160,13.506463505012203
3009161,2.9491071405891165
3009162,147.0406144321336
3009163,285.10623569706013
3009164,4.806701901536265
3009165,9.062316305729574
3009166,171.26524064634816
3009167,56.32585963592061
3009168,1036.5135695986255
3009169,6.583526701509484
3009170,6.132884744511746
3009171,10.760751161226137
3009172,0.05149450343164268
3009173,11.921104060879602
3009174,4350.56215154144
3009175,0.0
3009176,720.6959863542388
3009177,11.484906677766222
3009178,1803.9614882952762
3009179,1067.3711918796105
3009180,343.25185924915263
3009181,207.29881515452453
3009182,156.31462777307397
3009183,5022.921180567789
3009184,55.01769485271693
3009185,2.393343412471162
3009186,36.065405909183866
3009187,48.89285732198307
3009188,0.5495563396014264
3009189,391.66829843419646
3009190,41.337832346041
3009191,23.21416320122376
3009192,12.059481597525881
3009193,111.23558713331603
3009194,17.93856587653128
3009195,288.64950663428
3009196,561.9579744089885
3009197,18.242330188855508
3009198,13.76075033304854
3009199,260.5266835388698
3009200,69.02177260270403
3009201,2749.0736780809398
3009202,0.7406948549701545
3009203,10.111392339979076
3009204,5.958405412691717
3009205,0.16437843985307113
3009206,7.283456425179144
3009207,3764.5255295598668
3009208,0.0
3009209,601.2400231235738
3009210,12.451509260540293
3009211,957.2665928791432
3009212,1037.8060497012875
3009213,213.7611005628018
3009214,188.69811949152762
3009215,122.17279183545459
3009216,4029.670932462622
3009217,44.63150099997242
3009218,1.5025542007678656
3009219,32.09574127493339
3009220,26.163575345363988
3009221,0.34550975850438614
3009222,293.97530962836447
3009223,36.14092635371186
3009224,36.83886080130115
3009225,8.099717026367781
3009226,63.74363969174619
3009227,13.61059969226325
3009228,261.72188135552045
3009229,315.2116823773145
3009230,11.225349351216728
3009231,14.650050072995088
3009232,254.47201255564642
3009233,59.505065592431826
3009234,2823.608839655717
3009235,0.16274955885542325
3009236,21.48338979013588
3009237,6.086788440590297
3009238,0.07064758161229363
3009239,3.8145053342444424
3009240,5869.681756173003
3009241,0.0
3009242,714.2886325953099
3009243,21.592682008654123
3009244,1340.7345863841124
3009245,896.746239701055
3009246,299.8595886737998
3009247,240.5649414941414
3009248,72.66518673508115
3009249,5583.695100183218
3009250,13.360122373446451
3009251,0.09920741202021574
3009252,12.960735571902768
3009253,20.91236053824778
3009254,0.2068783872063508
3009255,287.34759872715244
3009256,0.0
3009257,9.888547682678245
3009258,1.6720690383337466
3009259,90.56166191009649
3009260,4.2766548048758395
3009261,221.76267085940313
3009262,316.4772678921879
3009263,3.998190609954036
3009264,3.250184227625306
3009265,283.60724890770376
3009266,137.20266201421586
3009267,1407.6083687253017
3009268,13.080736721209577
3009269,1.5065996769275776
3009270,23.543066529570694
3009271,0.0
3009272,25.129320200969335
3009273,15384.930221111032
3009274,0.0
3009275,2367.580303464107
3009276,20.784257140144163
3009277,3275.0469577141153
3009278,3717.442933338566
3009279,848.2361616160694
3009280,961.1839208285888
3009281,521.4370493938195
3009282,14072.003010538238
3009283,119.79661514662239
3009284,5.989598127742465
3009285,135.70979620490328
3009286,158.45706277331234
3009287,2.4089027481238836
3009288,1120.7745494922522
3009289,49.502601954427384
3009290,33.61521175618715
3009291,24.93756633577513
3009292,365.8014077830837
3009293,35.981713652861615
3009294,1154.3067441615428
3009295,906.1061585111871
3009296,66.80904587078481
3009297,52.46153076332867
3009298,1600.275532190546
3009299,328.39111727612647
3009300,12302.489905492552
3009301,99.91415568951118
3009302,122.91289813909552
3009303,22.581262324748028
3009304,0.0
3009305,20.891040588367723
3009306,15078.334028841326
3009307,0.0
3009308,1813.7916166706366
3009309,25.910577537951564
3009310,3632.4140375747857
3009311,3451.405074912969
3009312,1092.6700702138614
3009313,620.1625891442652
3009314,426.7022844062427
3009315,15354.95021862203
3009316,197.9087596826853
3009317,3.155203615316744
3009318,61.16780220499535
3009319,116.13485677046384
3009320,1.236506320339914
3009321,1061.6031661543539
3009322,57.079215639020155
3009323,58.724594032848536
3009324,7.70972950609053
3009325,217.46660764324267
3009326,28.45334163805827
3009327,1463.8903078977876
3009328,1104.7675001574642
3009329,42.516157204235114
3009330,48.68747211980217
3009331,1755.3606059515648
3009332,306.14086303496913
3009333,8731.09613534588
3009334,190.60250623133632
3009335,135.29861408744756
3009336,20.806199813061536
3009337,0.0
3009338,27.802511274369056
3009339,11209.11474390263
3009340,0.04647913590420182
3009341,1525.7168133456537
3009342,18.8683346700615
3009343,3815.6201111836913
3009344,2617.2276740828975
3009345,1233.1753722690748
3009346,291.7605395538846
3009347,353.376681798168
3009348,14948.504505872817
3009349,69.59529022434094
3009350,4.48010950469907
3009351,56.95663335115629
3009352,51.586953110094626
3009353,1.5527056701598918
3009354,1029.2353340859815
3009355,68.44706484512979
3009356,38.60384918919242
3009357,10.800600546089386
3009358,127.39300337821878
3009359,15.498735199074504
3009360,1233.0158516456743
3009361,1221.8120522114098
3009362,42.68791005935191
3009363,76.96522080292644
3009364,1290.2030053359176
3009365,181.80092138404981
3009366,4430.216453328928
3009367,122.03150807227682
3009368,76.2761123981521
3009369,22.43712318613447
3009370,0.0
3009371,27.652039237767312
3009372,14838.968488563814
3009373,0.0
3009374,1671.3887380149408
3009375,24.665431486506883
3009376,3335.7632960569545
3009377,3299.1115324470666
3009378,1026.7572960190287
3009379,571.6352506472878
3009380,364.9777271605341
3009381,14166.233809007937
3009382,80.08622929847436
3009383,4.033633960788292
3009384,66.88467599298633
3009385,132.74833461439172
3009386,2.7248264735170946
3009387,982.3374553236625
3009388,65.36878888756426
3009389,41.949925919088464
3009390,9.085708510315817
3009391,200.745529484084
3009392,22.75009396003381
3009393,1099.9847538755866
3009394,1091.5231594187997
3009395,45.2972710044342
3009396,49.60005822160825
3009397,1535.2762790224947
3009398,282.8417163289865
3009399,7853.825313822971
3009400,129.60921472937764
3009401,98.42104063710346
3009402,19.620938603997647
3009403,0.0
3009404,29.014724358969804
3009405,9102.153969531288
3009406,0.062417580587967265
3009407,1392.2488743751906
3009408,20.90970562777843
3009409,3264.751694868256
3009410,2259.4704395389285
3009411,1050.473472606426
3009412,248.9737408394535
3009413,301.6578241813421
3009414,12857.732094212699
3009415,82.28957768298828
3009416,1.3286920798840767
3009417,49.71848373218543
3009418,81.58754762283725
3009419,1.4360837817237722
3009420,957.9441242186533
3009421,53.9938604132558
3009422,20.331027178875768
3009423,5.809872205342698
3009424,117.14818597236311
3009425,11.489655827482645
3009426,1203.5158825925216
3009427,1155.5487889654894
3009428,35.891051225642755
3009429,39.487144418894545
3009430,1337.9611174688418
3009431,149.9405485631636
3009432,3350.476496034829
3009433,97.66563234588544
3009434,37.72675298092209
3009435,13.87640611977137
3009436,0.0
3009437,16.584947024112235
3009438,10007.099730172302
3009439,0.0
3009440,1438.6307217611252
3009441,25.088119563671967
3009442,2255.985446561795
3009443,2857.355308512125
3009444,615.2360910844006
3009445,637.3535490336417
3009446,418.1454726418249
3009447,9945.262671436687
3009448,93.19782606720953
3009449,2.4889742801166586
3009450,50.55418043551305
3009451,67.06371721805071
3009452,1.834418243567063
3009453,681.4139733124631
3009454,32.90487613119039
3009455,37.31074006922498
3009456,12.9799458404122
3009457,243.4856534255406
3009458,26.32063138085455
3009459,921.0073908555097
3009460,710.7235914864069
3009461,27.767464426935398
3009462,48.22741511160714
3009463,1236.400509399186
3009464,248.7147765860771
3009465,8996.621027256935
3009466,79.04380253665177
3009467,88.06191266381897
3009468,8.801775888078936
3009469,0.0925508694386452
3009470,6.474913413089959
3009471,2406.394433572816
3009472,0.0
3009473,381.50892920153535
3009474,20.002136790096955
3009475,1072.9879148752016
3009476,623.9636166101668
3009477,242.22050574266865
3009478,112.39533247360418
3009479,89.69396629170727
3009480,3235.6866510901946
3009481,59.51859665635149
3009482,1.7598963364608298
3009483,26.70800280213939
3009484,23.795493650078203
3009485,0.4767277217529793
3009486,276.08252901885794
3009487,24.051143698923305
3009488,8.353548952152613
3009489,12.610160650831098
3009490,47.75698505254907
3009491,10.227907753795812
3009492,269.0257112085943
3009493,269.7430141775064
3009494,4.798337299941692
3009495,9.531924119343769
3009496,253.65705655713032
3009497,46.850477142278315
3009498,1646.376148323707
3009499,4.970769784806009
3009500,11.412229855860575
3009501,14.268779535389431
3009502,0.0
3009503,17.315259929537124
3009504,7039.626859513516
3009505,0.0
3009506,750.692691233432
3009507,30.527188020686335
3009508,2283.6365351547747
3009509,1703.0320902030965
3009510,674.5732724582487
3009511,173.43748986562903
3009512,161.31265905917084
3009513,8777.602501311794
3009514,141.7384016859679
3009515,2.98961215239652
3009516,56.42606099907006
3009517,62.47965356212343
3009518,1.411604475941123
3009519,682.6285272703497
3009520,37.94008757269235
3009521,7.1456644226817385
3009522,6.77181592770898
3009523,109.9192040163163
3009524,15.820245350430413
3009525,603.4776879772477
3009526,776.3558894014254
3009527,20.495046140011937
3009528,36.83685643437447
3009529,553.4348566951146
3009530,84.67118343672601
3009531,2820.3750033992437
3009532,94.39178226393804
3009533,25.986533888761503
3009534,11.587545631357475
3009535,0.0
3009536,6.384910511099319
3009537,6019.219010779746
3009538,0.0
3009539,1092.757880083402
3009540,8.231107823810348
3009541,1753.4593811836874
3009542,2024.0832806601375
3009543,326.26394005065583
3009544,432.20906839228013
3009545,288.36971636653885
3009546,6300.689698343844
3009547,53.95899704798262
3009548,1.9541246291803447
3009549,43.26351022499189
3009550,43.827784749319896
3009551,1.1594573581294125
3009552,449.58187158265275
3009553,9.080823346727236
3009554,47.96247360016444
3009555,8.580831407842727
3009556,143.009758590268
3009557,16.828898938886994
3009558,650.9727570045789
3009559,397.6014892188386
3009560,26.227399058182005
3009561,15.884449574177177
3009562,714.7004892384224
3009563,153.55735288785863
3009564,6034.7232500230075
3009565,28.895919380744388
3009566,54.21978899152901
3009567,20.23861448299549
3009568,0.0
3009569,11.369657493188551
3009570,6536.6235801151
3009571,0.0
3009572,1173.1039281807928
3009573,15.124916683735712
3009574,2355.899809265611
3009575,1683.8892835900888
3009576,541.4308266823485
3009577,303.5854469842924
3009578,407.2698283576397
3009579,8854.890212362468
3009580,71.46711914675579
3009581,4.399804268277241
3009582,76.70266025191394
3009583,75.92431232783412
3009584,1.2791787355166624
3009585,561.457408172744
3009586,17.685096637877805
3009587,82.89241405322832
3009588,12.404315770980412
3009589,255.02523424144238
3009590,14.720759182979338
3009591,657.6813438424446
3009592,552.8731647634753
3009593,20.48229855131617
3009594,41.091326747097696
3009595,678.3542729505103
3009596,175.2383474350074
3009597,6395.463814678392
3009598,22.245822830338337
3009599,13.298608785952146
3009600,14.813603911563852
3009601,0.17779557323565298
3009602,6.747602008997417
3009603,3338.1937225233046
3009604,0.18448733999567563
3009605,666.1504187387608
3009606,9.623962413279958
3009607,1258.1840810349127
3009608,796.9726986089819
3009609,329.04566050697343
3009610,149.15609096821538
3009611,158.64233174890842
3009612,4339.808738389755
3009613,22.017665377340073
3009614,1.9526266141707382
3009615,32.0514509370064
3009616,34.35456125834208
3009617,0.39920438747413317
3009618,295.8498982494441
3009619,8.857969101934884
3009620,12.965766431193678
3009621,7.467548795847681
3009622,108.38287645277991
3009623,6.8572793909398575
3009624,369.46390776861153
3009625,335.7603036311218
3009626,8.341087992128383
3009627,11.331390472349852
3009628,285.2338167729048
3009629,75.86967774931533
3009630,2685.930320183415
3009631,6.84397288801032
3009632,5.800867345482755
3009633,9.252071111172858
3009634,0.0
3009635,2.53831197516134
3009636,5109.871852465023
3009637,0.0
3009638,367.58025377336185
3009639,3.037745749753499
3009640,1750.7742300443608
3009641,341.6388327160435
3009642,303.38084888383435
3009643,98.18392235064978
3009644,41.467028689682515
3009645,4630.74870003047
3009646,9.446363930835496
3009647,1.2263429571188904
3009648,36.7791985490432
3009649,20.16469363048324
3009650,0.1285576712197904
3009651,347.55271960380134
3009652,0.0
3009653,0.0
3009654,5.533070997325832
3009655,30.546126566326155
3009656,1.7983155025813868
3009657,64.97608835887563
3009658,279.38649756638125
3009659,0.0
3009660,3.235931663414945
3009661,84.79352008150205
3009662,118.32814765330698
3009663,838.8967298587634
3009664,4.068263555157533
3009665,3.521796862864109
3009666,8.992793007616042
3009667,0.16525968989854503
3009668,10.652881037294268
3009669,5949.09275314284
3009670,0.0
3009671,757.0368046526802
3009672,14.66179392465711
3009673,1722.805066133065
3009674,1580.9636021732026
3009675,506.9120380879988
3009676,292.73477012049966
3009677,201.6246553342531
3009678,6875.400203456129
3009679,65.39296905547275
3009680,2.43519706067154
3009681,37.45519907660773
3009682,51.12794612253726
3009683,0.2799563097823283
3009684,507.3869921188353
3009685,49.887678882817646
3009686,18.899123917914157
3009687,10.05807452125564
3009688,100.97172391936867
3009689,11.09246332868649
3009690,595.9262299123842
3009691,485.6089507075816
3009692,16.025484607683968
3009693,22.209722149062493
3009694,791.7728401028688
3009695,136.6116870542758
3009696,3633.1962706161034
3009697,0.0
3009698,57.532643933642994
3009699,6.082952291973151
3009700,0.08211902195804163
3009701,5.10479444569601
3009702,4143.461532460118
3009703,0.11431773242850508
3009704,665.1345116528398
3009705,15.563741782741742
3009706,834.3457325554036
3009707,1253.4251283623523
3009708,176.72446121338936
3009709,277.8831759284198
3009710,226.1570991837219
3009711,3552.182770311351
3009712,40.64238771369711
3009713,3.3059165305269658
3009714,34.229909493309016
3009715,29.481612489174832
3009716,0.5777359418700643
3009717,223.8767699397489
3009718,23.44539375160535
3009719,39.97371743015298
3009720,7.4211261733684415
3009721,172.3259001360559
3009722,14.796876103365623
3009723,402.0681168604857
3009724,224.36212125963564
3009725,9.311380248530304
3009726,13.827768799137575
3009727,557.0810818445295
3009728,131.21823023762366
3009729,4499.989370348203
3009730,0.21411602518830325
3009731,35.525135059856545
3009732,5.859118104748144
3009733,0.7697042071655334
3009734,12.239140694129441
3009735,6590.566187501689
3009736,0.0
3009737,1004.8844785985931
3009738,18.89161122699532
3009739,1480.5733369933234
3009740,1926.223477616328
3009741,392.4609010371047
3009742,482.4282067202794
3009743,186.42891485610835
3009744,6312.572512466403
3009745,51.16182085338779
3009746,5.092286365898681
3009747,40.30399430671746
3009748,47.685832173067496
3009749,1.3593123369840128
3009750,497.55657462991076
3009751,44.012555281883536
3009752,40.63477278005457
3009753,18.91669920054127
3009754,122.58492127142142
3009755,24.456016019453024
3009756,477.37888180227685
3009757,482.82134514175226
3009758,31.50719232495164
3009759,26.87186827769409
3009760,763.1614406114328
3009761,192.67224227692967
3009762,5848.858816838134
3009763,0.7143549688210736
3009764,50.197896080996244
3009765,17.91014402226598
3009766,0.38490409493240174
3009767,10.747805587650587
3009768,4955.83594643873
3009769,0.0
3009770,758.5062524595363
3009771,11.655490314120877
3009772,1949.703501768972
3009773,1199.8216886322998
3009774,672.0557354810147
3009775,264.8527775235847
3009776,118.63048874880033
3009777,8896.52405063476
3009778,20.16158614706686
3009779,2.4049839240867352
3009780,44.20992884919615
3009781,58.56004131081297
3009782,0.18155668620676532
3009783,546.4765847845151
3009784,27.97509025903713
3009785,6.4207921320927825
3009786,8.470010268293226
3009787,51.9683418460533
3009788,5.566362457118797
3009789,404.74397488074004
3009790,546.2595131654167
3009791,10.11294515074409
3009792,14.165831579873966
3009793,562.1163218989574
3009794,147.37519785110834
3009795,2052.3955859753137
3009796,38.482298755248806
3009797,25.124478099332848
3009798,4.653266590877125
3009799,0.0
3009800,3.4154396958908295
3009801,2278.4842897904546
3009802,0.0
3009803,361.6801612361918
3009804,14.681382789769156
3009805,630.9050021197379
3009806,705.465776485526
3009807,144.3424430019096
3009808,154.07981060507134
3009809,128.74460853911057
3009810,2636.939334895801
3009811,24.267205209988088
3009812,2.0051554719018196
3009813,22.351161282943785
3009814,24.81592408266799
3009815,0.9446353143993398
3009816,183.0351307444372
3009817,16.096337272704954
3009818,18.64534333926443
3009819,8.77296880100542
3009820,59.006289111246936
3009821,6.311956056921447
3009822,268.36487753142023
3009823,151.9319796358346
3009824,5.3781053797927365
3009825,9.599130130621065
3009826,324.33755725735165
3009827,50.69306329820436
3009828,2437.94193208675
3009829,0.0
3009830,20.192054253506956
3009831,0.8952426850275055
3009832,0.0
3009833,2.974960729425175
3009834,1124.263959884224
3009835,0.0
3009836,102.84016218143003
3009837,3.354318633369611
3009838,717.8427386965144
3009839,287.8077137181085
3009840,224.65384339962307
3009841,65.54434399803293
3009842,29.908236572140904
3009843,2357.164617644425
3009844,5.612857930095311
3009845,0.5552142720314818
3009846,8.641305923440548
3009847,7.661975266507289
3009848,0.13982360187018564
3009849,147.10156803763255
3009850,0.045501260540582365
3009851,0.0
3009852,0.5982648196676806
3009853,9.815788590214758
3009854,0.6275045087623322
3009855,137.99853641977975
3009856,136.9740683909264
3009857,0.6900885119727522
3009858,2.8496180646989293
3009859,120.45697045490283
3009860,20.10018249684301
3009861,237.2660758265371
3009862,0.7085314041516726
3009863,0.7133867213803206
3009864,6.0595550251043
3009865,0.33310125460785966
3009866,2.3769670472303197
3009867,3835.315470182641
3009868,0.0
3009869,631.0624511114497
3009870,9.167538997049027
3009871,1354.9844894926116
3009872,588.7454677709813
3009873,439.03874762185114
3009874,297.78337407620046
3009875,61.80071074961956
3009876,6084.059029943579
3009877,26.790057238406526
3009878,0.7153304333985814
3009879,0.0
3009880,13.131495325763485
3009881,0.2560328757285864
3009882,381.8127648595665
3009883,11.692899167093717
3009884,1.5953400932090724
3009885,7.43760041726314
3009886,30.773830966471653
3009887,2.6780097823267037
3009888,581.1382353076887
3009889,267.5988862149892
3009890,2.154263196025498
3009891,11.380100490344766
3009892,170.13354820197685
3009893,94.62457065553207
3009894,1078.8960145184785
3009895,6.18550879434323
3009896,8.690975960899474
3009897,4.585337804964466
3009898,0.0
3009899,1.124526598192682
3009900,1666.0855751944487
3009901,0.0
3009902,192.06319607040717
3009903,4.96423935115866
3009904,994.2291404144017
3009905,451.65060377371924
3009906,232.86799132424235
3009907,91.3717878017806
3009908,28.231358134505722
3009909,3078.4068386846166
3009910,8.620158655685088
3009911,0.8420378259613632
3009912,14.921441576566728
3009913,15.82862818625805
3009914,0.5373475536892475
3009915,174.52024539700685
3009916,8.783219523007668
3009917,0.0
3009918,6.467298393100229
3009919,25.28845490817227
3009920,1.7856428150524262
3009921,139.06792298171942
3009922,158.97010121454707
3009923,1.9280772769264372
3009924,5.2251009088028235
3009925,151.03922145478955
3009926,32.387352330444365
3009927,345.74572358845353
3009928,1.1090454698948788
3009929,4.622183807177355
3009930,3.7371153025476573
3009931,0.0
3009932,4.722014936933742
3009933,1625.9019502511271
3009934,0.0
3009935,130.50247734731155
3009936,5.459880948501218
3009937,778.2382187580913
3009938,274.3363231172562
3009939,152.00792102733465
3009940,72.39060541053625
3009941,29.973967965365475
3009942,2702.6471011697113
3009943,11.44029363583874
3009944,0.10225782926189844
3009945,10.447597880479004
3009946,8.851643902030794
3009947,0.18519897018702638
3009948,131.50896053960733
3009949,1.486138944001973
3009950,0.0
3009951,3.3563082100016235
3009952,40.77750460328603
3009953,0.909431523668473
3009954,178.27416091459492
3009955,147.25505192486446
3009956,0.4741195125977476
3009957,3.8703009014639984
3009958,65.20742939664304
3009959,17.68990018732508
3009960,163.5526880248886
3009961,1.7919436526450658
3009962,2.3586708603345135
3009963,2.563379022548555
3009964,0.0
3009965,2.669724624024493
3009966,1435.9140422422574
3009967,0.0
3009968,167.2894854290218
3009969,6.27196751082758
3009970,1309.0178221134893
3009971,401.7765159666974
3009972,232.16864246726917
3009973,41.34415304514697
3009974,38.42115339742949
3009975,2943.2445932612054
3009976,12.45403800325145
3009977,0.48822270169026233
3009978,4.452464855337359
3009979,22.926811770813565
3009980,0.2564033547666392
3009981,210.9726403195886
3009982,2.5478562978467325
3009983,0.0
3009984,3.05522780413459
3009985,12.969922455759459
3009986,2.1667955337806655
3009987,289.32821037071403
3009988,228.09594380030538
3009989,1.4515428535312027
3009990,5.062790422312945
3009991,73.97894444159343
3009992,97.72000704531106
3009993,393.11298886642726
3009994,1.0068095857820547
3009995,2.528542123823592
3009996,4.130331359748849
3009997,1.1058789629630907
3009998,4.42762169938799
3009999,1763.8833526904448
3010000,0.0
3010001,159.96816235367967
3010002,2.451371531622592
3010003,934.24436829894
3010004,398.5097210831803
3010005,309.4612768721311
3010006,156.07516276571195
3010007,64.2973225311766
3010008,2903.2271727655825
3010009,8.116267529956886
3010010,0.9032936921732926
3010011,15.207291476446374
3010012,15.846111416126062
3010013,0.21073506360512617
3010014,232.14819603062602
3010015,10.064677061023561
3010016,0.0
3010017,5.1610975263216465
3010018,17.36860116646249
3010019,2.3913638502284447
3010020,136.24631306750234
3010021,184.83466734776493
3010022,0.5834579306675332
3010023,5.882954026590949
3010024,101.26823089882949
3010025,41.78862643654645
3010026,646.2426325995535
3010027,1.2443747715159117
3010028,4.637949398942723
3010029,3.8572677888401117
3010030,0.07346549137090908
3010031,1.9775122221534227
3010032,1311.360056878196
3010033,0.0
3010034,150.52728999295783
3010035,4.661903942204211
3010036,1407.0561580424367
3010037,249.940931771863
3010038,160.2102464080575
3010039,333.57588889613356
3010040,23.60591506522937
3010041,2059.013615069218
3010042,6.640360987034534
3010043,0.35723257519332036
3010044,10.363893392497262
3010045,10.405326824788647
3010046,0.2561582381206888
3010047,152.2006243778143
3010048,0.0
3010049,0.0
3010050,1.4195173834053887
3010051,32.8340479069837
3010052,0.8988640678205981
3010053,56.675521155697
3010054,128.0678433321623
3010055,1.2439940279346131
3010056,3.1166503568209496
3010057,61.025800052060504
3010058,32.99242159333024
3010059,511.07433802611655
3010060,2.9836983396207306
3010061,0.946351807039456
3010062,7.590427771047714
3010063,0.44129256496401453
3010064,3.4710836506922003
3010065,3056.5104534656325
3010066,0.0
3010067,324.9549408855043
3010068,2.3850285273608773
3010069,1012.5347157776232
3010070,714.9123431152733
3010071,521.5953489654231
3010072,377.35249469876743
3010073,92.32398392110152
3010074,4484.185076290098
3010075,15.682142121699759
3010076,1.3504993471404845
3010077,18.65189653555938
3010078,10.777648171987783
3010079,0.38218803474845353
3010080,281.1541497093099
3010081,1.244799325279135
3010082,0.0
3010083,3.420016627301125
3010084,23.975529239745494
3010085,3.3207756042188943
3010086,267.82626294104676
3010087,250.47629823471016
3010088,1.6631543660704546
3010089,6.139474223355117
3010090,357.20754569784333
3010091,46.40695375390459
3010092,1248.5505027825313
3010093,3.8965384676360495
3010094,13.324917513346154
3010095,2.7405627674955113
3010096,0.21793573508888767
3010097,3.6659110467599247
3010098,1842.12081599074
3010099,0.0
3010100,566.6401478269889
3010101,7.462558400951447
3010102,473.8837218166779
3010103,582.4751801524911
3010104,206.102073340212
3010105,257.9946964966962
3010106,44.57218741066308
3010107,2652.5946559688136
3010108,11.24879964499542
3010109,1.4353763377144322
3010110,24.65564106882443
3010111,12.379993601378024
3010112,0.5753561954347862
3010113,171.5617726315161
3010114,9.96855101558812
3010115,4.421841083833298
3010116,4.125170699342556
3010117,40.616037921034994
3010118,1.507529463395307
3010119,83.8188249287734
3010120,137.2938494018908
3010121,5.21824338355812
3010122,4.908244672126728
3010123,169.56050599783984
3010124,50.54237337639981
3010125,1474.923069958941
3010126,13.262971966930872
3010127,9.617835553822811
3010128,5.608786624186617
3010129,0.5935005381987781
3010130,3.3689698206697485
3010131,2253.000414514189
3010132,0.0
3010133,173.4997878591237
3010134,5.638398902868887
3010135,851.4178883001616
3010136,366.84827392441605
3010137,281.9699759929157
3010138,94.13419530766531
3010139,47.1026589346416
3010140,3318.317670718324
3010141,34.75503053893052
3010142,0.8372540550820471
3010143,12.122672607311566
3010144,14.400438022097884
3010145,0.2636871726458176
3010146,158.84661132739248
3010147,6.067664425613132
3010148,0.0
3010149,4.232332735063972
3010150,26.60086783929318
3010151,3.1938752082262054
3010152,136.62752084572324
3010153,149.9450777196421
3010154,1.228936188490461
3010155,4.711678428122895
3010156,96.51797580414178
3010157,29.97884639671129
3010158,430.63313148583836
3010159,1.2205061171513503
3010160,3.623345569882481
3010161,5.095749794306143
3010162,0.15479398759024285
3010163,6.571288367177977
3010164,2826.0623749173624
3010165,0.0
3010166,597.3634995249339
3010167,9.636431755092609
3010168,840.8100660558202
3010169,743.8487230905474
3010170,202.7030027595049
3010171,165.65126958485249
3010172,85.10732434339293
3010173,3567.690890350338
3010174,44.314924107028105
3010175,1.416811156777562
3010176,12.57745660863299
3010177,26.943815512156817
3010178,0.23573548381676326
3010179,237.70032898059117
3010180,19.262643335223405
3010181,11.714704175762126
3010182,6.123681200437905
3010183,52.11082858434762
3010184,7.327446356816257
3010185,345.7160102686505
3010186,216.9951010059361
3010187,8.090843272787263
3010188,7.992992074368349
3010189,413.74898329393295
3010190,90.31302333507108
3010191,2048.664531352474
3010192,0.019201655465187387
3010193,29.368007531949022
3010194,6.040646908489906
3010195,0.283869525581807
3010196,4.363651469320627
3010197,2764.0828229883828
3010198,0.0
3010199,408.38146084873125
3010200,6.5765320351304215
3010201,1276.0371640090025
3010202,606.2825065515807
3010203,527.4347768882168
3010204,147.66580547040076
3010205,48.95253842030701
3010206,4609.44588267608
3010207,13.412777508017557
3010208,0.6937039587369381
3010209,5.411691029651542
3010210,14.424485840113656
3010211,0.016887243762470628
3010212,280.8017064484534
3010213,1.9993722710414241
3010214,4.497792069297879
3010215,3.514541817298731
3010216,33.5065275554212
3010217,1.3525570488137575
3010218,244.52399221577497
3010219,246.62275071008239
3010220,3.647329529744852
3010221,2.8107510086929146
3010222,235.14886760032041
3010223,38.3857310079311
3010224,766.2898886101663
3010225,14.742618361832275
3010226,11.710843680411859
3010227,9.009349170278286
3010228,0.3455473511471464
3010229,4.116571807657475
3010230,2831.28299210731
3010231,0.0
3010232,433.0142035004961
3010233,4.082081295945316
3010234,1559.3083427734591
3010235,559.8073831894301
3010236,294.5865384656324
3010237,518.0290285730409
3010238,74.20248351207742
3010239,3673.3824079054716
3010240,13.065893043582642
3010241,0.8610391307698329
3010242,28.608851360009258
3010243,32.29061710196053
3010244,0.3118916122930023
3010245,291.3944643622532
3010246,4.987612198541888
3010247,2.481696721284282
3010248,12.186742118524082
3010249,46.252643596828136
3010250,1.825841408066103
3010251,99.88699435518305
3010252,226.9836574158696
3010253,2.4483115216490865
3010254,2.5385583284304096
3010255,143.28330785215593
3010256,147.8795521462266
3010257,1173.0598408651795
3010258,7.318657052178615
3010259,6.676007430955165
3010260,3.637945112670845
3010261,0.06716661551514988
3010262,2.775579074080264
3010263,1584.2400858200558
3010264,0.0
3010265,151.14347954752148
3010266,8.068898419278591
3010267,588.2662025733748
3010268,329.0549937570718
3010269,142.84120792739844
3010270,72.4001479609592
3010271,49.29538477622784
3010272,2436.4593378851923
3010273,9.495194943424785
3010274,0.3743809975805087
3010275,11.97817453004704
3010276,15.54849984972609
3010277,0.13949008316341538
3010278,159.63376890039288
3010279,2.7692956954365138
3010280,0.0
3010281,5.550902886652301
3010282,51.61308834971028
3010283,2.7864904138445663
3010284,98.29240593659819
3010285,149.2887435916875
3010286,1.1692072640739364
3010287,4.494384005733626
3010288,124.78775261390123
3010289,41.15221670452434
3010290,486.2760060931623
3010291,0.9410937816136262
3010292,2.4740479169034995
3010293,1.3040983324326354
3010294,0.0
3010295,0.467245782254091
3010296,1454.349176746471
3010297,0.0
3010298,268.6675736253233
3010299,14.464829096465232
3010300,531.9725207732038
3010301,503.772024606485
3010302,127.22039459213961
3010303,53.81850411285744
3010304,52.11941270347743
3010305,2159.937561797701
3010306,27.07270594603696
3010307,0.5907618276760002
3010308,10.4313679676606
3010309,15.233791203945065
3010310,0.281765636991696
3010311,124.51760667747605
3010312,12.214215488174009
3010313,2.5931502170441236
3010314,2.7959328361773856
3010315,31.78842350539534
3010316,5.253971239912258
3010317,358.4784728131282
3010318,138.8087149161509
3010319,4.557216041361164
3010320,5.021661791592692
3010321,296.8607817046715
3010322,25.78443932800131
3010323,1203.1827225872019
3010324,0.0
3010325,5.998125666666402
3010326,3.262283193852332
3010327,0.0
3010328,3.6596593820851884
3010329,3419.2438153879198
3010330,0.0
3010331,721.8486645142266
3010332,13.937579404128323
3010333,1079.3144908579775
3010334,1253.957618246844
3010335,266.99109573767504
3010336,240.1828828907233
3010337,140.9620546822783
3010338,4055.070442935611
3010339,34.55998415431925
3010340,1.0483086788099871
3010341,14.631932266008539
3010342,30.492468422928344
3010343,0.22106858519856273
3010344,251.6060524527447
3010345,11.69923748236178
3010346,32.76689408746303
3010347,9.876889525964154
3010348,62.66061107800215
3010349,12.42089988350927
3010350,364.67985717744546
3010351,239.44105528024065
3010352,16.10001349924624
3010353,8.40311141307864
3010354,504.8899926133308
3010355,95.63639778523854
3010356,3300.6558861598037
3010357,1.4568305120050906
3010358,22.483761845900897
3010359,1.2920688220956629
3010360,0.13834658966054536
3010361,2.0657696986796665
3010362,1380.9035941793154
3010363,0.0
3010364,283.2798801966634
3010365,3.653215142886402
3010366,325.05693377258876
3010367,429.3011316559873
3010368,113.45036801090716
3010369,89.77850098909839
3010370,22.338427746934272
3010371,1408.4951992589451
3010372,16.147332019624884
3010373,0.5696861448799434
3010374,7.045613899254064
3010375,8.855523029400816
3010376,0.13687270295774667
3010377,77.21103907462484
3010378,0.0
3010379,12.575744943799128
3010380,1.4141585202856344
3010381,117.64857065207927
3010382,6.691233889038704
3010383,169.89437423380818
3010384,68.28688049695842
3010385,3.2109281481580596
3010386,3.4133577208353616
3010387,138.8752503431962
3010388,24.60263150020871
3010389,1143.506492799535
3010390,2.6672518908264666
3010391,2.22746485331639
3010392,4.131224324083765
3010393,0.0
3010394,0.1632847704331154
3010395,777.6434308004245
3010396,0.03811632069449603
3010397,201.25277143543477
3010398,3.9264084572090026
3010399,389.533235143234
3010400,238.03188021251944
3010401,78.6236862375232
3010402,34.33606955468097
3010403,12.096682155207674
3010404,1374.4578424014996
3010405,14.501641321151782
3010406,0.5931011382776027
3010407,8.697847193996617
3010408,8.722850181631483
3010409,0.4137368110327112
3010410,77.07381771580755
3010411,0.09897887195301644
3010412,5.683575946560882
3010413,0.4938869940930809
3010414,11.80327022171247
3010415,0.5627987562835091
3010416,253.0734693384056
3010417,122.83338579489647
3010418,2.4377365587915936
3010419,0.9176275056989793
3010420,130.09088438441555
3010421,20.82849532351097
3010422,423.0331125824757
3010423,1.4097422217724764
3010424,0.6165671740946597
3010425,4.548156251315203
3010426,0.14790367038428584
3010427,1.907328398641633
3010428,3276.7897941283945
3010429,0.14602977709964687
3010430,630.2843616314901
3010431,12.564757949221223
3010432,883.2064268022231
3010433,1007.4717877585144
3010434,291.41409396117257
3010435,254.57829871964455
3010436,97.20084986106028
3010437,3872.4095540674407
3010438,24.186984591866
3010439,2.3735238782570245
3010440,15.860191725268935
3010441,23.823768466181754
3010442,0.32370967587511307
3010443,247.15890141763975
3010444,8.101346819239719
3010445,32.11667671836077
3010446,7.161473902246081
3010447,83.6858053947794
3010448,4.425538851258605
3010449,282.8597902428312
3010450,220.45143565027433
3010451,11.092882261154697
3010452,8.089134390335282
3010453,383.44299748182794
3010454,66.10664285466667
3010455,2608.393988497746
3010456,3.7999001277633946
3010457,14.364207820471933
3010458,7.1583810401932135
3010459,0.0
3010460,2.791719135405606
3010461,3006.938750122461
3010462,0.0
3010463,614.1068935059615
3010464,12.874941072367148
3010465,1094.519570208043
3010466,846.9748719701738
3010467,328.8093994794483
3010468,384.2115865510534
3010469,39.896584675719396
3010470,4379.591359151153
3010471,13.447217776215277
3010472,0.682154930537068
3010473,27.2456698739126
3010474,14.51447172333486
3010475,0.9360828449203992
3010476,253.2575674712788
3010477,0.0
3010478,5.3051452917139414
3010479,5.0931904423275345
3010480,24.81756367357452
3010481,1.0430197646463588
3010482,162.7583336188012
3010483,307.2430679301356
3010484,5.47371257713565
3010485,3.876891328156277
3010486,191.7655938695282
3010487,83.71867304936399
3010488,1271.6906554845605
3010489,10.154638691540951
3010490,1.2900964604270002
3010491,4.974174366205548
3010492,0.2838454517149557
3010493,2.215359035134358
3010494,2659.8415599722293
3010495,0.0
3010496,607.8775590329997
3010497,8.457482891859364
3010498,872.2366346463867
3010499,679.9260631903419
3010500,265.8706954833431
3010501,405.0657090592307
3010502,48.6755024999228
3010503,3606.099058189757
3010504,15.397991054192078
3010505,1.3318440304790078
3010506,25.455091020665705
3010507,12.585950061166367
3010508,0.03626575143354955
3010509,229.84174229836466
3010510,0.0
3010511,6.272437601796214
3010512,5.745569815366511
3010513,42.851330780530915
3010514,1.687347906127626
3010515,117.1211398073795
3010516,226.926526329721
3010517,4.286234864241458
3010518,3.030360870982516
3010519,188.75604658621165
3010520,54.74434010266059
3010521,953.4715701186954
3010522,7.835973251149378
3010523,4.4762635922701195
3010524,8.398628663886361
3010525,1.1512556823425335
3010526,12.26190732836716
3010527,7621.920194773357
3010528,0.0
3010529,1097.1746580801105
3010530,27.6143105721235
3010531,1757.9207849653499
3010532,1892.217330425847
3010533,338.0279066675837
3010534,471.6643620615633
3010535,284.0723726047599
3010536,6934.473082380003
3010537,93.69246684419957
3010538,3.4849437572388937
3010539,37.00250439965629
3010540,48.433081671938595
3010541,0.7254354717207154
3010542,452.02759108565436
3010543,27.633073358204115
3010544,44.202722017310776
3010545,19.140685824864928
3010546,150.28216883080944
3010547,27.256984138244047
3010548,584.1214386321919
3010549,408.30473021138835
3010550,15.488907107225804
3010551,20.87914625422449
3010552,988.5730702513832
3010553,155.79995397898338
3010554,6993.981026452052
3010555,1.3615792726608575
3010556,67.4211876108678
3010557,3.0789487269668476
3010558,0.4584684084816474
3010559,1.2155034061490968
3010560,1440.8947406641237
3010561,0.0
3010562,151.52676284865427
3010563,3.232939049444456
3010564,1204.668366986455
3010565,274.46560722045575
3010566,110.47043031854601
3010567,231.59245689295824
3010568,38.97445539362398
3010569,2164.2801316603204
3010570,6.838737088271747
3010571,0.25647249489548973
3010572,10.164684312035636
3010573,6.518231761975031
3010574,0.4041536225013608
3010575,150.9101143063006
3010576,0.0
3010577,0.0
3010578,3.361673417934499
3010579,45.89332749595838
3010580,0.7120767126833729
3010581,53.5748494945394
3010582,102.97861736173692
3010583,2.2011495536027486
3010584,5.191386016892059
3010585,104.48245811375523
3010586,16.02130764661543
3010587,486.999901494252
3010588,4.381961225624785
3010589,4.354341523761747
3010590,7.32455827490399
3010591,0.24934758871047685
3010592,2.7296822929691533
3010593,3162.222856411432
3010594,0.0
3010595,505.96676896479727
3010596,8.041720865686898
3010597,1080.4345163651356
3010598,630.7700045647881
3010599,236.31033868868641
3010600,443.1316927214794
3010601,64.05791484162289
3010602,3989.1374045919133
3010603,15.453229982919183
3010604,0.5389299713267464
3010605,13.673299742104106
3010606,14.495615782786594
3010607,0.3020566005615161
3010608,272.43744906937684
3010609,2.2863821986305495
3010610,6.371988230833101
3010611,8.113895763242416
3010612,9.637051352333842
3010613,1.8817645856566163
3010614,321.94320111023944
3010615,261.6607343855013
3010616,3.962503079524243
3010617,6.5991967605872865
3010618,122.58052563614181
3010619,56.89521983401831
3010620,1133.0768011667599
3010621,11.508441753527922
3010622,6.4456233827648255
3010623,0.7688234776430344
3010624,0.0
3010625,0.5681127409006522
3010626,864.9997098182288
3010627,0.0
3010628,121.84842016669303
3010629,1.637263682134097
3010630,619.366774284618
3010631,171.68176425598307
3010632,90.55175202580867
3010633,471.5815434001388
3010634,12.09335900014118
3010635,1247.2856645948395
3010636,3.0991429486739746
3010637,0.23229033778254138
3010638,6.329392124650148
3010639,3.1710435536735946
3010640,0.0
3010641,90.70250395223
3010642,0.0
3010643,0.0
3010644,0.8175025077357407
3010645,0.0
3010646,0.31320692098376224
3010647,67.01173414083246
3010648,59.24914698687551
3010649,0.861764242393475
3010650,2.048881447560093
3010651,49.561540655191216
3010652,9.343186304337754
3010653,179.21023556054936
3010654,3.322370323117205
3010655,1.381463699131443
3010656,7.35360715172151
3010657,0.0
3010658,3.3932535512991646
3010659,1954.050964666291
3010660,0.0
3010661,234.3567134219448
3010662,8.625578901356926
3010663,923.9315591956286
3010664,405.72588519713725
3010665,167.5456802938068
3010666,341.33828378662446
3010667,33.989878947739186
3010668,2810.245731997317
3010669,4.56861444910602
3010670,0.8794449894593163
3010671,20.388277141400753
3010672,13.657373558424892
3010673,0.30978129934954
3010674,208.2971032448489
3010675,0.0
3010676,0.0
3010677,11.883127569231174
3010678,0.0
3010679,1.7921576987916021
3010680,244.76251352202937
3010681,178.99882992393842
3010682,1.941092030189978
3010683,4.165160090963452
3010684,163.108046871271
3010685,27.411533912205595
3010686,1150.098024103352
3010687,5.009603575535014
3010688,1.1851854406668474
3010689,3.106424820333353
3010690,0.44271163066168745
3010691,1.2825501619558812
3010692,2301.6574552039065
3010693,0.0
3010694,650.6951199694355
3010695,5.506668916771969
3010696,874.2376440524791
3010697,681.5044456831693
3010698,237.75573976014223
3010699,208.86614189555794
3010700,65.4380102831251
3010701,3861.2156942861366
3010702,6.789999345564297
3010703,4.900839672027245
3010704,6.097753693890365
3010705,42.46257714248519
3010706,0.37679115248889106
3010707,211.48689177634333
3010708,3.6767070624365323
3010709,6.30755518921674
3010710,5.340288579573583
3010711,18.486641789016282
3010712,2.199039702135138
3010713,175.81856649031607
3010714,249.15178829221736
3010715,5.653835867459913
3010716,5.08509840297839
3010717,148.60728474661977
3010718,37.48686518606115
3010719,643.2746419519301
3010720,13.377209202473859
3010721,3.7283854061899038
3010722,4.734622198678879
3010723,0.0
3010724,0.29452739962235125
3010725,1455.8415886774678
3010726,0.0
3010727,97.86997089095101
3010728,1.6831751778520174
3010729,499.5415860758093
3010730,199.283011022833
3010731,94.26798004926688
3010732,306.681060572801
3010733,24.397970233575922
3010734,1902.2552312224475
3010735,5.917477854850248
3010736,0.03309342188894742
3010737,13.004893212769835
3010738,9.115438376660954
3010739,0.16587030686958437
3010740,103.42573669325186
3010741,0.0
3010742,0.0
3010743,0.9239048767968188
3010744,28.100535569340686
3010745,0.8914098249008481
3010746,228.85405058450684
3010747,93.68426050131626
3010748,0.750355524967761
3010749,0.9998249207688068
3010750,41.92567765571971
3010751,18.044094664335915
3010752,336.67448869077094
3010753,3.37220931142643
3010754,0.9342227582181778
3010755,4.622809186097169
3010756,0.03847249380494796
3010757,1.7820887030577532
3010758,2976.4829611988716
3010759,0.0
3010760,439.42542504903486
3010761,9.403528611616682
3010762,767.2130661394564
3010763,542.2651382226115
3010764,199.53213811335536
3010765,180.40476377624069
3010766,42.82697680008107
3010767,3406.1839516548425
3010768,5.83271263261306
3010769,0.8151879507058469
3010770,15.00297924947949
3010771,5.563063226330062
3010772,0.16272814569716246
3010773,176.79639680272447
3010774,0.0
3010775,21.516583742781368
3010776,2.8468614777298673
3010777,21.30183042398649
3010778,0.7256784158163961
3010779,193.28854871802844
3010780,186.34165573789252
3010781,2.7593923784073153
3010782,2.9608746506920545
3010783,109.82504716149344
3010784,37.64854526401429
3010785,996.5525202264641
3010786,14.037225592143365
3010787,0.6006313585932066
3010788,3.422230552574615
3010789,0.0
3010790,5.000874854236621
3010791,2826.395536548562
3010792,0.013882872942302994
3010793,535.9855759776217
3010794,4.578914475145811
3010795,919.3358386459961
3010796,873.2331550414483
3010797,153.29171449246778
3010798,138.89996746576844
3010799,113.05980844217501
3010800,3476.421822916323
3010801,59.765111161135536
3010802,1.5315707134528365
3010803,14.319769351617905
3010804,22.944637795893446
3010805,0.3998111807423308
3010806,223.08873919055983
3010807,19.2312837691222
3010808,21.11534912294346
3010809,2.227197435968546
3010810,75.9999855564777
3010811,10.166025103955542
3010812,196.85448626631882
3010813,211.0714123190634
3010814,11.7628879333061
3010815,14.937766816989056
3010816,256.2353626503735
3010817,52.677070312129054
3010818,2294.544660165719
3010819,0.10946269462036125
3010820,10.02629781827675
3010821,6.062716824421682
3010822,0.0
3010823,4.129130416171448
3010824,2508.300895224436
3010825,0.0
3010826,396.45406710317275
3010827,8.769933929309843
3010828,939.4190580533029
3010829,704.1720285461998
3010830,140.72742055551058
3010831,90.17316728865568
3010832,88.42617321229095
3010833,3121.386717005977
3010834,22.74012542061729
3010835,1.175739848688753
3010836,32.729306031791694
3010837,87.29132708784708
3010838,0.13572588025423632
3010839,275.5042862045488
3010840,15.07472669601349
3010841,11.969850365463252
3010842,8.562935691094271
3010843,87.57332440850378
3010844,9.096195403415562
3010845,164.06400639310024
3010846,287.20681262480036
3010847,6.447792212749227
3010848,7.715306795823485
3010849,106.64826811795197
3010850,44.862326461923125
3010851,1677.1653683314858
3010852,0.7632855085191588
3010853,12.847300000218649
3010854,8.122325965957293
3010855,0.28604280338457566
3010856,2.3566442926486846
3010857,3281.742218266836
3010858,0.0
3010859,693.357386050477
3010860,7.90927222354142
3010861,1635.7108126720123
3010862,605.9493141908616
3010863,208.57373835803122
3010864,1679.5583822634262
3010865,52.22743270557208
3010866,5091.066499868417
3010867,42.967096437724344
3010868,1.2846227845384008
3010869,19.363992342412548
3010870,16.446399428040195
3010871,0.2510562262545211
3010872,313.95143195933207
3010873,5.258646729727047
3010874,14.078617744700132
3010875,6.7034082472604615
3010876,52.376864828496416
3010877,4.11762546205525
3010878,125.17991898592516
3010879,245.86695234292517
3010880,6.917676112838296
3010881,6.735237219595235
3010882,208.58085799499577
3010883,45.19296254215583
3010884,1499.6552776641072
3010885,4.281778347678569
3010886,16.91370525706224
3010887,2.306294535875695
3010888,0.05167321144853362
3010889,3.2475369181665807
3010890,2272.3968809659254
3010891,0.0
3010892,360.1316000489977
3010893,7.096517377430551
3010894,688.0920592182831
3010895,655.1335765815448
3010896,173.05705229544387
3010897,134.5028791781649
3010898,59.89130993914129
3010899,2911.2817047863577
3010900,24.87022934816657
3010901,1.236148972584318
3010902,11.549836468444125
3010903,11.860302339646884
3010904,0.5603270479134352
3010905,212.8268338177791
3010906,15.947702648806526
3010907,15.494083363724384
3010908,1.6667257801537414
3010909,44.358685288835815
3010910,6.770694884714618
3010911,334.44298534605224
3010912,163.5881872473889
3010913,6.7189630322647576
3010914,7.454124360538348
3010915,306.9937930526014
3010916,19.820253200554653
3010917,1817.6297410999603
3010918,0.0
3010919,18.983796625930353
3010920,3.076268602260714
3010921,0.23777749778329596
3010922,2.382807626450678
3010923,4359.474787565516
3010924,0.0
3010925,413.1116382674395
3010926,7.1215124295807
3010927,1626.8754139230834
3010928,689.1234938850206
3010929,311.2365992898171
3010930,265.75905309630224
3010931,68.13324182190864
3010932,5690.735956687267
3010933,10.37803911559308
3010934,2.3663525422295937
3010935,24.704427694552795
3010936,30.119700132274758
3010937,0.3972363322002446
3010938,417.71787185116386
3010939,0.0
3010940,0.0962292374544653
3010941,10.050966275264903
3010942,0.0
3010943,2.0817376842280035
3010944,136.13830946321588
3010945,291.6529543625801
3010946,3.4020214021502366
3010947,9.838780319637554
3010948,182.2243705100935
3010949,61.903836688082606
3010950,1242.5427524134268
3010951,9.903976837829813
3010952,9.114795912835584
3010953,6.487044635783098
3010954,0.0
3010955,7.943236959500019
3010956,3018.546272847566
3010957,0.0
3010958,489.96301706547564
3010959,9.450696913563107
3010960,1231.8994186603754
3010961,754.8424667594322
3010962,232.82613686642068
3010963,153.23060590924027
3010964,101.97902967957792
3010965,3481.8503475894954
3010966,37.46083423399464
3010967,1.612520991181711
3010968,21.589159193622166
3010969,30.82473133375463
3010970,0.40554697025447195
3010971,253.71570041332618
3010972,16.827748144061633
3010973,15.51580411851986
3010974,8.591561819761031
3010975,89.33017404027682
3010976,11.908781956228843
3010977,203.8648991350317
3010978,377.68481879428487
3010979,13.555440143579137
3010980,9.130655668968961
3010981,208.33288225270755
3010982,46.603931154079305
3010983,2105.170060714271
3010984,0.32210915399391116
3010985,6.967731842662189
3010986,2.8777325642343863
3010987,0.07101108258644548
3010988,4.461531073913815
3010989,2492.0144742079833
3010990,0.0
3010991,459.91622432518125
3010992,7.6595147893747315
3010993,675.6372672502844
3010994,766.2558127326513
3010995,168.11304090066605
3010996,143.87060263763362
3010997,98.24758780564282
3010998,2918.664273744059
3010999,34.71423947457536
3011000,1.3375479378228705
3011001,20.933538638084805
3011002,17.588273245752735
3011003,0.2636082716377338
3011004,191.33513423255388
3011005,18.258434219082226
3011006,27.422995640364444
3011007,4.649429796051083
3011008,36.79554007726264
3011009,9.870660660167529
3011010,202.87212294578194
3011011,187.1012623232951
3011012,9.018418126262244
3011013,9.393737069653918
3011014,193.42908233971528
3011015,38.88554871199187
3011016,2202.3736417830023
3011017,0.0
3011018,14.391276395456295
3011019,3.299028230898594
3011020,0.09451630886271838
3011021,2.676397615226408
3011022,5140.630519713004
3011023,0.0
3011024,544.6519492387113
3011025,13.447698070798822
3011026,1086.2836176516273
3011027,652.3703217735308
3011028,249.17965358968254
3011029,344.03092459952154
3011030,49.34669201647604
3011031,4614.025888474549
3011032,11.672467674999968
3011033,0.1117401801690225
3011034,7.834394827720095
3011035,15.89360911153591
3011036,0.10537537992598134
3011037,238.26313404660007
3011038,0.0
3011039,5.35213334673198
3011040,1.011914390370287
3011041,50.82111089547757
3011042,3.7395046212644036
3011043,221.35156007329607
3011044,239.51855855283728
3011045,2.4954069355415847
3011046,2.045819136705788
3011047,178.3755804155473
3011048,116.59196394751648
3011049,1113.50030256902
3011050,13.171059548900354
3011051,1.1265745528919857
3011052,12.528246649695568
3011053,0.0
3011054,13.0759811090989
3011055,7926.235140041867
3011056,0.0
3011057,1438.1139849894269
3011058,17.987788429047338
3011059,2094.3779449576828
3011060,2027.9350788216934
3011061,470.65414615337073
3011062,566.8383253680641
3011063,314.66630031385364
3011064,7919.1870737098
3011065,87.00007795745027
3011066,3.785412597202066
3011067,68.27155886478914
3011068,93.1436059530431
3011069,1.081646728970295
3011070,609.0771676270635
3011071,25.521870251000173
3011072,20.878306734896302
3011073,19.33334856751786
3011074,250.80371273983945
3011075,24.458202316736724
3011076,680.5978127826223
3011077,395.08255706910876
3011078,35.274023477457256
3011079,25.508484350683638
3011080,879.4107887404442
3011081,212.96586942814986
3011082,7440.718180607619
3011083,80.60070708802579
3011084,69.39242443689275
3011085,12.159535978925495
3011086,0.0
3011087,9.490305879505495
3011088,7995.601451827927
3011089,0.0
3011090,1107.5663681004094
3011091,16.951226991857407
3011092,2223.9727626171075
3011093,1985.4966873680642
3011094,611.5983792444569
3011095,368.966286557533
3011096,248.844035811874
3011097,9466.537204018365
3011098,147.39886004954695
3011099,2.0470554452220107
3011100,15.779340753933985
3011101,86.14007762411404
3011102,1.3187101764603812
3011103,583.8603609406273
3011104,18.538689300999735
3011105,26.771430869468432
3011106,5.003849213037462
3011107,132.74901680156506
3011108,16.46112499717422
3011109,887.1721333132924
3011110,560.636036361564
3011111,17.485308426449063
3011112,26.369491732323077
3011113,1087.9275200028233
3011114,162.99984174647884
3011115,5311.173671255563
3011116,159.807179703415
3011117,71.83863839662762
3011118,9.384045622494599
3011119,0.0
3011120,12.998256608174312
3011121,5155.196000883963
3011122,0.0
3011123,839.9287021563737
3011124,9.639906938444215
3011125,2033.9981705862679
3011126,1476.639686445551
3011127,620.7193601940476
3011128,142.2827809204085
3011129,173.56153900809568
3011130,7871.858822578078
3011131,39.650137580716105
3011132,2.7162572648456207
3011133,27.441079099908332
3011134,25.224746648323876
3011135,0.622551044502562
3011136,494.38591545729645
3011137,19.924326403035064
3011138,20.72361985701222
3011139,7.045477591948426
3011140,83.83991804984316
3011141,8.490904717679978
3011142,837.2050014269433
3011143,541.5956544416186
3011144,19.459713781464917
3011145,40.45704508845285
3011146,597.1152709411276
3011147,114.95022869251096
3011148,2268.120117787632
3011149,86.29320993240272
3011150,30.523892209293404
3011151,13.056565502609285
3011152,0.0
3011153,12.459509323499436
3011154,7401.512496349057
3011155,0.0
3011156,1075.691921383115
3011157,19.057002469819775
3011158,2105.3834983954107
3011159,1889.4508508974645
3011160,607.5659124789498
3011161,333.7192200963931
3011162,193.91874636818463
3011163,8768.413567045596
3011164,51.34847016828065
3011165,1.637453534219832
3011166,32.01184109966442
3011167,81.53277758226527
3011168,0.7832073806228811
3011169,554.748440570127
3011170,21.646576799731626
3011171,24.394816023688655
3011172,4.679454347891668
3011173,129.33633491826583
3011174,12.004669936998429
3011175,737.2477467955712
3011176,522.284243457177
3011177,21.02379030770875
3011178,20.94549274497918
3011179,1084.801415984365
3011180,155.83113290320847
3011181,4767.056903522382
3011182,95.77756672148402
3011183,56.25842741360864
3011184,9.782264556813113
3011185,0.0
3011186,13.892022418926372
3011187,3549.2040395000145
3011188,0.06359649721644686
3011189,730.7457012602846
3011190,10.268538895651563
3011191,1590.130742284137
3011192,1012.4645587783396
3011193,521.0843130403891
3011194,104.20713221871415
3011195,109.73467538755062
3011196,6067.257014119482
3011197,39.22808270625205
3011198,0.6947954710838712
3011199,18.6728449670384
3011200,53.751033551538065
3011201,0.9183190179758884
3011202,437.65871468398217
3011203,12.765345592067863
3011204,10.688157813731538
3011205,1.8743200513262397
3011206,69.97736431053893
3011207,4.3625479174176505
3011208,672.004194395441
3011209,456.58485531815353
3011210,17.423885966064525
3011211,18.782169607837336
3011212,671.1741582197416
3011213,46.368657613945075
3011214,1424.2581781277252
3011215,74.01309561830388
3011216,13.67562418387131
3011217,12.675642057911885
3011218,0.0
3011219,9.503412210750597
3011220,6415.316993132303
3011221,0.0
3011222,1148.2115578793187
3011223,20.107730956974034
3011224,1775.1488416213774
3011225,2102.1509652347227
3011226,396.993663552748
3011227,485.5998662118019
3011228,296.9268479665942
3011229,7465.290751501942
3011230,84.2201627901185
3011231,1.9822478827000551
3011232,29.69448064675576
3011233,60.35758936651915
3011234,1.0697850305083092
3011235,464.5327700920629
3011236,14.661528313913706
3011237,30.53389838081538
3011238,13.216731246415454
3011239,168.15301965509758
3011240,19.05825793985852
3011241,717.9463355044182
3011242,456.4638152854799
3011243,19.556358831539153
3011244,27.235104250460857
3011245,969.656091687657
3011246,167.7354018715993
3011247,7438.9146191917935
3011248,78.63403400434515
3011249,78.17089027902385
3011250,5.997163733213325
3011251,0.06908963261076628
3011252,3.812298109467681
3011253,1940.340494400467
3011254,0.0
3011255,350.4442801889025
3011256,17.616833678340416
3011257,921.9814257826561
3011258,549.0530006131213
3011259,214.35069401536015
3011260,89.35475259048594
3011261,80.78054430078505
3011262,2775.591825208377
3011263,56.26668383297881
3011264,1.9821371640348089
3011265,19.000432897161478
3011266,22.612152277074554
3011267,0.8752860023679279
3011268,236.8935005509248
3011269,14.241323980657805
3011270,7.706099423058641
3011271,12.371582546876136
3011272,33.079718405764446
3011273,7.861733137434466
3011274,241.7028234497648
3011275,210.33973131011524
3011276,2.5394982733991056
3011277,6.121748540756254
3011278,206.47841013414512
3011279,47.45798651106689
3011280,1484.4661441275905
3011281,2.0906627043297017
3011282,9.735857802414358
3011283,8.601327559097134
3011284,0.0
3011285,10.874077999158999
3011286,4178.43333611776
3011287,0.0
3011288,506.34381773150767
3011289,21.019723616666795
3011290,1585.547005470464
3011291,1078.0291587645247
3011292,425.3068846321766
3011293,114.29073128226187
3011294,106.95378652175293
3011295,5924.575134738938
3011296,109.7478875174335
3011297,1.4482855679978717
3011298,35.174079586902664
3011299,43.364332806303835
3011300,0.8020928072677136
3011301,439.1438640807134
3011302,17.59224601097744
3011303,5.8300138230948715
3011304,2.4482228866547056
3011305,96.0521172282911
3011306,8.266097110630866
3011307,508.25742871513415
3011308,456.3588118076942
3011309,11.456258527693183
3011310,17.00652747507392
3011311,353.7830214655465
3011312,59.701142398728386
3011313,1978.322970577977
3011314,67.80629823276642
3011315,18.241973289833503
3011316,5.846132226870105
3011317,0.0
3011318,3.8062719639453855
3011319,4333.9617831483165
3011320,0.09470987826168771
3011321,822.4353590416541
3011322,7.623710854476295
3011323,1441.0547851739177
3011324,1527.17517201271
3011325,248.3220836779697
3011326,357.20882740558824
3011327,196.4176067791322
3011328,4928.2784195027425
3011329,46.40108127189077
3011330,1.9146116441854886
3011331,29.870086716396685
3011332,27.79713844654572
3011333,0.27723323572400665
3011334,332.9751222586106
3011335,3.1389072144176247
3011336,38.81805162744106
3011337,5.376105821209101
3011338,87.15908641041524
3011339,11.513098177006194
3011340,559.4561786240414
3011341,272.20448773651333
3011342,18.827732107377287
3011343,11.41212977881908
3011344,613.6684519298565
3011345,113.44876367376514
3011346,4979.606221859853
3011347,20.672434191884626
3011348,46.38290642561745
3011349,14.087242534241055
3011350,0.0
3011351,9.66390141879737
3011352,5620.5260220360615
3011353,0.0
3011354,1027.9011160281416
3011355,13.927811168264961
3011356,2083.062630845949
3011357,1481.8378128372947
3011358,446.87886246550744
3011359,275.54020844943636
3011360,376.40620248048396
3011361,7562.8662741107455
3011362,66.0996510346015
3011363,4.235701157303913
3011364,61.290931112970185
3011365,60.369191573865145
3011366,0.8529972817463339
3011367,457.90822689213394
3011368,13.193734560136514
3011369,68.1985068698124
3011370,10.497939265030771
3011371,246.84367162645964
3011372,12.79478327139256
3011373,607.3754769372043
3011374,442.68905792394344
3011375,17.95432398531193
3011376,34.22506732088102
3011377,608.439729617662
3011378,167.5515620817342
3011379,6050.6299268502025
3011380,15.7173983510244
3011381,12.129904596091164
3011382,8.075174120659801
3011383,0.11877120705493309
3011384,2.723223615312436
3011385,2076.6361543087114
3011386,0.0
3011387,444.5896104658555
3011388,5.549831458490111
3011389,812.3199929394866
3011390,496.8705993873838
3011391,219.71637928903192
3011392,94.81862115559922
3011393,78.79605116953739
3011394,2887.1202250647943
3011395,17.61456328075338
3011396,1.0562027210667118
3011397,22.638756942568566
3011398,23.71821853705807
3011399,0.1075443590046953
3011400,181.4003800849275
3011401,4.998875534039968
3011402,11.6642040982128
3011403,5.539732457669225
3011404,61.11409747148191
3011405,3.983056081210388
3011406,252.6547117221558
3011407,192.688099556275
3011408,5.788298771206782
3011409,5.564107748965176
3011410,176.37512728856305
3011411,47.23084715454941
3011412,1769.8314789564638
3011413,0.0644387101875677
3011414,3.386996173979901
3011415,5.027666789233824
3011416,0.0
3011417,1.7524292891956217
3011418,3779.4279446101864
3011419,0.0
3011420,246.25244727428085
3011421,2.1938345485966813
3011422,1288.8326727463605
3011423,251.69362607992852
3011424,234.4650518346082
3011425,79.0888556767736
3011426,23.899116958844882
3011427,3479.478306003601
3011428,6.886886841992793
3011429,0.6506967089486211
3011430,20.78968500656607
3011431,14.288406884001022
3011432,0.31300283754340014
3011433,226.92357416222896
3011434,0.0
3011435,0.0
3011436,3.8645144716886364
3011437,19.587173211971546
3011438,1.2699186322878957
3011439,58.8870977953253
3011440,173.11779318565067
3011441,0.0
3011442,1.0566676379253375
3011443,62.94682888804487
3011444,97.05542730876758
3011445,591.4107532666445
3011446,2.614791797010274
3011447,3.424118204426062
3011448,4.6261090309151305
3011449,0.2715500809818591
3011450,5.363888323958855
3011451,3250.6361522120824
3011452,0.0
3011453,568.337033035491
3011454,9.684792651631955
3011455,1139.0292671007771
3011456,936.1016515384878
3011457,316.0640480338648
3011458,183.7817338242355
3011459,119.3571319030789
3011460,4420.5732689631595
3011461,41.532746982616786
3011462,1.302756299834496
3011463,23.815506915445365
3011464,44.41797442146798
3011465,0.1518030805651487
3011466,306.39524709073186
3011467,15.877197669686483
3011468,9.963157749683523
3011469,9.893870170929796
3011470,57.58319044426054
3011471,6.169341298617494
3011472,397.37147243392934
3011473,266.2233753599336
3011474,8.28184465350794
3011475,10.369033750562021
3011476,479.93655884688843
3011477,61.50967319449219
3011478,2328.367589210172
3011479,0.0
3011480,32.21172792098127
3011481,4.499542742884944
3011482,0.10407841072272923
3011483,4.858970629422025
3011484,4258.916281213706
3011485,0.08607466321559917
3011486,774.4628713300876
3011487,13.849486526884338
3011488,1141.5122157132575
3011489,1398.0841369598038
3011490,208.12897259593254
3011491,323.28418408976063
3011492,193.85178520933272
3011493,4275.800780498757
3011494,50.16694655839256
3011495,3.9131986575839135
3011496,26.908255078682977
3011497,43.04731773520025
3011498,0.7912079468939667
3011499,265.5074984150458
3011500,18.394269947837206
3011501,34.50539250569887
3011502,7.260826297820544
3011503,93.47649163067123
3011504,13.962008860818976
3011505,473.34843204643255
3011506,242.069545452104
3011507,10.11630102825845
3011508,15.080700324600887
3011509,682.0109728086005
3011510,115.3968178635489
3011511,5452.897043915147
3011512,0.2896040835938894
3011513,45.14185488044918
3011514,5.389132755346602
3011515,0.1963571456909979
3011516,7.026065233654436
3011517,3829.4838556397194
3011518,0.0
3011519,767.2305671903355
3011520,19.252900051034164
3011521,1076.3802229849287
3011522,1268.2110925323884
3011523,263.0522948573732
3011524,303.1330252449829
3011525,128.6198866827494
3011526,4306.691190633049
3011527,39.35459381396696
3011528,3.751215533893994
3011529,29.81781511774183
3011530,39.1948245449837
3011531,0.6213949918869218
3011532,304.24901976239084
3011533,19.65740620362253
3011534,30.439464348912292
3011535,18.118570428873106
3011536,95.49163001773289
3011537,15.621259346855213
3011538,394.07206512960755
3011539,297.7823615617749
3011540,17.470830415696085
3011541,20.063885736214964
3011542,535.7575016757357
3011543,113.59443331922252
3011544,3920.1766931234174
3011545,0.5586226948767851
3011546,30.526846840928886
3011547,13.310905155093275
3011548,0.03043411984004195
3011549,5.507076818234554
3011550,2881.350407380323
3011551,0.0
3011552,523.5632309976279
3011553,7.792760378801634
3011554,1276.640784529141
3011555,753.0441368764122
3011556,444.88180001361803
3011557,295.25479975987906
3011558,66.1193368826443
3011559,5326.186294003388
3011560,14.348131827183416
3011561,1.2720158319209356
3011562,3.5998904162375087
3011563,31.225698418659274
3011564,0.1799396077697169
3011565,361.4132051503657
3011566,13.063242876512609
3011567,5.531275817737102
3011568,4.773888610928763
3011569,32.82050197521087
3011570,3.146948433814556
3011571,313.4134387831358
3011572,331.0627944862306
3011573,6.199723941673334
3011574,6.773801378840481
3011575,333.5219603814224
3011576,96.01137128251064
3011577,1293.5834839740864
3011578,32.97281171387348
3011579,16.236972191908045
3011580,4.4671978795242815
3011581,0.0
3011582,3.4851436644287745
3011583,2264.945829759364
3011584,0.13713448952366133
3011585,329.92421965938075
3011586,15.873557079371992
3011587,722.2626567490387
3011588,674.9429099887449
3011589,133.84063835075534
3011590,137.7372160756259
3011591,118.79736676312754
3011592,2827.754914078675
3011593,28.362789202665795
3011594,2.162773025370937
3011595,19.048147712815506
3011596,26.341901510548325
3011597,0.6339931691707557
3011598,186.07865680039652
3011599,13.383484473159015
3011600,21.059392061437794
3011601,11.31163718782339
3011602,85.88691032764885
3011603,6.312441073635985
3011604,295.9670963682031
3011605,143.43000558973637
3011606,5.230434274323872
3011607,10.300020981950798
3011608,318.16544651681255
3011609,44.52236069407641
3011610,2210.1837082853417
3011611,0.11658532971909485
3011612,23.658051149535908
3011613,1.3136706722495035
3011614,0.0
3011615,2.4801549133508485
3011616,1174.9135616147855
3011617,0.0
3011618,100.72590933658765
3011619,3.9844247276793983
3011620,677.0523668805153
3011621,300.88251951231706
3011622,224.1306028382482
3011623,43.227581196679445
3011624,31.172806804739846
3011625,2353.6975618732927
3011626,6.910408886029219
3011627,0.25851840500329126
3011628,9.826898061288745
3011629,7.9612277311378765
3011630,0.07516310076489532
3011631,150.13741639317567
3011632,0.49549645049225716
3011633,0.0
3011634,0.45259944589680784
3011635,11.125329280312608
3011636,0.4268927093788026
3011637,148.84287919968085
3011638,136.23246943560818
3011639,0.7552783021104986
3011640,2.722879111896072
3011641,124.0072754325498
3011642,17.892122063166923
3011643,308.4846451337433
3011644,1.1766297567759227
3011645,1.0580805940606564
3011646,6.156027726824462
3011647,0.2200873994589502
3011648,2.2131166955203945
3011649,3596.647522326445
3011650,0.0
3011651,644.205282483511
3011652,9.311157456050365
3011653,1284.6903788766958
3011654,558.366112897551
3011655,417.47702106110324
3011656,244.11109497695261
3011657,68.62749516154666
3011658,6008.775114851781
3011659,30.844949753745784
3011660,0.7583063557491763
3011661,0.0
3011662,11.203469997754057
3011663,0.3217730213089359
3011664,352.8681420808307
3011665,11.779062462921434
3011666,3.3337153493805367
3011667,7.6080925239194634
3011668,36.4916906786469
3011669,2.913219897688324
3011670,595.4998379320614
3011671,268.8169503796351
3011672,2.390597792221508
3011673,9.65749614391174
3011674,377.8253030746168
3011675,98.2496746863794
3011676,2028.6204985026488
3011677,6.555911763132111
3011678,8.01024083012887
3011679,3.2474842251418297
3011680,0.053396238913876244
3011681,1.0084335831687345
3011682,1554.0083974169127
3011683,0.0
3011684,151.20132403836078
3011685,11.781171334384167
3011686,942.0989155696561
3011687,399.23303732997454
3011688,214.00889627466174
3011689,41.92974914486865
3011690,29.746228261748232
3011691,2670.4940778370765
3011692,9.191986862695968
3011693,1.305993354600294
3011694,11.601866741520189
3011695,17.678659384891034
3011696,0.45921877010420337
3011697,156.52270720268316
3011698,9.541836340897069
3011699,0.0
3011700,5.51631294351282
3011701,36.40567095836842
3011702,1.8735183785599532
3011703,149.2709315045542
3011704,153.58799375028784
3011705,1.409020862832249
3011706,5.833760522726518
3011707,145.95851384553853
3011708,30.04414816788358
3011709,440.88775028942086
3011710,1.2390501612113582
3011711,4.655248225290496
3011712,2.803065035013714
3011713,0.0
3011714,4.11456350779641
3011715,1397.7427919773052
3011716,0.0
3011717,122.74575818383526
3011718,8.762543695057683
3011719,757.2337863052609
3011720,254.66052854576006
3011721,145.3377315233638
3011722,42.38380475695354
3011723,27.304979089272706
3011724,2581.712676878771
3011725,10.784498831409586
3011726,0.12525441173455534
3011727,14.396939816164485
3011728,8.27533909690744
3011729,0.17760602110010545
3011730,122.71801723043234
3011731,1.9052801814020426
3011732,0.0
3011733,3.4074406801587895
3011734,32.886643685607844
3011735,0.7327876584961006
3011736,167.17471324526915
3011737,151.3180101846089
3011738,0.8475265916343105
3011739,4.2098351374506455
3011740,84.13025867752604
3011741,16.920039674790974
3011742,227.89348716528517
3011743,1.1850761578227365
3011744,3.0128029945612376
3011745,2.4405240566402537
3011746,0.0
3011747,3.0009804536380136
3011748,1398.0668757343906
3011749,0.0
3011750,159.69026164045695
3011751,7.289966882461498
3011752,1345.3758977649925
3011753,361.079754220031
3011754,253.82147364252722
3011755,30.29473308121216
3011756,40.30670437889583
3011757,2861.8593108651676
3011758,12.416051134870614
3011759,0.22061798685157322
3011760,5.473061171744668
3011761,20.775138070188873
3011762,0.11503469338459099
3011763,192.65403065538393
3011764,2.372048865398429
3011765,0.0
3011766,2.7884365099615485
3011767,14.512146484920358
3011768,1.943325908724786
3011769,264.13095393443984
3011770,245.46656701434742
3011771,1.342590627440689
3011772,4.180125870210007
3011773,71.26198788436751
3011774,91.90824308144853
3011775,475.0769296186082
3011776,0.8858010230178628
3011777,3.7155072956651174
3011778,3.7912588800036318
3011779,0.599218131008698
3011780,3.704657847303586
3011781,1641.831953301154
3011782,0.0
3011783,153.57741844813907
3011784,1.3786027405212742
3011785,906.9324423526136
3011786,372.65796469827075
3011787,273.6098743860214
3011788,84.81442118383205
3011789,57.55852034925275
3011790,2740.8664034861476
3011791,8.362494480580589
3011792,0.8602007789428037
3011793,15.441667922738269
3011794,18.764025732238323
3011795,0.2387096720180514
3011796,210.64242236561802
3011797,7.572848753674322
3011798,0.0
3011799,5.092448964769243
3011800,21.753643858844118
3011801,1.9204415247921038
3011802,146.3918956677586
3011803,164.48916622427748
3011804,0.4276806086305186
3011805,5.643526856345733
3011806,116.27900930224051
3011807,50.6363786724181
3011808,1046.7029407035495
3011809,0.790871863202828
3011810,4.964820636132022
3011811,3.943024731212334
3011812,0.037446976655991684
3011813,2.06805268184173
3011814,1266.6737229836774
3011815,0.0
3011816,150.5280628560476
3011817,4.8971247731292245
3011818,1143.5277819509413
3011819,244.2806821458075
3011820,156.58113789114722
3011821,116.84962488249623
3011822,22.493366608376984
3011823,1876.5526662768352
3011824,5.241757306733872
3011825,0.6797116802424777
3011826,8.480070113698984
3011827,10.320823807702668
3011828,0.1950846894129284
3011829,137.2666054102919
3011830,0.0
3011831,0.0
3011832,1.9298135888735524
3011833,55.1140513385301
3011834,1.1897068729074405
3011835,50.88839395768215
3011836,119.93035402109517
3011837,0.74508193564122
3011838,3.071726367419522
3011839,63.3158035955743
3011840,31.95833659548086
3011841,849.9914434569141
3011842,4.931783870965718
3011843,1.2628395984848677
3011844,6.987592193531803
3011845,0.41377873835537016
3011846,3.389461991261024
3011847,2972.6079318195857
3011848,0.0
3011849,316.4784999541388
3011850,4.758709479810455
3011851,1011.4173821239754
3011852,706.7984003667597
3011853,488.3303402629979
3011854,202.7777074101197
3011855,91.6495039518236
3011856,4388.984551308558
3011857,16.305702916631986
3011858,2.071741466472441
3011859,19.00115087980008
3011860,13.314710112042683
3011861,0.5723006890458203
3011862,265.8367233329956
3011863,0.931163284460096
3011864,0.0
3011865,5.701899611126088
3011866,23.886763079750782
3011867,2.4962338453038284
3011868,281.4594994487057
3011869,233.79855761919202
3011870,2.033229743647887
3011871,5.805980435219416
3011872,354.6747067815546
3011873,42.67277139231541
3011874,2153.5531189457483
3011875,4.204235585382839
3011876,15.074417204453738
3011877,2.9807311569460153
3011878,0.14126686556070453
3011879,4.195526463364274
3011880,2137.4328832487718
3011881,0.0
3011882,633.2914113983785
3011883,7.608331815558486
3011884,546.2994369406307
3011885,627.7446127973212
3011886,219.81035541082562
3011887,167.92824846856544
3011888,47.968483286135594
3011889,2791.0151600890567
3011890,12.239123477786576
3011891,0.91773828358022
3011892,22.940790466046796
3011893,15.271229075010975
3011894,0.5031654664071361
3011895,187.94418000324416
3011896,10.126898647656649
3011897,7.684005738416803
3011898,3.580617594568681
3011899,50.572507833548535
3011900,1.932329872732364
3011901,93.73986378896231
3011902,142.27324888000058
3011903,4.690780314597344
3011904,5.307950918116173
3011905,170.26266166808412
3011906,65.73072881479185
3011907,3397.8613503837028
3011908,12.291595546689635
3011909,12.508750744214478
3011910,5.456422731725992
3011911,0.3206721419597658
3011912,3.4102060356485397
3011913,2161.089714312568
3011914,0.0
3011915,150.6038582095215
3011916,7.903225927743679
3011917,786.5701148128462
3011918,334.5252000318905
3011919,284.4720219614514
3011920,67.28194611854448
3011921,43.10498729458898
3011922,3063.1079275674238
3011923,29.91210876890721
3011924,0.6655357697401809
3011925,12.962173347811863
3011926,13.294708201058684
3011927,0.15388768543217507
3011928,154.8085786132738
3011929,6.516127639277854
3011930,0.0
3011931,3.6575849444220205
3011932,37.15357176254027
3011933,2.5646439268039964
3011934,129.08716115985115
3011935,143.21746035898866
3011936,0.9500832369254969
3011937,4.812827260953685
3011938,92.52536861830288
3011939,28.94574610348839
3011940,541.8953304737053
3011941,1.2871740114435177
3011942,3.8826304829672664
3011943,4.494390314341297
3011944,0.0
3011945,7.001265697110098
3011946,2623.3537747446594
3011947,0.0
3011948,554.9519635503908
3011949,8.638923999785423
3011950,824.4182212207613
3011951,724.2085205464334
3011952,195.99535280697364
3011953,160.5365695081161
3011954,87.03615224682423
3011955,3455.4963363228294
3011956,43.89090807916705
3011957,0.9493761695700405
3011958,12.183074539560993
3011959,29.20281059772212
3011960,0.36781531702943904
3011961,225.20089909313938
3011962,18.142355484505334
3011963,14.67454556487311
3011964,4.5962131898777745
3011965,63.886744951223804
3011966,6.4135431326281624
3011967,402.3897745750834
3011968,196.5270712896979
3011969,9.671301917871757
3011970,8.308323032582384
3011971,387.8704429242036
3011972,78.23473630192099
3011973,1931.5759559654336
3011974,0.05021317736915113
3011975,27.265034441034853
3011976,6.880174944111806
3011977,0.2867040453245729
3011978,4.154714548078447
3011979,2781.892860333378
3011980,0.0
3011981,399.36695941690294
3011982,6.6357900215878285
3011983,1270.144893101315
3011984,584.6380161314721
3011985,536.6136275906223
3011986,85.43142984998454
3011987,57.80174433766116
3011988,4306.050033293967
3011989,13.483708573435681
3011990,0.5263464642999339
3011991,11.34720347701757
3011992,13.618400602664726
3011993,0.07297501909438178
3011994,267.69176968141016
3011995,1.9921875857510773
3011996,6.591978152751502
3011997,3.5788292674385818
3011998,33.81069140653169
3011999,0.8308407368542068
3012000,243.99314267309668
3012001,223.11246053997908
3012002,3.608437034703139
3012003,4.000641024769546
3012004,220.8710574864221
3012005,39.00148263728298
3012006,1226.8344620487162
3012007,14.596417979537769
3012008,10.274944058426637
3012009,9.364057920023617
3012010,0.3042933411511928
3012011,3.9920533339771427
3012012,2664.977912394649
3012013,0.0
3012014,425.7913504839212
3012015,4.954115849491711
3012016,1493.449302104407
3012017,560.9127838278299
3012018,301.77931651151226
3012019,239.59387167097634
3012020,89.47110671983228
3012021,3519.9732629194477
3012022,14.254146088728064
3012023,0.685607332980533
3012024,29.13194520608905
3012025,31.920427308977775
3012026,0.2102206726260724
3012027,278.3653307072043
3012028,3.97795277103957
3012029,4.475528179928594
3012030,12.794931458844626
3012031,80.85461333627345
3012032,1.8123699923306325
3012033,112.35139691839802
3012034,222.8664771531003
3012035,2.8881055957257757
3012036,4.3450457598023755
3012037,150.94416496911919
3012038,143.78964959959825
3012039,2070.2104736856227
3012040,14.141304477950658
3012041,6.655129156427211
3012042,3.153222088822821
3012043,0.0
3012044,2.828637770002482
3012045,1496.13834709819
3012046,0.0
3012047,132.04652953909175
3012048,5.603511706828121
3012049,589.4661887927608
3012050,311.56928671275483
3012051,142.8962594603667
3012052,50.71221625914539
3012053,43.767349248850046
3012054,2268.8768171913725
3012055,12.64237969426371
3012056,0.5755872778818995
3012057,10.13552779347409
3012058,16.965528616934606
3012059,0.0
3012060,150.52797542511485
3012061,2.4170158429171895
3012062,0.0
3012063,4.961030057534335
3012064,55.647822618897855
3012065,2.6091347336435367
3012066,94.05324507049674
3012067,147.14303679452996
3012068,0.9065574536495219
3012069,4.595874513242781
3012070,149.7918461631563
3012071,39.646726302565426
3012072,606.6633977221402
3012073,1.1240301923201637
3012074,2.7749191096614565
3012075,1.111711978691834
3012076,0.0
3012077,0.8537882768857413
3012078,1387.574748539744
3012079,0.0
3012080,257.5314847817991
3012081,10.746910374118062
3012082,507.46889234139155
3012083,470.00123909184305
3012084,115.15660291014466
3012085,50.60682114279954
3012086,58.48057141393506
3012087,2047.1486602607852
3012088,33.002427445873636
3012089,0.6763837500829001
3012090,12.21533554009457
3012091,12.739596051947993
3012092,0.23819091340050172
3012093,121.6728499573441
3012094,9.423996773134599
3012095,2.663491049134244
3012096,3.099335683188676
3012097,39.630225667326776
3012098,5.437227275582324
3012099,878.929664291497
3012100,133.35697374526706
3012101,4.383685018111162
3012102,4.695705467467689
3012103,371.1766289706188
3012104,27.76406425897306
3012105,1123.3109329190352
3012106,0.0
3012107,8.08503649779352
3012108,2.9556965287937427
3012109,0.10949946916452838
3012110,3.184605062940853
3012111,3244.844052928143
3012112,0.0
3012113,681.9320110202134
3012114,11.317625486629753
3012115,1045.730188265298
3012116,1170.538259530004
3012117,251.06560911939826
3012118,224.3144975563979
3012119,148.2573181662802
3012120,3884.550761569702
3012121,35.467579068339546
3012122,1.3850559399613023
3012123,15.769216531676932
3012124,29.098639525719832
3012125,0.11419034788707828
3012126,242.08394255322565
3012127,12.087487085977752
3012128,37.7936165166186
3012129,8.90984176030524
3012130,78.03447951722221
3012131,11.362881715031998
3012132,355.23683195400116
3012133,228.06867890803238
3012134,15.525408241075281
3012135,10.568195350774122
3012136,481.7483216546954
3012137,101.47428728682127
3012138,3265.225438326612
3012139,0.5538714816565591
3012140,22.860491201402514
3012141,1.8890199778261922
3012142,0.06944510626871071
3012143,1.8805792474170562
3012144,1108.9278870288442
3012145,0.0
3012146,234.11683002163505
3012147,3.7666252569188123
3012148,262.79118284772227
3012149,376.6938900232775
3012150,100.29299226106801
3012151,75.19117119814628
3012152,0.0
3012153,1270.8360014261434
3012154,13.946556501232484
3012155,0.502764033002251
3012156,5.835115740655244
3012157,7.862172842303172
3012158,0.1116891416085978
3012159,62.639267778194686
3012160,0.0
3012161,17.273947882159195
3012162,0.8965251549833171
3012163,47.854825274944375
3012164,5.514890896037084
3012165,135.3147777777093
3012166,56.34908623353983
3012167,2.9448527369734805
3012168,3.613952889028052
3012169,120.41159968346089
3012170,20.14182893576044
3012171,908.5132894605388
3012172,3.049189051564022
3012173,2.6922381412131378
3012174,3.984494603437447
3012175,0.0
3012176,0.020970901012619825
3012177,1141.1184829848069
3012178,0.0
3012179,195.44385498796296
3012180,4.717050390566468
3012181,365.8085566907964
3012182,216.22686425931485
3012183,68.48735076098315
3012184,30.472790172469505
3012185,21.006664906060546
3012186,1415.7582475450824
3012187,13.897359426303842
3012188,0.6724784927388014
3012189,10.477359799780057
3012190,10.117334663886092
3012191,0.5265112944155853
3012192,69.12641804781714
3012193,0.2291682030080585
3012194,6.521996544809654
3012195,0.19694489825927422
3012196,16.772247727418545
3012197,0.5386465653259371
3012198,222.75001771009653
3012199,115.62073255440714
3012200,2.6807444457050975
3012201,1.171174275979276
3012202,116.33484269293983
3012203,25.17204129793908
3012204,359.2703676914853
3012205,1.8521716252742788
3012206,1.260585766984939
3012207,4.5988015118892465
3012208,0.2558338509173759
3012209,1.745449343052752
3012210,2842.199874853622
3012211,0.15136740314037192
3012212,539.0277857973566
3012213,13.24683174901379
3012214,780.1631018821415
3012215,842.4996330960399
3012216,272.2644640594245
3012217,222.5783803451288
3012218,88.99788790175279
3012219,3401.4181831681676
3012220,21.786026908428205
3012221,3.33445703007165
3012222,16.405656733788383
3012223,22.050978579301884
3012224,0.1238778276982286
3012225,213.5202303603918
3012226,6.754283374550659
3012227,29.443407798409996
3012228,8.340843214519111
3012229,91.34260067916857
3012230,4.077830001719696
3012231,249.0339458283604
3012232,195.40986683766693
3012233,9.564709789637893
3012234,7.075954371213575
3012235,334.40137514893587
3012236,60.09120562806363
3012237,2280.067653604812
3012238,2.04412621455423
3012239,10.405535639978506
3012240,6.796720450311571
3012241,0.0
3012242,3.952074347742231
3012243,3242.148077291318
3012244,0.0
3012245,681.7475248188007
3012246,13.917306926415396
3012247,1168.9841994621165
3012248,952.1252818682201
3012249,393.96468006567267
3012250,303.8977386486278
3012251,61.10423138676961
3012252,4925.734143519548
3012253,16.107111179053256
3012254,1.186551217650964
3012255,30.395654834857766
3012256,16.776584503654494
3012257,0.826604027723709
3012258,280.44841513035334
3012259,0.0
3012260,8.048541288552169
3012261,5.7405860130000725
3012262,34.87612349772601
3012263,1.291475341815638
3012264,191.60821007648923
3012265,321.21803802071474
3012266,4.928130760612069
3012267,4.384166888710531
3012268,216.53244685110295
3012269,83.31332684508308
3012270,3038.989198374923
3012271,15.706729512857214
3012272,2.0597842471056165
3012273,6.745476171247296
3012274,0.17677630691472282
3012275,1.9229537397361072
3012276,2856.163906021498
3012277,0.0
3012278,660.179317584546
3012279,11.264886740334205
3012280,992.8432191118352
3012281,734.0608348526781
3012282,288.25458316042796
3012283,216.94405659206947
3012284,52.843153644834224
3012285,3997.574476556786
3012286,15.89828371035083
3012287,1.6300598076645598
3012288,25.27089442971043
3012289,15.283406537708782
3012290,0.2860822848882226
3012291,250.15155459096246
3012292,0.0
3012293,9.196335741423015
3012294,5.323445198131285
3012295,51.848002808732296
3012296,2.3910116435414537
3012297,119.62454460267395
3012298,236.52444023128635
3012299,4.554325105861984
3012300,3.2181432967185004
3012301,191.24341608868818
3012302,66.50791212297436
3012303,2476.7757083433526
3012304,9.29480554617171
3012305,5.724052247154798
3012306,8.030117576598615
3012307,0.8568214350790562
3012308,10.136186173072486
3012309,7031.38272862308
3012310,0.0
3012311,1014.7776710693446
3012312,41.649434066342074
3012313,1620.4529974528791
3012314,1741.2085788109764
3012315,305.4580762253604
3012316,422.6929846748932
3012317,274.0924560685938
3012318,6474.867805930612
3012319,84.02319187588243
3012320,3.0051780125302643
3012321,34.442981323255566
3012322,49.026764565593176
3012323,0.7945985007765796
3012324,426.0682817719683
3012325,26.893403606288597
3012326,53.8520826901973
3012327,21.12654377293938
3012328,167.64093350698002
3012329,24.79427493285014
3012330,556.2232221663944
3012331,394.1868500485126
3012332,14.884064608862017
3012333,19.402240395229366
3012334,901.192173601442
3012335,176.7226366575259
3012336,6239.245700221067
3012337,0.7767282243337552
3012338,64.21724453234023
3012339,4.211078116850471
3012340,0.4292376292392925
3012341,1.2761420868588575
3012342,1632.3127154585452
3012343,0.0
3012344,169.99607225239365
3012345,3.9307143177374386
3012346,1143.0651075908015
3012347,284.2199451867233
3012348,118.4016331806696
3012349,162.01812907200252
3012350,50.58435127303549
3012351,2598.5439601687735
3012352,5.26055734044549
3012353,0.5719236122940307
3012354,14.655161061513768
3012355,8.222009069918274
3012356,0.6122990270537839
3012357,182.85687034362243
3012358,0.20323735556729478
3012359,0.0
3012360,3.5232891541081206
3012361,45.12207981061414
3012362,0.7189396838974789
3012363,75.30577068248509
3012364,97.3824213642327
3012365,1.7714704079651193
3012366,5.085487317913089
3012367,117.24443493732171
3012368,22.60349875403726
3012369,1244.1365666662903
3012370,5.467894104912886
3012371,5.545793160012407
3012372,6.181663986895096
3012373,0.2924673109739677
3012374,3.161026901442975
3012375,3301.873905925668
3012376,0.0
3012377,533.757149186942
3012378,9.077883468288084
3012379,1158.0144995889466
3012380,651.5110864617315
3012381,234.93328891000002
3012382,341.36886479752536
3012383,80.61771346035856
3012384,4281.82793043981
3012385,14.20527095889088
3012386,0.5832486169551175
3012387,20.54410226822021
3012388,17.640939351145697
3012389,0.15116748984550638
3012390,270.8788589517436
3012391,1.8540499992186605
3012392,5.326187704616485
3012393,10.208783103570859
3012394,18.09086949054897
3012395,1.8609206816937423
3012396,336.5734363773431
3012397,241.53090978047734
3012398,3.6014384626965885
3012399,7.353864536046754
3012400,131.91970070357704
3012401,52.42648595427414
3012402,2732.933873715269
3012403,12.61923483083902
3012404,6.295321401757329
3012405,0.8859134110917724
3012406,0.013338779029816422
3012407,0.7832598114233508
3012408,1005.5276229338094
3012409,0.0
3012410,104.50537523981981
3012411,2.615413537613289
3012412,855.7968640850614
3012413,154.66473328904573
3012414,84.02619902590357
3012415,177.3531925904904
3012416,13.416049611431662
3012417,1901.5571318170894
3012418,2.3104555166609093
3012419,0.427966201228806
3012420,7.121114320945863
3012421,3.130208890355389
3012422,0.010056206894244175
3012423,85.40233962828722
3012424,0.0
3012425,0.0
3012426,0.8187901862414826
3012427,10.674945425117288
3012428,0.2561148299558707
3012429,75.11627270522541
3012430,77.27460299503657
3012431,1.0433559092715023
3012432,1.8601150277400198
3012433,52.73602797752545
3012434,10.343794369688874
3012435,387.9844645123525
3012436,3.8869718961396362
3012437,1.5413130670696484
3012438,7.8354443316339975
3012439,0.0
3012440,3.031938279034018
3012441,2280.030332962068
3012442,0.0
3012443,239.77231482179897
3012444,7.600996011231148
3012445,952.4924389250549
3012446,398.8092151002171
3012447,183.09547426338162
3012448,150.77625798779968
3012449,55.87833512406376
3012450,2994.0690193384316
3012451,4.375338438402986
3012452,0.9227261645182775
3012453,18.50338131180676
3012454,15.399168145852212
3012455,0.34685237903816407
3012456,199.1796453031075
3012457,0.0
3012458,0.0
3012459,14.424569729366576
3012460,23.222601640832327
3012461,1.9391733004513152
3012462,265.508091479888
3012463,173.94263809880434
3012464,1.9308172150434142
3012465,4.656002984476702
3012466,209.96357286234837
3012467,28.301662247509494
3012468,2088.15312267753
3012469,7.067834700355656
3012470,1.7139140610457677
3012471,3.3347797656155733
3012472,0.09574680817710125
3012473,1.9214925870967188
3012474,1963.1121481725406
3012475,0.0
3012476,612.9435695797173
3012477,5.641257195992136
3012478,825.7488988333065
3012479,551.6124547122939
3012480,216.9959273573427
3012481,114.30406636287593
3012482,69.32367506687851
3012483,3647.880654338269
3012484,6.423651374443029
3012485,5.74174998713334
3012486,21.30220318561115
3012487,38.7289858830276
3012488,0.22086692432060182
3012489,198.43856933559584
3012490,4.1522236019073855
3012491,4.126394171387632
3012492,3.8248017089160924
3012493,21.362265224860252
3012494,2.4326289570606128
3012495,170.7506438822448
3012496,210.77982852807287
3012497,4.852589197141844
3012498,5.567040478059441
3012499,139.17565451276715
3012500,35.08121833946304
3012501,1193.7626368739584
3012502,14.138187103478831
3012503,4.131322359699384
3012504,4.669634380403108
3012505,0.0
3012506,0.5192975268045322
3012507,1229.470592986956
3012508,0.0
3012509,98.3024589601668
3012510,2.6756616593397573
3012511,431.43169008742603
3012512,180.98428918876638
3012513,92.17993264899299
3012514,119.09376748009774
3012515,21.56058390603076
3012516,1766.3672470026713
3012517,5.0347064476329635
3012518,0.11858809683916728
3012519,11.240543186092149
3012520,8.481048698407617
3012521,0.1782162195721081
3012522,94.93009667696191
3012523,0.0
3012524,0.0
3012525,0.8117184361611469
3012526,18.624051035230398
3012527,0.7259869006701489
3012528,223.05153401843168
3012529,83.99681245865999
3012530,1.0677354932965535
3012531,0.882427992589555
3012532,49.593033460928986
3012533,17.492058408419787
3012534,703.2872201091951
3012535,4.3505270643314065
3012536,1.3062208774352566
3012537,3.9642045530174403
3012538,0.06536378938697202
3012539,2.6150105288286944
3012540,3066.2857315313795
3012541,0.0
3012542,509.05609851782236
3012543,8.314660764956889
3012544,866.5617802737539
3012545,644.8544005360375
3012546,229.6564024082786
3012547,171.7339090990427
3012548,66.27741472401833
3012549,4024.222737079259
3012550,9.943240013840098
3012551,0.5373688250661567
3012552,25.51003257346611
3012553,8.765891734054161
3012554,0.3377009046670764
3012555,205.9767184975573
3012556,0.0
3012557,33.103377910250884
3012558,3.745822558638806
3012559,14.31644623193032
3012560,1.0079979934339867
3012561,233.44923888125328
3012562,191.18151020157197
3012563,3.2459636278587096
3012564,5.079773361137616
3012565,124.70019304431122
3012566,45.45551783786676
3012567,2749.571640585771
3012568,22.724089424395423
3012569,1.8686082402654953
3012570,5.131187550882283
3012571,0.0
3012572,5.3015639315628675
3012573,2640.380901414362
3012574,0.014891157991613228
3012575,460.48659304697327
3012576,8.017600103516335
3012577,908.5320521845538
3012578,820.443875073935
3012579,139.82138716150797
3012580,122.24088225892122
3012581,112.12416064593961
3012582,3427.860154602125
3012583,58.919628994917005
3012584,1.5001275301939507
3012585,15.758665967466513
3012586,22.121984549143512
3012587,0.7108288993773919
3012588,221.62108987203177
3012589,16.978978550499235
3012590,29.283664803301857
3012591,1.6160437816149231
3012592,83.73801477005033
3012593,9.568696218545846
3012594,212.67109958759573
3012595,204.0506614561575
3012596,9.113289827809666
3012597,13.005711523470906
3012598,235.4639508395445
3012599,53.19119561722897
3012600,2128.551322083579
3012601,0.28114806851308227
3012602,9.882145234444625
3012603,5.81234214092706
3012604,0.0
3012605,3.1081095630727686
3012606,2816.987721515766
3012607,0.0
3012608,345.8213973130274
3012609,12.224529019773904
3012610,897.5495988194549
3012611,652.961441302331
3012612,133.28279693826735
3012613,74.75770702265721
3012614,88.4771051364022
3012615,2943.464461595202
3012616,24.37227286094443
3012617,1.4256204941015913
3012618,21.216878717653692
3012619,81.56329650248715
3012620,0.1549103474129644
3012621,259.17819076353874
3012622,14.534682724991665
3012623,19.002623228034903
3012624,10.436689360318162
3012625,108.56402241641251
3012626,8.133646876878402
3012627,127.63350896537507
3012628,268.2054629166844
3012629,6.7756844590220595
3012630,9.196389744949283
3012631,98.59598060289244
3012632,44.7268713690266
3012633,1500.5242559084782
3012634,1.4609879875875678
3012635,12.113801948925971
3012636,8.697990398112413
3012637,0.22677081580665753
3012638,1.9762263985462347
3012639,3395.37559912061
3012640,0.0
3012641,693.4439863262563
3012642,7.656871762182425
3012643,1574.41285789143
3012644,651.6214112208803
3012645,213.4385648513013
3012646,254.65060938427317
3012647,67.25527898408244
3012648,5268.033186792319
3012649,43.77309727309807
3012650,1.361910181779654
3012651,19.168860719558577
3012652,16.132532835549192
3012653,0.2830614505089579
3012654,334.761519726176
3012655,6.966412505179938
3012656,14.511433447599906
3012657,6.59961787073055
3012658,57.72123002487159
3012659,4.019184833285969
3012660,125.78974521901998
3012661,248.48908696083544
3012662,7.389734184954583
3012663,8.783132567798882
3012664,204.06332807521161
3012665,47.217319094538155
3012666,2869.2830271939433
3012667,3.392335910115552
3012668,21.01601494105284
3012669,3.6015197245642465
3012670,0.0
3012671,3.3302400723041767
3012672,2046.8706618396586
3012673,0.0
3012674,307.2409079990338
3012675,4.6683524862471275
3012676,686.7325555568134
3012677,596.7815510007306
3012678,165.10605888826754
3012679,116.79531553262919
3012680,58.48252812028394
3012681,2892.9518160734124
3012682,24.881284211046545
3012683,1.488135697945372
3012684,10.049312055316369
3012685,7.330741938983756
3012686,0.37726343114788385
3012687,210.68596281176065
3012688,17.821578149428156
3012689,18.006505076344304
3012690,1.4242119532126187
3012691,55.3642217800486
3012692,6.403743153234936
3012693,323.27431306640295
3012694,167.03298778370223
3012695,6.549834034089569
3012696,7.022013389991969
3012697,292.0610220686055
3012698,21.975931063855214
3012699,1674.8600621491003
3012700,0.0
3012701,19.58864423246511
3012702,3.4948990941778777
3012703,0.4737819914106561
3012704,2.8320701110817335
3012705,4140.773051508427
3012706,0.0
3012707,410.48211412740494
3012708,7.715160872918813
3012709,1814.7424582401682
3012710,639.5394677617078
3012711,310.7064602190339
3012712,199.06560749304663
3012713,81.28466783109754
3012714,5401.457324484161
3012715,13.112599586276582
3012716,1.9336880648734482
3012717,29.346876255603448
3012718,29.875928149147484
3012719,0.2621756251202133
3012720,414.3091731892217
3012721,0.0
3012722,0.021081222874789775
3012723,11.605115933634973
3012724,10.605467067481772
3012725,2.265805927874766
3012726,141.10889126895978
3012727,309.1739290184229
3012728,2.858472319405213
3012729,11.158015403453145
3012730,180.20995854790192
3012731,57.75001797383651
3012732,2172.8719469458188
3012733,10.691685439049259
3012734,5.655533051870897
3012735,5.977798344352273
3012736,0.0
3012737,6.529626248266916
3012738,2617.693394243979
3012739,0.0
3012740,427.3105918950391
3012741,10.110345219969632
3012742,1223.0926166070872
3012743,648.653919052323
3012744,217.23289967090307
3012745,131.06704264810818
3012746,94.26797021096274
3012747,3450.809038533935
3012748,36.830900387746084
3012749,1.5824255010486459
3012750,23.43938993826748
3012751,34.649589827890935
3012752,0.4430215160402169
3012753,219.96680167599146
3012754,17.76643235919367
3012755,19.098298367877433
3012756,8.414971664539602
3012757,97.74528005746888
3012758,8.688711301142531
3012759,183.99634255285258
3012760,370.9701030944086
3012761,11.161805160019624
3012762,8.224472729520139
3012763,184.0519524654556
3012764,41.775116839132075
3012765,1856.864603920799
3012766,0.0
3012767,6.408403968126612
3012768,2.253731900564311
3012769,0.10383066548910094
3012770,4.143611821464455
3012771,2290.8589390276925
3012772,0.0
3012773,370.75377741736605
3012774,7.711982786099657
3012775,618.1559276322114
3012776,696.1500910469713
3012777,148.2761943557912
3012778,117.39507363919878
3012779,95.75674455481158
3012780,2706.3357995609203
3012781,33.007142983585034
3012782,0.9395431171209553
3012783,28.94669489048509
3012784,23.538399095683232
3012785,0.09176572727141175
3012786,165.63663052149812
3012787,17.49775875949436
3012788,32.21114332925981
3012789,5.080146486894051
3012790,42.22981540569578
3012791,7.711886139152667
3012792,206.33338008437997
3012793,160.11412373680884
3012794,9.267587785106983
3012795,9.179154414948496
3012796,178.13866369715961
3012797,38.497330689383595
3012798,1988.9232197531674
3012799,0.0
3012800,13.291217955076528
3012801,2.6622777766178563
3012802,0.02702717675876037
3012803,3.1378400162700144
3012804,4622.263676274175
3012805,0.0
3012806,515.123645226768
3012807,15.78780660410268
3012808,1064.0973824388857
3012809,589.4155621306294
3012810,238.24630266609844
3012811,207.90280794524062
3012812,50.6521734396238
3012813,4477.182597552875
3012814,11.39936709889695
3012815,0.18453609640910007
3012816,7.367464774972608
3012817,14.796905472640455
3012818,0.13625102551218157
3012819,220.81547277910568
3012820,0.0
3012821,7.423047385555934
3012822,1.7708392671326387
3012823,40.00013716040192
3012824,3.391916378972349
3012825,208.43782480147277
3012826,228.88931440913123
3012827,2.9884664490746964
3012828,1.5926404138448753
3012829,242.56074786546407
3012830,124.45386800949724
3012831,1870.7814900317733
3012832,11.123986862433636
3012833,1.2547774014188513
3012834,11.410947757700109
3012835,0.0
3012836,10.97564769160749
3012837,7398.952099772262
3012838,0.0
3012839,1331.1914883316792
3012840,22.264869524613793
3012841,1988.2761972729995
3012842,1843.2824469499128
3012843,428.0495251392249
3012844,492.64973203027847
3012845,335.67656310373314
3012846,7379.041996148712
3012847,86.25047973811503
3012848,3.617290583397513
3012849,96.17861137081883
3012850,105.55676503794284
3012851,0.383308627998478
3012852,552.1503966449461
3012853,22.83766386501763
3012854,18.253186060994377
3012855,17.061302924288285
3012856,271.8820356863024
3012857,21.61557525977456
3012858,647.4459948214324
3012859,381.3622009387136
3012860,33.43063858086088
3012861,26.32720670263126
3012862,778.9600982092734
3012863,200.29570053785397
3012864,6725.890439772674
3012865,69.82657058802434
3012866,64.00545036319964
3012867,11.516804797274075
3012868,0.0
3012869,9.598460684813828
3012870,6990.970869096879
3012871,0.0
3012872,975.7985425197736
3012873,17.829987387486675
3012874,2099.0643347676114
3012875,1773.2235663915433
3012876,562.982626627814
3012877,313.7720773570932
3012878,235.77934216295978
3012879,8600.875572144014
3012880,145.10376282695546
3012881,2.021581436372994
3012882,13.144623875135284
3012883,87.08362301947128
3012884,0.7191868026564203
3012885,547.5553707153473
3012886,18.89637814599901
3012887,31.947888458656312
3012888,5.188488848730174
3012889,142.379146965745
3012890,15.389255612949855
3012891,826.6380381877933
3012892,510.43390103389817
3012893,18.31880055862968
3012894,23.906838446582693
3012895,982.3554034267651
3012896,153.09490701240273
3012897,4633.56878665922
3012898,156.54238230972803
3012899,66.19068884085532
3012900,10.233668560738847
3012901,0.0
3012902,13.282777331585837
3012903,4537.560138222659
3012904,0.0
3012905,741.444870082225
3012906,11.472383858368936
3012907,1875.7983513886593
3012908,1206.8066394137015
3012909,576.007425406278
3012910,123.88630078183758
3012911,175.55866944265273
3012912,7016.09477270962
3012913,46.45954528382692
3012914,2.6090929745213525
3012915,26.560975780533205
3012916,22.346482827377304
3012917,0.3047519291289626
3012918,465.1859663224374
3012919,19.46587654041026
3012920,22.21132860589587
3012921,7.207909072438081
3012922,93.70663900598188
3012923,7.486616010401518
3012924,809.635022567795
3012925,484.73191554496424
3012926,19.04364334315959
3012927,38.664836242101266
3012928,497.88662167079616
3012929,78.34826466703146
3012930,1909.6634458058338
3012931,92.38826352992912
3012932,31.057789041186815
3012933,11.68161556220075
3012934,0.0
3012935,13.160322114781382
3012936,6879.058540561601
3012937,0.0
3012938,958.9991083686369
3012939,18.250220700627377
3012940,1902.326698208224
3012941,1691.3672059861578
3012942,522.3634309381446
3012943,297.31354524887035
3012944,178.75388309273666
3012945,7984.941134137182
3012946,48.59345767300436
3012947,1.9832408028341528
3012948,26.883370233694254
3012949,72.22037046575707
3012950,0.8236803940257172
3012951,500.26166608214794
3012952,19.601639241692173
3012953,24.42265351711417
3012954,7.74010017161439
3012955,142.97151928913857
3012956,10.184679110392407
3012957,705.123633439062
3012958,459.75091366852297
3012959,20.384379495395315
3012960,19.942653614055796
3012961,925.8476082000844
3012962,133.43973769030444
3012963,4211.285574426734
3012964,103.70731243219926
3012965,46.45274105098634
3012966,10.342678034398393
3012967,0.0
3012968,14.038184872914997
3012969,3233.187722223237
3012970,0.033765571159292775
3012971,620.8259216165824
3012972,12.364785619754675
3012973,1435.8668476693638
3012974,916.7708849373022
3012975,426.7524688751686
3012976,89.69898243625853
3012977,125.72735841830928
3012978,5607.468420233028
3012979,39.67409860877137
3012980,0.3408592309316907
3012981,17.093774955137317
3012982,44.999939121361756
3012983,0.6111908577832462
3012984,401.81605661083876
3012985,14.76925228099973
3012986,10.288105392628422
3012987,2.277512052587422
3012988,79.30832126331723
3012989,4.211628738736784
3012990,681.7466297631755
3012991,435.69382874596727
3012992,14.957833747509536
3012993,16.320813586210374
3012994,576.6897163890854
3012995,43.654241638358315
3012996,1273.9426178553188
3012997,66.9287890026039
3012998,12.517419912512837
3012999,10.749742707335715
3013000,0.0
3013001,9.841340373333544
3013002,5252.719396283958
3013003,0.0
3013004,959.0859630487902
3013005,23.004663854370175
3013006,1553.33309728
3013007,1782.9306926749937
3013008,348.1617206173996
3013009,418.5806435178934
3013010,262.52085256700155
3013011,6332.124865168152
3013012,77.85964457805342
3013013,1.0618149174679201
3013014,43.272413529361486
3013015,53.86407891049018
3013016,0.4674360865340714
3013017,400.56773206049473
3013018,12.086899053745578
3013019,28.686642600420086
3013020,13.01125271422201
3013021,167.84735938380757
3013022,16.14543432253275
3013023,620.1808829496819
3013024,386.28202221280105
3013025,16.899918861705
3013026,24.072891603809364
3013027,807.4343425849046
3013028,132.3416773480616
3013029,6139.915664428965
3013030,76.70571288475027
3013031,61.801138471311404
3013032,5.863810805418024
3013033,0.0
3013034,4.349999225280737
3013035,1749.8542145721462
3013036,0.0
3013037,322.71446494305616
3013038,18.308654701378586
3013039,853.7609032002921
3013040,497.9051743781319
3013041,200.10129971752386
3013042,81.20205647228377
3013043,76.59516133883332
3013044,2604.1307162327603
3013045,51.333947976099076
3013046,1.2047617389225913
3013047,16.35720081274609
3013048,18.61853986969029
3013049,0.47096468199878405
3013050,207.726401812159
3013051,12.88712858406397
3013052,10.781135864861152
3013053,9.568610668000284
3013054,38.4001824054875
3013055,6.593386159778686
3013056,234.373753088171
3013057,194.97757913272704
3013058,3.5188683393115157
3013059,5.839716484567817
3013060,210.64346368052648
3013061,41.822592197024115
3013062,1415.103606101072
3013063,1.8853003177198902
3013064,9.751675345548342
3013065,7.827869183594834
3013066,0.0
3013067,10.09907166795085
3013068,3784.8149792604922
3013069,0.0
3013070,418.7641859500749
3013071,22.140479621324086
3013072,1375.1731469838805
3013073,942.3422827158565
3013074,360.2482481767638
3013075,93.25922469382061
3013076,107.03347311154617
3013077,5414.240859661452
3013078,107.72688257806743
3013079,1.5011217657063636
3013080,30.19061680116557
3013081,35.86868683651545
3013082,0.8006400300235955
3013083,387.7350065278931
3013084,12.933780429678844
3013085,5.169080990493105
3013086,3.1289894030574232
3013087,104.07550409610073
3013088,7.550361859862993
3013089,513.4993471008808
3013090,397.85094831902586
3013091,10.855032707746151
3013092,16.561655126659414
3013093,335.47227941276725
3013094,50.98661953608864
3013095,1828.4234040785636
3013096,76.84724369182662
3013097,17.646393085313814
3013098,7.820974641988292
3013099,0.0
3013100,3.4922809847620178
3013101,3929.6685617809812
3013102,0.01572210984298311
3013103,720.583801398247
3013104,8.76369197133049
3013105,1292.9876661935145
3013106,1373.5130233814468
3013107,219.97934199003817
3013108,317.71781184083187
3013109,198.80500295651055
3013110,4536.554929468939
3013111,44.94392378309557
3013112,2.253102421647153
3013113,22.61104870881646
3013114,31.716293995565977
3013115,0.6327886351997967
3013116,295.3940298910914
3013117,3.400144208697746
3013118,39.84440671636936
3013119,6.074921896172883
3013120,113.88396897094997
3013121,9.014597688294332
3013122,521.9813026242311
3013123,283.99662675872446
3013124,18.43310315067183
3013125,10.555666032271652
3013126,545.805847753886
3013127,90.98065944153076
3013128,4681.539857005559
3013129,19.050638823851468
3013130,38.19512105358644
3013131,13.719985010085306
3013132,0.0
3013133,9.935922279508004
3013134,5566.863460555196
3013135,0.0
3013136,981.1919519292047
3013137,13.857310284643848
3013138,2048.50360333998
3013139,1431.1854822438877
3013140,453.7419674458189
3013141,258.8845753397024
3013142,388.27911476650957
3013143,7429.3360401749
3013144,57.26650522897441
3013145,3.968907979278092
3013146,66.00057821829543
3013147,63.66622364503628
3013148,0.7440856743704591
3013149,458.8240788839069
3013150,10.80692826880769
3013151,66.17265746485181
3013152,9.602963115338323
3013153,248.8075563926326
3013154,12.572298554953338
3013155,595.8295854346288
3013156,442.19426606212704
3013157,18.174203054941486
3013158,32.785462783088704
3013159,587.4557280396257
3013160,168.5346947412659
3013161,5744.837438631018
3013162,16.2499701454567
3013163,13.988025473114838
3013164,7.717178720120894
3013165,0.16670586780191068
3013166,2.4543239649349546
3013167,1902.9849363128312
3013168,0.0
3013169,402.3009135430302
3013170,5.571797453050676
3013171,791.3750191417222
3013172,455.67753043938336
3013173,193.16448493411346
3013174,84.98994774172355
3013175,87.97663761261613
3013176,2689.3391800367963
3013177,13.799015294004098
3013178,1.2164142330947905
3013179,21.29147972533413
3013180,22.01191997549817
3013181,0.053846041150350916
3013182,173.2462437631888
3013183,4.179169278630194
3013184,15.208583985849094
3013185,5.417381961673682
3013186,64.48275011507839
3013187,4.190490896619821
3013188,245.2155335823819
3013189,178.54203771119802
3013190,5.009025403450999
3013191,5.644697644809035
3013192,166.0746436693612
3013193,46.26431053189704
3013194,1568.2383365009873
3013195,0.7049837747795967
3013196,2.5839069450942875
3013197,5.70397496808016
3013198,0.0
3013199,1.7009036932879424
3013200,3207.4464032184287
3013201,0.0
3013202,231.9535135470455
3013203,2.0505708349520164
3013204,1039.1685991537088
3013205,230.37337806815069
3013206,218.0165673405398
3013207,65.59326161725086
3013208,33.225319942650664
3013209,3188.4602531233604
3013210,8.463557112435605
3013211,0.2643135672196075
3013212,17.68997432910214
3013213,13.74607255852139
3013214,0.1525213055033021
3013215,205.90773379571874
3013216,0.0
3013217,0.0
3013218,3.698581510278161
3013219,28.081511306995598
3013220,1.1601136772629792
3013221,54.50819818434022
3013222,158.4785191317881
3013223,0.0
3013224,1.1783722406102763
3013225,67.60757095574598
3013226,97.30919674201718
3013227,906.6969397876519
3013228,1.9674546199469964
3013229,3.8288863389062096
3013230,6.077252709690741
3013231,0.19177574056197189
3013232,5.104840811619533
3013233,2965.413349964512
3013234,0.019781847439823138
3013235,487.9871157012063
3013236,10.139356761761674
3013237,1096.067065336898
3013238,831.1753632416494
3013239,301.9861550850995
3013240,157.42540233323024
3013241,121.27197763645414
3013242,4026.478897005125
3013243,43.77473129637876
3013244,1.6244433676315808
3013245,17.698309443974807
3013246,53.1863367604697
3013247,0.21886969057149105
3013248,289.17851602548944
3013249,17.132631468462556
3013250,11.081993309067077
3013251,7.095033699451857
3013252,64.53929953921815
3013253,6.573282038253215
3013254,398.7487776594986
3013255,258.92382993570357
3013256,7.997606449246913
3013257,11.0014317222983
3013258,449.66685922114186
3013259,59.749718350886305
3013260,1941.921434127665
3013261,0.0
3013262,28.790353589737975
3013263,5.280659683166578
3013264,0.06632747727699201
3013265,5.142677425138082
3013266,3879.2633853367406
3013267,0.0863132899524231
3013268,682.7031732184753
3013269,16.674964510425667
3013270,1109.1480417459695
3013271,1270.0023612565158
3013272,191.26866695525385
3013273,285.33744093318927
3013274,204.16218805550815
3013275,3919.5165268306914
3013276,50.37051390016298
3013277,3.2644782543217032
3013278,37.81055341993364
3013279,29.026681449995216
3013280,0.905565644988483
3013281,237.39483685539636
3013282,16.44461813486239
3013283,47.335997304766636
3013284,8.013084934948504
3013285,109.27687957559156
3013286,12.191888901270891
3013287,432.20796645119725
3013288,224.80068727921875
3013289,8.928856105961215
3013290,12.93952300106724
3013291,618.5681280029606
3013292,108.01727008601473
3013293,4858.46713829977
3013294,0.3920984486052465
3013295,40.97562863822604
3013296,4.432460652002763
3013297,0.3222605316786382
3013298,6.938031370647076
3013299,3510.8592715667946
3013300,0.0
3013301,701.3032173629995
3013302,20.315795767723866
3013303,1019.4617091730371
3013304,1126.9870900045441
3013305,233.01357612240716
3013306,272.2444338405058
3013307,123.65570827849822
3013308,4087.408181400096
3013309,33.85796791902828
3013310,3.890526841680094
3013311,38.04404027741877
3013312,42.41202286467276
3013313,0.6734459697383058
3013314,276.2742481255992
3013315,20.30939820346921
3013316,35.17337068895021
3013317,19.432983639473065
3013318,101.55590125662951
3013319,15.584948869663434
3013320,358.42659515988544
3013321,266.48750552038155
3013322,16.574530819259596
3013323,19.21891153721913
3013324,470.3792498422187
3013325,98.86420590384996
3013326,3487.986609763529
3013327,0.17061747679638914
3013328,30.262674659526823
3013329,13.945280452541683
3013330,0.05701074256896112
3013331,5.6492188182240195
3013332,2807.849372366182
3013333,0.0
3013334,495.7570910564054
3013335,10.121704125288431
3013336,1289.780965191213
3013337,721.6357547301243
3013338,463.9076689192431
3013339,191.28770510145742
3013340,69.22528564893598
3013341,5283.17856609892
3013342,15.096430584320325
3013343,1.337034629235447
3013344,3.8982286982894117
3013345,32.38869474276973
3013346,0.17775976811824584
3013347,366.30677680978596
3013348,14.846363455961233
3013349,9.180945037532188
3013350,6.843608559082147
3013351,33.830438618727655
3013352,2.946539809541788
3013353,305.5385377504392
3013354,339.6240997768834
3013355,5.986663888824899
3013356,7.210613112563223
3013357,319.5677514594237
3013358,99.13772270775311
3013359,2166.9117118219315
3013360,36.2229119629714
3013361,17.682948369356584
3013362,4.78753187575026
3013363,0.0
3013364,3.4312342050250253
3013365,2373.4526580311212
3013366,0.1986929562676562
3013367,391.118763654871
3013368,16.157760212481136
3013369,809.0529638410408
3013370,801.8088314007564
3013371,137.47811600635742
3013372,157.7779538866561
3013373,156.5178880884179
3013374,2996.954159783863
3013375,28.665531623407546
3013376,2.1690076997740735
3013377,25.039121005390054
3013378,26.027697849704168
3013379,0.771924575963755
3013380,196.01474853133774
3013381,16.143324589327204
3013382,23.53536822801114
3013383,9.417488232450637
3013384,96.62948249366886
3013385,7.961332674500804
3013386,299.37332374882095
3013387,144.60758479867542
3013388,4.8335492361359504
3013389,10.958160761692621
3013390,355.3945939816526
3013391,59.7640950280558
3013392,4035.593661950492
3013393,0.11948634131291894
3013394,27.92054493418639
3013395,1.221043215213587
3013396,0.0
3013397,1.9187386985870105
3013398,984.0966327108617
3013399,0.0
3013400,80.71890149803654
3013401,4.04528288536903
3013402,613.2254453298342
3013403,362.33896810939785
3013404,195.05248751308008
3013405,35.123040058649046
3013406,25.50361985558002
3013407,2081.1814947957832
3013408,7.021371929149527
3013409,0.3501883782237797
3013410,9.97968948346357
3013411,7.2411286443002
3013412,0.20009383300954928
3013413,121.57509686100525
3013414,0.0
3013415,0.0
3013416,1.399084659310552
3013417,11.627183456039516
3013418,0.5030989364818592
3013419,137.44913171249064
3013420,114.38831508537766
3013421,0.6170178188746903
3013422,1.7595424770479615
3013423,118.0741571644301
3013424,16.80407367428334
3013425,204.55711333831522
3013426,0.4726876815954672
3013427,0.476378374032709
3013428,5.228739854439237
3013429,0.013202686194267649
3013430,2.273283385582453
3013431,3585.453932574184
3013432,0.0
3013433,558.6445066888197
3013434,8.165963518366869
3013435,1289.1656320954032
3013436,588.8241721803507
3013437,398.5064857835412
3013438,194.10824439550075
3013439,70.75636787697087
3013440,5698.249678012558
3013441,30.88358718645592
3013442,0.43440918884024654
3013443,0.42806426426939825
3013444,14.095785409628775
3013445,0.3155979295421227
3013446,342.0277211442635
3013447,13.538613627785761
3013448,0.9602719893545527
3013449,8.503037447763276
3013450,48.570832400601496
3013451,2.208749996426017
3013452,536.520689952763
3013453,251.74145317854405
3013454,2.1278878996431065
3013455,11.325936891106748
3013456,340.96615750249674
3013457,100.81210399886747
3013458,976.2524990905093
3013459,6.9263313071167705
3013460,7.2282173482373855
3013461,4.157887380303735
3013462,0.038380659676970665
3013463,1.3772294705020514
3013464,1520.420399592316
3013465,0.0
3013466,187.3430167613155
3013467,11.54350106861047
3013468,855.120914073702
3013469,527.5123914085045
3013470,211.03325846473803
3013471,31.084968783650215
3013472,31.059100947556338
3013473,2850.3815872366067
3013474,10.863085369753586
3013475,0.21468664286545722
3013476,11.58371952254491
3013477,15.927688386885471
3013478,0.5594702417718078
3013479,156.24424542594537
3013480,9.468778342841926
3013481,0.0
3013482,3.357680649599
3013483,35.59856580737333
3013484,1.6492627520955638
3013485,118.59433558025195
3013486,149.15969064090413
3013487,1.8495323831181425
3013488,5.1118576992566425
3013489,131.33475033955258
3013490,39.917085741174375
3013491,329.39536503277606
3013492,1.4984150984526812
3013493,4.696011763192816
3013494,2.988258431563469
3013495,0.0
3013496,4.069644968904697
3013497,1301.932436444708
3013498,0.0
3013499,103.82379235298488
3013500,7.5445779162484925
3013501,627.9260517161588
3013502,314.8153496811189
3013503,129.08715165349705
3013504,55.877030056715476
3013505,25.472585746736915
3013506,2353.6276837498076
3013507,13.994929289866224
3013508,0.17015198285272587
3013509,9.783603761792017
3013510,6.950140882212192
3013511,0.16501751886140786
3013512,114.54936807919199
3013513,1.2315631519887626
3013514,0.0
3013515,3.3607653578477934
3013516,32.35461809670163
3013517,0.6602092712206866
3013518,126.74262889481724
3013519,125.68042951998049
3013520,0.5889055718408137
3013521,3.9154633322282644
3013522,43.84202417973
3013523,32.46997917255561
3013524,151.36967547741142
3013525,0.7599288143411829
3013526,2.7828479483936666
3013527,2.6699238214757943
3013528,0.0
3013529,2.885272624051684
3013530,1266.382512854325
3013531,0.0
3013532,141.11320292283932
3013533,7.566675615062013
3013534,1215.7858768528758
3013535,449.5304791599968
3013536,212.41191718598932
3013537,26.572218932767043
3013538,46.75286097944065
3013539,2645.9621647427543
3013540,13.036542216787307
3013541,0.35529829428081827
3013542,5.3423860086000765
3013543,21.740992551452827
3013544,0.07898669674503757
3013545,166.45783464810935
3013546,2.4590271430173782
3013547,0.0
3013548,3.077516834001553
3013549,14.908662625351452
3013550,1.7133203735456823
3013551,162.42403101983226
3013552,241.71479023597493
3013553,1.2128607759860233
3013554,3.854451322357626
3013555,70.82652764838618
3013556,87.40555556648609
3013557,321.31462742575417
3013558,0.810635278446299
3013559,2.808727304723472
3013560,3.325464284841311
3013561,1.2994378958304444
3013562,3.4908500182404656
3013563,1559.3123413276076
3013564,0.0
3013565,149.29132164778164
3013566,1.1446210746830094
3013567,879.4226401017038
3013568,452.4617198352459
3013569,264.0209509567194
3013570,74.75697864375294
3013571,59.59158297258483
3013572,2684.383870083269
3013573,9.716415330038046
3013574,0.9003110835393514
3013575,15.687073647880071
3013576,18.147902555643697
3013577,0.27753660846887923
3013578,205.92724921417627
3013579,7.985079860936372
3013580,0.0
3013581,4.919241608359275
3013582,22.181755328866874
3013583,1.795561869655518
3013584,144.00403926515796
3013585,154.7638176235289
3013586,0.8197150891143943
3013587,5.162222490731314
3013588,107.88260083564235
3013589,46.376989956787355
3013590,589.6683835584056
3013591,0.9041061844900888
3013592,5.4783067136845585
3013593,3.3223239800608755
3013594,0.04102723134474555
3013595,2.5255090784614915
3013596,1425.8516830435974
3013597,0.0
3013598,131.61984722601568
3013599,4.204764962837708
3013600,1674.598117119403
3013601,248.64401909692265
3013602,137.04199357308664
3013603,112.2976788865065
3013604,25.612180818901763
3013605,2121.874801517028
3013606,7.674290689291672
3013607,0.4364226028553834
3013608,6.329692780552366
3013609,9.88439428227275
3013610,0.1754515654738498
3013611,142.60689729524384
3013612,0.0
3013613,0.0
3013614,1.3569274996119045
3013615,47.98825942577747
3013616,0.7067000077319694
3013617,52.50514492830371
3013618,112.2840753026501
3013619,0.9332720579416504
3013620,2.2360056282696603
3013621,59.63696662857738
3013622,27.777667705923037
3013623,442.709278554231
3013624,6.3118542171872924
3013625,1.498363919374969
3013626,7.115737766859679
3013627,0.5126565874650815
3013628,2.807193309321839
3013629,2507.237134553519
3013630,0.0
3013631,266.200066390701
3013632,3.6859708506752353
3013633,826.0152953463075
3013634,902.0827044706137
3013635,423.27994497621927
3013636,127.80372614098795
3013637,80.45274207164987
3013638,3712.393746217192
3013639,14.334872267365814
3013640,0.7760424644740227
3013641,14.842600913283437
3013642,6.404765648250536
3013643,0.4572336834069036
3013644,227.22546104382198
3013645,0.588683244787713
3013646,0.0
3013647,3.795221635558964
3013648,27.525125454536397
3013649,2.9863641535285246
3013650,249.62630540761768
3013651,198.34366212999987
3013652,1.4502482421880012
3013653,4.593761604298235
3013654,289.98586436020344
3013655,42.759525232944355
3013656,1106.4078417068295
3013657,2.4550958681487436
3013658,10.749316643714371
3013659,3.4619925022543563
3013660,0.14738256323305002
3013661,2.8324289258910667
3013662,1539.921741994995
3013663,0.0
3013664,517.4580270558637
3013665,6.285446041712259
3013666,413.14233335740096
3013667,661.4361984550217
3013668,162.22307461913815
3013669,119.89657769901996
3013670,43.01260347097392
3013671,2192.8650965683987
3013672,9.589438668590907
3013673,0.8328858675972279
3013674,18.30002812759542
3013675,12.333555270084895
3013676,0.5469391596658417
3013677,145.35281926763557
3013678,11.044017213963171
3013679,3.8463407338141278
3013680,4.6259220060184445
3013681,50.157121600532435
3013682,1.3432103357771554
3013683,73.33439748846692
3013684,110.55841642790342
3013685,4.5936916526483405
3013686,4.591427269655337
3013687,124.52821258483242
3013688,54.51296286221184
3013689,1202.08633544163
3013690,9.402378248670669
3013691,8.364325522785196
3013692,4.377023467635158
3013693,0.3131063006549205
3013694,2.895429834180837
3013695,2094.937236841476
3013696,0.0
3013697,139.57439445020043
3013698,5.960964598694647
3013699,759.0647706296364
3013700,319.11045307427395
3013701,249.0068171809585
3013702,54.61349322595142
3013703,45.09363950913519
3013704,2935.8702928617663
3013705,32.59082835152774
3013706,0.9670932109158363
3013707,11.954689987772351
3013708,13.944726609492369
3013709,0.027928787222558395
3013710,143.83634171016354
3013711,5.758106199695745
3013712,0.0
3013713,3.3502024512725987
3013714,30.72642236175466
3013715,2.9982836187788804
3013716,106.15546818976428
3013717,137.43626296274545
3013718,1.0896974066704206
3013719,4.30566540109175
3013720,72.6252847137583
3013721,24.000763406946977
3013722,324.87614428065194
3013723,0.6957768616377638
3013724,2.699901056242078
3013725,4.320787857783503
3013726,0.0
3013727,6.519188006216856
3013728,2689.756136880044
3013729,0.0
3013730,595.1985691256177
3013731,10.97272141985551
3013732,863.6233157848777
3013733,783.8207189357462
3013734,201.02031047633474
3013735,161.69744659434582
3013736,105.9814820444092
3013737,3605.848552942147
3013738,45.64820014276938
3013739,0.5620497068933316
3013740,10.141004064237753
3013741,45.74315322838648
3013742,0.3840231414457364
3013743,229.06425007366818
3013744,18.417242007505287
3013745,17.02760897298053
3013746,5.968237210644472
3013747,71.51984976773603
3013748,6.932835139646034
3013749,470.6017709261884
3013750,190.72941071908824
3013751,8.553334170662373
3013752,8.777646547360797
3013753,406.2736900154138
3013754,86.86421945717423
3013755,3255.568626920354
3013756,0.0
3013757,32.3595140174135
3013758,6.741054713423329
3013759,0.0
3013760,3.617367978912368
3013761,2496.7493062023395
3013762,0.0
3013763,362.24118306348254
3013764,7.456248744220437
3013765,1238.3350065710652
3013766,735.5085811127167
3013767,454.575481071509
3013768,71.05930031549981
3013769,52.27929198604043
3013770,4117.457260579911
3013771,14.57286319745636
3013772,0.7222930303509146
3013773,14.598149756207405
3013774,13.010729345906757
3013775,0.1039421191277454
3013776,249.8555622747157
3013777,2.450253005933722
3013778,4.348981528794387
3013779,3.4430044086023535
3013780,40.415797245390024
3013781,0.9212366704866055
3013782,260.79453387686
3013783,208.01902736970374
3013784,3.623347608711992
3013785,3.0779909987738248
3013786,198.9830969952917
3013787,35.11087079105844
3013788,635.804748341546
3013789,12.050455678970533
3013790,11.613934221725565
3013791,7.566095837221591
3013792,0.05417540250520641
3013793,3.2349668249261527
3013794,2243.8313239294057
3013795,0.0
3013796,366.37413646565983
3013797,6.324055886388818
3013798,1738.5873835507548
3013799,614.9293771278005
3013800,259.48108246078186
3013801,195.3267412573314
3013802,89.74598383977134
3013803,3294.740995161796
3013804,15.93412990552732
3013805,0.7948024370896378
3013806,27.841719573539233
3013807,49.10745306476571
3013808,0.20591054477832782
3013809,244.96687168426902
3013810,3.3830011529540167
3013811,1.4663182317144603
3013812,11.27522672740691
3013813,68.03031677341359
3013814,1.6032597477533719
3013815,99.55349495051085
3013816,200.23106245090443
3013817,2.985559036293661
3013818,3.9119444812374646
3013819,137.7979056446731
3013820,136.95111679392355
3013821,1090.5661591726378
3013822,8.953560630465947
3013823,6.036104137526018
3013824,2.8006992543840212
3013825,0.015209408702368166
3013826,3.094158017440591
3013827,1429.164226542179
3013828,0.0
3013829,127.5289971007074
3013830,6.556277085178584
3013831,587.4777624586424
3013832,348.79830644522445
3013833,128.51318726252208
3013834,51.52975001860326
3013835,43.44752227112058
3013836,2277.366856304419
3013837,12.394545662520681
3013838,0.7236610572790206
3013839,13.411451918901804
3013840,14.407840825298305
3013841,0.0
3013842,145.9387792667745
3013843,2.880669805228729
3013844,0.0
3013845,4.0329053968358375
3013846,61.34086905034958
3013847,1.571484314052796
3013848,99.7137239682743
3013849,133.50636489627033
3013850,0.9973568790566932
3013851,3.4128547279699952
3013852,138.99865778070793
3013853,38.37079851277471
3013854,420.0531252014638
3013855,0.7598206322353632
3013856,2.2056157731219272
3013857,1.5616890526638645
3013858,0.0
3013859,0.8184280543055867
3013860,1417.5485400854618
3013861,0.0
3013862,264.1284324360022
3013863,10.074410791629404
3013864,537.685710167788
3013865,479.14919175535647
3013866,120.48757581154815
3013867,50.68996341596976
3013868,67.83056548269258
3013869,2148.4933963338963
3013870,26.524708125937547
3013871,0.4609552567369888
3013872,13.756272573022587
3013873,13.267325219636238
3013874,0.1216305497327756
3013875,123.76677262593827
3013876,11.359145612608009
3013877,1.3372826445680754
3013878,2.3596063521958577
3013879,43.65082327601621
3013880,4.5518830037468385
3013881,490.36276090627194
3013882,134.24904386713231
3013883,4.560765294795508
3013884,5.959557832589679
3013885,325.7823975346592
3013886,31.062206861263277
3013887,1560.7769349363748
3013888,0.0
3013889,6.3057596140553125
3013890,3.647772554891911
3013891,0.0
3013892,3.6590346538150387
3013893,3698.8963008692504
3013894,0.0
3013895,774.7877541795043
3013896,14.62404329169372
3013897,1221.977208330211
3013898,1333.8683338692385
3013899,276.8225664675761
3013900,260.1235096468842
3013901,184.83013260659007
3013902,4453.48841140381
3013903,36.942979574033
3013904,1.2610526589374755
3013905,20.413466556310276
3013906,37.73874144252242
3013907,0.17342819594817696
3013908,279.56878718261015
3013909,12.984598963028589
3013910,42.42727106591377
3013911,10.208273773205143
3013912,82.14231773892224
3013913,12.660319769046309
3013914,408.1180371025067
3013915,261.92752947965937
3013916,16.602951377137998
3013917,9.083358818481301
3013918,570.5598855659091
3013919,117.56814967341532
3013920,6030.590862519418
3013921,0.6543214692525898
3013922,25.788083761306666
3013923,1.7905277742344203
3013924,0.03872101470846847
3013925,2.246277749523603
3013926,1535.2552401987705
3013927,0.0
3013928,304.91914618611884
3013929,3.9569754172059506
3013930,370.45164600040255
3013931,487.8836095339033
3013932,122.46816569135106
3013933,98.03911669051503
3013934,24.589207689586843
3013935,1620.3054855838373
3013936,15.535428802181473
3013937,0.30372903235607407
3013938,7.804625687950521
3013939,10.94015099288938
3013940,0.04391807574266436
3013941,86.12850802817496
3013942,0.0
3013943,28.461653355775518
3013944,1.5091999973982761
3013945,92.37885470344459
3013946,5.726106712803696
3013947,202.57297186163512
3013948,83.05727114226507
3013949,4.743807707805796
3013950,4.991495603471874
3013951,165.91608152687613
3013952,31.97605684791913
3013953,2421.212397018978
3013954,4.123136692827843
3013955,3.14708774627182
3013956,4.206353843426313
3013957,0.0
3013958,0.18533539821378817
3013959,781.4126691250627
3013960,0.0
3013961,208.74567691096806
3013962,5.8297141632680685
3013963,449.31599787591335
3013964,244.5755665364201
3013965,76.31453229319523
3013966,33.32538862352221
3013967,27.59679933984684
3013968,1518.2291865396785
3013969,15.018158010502262
3013970,0.8119675390379983
3013971,11.100443300494048
3013972,10.860480614110022
3013973,0.4715237475621412
3013974,76.79806159715699
3013975,0.016432384977917817
3013976,5.108427453428788
3013977,0.22946840713226085
3013978,21.172307897591978
3013979,0.35708447409185484
3013980,256.1487662581479
3013981,125.01839535964503
3013982,2.6868338266782663
3013983,1.413930669908685
3013984,129.95176652758548
3013985,20.7963197279045
3013986,961.8743041555057
3013987,1.3966354116847137
3013988,1.71239505644128
3013989,4.2305724654237675
3013990,0.2603548315644438
3013991,1.8897420602231667
3013992,3011.5746977024123
3013993,0.0
3013994,587.8664118698334
3013995,12.627729857865466
3013996,896.9601930752517
3013997,937.8481862530666
3013998,287.7347881877517
3013999,249.1988667300372
3014000,111.82821761144989
3014001,3774.3817256672232
3014002,22.36289392024089
3014003,2.7917422856016536
3014004,21.554530800962407
3014005,24.616638299701425
3014006,0.3496422164050357
3014007,229.31583092715016
3014008,4.852762346445471
3014009,31.74247168010579
3014010,7.381447008286473
3014011,100.59649495796126
3014012,4.340933935457032
3014013,276.2783691921429
3014014,204.75644857186984
3014015,10.471565566160871
3014016,7.579652112500704
3014017,356.40265955071743
3014018,73.33828910668359
3014019,4067.508979690301
3014020,1.712886739757323
3014021,17.42964530227042
3014022,5.0950340113961055
3014023,0.0
3014024,2.384957639357171
3014025,2436.6505321789114
3014026,0.0
3014027,544.0493023352482
3014028,15.704604801706086
3014029,906.7050636718674
3014030,819.3097629984067
3014031,328.3302705407356
3014032,209.6271499498962
3014033,49.776411995036725
3014034,3921.439885011929
3014035,11.875503279613518
3014036,1.1362866338153683
3014037,25.8899427931836
3014038,14.335414004478324
3014039,0.8346439948892456
3014040,229.98076209047764
3014041,0.0
3014042,7.4607700691137575
3014043,6.299771309012509
3014044,30.86783657023998
3014045,1.1758471774926613
3014046,158.89423830038862
3014047,206.37022839938288
3014048,5.488638741900318
3014049,4.136991923128142
3014050,172.28011619363895
3014051,74.6431258966737
3014052,1179.6443559212007
3014053,13.804669379394774
3014054,0.33376114079794894
3014055,6.0599052325094815
3014056,0.5665359776081714
3014057,1.4880172544341317
3014058,2435.534870529909
3014059,0.0
3014060,531.9967956686361
3014061,9.369599636925106
3014062,809.5903294680473
3014063,730.8022550960268
3014064,234.50923147563395
3014065,178.8725043847606
3014066,51.55226644347107
3014067,3284.11958919454
3014068,13.145244520053991
3014069,1.2845847276478348
3014070,21.541734971694716
3014071,11.183789789917267
3014072,0.3291855844081853
3014073,218.02163373790808
3014074,0.0
3014075,6.873471332996642
3014076,4.949454517964571
3014077,57.40913206705938
3014078,1.542893739754011
3014079,97.71376041859088
3014080,210.82958742598544
3014081,4.502960368896896
3014082,2.9244053707076283
3014083,156.64988905128052
3014084,55.4360443871951
3014085,842.43781327074
3014086,9.122145084068316
3014087,4.419118866052383
3014088,10.38688038067195
3014089,1.296939314419505
3014090,11.032596387462402
3014091,7388.153918484899
3014092,0.0
3014093,1150.9084752759086
3014094,39.545669523972116
3014095,1863.418286046208
3014096,2020.9938789297817
3014097,313.57803663520065
3014098,478.05230117319707
3014099,324.21921950160856
3014100,7218.980733406947
3014101,88.21446709201234
3014102,2.824496657625969
3014103,44.20913283697737
3014104,50.225898618088536
3014105,1.350304975293075
3014106,482.66836470637105
3014107,30.40833153297529
3014108,75.49350030745777
3014109,18.20722597471512
3014110,193.84086549573198
3014111,24.34023417118946
3014112,628.7572570748196
3014113,416.4683809380635
3014114,14.647561785955823
3014115,17.629736718195883
3014116,971.8129085172401
3014117,194.2017734334739
3014118,10406.365644582926
3014119,1.181669082726132
3014120,72.87620166197787
3014121,2.77239658902691
3014122,0.38895629510175034
3014123,1.0691907027160599
3014124,1308.324253235978
3014125,0.0
3014126,137.5265709085578
3014127,3.6719169147449184
3014128,874.8881265147985
3014129,308.78999633486524
3014130,108.00790260676528
3014131,122.16007838805103
3014132,46.06613765901095
3014133,2459.7883212610795
3014134,6.010662499788334
3014135,0.30778186484831965
3014136,11.354519219866921
3014137,7.738650624696497
3014138,0.43014848576848497
3014139,156.44296500795787
3014140,0.0
3014141,0.0
3014142,4.516249661713816
3014143,62.9743912036325
3014144,0.5046917298820158
3014145,56.865581721957156
3014146,83.30990017453999
3014147,1.5898947742609013
3014148,4.979388443236385
3014149,104.20770404584766
3014150,14.999067094385127
3014151,429.6647755471239
3014152,5.029665093023171
3014153,3.65189753760605
3014154,7.416856508736736
3014155,0.043590413191037215
3014156,3.020292659881625
3014157,2716.1013465127144
3014158,0.0
3014159,423.01230706463707
3014160,8.655521513691511
3014161,1080.0984660413642
3014162,707.7884763975684
3014163,204.31719109012272
3014164,237.91796080034933
3014165,74.65490033341102
3014166,3728.6937809386955
3014167,13.662775992413799
3014168,0.2304705428034914
3014169,12.715434426629136
3014170,14.078765942929177
3014171,0.206823663525398
3014172,240.29445064284215
3014173,2.350809501331277
3014174,2.493126387607214
3014175,11.176056248026224
3014176,13.63763723529459
3014177,1.6545424990994007
3014178,270.45284080122264
3014179,210.89067793469297
3014180,4.395932073189405
3014181,5.982551401576883
3014182,112.06677680065407
3014183,57.74119251705669
3014184,1054.6359286838544
3014185,11.238560370362269
3014186,5.717051410700295
3014187,0.8594423373179169
3014188,0.0
3014189,0.6276069851663688
3014190,710.0198970837291
3014191,0.0
3014192,101.42796571022092
3014193,1.808838441437808
3014194,713.4143393489296
3014195,176.70411569245036
3014196,82.75212339129993
3014197,160.88407570631304
3014198,11.695745462227217
3014199,2061.6910906856738
3014200,2.3225160654585735
3014201,0.2509779933026897
3014202,8.382755964966643
3014203,2.946018227830193
3014204,0.10446912181106977
3014205,81.0067882757167
3014206,0.0
3014207,0.0
3014208,0.9990116796214198
3014209,14.58430196744207
3014210,0.2874016003141084
3014211,62.628551249849316
3014212,54.343101330356994
3014213,0.9746682483618714
3014214,1.388215795455775
3014215,46.152969531417675
3014216,9.28621066692027
3014217,137.62407993516118
3014218,4.566194898526082
3014219,1.5680604870212536
3014220,6.987759933215122
3014221,0.0
3014222,2.93950080674425
3014223,1663.9100728961819
3014224,0.0
3014225,186.51785300365546
3014226,8.053520219768899
3014227,822.3382869450417
3014228,470.9181518066447
3014229,155.2263995058445
3014230,123.38326602612109
3014231,53.622693913646174
3014232,2708.3624196057326
3014233,4.845429079242629
3014234,0.8316717416059677
3014235,16.363652602664796
3014236,13.356532435473788
3014237,0.06556288345220466
3014238,190.42245677879117
3014239,0.0
3014240,0.0
3014241,13.39578805968244
3014242,19.481519673753702
3014243,0.9690823924456091
3014244,233.45049155264965
3014245,166.48592007284995
3014246,2.082777837289864
3014247,5.6126969953625165
3014248,194.45106415171182
3014249,26.852198987290322
3014250,1090.018234967548
3014251,5.176425594970828
3014252,1.1547625523950742
3014253,3.2460451693011425
3014254,0.21499535264522301
3014255,2.3832481549608637
3014256,1735.0370541846266
3014257,0.0
3014258,580.11414138323
3014259,5.33492149184805
3014260,709.8536263949669
3014261,729.2541247834902
3014262,202.04721034669052
3014263,91.25491737090512
3014264,64.97607768126552
3014265,3280.464497689933
3014266,5.074651908261002
3014267,4.677513652341017
3014268,12.101577680414609
3014269,35.84334301898163
3014270,0.012374733498788926
3014271,183.20625841562386
3014272,3.190341917023894
3014273,2.8255225987688646
3014274,3.0701002739448735
3014275,28.238371993903332
3014276,1.9444195214833264
3014277,165.7733666659003
3014278,214.8808208641922
3014279,4.15794283930624
3014280,5.823629317311794
3014281,136.81691437358324
3014282,33.33880180011397
3014283,560.5155984701937
3014284,11.86361100353067
3014285,4.936265224241339
3014286,3.5838222910553275
3014287,0.0
3014288,0.5447532721769212
3014289,1251.5793959782322
3014290,0.0
3014291,74.07771497446586
3014292,2.4445391058061205
3014293,417.2779112002037
3014294,209.49812585572846
3014295,75.43735845129693
3014296,122.86529845930093
3014297,24.248579727639132
3014298,1590.5269264457352
3014299,5.141618459361915
3014300,0.5188418867930722
3014301,11.942252501557723
3014302,9.143018237329327
3014303,0.26645352393281735
3014304,91.49313415989711
3014305,0.0
3014306,0.0
3014307,0.5355184319054932
3014308,23.095149971211452
3014309,0.4980208328210877
3014310,176.7445725711873
3014311,81.20631851551954
3014312,0.7100647126067617
3014313,1.2599523811939615
3014314,30.474694192798424
3014315,15.366209470357271
3014316,279.63110775460234
3014317,2.9004487152484257
3014318,0.7857767011661134
3014319,4.30213539360289
3014320,0.032737272513248046
3014321,1.5141103009280745
3014322,2695.524125712343
3014323,0.0
3014324,396.237614357993
3014325,7.840663030522808
3014326,711.7560479517807
3014327,629.4194142335708
3014328,193.50208747275826
3014329,117.07294196686816
3014330,55.82286112483727
3014331,3317.879520431655
3014332,7.208576127768018
3014333,0.7725002987223464
3014334,25.490392008526623
3014335,8.021652767749604
3014336,0.16613016340473497
3014337,172.56535854749197
3014338,0.0
3014339,24.269433090103522
3014340,4.1848642948627734
3014341,27.968576334675
3014342,0.5207132190469805
3014343,201.1876295715107
3014344,163.85889862198752
3014345,2.5970069670529807
3014346,3.125580534080307
3014347,98.61308520883972
3014348,42.26370457700904
3014349,960.1256143404165
3014350,17.344927697083474
3014351,0.9827379630062105
3014352,4.885637325934585
3014353,0.0
3014354,5.39116642244424
3014355,3032.307595323067
3014356,0.0
3014357,545.95375188592
3014358,7.156192966391425
3014359,1086.9866404511754
3014360,923.5709810522073
3014361,155.05175499900307
3014362,139.33617439179324
3014363,128.33936900424445
3014364,3840.0973135729887
3014365,67.96791874875937
3014366,1.9909213433951867
3014367,25.468001687366595
3014368,30.50706175756651
3014369,0.6393487294907787
3014370,251.99142455131556
3014371,18.430080786225833
3014372,33.077510558783786
3014373,1.680887258117616
3014374,92.87204878667934
3014375,8.405692959892047
3014376,220.31805116928567
3014377,234.85257890316907
3014378,12.483350840009907
3014379,14.544539782067634
3014380,280.8805627283809
3014381,58.83374862412615
3014382,3967.701346564185
3014383,0.0
3014384,12.926443683596224
3014385,6.432367856151821
3014386,0.0
3014387,3.753837780628084
3014388,2715.969959814014
3014389,0.0
3014390,431.99869057598215
3014391,10.452551503065344
3014392,1116.2913633169476
3014393,845.910668247653
3014394,144.1758627223107
3014395,86.39582488901976
3014396,154.07960039113334
3014397,3596.2342706998056
3014398,30.80403364319233
3014399,1.5193108235394999
3014400,27.535407422031614
3014401,90.89860263942154
3014402,0.07674392171753698
3014403,298.31748858356644
3014404,16.767095007488322
3014405,19.991684535797084
3014406,9.719220734837224
3014407,143.6509945311471
3014408,8.783249057476148
3014409,183.4395373558641
3014410,369.92617280765194
3014411,8.36615414376332
3014412,9.939513100393244
3014413,135.14296221085095
3014414,62.63553836879564
3014415,3181.201638156733
3014416,0.509258404847775
3014417,16.06762747721534
3014418,6.624955405957407
3014419,0.13280667856071154
3014420,1.9085626281010515
3014421,3081.417472558735
3014422,0.0
3014423,601.736467134364
3014424,9.687436416057743
3014425,1518.6569343083006
3014426,637.241539001873
3014427,186.272735295522
3014428,237.43515383567407
3014429,51.51278277115477
3014430,4848.4308024252705
3014431,33.17092054373858
3014432,1.5596138585476371
3014433,20.37018061675264
3014434,13.551863603282161
3014435,0.15965215905964658
3014436,270.2894875572396
3014437,4.688147582908032
3014438,14.040365768985344
3014439,4.788481783537384
3014440,59.31688467310707
3014441,3.572631986563002
3014442,100.57848516144605
3014443,209.87123262988612
3014444,6.682146090687265
3014445,7.620305761302852
3014446,180.39510463029416
3014447,43.07061166553421
3014448,1266.3457046774
3014449,3.5954304953663683
3014450,15.34532761664967
3014451,3.6678724812463193
3014452,0.10478493801632927
3014453,3.5211578005882647
3014454,2175.606526953317
3014455,0.0
3014456,337.1138067636702
3014457,6.099619832533568
3014458,746.5656227031639
3014459,697.6579713179082
3014460,167.70275855681734
3014461,123.44791651492955
3014462,79.34982935715202
3014463,2973.10664802556
3014464,23.95102353512949
3014465,1.4850300343563745
3014466,13.16733886411844
3014467,8.795972559514494
3014468,0.3579752091187034
3014469,218.15097088996106
3014470,16.254803792470245
3014471,22.933326132131246
3014472,1.570731893905503
3014473,60.72062072481112
3014474,5.87223234819754
3014475,344.6350165765388
3014476,172.78250894846562
3014477,6.320358489796929
3014478,8.291063772893528
3014479,307.97491434308154
3014480,23.72822463619462
3014481,3048.1992995243754
3014482,0.0
3014483,20.727244359242285
3014484,3.33107952071604
3014485,0.26121145178171506
3014486,2.1924776163203297
3014487,4060.060589602814
3014488,0.0
3014489,344.00839146754265
3014490,13.713919643682043
3014491,1646.1873860302394
3014492,770.5847353856386
3014493,268.35528104726814
3014494,165.14819283981228
3014495,65.18153683305447
3014496,5048.477167398306
3014497,13.73802669302728
3014498,2.3294998654367567
3014499,20.658529114158704
3014500,22.995960434431428
3014501,0.218179166745551
3014502,385.29996835766957
3014503,0.0
3014504,0.0355241930908487
3014505,11.658027543495372
3014506,21.036739112091738
3014507,1.4921010607378502
3014508,134.242265433034
3014509,307.0814162384269
3014510,3.6379424466254973
3014511,9.452292224936203
3014512,162.77175068797416
3014513,60.838575357394106
3014514,981.1095891365999
3014515,9.730205520903416
3014516,4.89452702232957
3014517,7.677406497065726
3014518,0.0
3014519,7.003346924512635
3014520,2689.2369628855436
3014521,0.0
3014522,482.26525437725456
3014523,10.46907045748022
3014524,1503.7097203322908
3014525,726.4160854721944
3014526,227.74938786086167
3014527,141.60483470366287
3014528,118.0746103681238
3014529,4214.66003147383
3014530,39.928269654237226
3014531,1.6302596328776142
3014532,24.966053752455256
3014533,36.559064247268275
3014534,0.5037702292443564
3014535,242.06952480831228
3014536,18.73055909485793
3014537,21.56399812512194
3014538,8.006136454402023
3014539,118.58763868119816
3014540,10.066416876306732
3014541,212.43636184070002
3014542,426.71718271531614
3014543,13.05853117038373
3014544,9.482121368843577
3014545,207.062840733044
3014546,59.93903348403321
3014547,2954.993926495219
3014548,0.0
3014549,7.839316565032813
3014550,2.2913539509860525
3014551,0.07170555432657837
3014552,3.947653035672027
3014553,2605.3499558954736
3014554,0.0
3014555,434.0976720763869
3014556,8.95686291911098
3014557,757.029283742634
3014558,808.3659040788979
3014559,163.7152945584593
3014560,138.5881804073052
3014561,113.16212556922629
3014562,3148.334408238184
3014563,40.03147839657852
3014564,1.0512705592227978
3014565,20.806822374131343
3014566,20.43138680796626
3014567,0.3453321684457632
3014568,201.8112725176711
3014569,18.039996049176207
3014570,45.0835249813135
3014571,6.265906088477317
3014572,57.575462661202806
3014573,8.821043407230457
3014574,224.31548969367356
3014575,175.1773255050933
3014576,10.596710937630535
3014577,9.8996883568682
3014578,226.4166005525259
3014579,45.86848894171428
3014580,3330.1223594007247
3014581,0.0
3014582,13.734775378395586
3014583,2.152952126285343
3014584,0.05761311981906113
3014585,3.0823271813001365
3014586,4264.46510972466
3014587,0.0
3014588,488.64142373099423
3014589,16.112239130126447
3014590,997.8295722959019
3014591,657.9206242563376
3014592,212.06887080381745
3014593,184.84018040303354
3014594,49.784700092561096
3014595,4022.352985336808
3014596,8.578540051255194
3014597,0.14924345512063475
3014598,5.825175408915679
3014599,14.398293699734742
3014600,0.07770249257534313
3014601,205.2929768630333
3014602,0.0
3014603,7.637829458460597
3014604,1.4743262141480342
3014605,49.99407177990936
3014606,4.079712864785645
3014607,202.15536147528755
3014608,228.94243591454082
3014609,2.106302236804314
3014610,1.3777149887752056
3014611,224.00887317686974
3014612,113.77284687165684
3014613,1010.4108312767064
3014614,10.630084381417
3014615,1.480162584319424
3014616,13.68437385229169
3014617,0.0
3014618,13.480338788670633
3014619,8189.302701904136
3014620,0.0
3014621,1515.720103451692
3014622,27.908245399668086
3014623,2440.402187142264
3014624,2245.7172065060417
3014625,475.76948442394155
3014626,582.56744686979
3014627,381.5772921822023
3014628,8592.99724686245
3014629,106.94463281015378
3014630,3.922926703352043
3014631,84.9461001686007
3014632,109.81397376875216
3014633,0.5144835826177264
3014634,624.5234443791367
3014635,29.843136219690873
3014636,18.595611399546303
3014637,16.99252077774492
3014638,311.9245699305361
3014639,22.145961335195768
3014640,724.4983736264724
3014641,395.5845156830998
3014642,35.20814028855237
3014643,30.07629709570886
3014644,902.0484923171974
3014645,242.76831331346457
3014646,12447.860106276445
3014647,64.96437438541969
3014648,72.74347221186127
3014649,11.715440615280285
3014650,0.0
3014651,8.458636272242867
3014652,7417.476262518981
3014653,0.0
3014654,1101.9724010640803
3014655,24.947420809863175
3014656,2226.8651038121207
3014657,1972.3962291274079
3014658,556.0085071767564
3014659,340.89896419304307
3014660,276.69643170764255
3014661,9113.449848788423
3014662,158.43681138854353
3014663,2.142614491755099
3014664,21.32099415974542
3014665,99.13407773855099
3014666,0.776303940590163
3014667,553.6087597986683
3014668,16.310649009810746
3014669,33.94935770095587
3014670,4.724548101179127
3014671,179.1009070965766
3014672,13.247394114007523
3014673,857.2112538047459
3014674,507.7051771826652
3014675,18.15022234520858
3014676,24.638190331024308
3014677,1042.5365801596624
3014678,207.70813254282018
3014679,7975.628905468666
3014680,152.5784612253369
3014681,72.70332013907236
3014682,9.707454832914038
3014683,0.0
3014684,12.290968797789152
3014685,4492.9655171778
3014686,0.0
3014687,836.3475628026323
3014688,14.583007578775675
3014689,1910.6010270105535
3014690,1211.861498159057
3014691,559.9667379648421
3014692,126.48079707295534
3014693,178.5215288273889
3014694,7163.193202182878
3014695,39.79265297328246
3014696,2.5093253456477376
3014697,24.672377838220527
3014698,25.424103222415816
3014699,0.2580712465034527
3014700,467.821927593078
3014701,19.15227174346332
3014702,23.829872951284784
3014703,6.191700566958892
3014704,102.984994231069
3014705,7.678847635185717
3014706,848.1925681782495
3014707,468.09041806236405
3014708,21.516426209880297
3014709,40.625307286550324
3014710,493.57143004362734
3014711,89.87363088695439
3014712,3130.0183818633595
3014713,83.85964925728234
3014714,30.039095879983154
3014715,13.924327207198429
3014716,0.0
3014717,13.195681961954213
3014718,6807.976706417638
3014719,0.0
3014720,1020.4460080178818
3014721,19.992750197017912
3014722,2022.6096582488585
3014723,1868.950075998413
3014724,568.891586829361
3014725,307.08400361844747
3014726,206.8237866293699
3014727,8544.11444956093
3014728,54.6125526445166
3014729,1.9674035175293139
3014730,35.14063803232808
3014731,78.53202705175657
3014732,1.0289445111921875
3014733,509.1699893669051
3014734,20.140024790776717
3014735,34.333474952251684
3014736,6.481340103343828
3014737,161.30899164294442
3014738,10.225037793216591
3014739,722.8423866092966
3014740,463.19397125771576
3014741,22.154059768403275
3014742,20.04055498875297
3014743,890.4114002606225
3014744,143.77480406879457
3014745,6946.632469376136
3014746,93.25769326499035
3014747,54.33005542718459
3014748,10.705039221229688
3014749,0.0
3014750,13.688170755274987
3014751,3071.3272174881886
3014752,0.03506017145481758
3014753,600.8387240362453
3014754,12.514895010905644
3014755,1448.1328794016526
3014756,895.9679760167687
3014757,468.8899345921218
3014758,89.69454188559907
3014759,128.78748280045352
3014760,5539.8536341635045
3014761,43.06778665930568
3014762,0.364121564339989
3014763,16.511598059763454
3014764,46.34667871904717
3014765,0.6917048364094953
3014766,406.7712976238061
3014767,13.725259937463171
3014768,7.742399565608368
3014769,2.4881640345497895
3014770,90.30084791798151
3014771,3.300762536021242
3014772,634.8147897925462
3014773,448.4078441095026
3014774,13.712493615093114
3014775,15.822349011212536
3014776,558.940481488123
3014777,43.043648029187146
3014778,2034.7823430752512
3014779,70.23739885277641
3014780,12.262560253941189
3014781,11.837013396634157
3014782,0.0
3014783,9.637882360319432
3014784,6156.458457664082
3014785,0.0
3014786,1156.3366233869635
3014787,28.477700684164695
3014788,1824.1999728830972
3014789,2139.619847687644
3014790,374.88338117285826
3014791,480.0913037807018
3014792,343.67636997999693
3014793,7348.1272067396285
3014794,78.38523000010366
3014795,2.3122887640045215
3014796,42.399120583026345
3014797,63.28364014557515
3014798,1.2574397227772438
3014799,447.7046818277124
3014800,13.789148159936179
3014801,30.917041969956973
3014802,11.467398180139659
3014803,216.60758759201815
3014804,15.374093564937231
3014805,659.8325433528346
3014806,404.1932529764402
3014807,18.002810037848164
3014808,25.124696965537186
3014809,862.9701437927041
3014810,187.99003275253307
3014811,10428.26704839896
3014812,73.99356583178795
3014813,74.26267623302797
3014814,5.790288039042591
3014815,0.0
3014816,4.173819657767886
3014817,1835.0069616108212
3014818,0.0
3014819,342.44570342606215
3014820,19.97041265621441
3014821,939.4697882297195
3014822,537.4240986965477
3014823,209.428523346455
3014824,86.18074996227733
3014825,91.90894654912915
3014826,2791.9778995634215
3014827,52.49563918229597
3014828,1.4497770906623733
3014829,19.520183794418795
3014830,20.651947460295826
3014831,0.22308598882342998
3014832,213.45258414720578
3014833,12.905896018786956
3014834,7.573522304553793
3014835,10.368011492013814
3014836,45.91565564993527
3014837,5.738799500079844
3014838,226.89572517956324
3014839,215.83473497389232
3014840,2.8013960852465996
3014841,6.853374638500541
3014842,211.23803734046572
3014843,49.827713537372134
3014844,2025.3332935409298
3014845,1.7333519997375963
3014846,9.609985666233305
3014847,7.611248944974167
3014848,0.0
3014849,10.372923342677737
3014850,3774.7764191824426
3014851,0.0
3014852,502.49849129128614
3014853,26.248791603226902
3014854,1464.8342729693995
3014855,982.5470263420833
3014856,386.2677807738989
3014857,97.19856861699
3014858,127.53110183092873
3014859,5585.787342596859
3014860,116.98378416133833
3014861,1.6441969922699196
3014862,42.6371460396572
3014863,50.5202097688271
3014864,0.8039209033630847
3014865,401.6018803516581
3014866,14.144545923176814
3014867,3.3764393327364877
3014868,2.6553223137323467
3014869,135.93628612435393
3014870,7.265590239498305
3014871,561.7889066306606
3014872,401.41786757793136
3014873,10.817588336474573
3014874,16.600836731219413
3014875,345.2940027586656
3014876,63.69470243365443
3014877,2535.0577255590592
3014878,76.19186281719448
3014879,18.4851550199759
3014880,9.064476493169845
3014881,0.0
3014882,4.161540917625789
3014883,4663.232584151807
3014884,0.0
3014885,912.0850791396739
3014886,8.261878443496691
3014887,1611.019127040295
3014888,1731.5999212939455
3014889,257.2381139136393
3014890,376.1330738864576
3014891,246.74502926544653
3014892,5498.007681890766
3014893,46.67541502602435
3014894,1.6480855088329622
3014895,36.01445363213306
3014896,52.54910709679251
3014897,1.2284068292150732
3014898,362.31169625206394
3014899,3.381785443794852
3014900,47.3342684851179
3014901,7.296273722997212
3014902,129.0370619281904
3014903,10.817635721510834
3014904,611.6684432204695
3014905,297.6556535703001
3014906,21.437355036927187
3014907,11.213625202912617
3014908,639.7608718616019
3014909,120.46521547772775
3014910,8459.302090140442
3014911,26.313391735105828
3014912,47.96333855558633
3014913,15.584107041490887
3014914,0.0
3014915,10.31359615400281
3014916,5896.183938684293
3014917,0.0
3014918,1072.9766547273473
3014919,14.51075473611273
3014920,2255.5617844497183
3014921,1549.3271750864142
3014922,464.3064559157804
3014923,283.1139696202166
3014924,418.91839605591866
3014925,8039.014995783693
3014926,65.21093214930755
3014927,4.209927503949117
3014928,67.83539074196999
3014929,63.94378026733787
3014930,1.0264605734392804
3014931,482.6231522162303
3014932,12.234816102607306
3014933,78.73280533611252
3014934,10.926209734960056
3014935,269.5279675755891
3014936,12.431615385862647
3014937,639.2488271837785
3014938,469.145696900513
3014939,18.34075302744458
3014940,36.458217572418974
3014941,644.0950669259175
3014942,180.50643495241323
3014943,7838.476059369521
3014944,17.713929486157028
3014945,12.378984312375016
3014946,9.04110209601127
3014947,0.16108046501861337
3014948,3.5505099054679468
3014949,2288.7160725248773
3014950,0.0
3014951,485.26118464870734
3014952,7.581719526222641
3014953,1095.6503789620324
3014954,555.0807920330476
3014955,222.30865441054573
3014956,99.86427163543628
3014957,106.23156856556787
3014958,3278.776663950532
3014959,18.14999686092845
3014960,1.7243283953378696
3014961,24.38145648040481
3014962,30.115230980787825
3014963,0.1321687585059721
3014964,197.71993186442103
3014965,5.768067580459676
3014966,10.876568984316137
3014967,6.5030722514645
3014968,74.50925908357918
3014969,4.599546452601315
3014970,284.1553347829214
3014971,216.51569956728625
3014972,5.424133436285295
3014973,7.647769449594126
3014974,196.813088668656
3014975,97.59915933640382
3014976,3239.0939181935883
3014977,0.0
3014978,3.0736309556139054
3014979,5.660220431693904
3014980,0.0
3014981,1.8962591045945116
3014982,2973.325160297418
3014983,0.0
3014984,194.7268270686013
3014985,2.7489953048122415
3014986,950.4070819271103
3014987,227.55001576009718
3014988,197.19265220680032
3014989,61.033557560735126
3014990,27.26645468165711
3014991,3226.4712250042467
3014992,6.7481540451179125
3014993,0.5266151010846474
3014994,16.575049468279207
3014995,11.541280607305257
3014996,0.06684095058155214
3014997,183.22367875218546
3014998,0.0
3014999,0.0
3015000,3.3449886209061073
3015001,21.59958993726134
3015002,1.3364810252528896
3015003,50.13778428358922
3015004,134.3564653847007
3015005,0.028150543750129577
3015006,0.7492008028722263
3015007,57.32310471279982
3015008,94.34376522525129
3015009,547.2845949851276
3015010,3.540522273430651
3015011,4.546245242229349
3015012,5.2198426585133575
3015013,0.09113268553028507
3015014,5.258468013510376
3015015,2989.9390179363963
3015016,0.0
3015017,514.5034339357056
3015018,11.606785884503429
3015019,1135.9767076250287
3015020,876.5959205406489
3015021,294.2356466493933
3015022,168.9513483938635
3015023,122.08499586713432
3015024,4213.793367655258
3015025,47.642490649371545
3015026,0.8487438344413024
3015027,16.80942965693622
3015028,45.21080800626532
3015029,0.16668825660199757
3015030,290.023189497191
3015031,16.47267789426832
3015032,12.616304302659616
3015033,9.043569282833184
3015034,73.39581185564742
3015035,6.5361161012231195
3015036,395.0320284375356
3015037,245.34300677494502
3015038,8.685004969847874
3015039,12.122939258018288
3015040,441.63330954665264
3015041,64.91201709901915
3015042,3512.958729589672
3015043,0.0
3015044,30.633597110281258
3015045,5.61315001589559
3015046,0.04086965406268723
3015047,5.144205147914699
3015048,4274.312994426833
3015049,0.154900053973725
3015050,778.6241950068109
3015051,17.047743947212453
3015052,1244.4995383335408
3015053,1460.4669399473146
3015054,198.78874560080718
3015055,315.3239402742674
3015056,219.19346747027222
3015057,4400.511353556098
3015058,54.89091111686994
3015059,3.312932242167909
3015060,27.851242597590655
3015061,35.1340649596483
3015062,1.096688871438159
3015063,262.59028975144037
3015064,18.142262900895048
3015065,50.28139277178368
3015066,6.970229223768061
3015067,137.40370594174271
3015068,11.664331281254546
3015069,463.196334971485
3015070,246.98808293580387
3015071,8.808941034551609
3015072,13.400493959781336
3015073,675.500207055725
3015074,125.42017072854317
3015075,7431.460886538707
3015076,0.4111267645562062
3015077,49.47330163180716
3015078,5.829632645726816
3015079,0.32591207042122045
3015080,7.068878961672875
3015081,4103.274369450176
3015082,0.0
3015083,812.8829250801385
3015084,21.474372239623577
3015085,1210.7492043955128
3015086,1371.9316746119412
3015087,252.9722909582825
3015088,316.5108592331796
3015089,152.94919611695144
3015090,4705.970154405584
3015091,41.3521356648407
3015092,4.571945190986981
3015093,39.15218274157898
3015094,53.5487863609589
3015095,1.3094447575571841
3015096,315.24587671115086
3015097,24.21692328298074
3015098,45.99011269551459
3015099,15.94583257305029
3015100,123.01891409249669
3015101,16.636632392356876
3015102,384.14843844376225
3015103,289.2822986777197
3015104,16.790416583856846
3015105,21.92761766775745
3015106,523.0235098996433
3015107,124.03975441875339
3015108,6595.903840517846
3015109,0.0407806861313908
3015110,40.06146022160515
3015111,12.358964961831248
3015112,0.0
3015113,5.042319192795312
3015114,2270.4834605833767
3015115,0.0
3015116,430.2426489186841
3015117,15.093815966233551
3015118,1099.4788791862093
3015119,730.4221706391562
3015120,397.9320638990955
3015121,150.39239654103199
3015122,65.64091702429572
3015123,4645.121439308059
3015124,13.497682099107811
3015125,1.1300121346233236
3015126,1.176032674327613
3015127,28.211198434029754
3015128,0.24855171120947325
3015129,315.78540546048015
3015130,12.396166624070375
3015131,4.65336301392189
3015132,4.27992214808684
3015133,34.1768030854842
3015134,2.90336703027983
3015135,285.39569709746985
3015136,285.2763533987697
3015137,7.635364527225942
3015138,6.543339881970707
3015139,292.79573815164673
3015140,91.76096335577185
3015141,1075.9219070449642
3015142,28.737165797846377
3015143,16.10729371433504
3015144,4.997053591319055
3015145,0.0
3015146,3.0173041562139704
3015147,2012.1747028235798
3015148,0.0
3015149,335.71554137376506
3015150,19.809986961121837
3015151,643.1797822021556
3015152,652.1817685336537
3015153,113.99111412403113
3015154,121.77340295980946
3015155,137.89803591358256
3015156,2455.1959581850283
3015157,27.593048197478108
3015158,2.1592739099201466
3015159,26.318524536543052
3015160,23.584469841200146
3015161,1.221865646928703
3015162,157.02111891272122
3015163,11.497030736053201
3015164,15.672538512830677
3015165,7.785787259138333
3015166,95.47554507512042
3015167,6.645829861008715
3015168,281.36736186940425
3015169,118.74941795513787
3015170,4.368977957169964
3015171,9.225814646352102
3015172,283.54619522900606
3015173,59.19399007292496
3015174,2112.2006733447156
3015175,0.10029193793479607
3015176,20.84307044423206
3015177,1.352093053840914
3015178,0.0
3015179,1.90441675978908
3015180,962.3816414768628
3015181,0.0
3015182,74.91230941084719
3015183,3.2810614196814734
3015184,668.7780881963429
3015185,199.96828816592904
3015186,189.70759710417443
3015187,23.41552837113075
3015188,24.921187379067508
3015189,1973.6196901873318
3015190,5.410577894689791
3015191,0.4781251456193937
3015192,10.732541150546547
3015193,6.489538351524315
3015194,0.1678967771375331
3015195,120.74253104085793
3015196,0.0
3015197,0.0
3015198,0.5758250267189439
3015199,11.716457615960437
3015200,0.48228286202269194
3015201,191.68546938748545
3015202,114.62456743874627
3015203,0.377140155267738
3015204,2.769969194837833
3015205,110.52143127754192
3015206,17.66517937063816
3015207,194.66364359404577
3015208,0.4069378068384829
3015209,0.40575967577475847
3015210,5.6050525382933385
3015211,0.08698804567242706
3015212,2.0649774007055246
3015213,3532.1576434671383
3015214,0.0
3015215,582.3977153053711
3015216,11.012707434246819
3015217,1195.4321329367176
3015218,474.49078156525223
3015219,389.14040035544923
3015220,187.8846149356249
3015221,63.88224251903024
3015222,5430.978259150221
3015223,35.010353491374744
3015224,0.9168571251183311
3015225,2.0725591473115577
3015226,13.078461528455657
3015227,0.33991030984870046
3015228,347.3935766069818
3015229,10.368211932906005
3015230,1.031321219730366
3015231,7.700980993038776
3015232,57.7852019481379
3015233,2.16951335352283
3015234,856.4818919768026
3015235,223.87534315798342
3015236,2.3005905764378807
3015237,12.241665880963474
3015238,225.915520396025
3015239,97.85989681046341
3015240,954.7994614279696
3015241,6.956669285154254
3015242,6.302316718913702
3015243,4.214658217499383
3015244,0.02451001904612038
3015245,0.9800078959200136
3015246,1435.2673183879253
3015247,0.0
3015248,140.5204251829129
3015249,8.76614920399289
3015250,880.5033561893164
3015251,369.7641605113125
3015252,191.6742280486607
3015253,47.88327366964902
3015254,35.64891225550019
3015255,2600.1344402155037
3015256,9.801495640075506
3015257,0.3990739937595747
3015258,14.186518788833062
3015259,15.906242647227776
3015260,0.3138024733527632
3015261,145.2098056340388
3015262,9.375495860864131
3015263,0.0
3015264,4.626117640246918
3015265,42.82858219033892
3015266,1.561618543504213
3015267,232.70447182349682
3015268,134.72780295145998
3015269,1.800528925956047
3015270,5.854488520238821
3015271,156.00750966602777
3015272,29.55480710083365
3015273,332.7855691914824
3015274,0.9446205214455212
3015275,4.242401606280251
3015276,3.512219190727359
3015277,0.0
3015278,4.0569444342068515
3015279,1301.7617171706145
3015280,0.0
3015281,96.96514049384432
3015282,5.9706986602159775
3015283,761.8106100702511
3015284,217.31312226907636
3015285,109.18826417608048
3015286,30.22961954351035
3015287,26.499954430662942
3015288,2326.973205274959
3015289,13.225006223159328
3015290,0.012064983927529192
3015291,11.208185836183443
3015292,8.048401350859775
3015293,0.04419574210428356
3015294,108.17433870368457
3015295,2.245767782555911
3015296,0.0
3015297,3.3095656231862405
3015298,37.49048298045914
3015299,0.9142409729974909
3015300,173.61745404490736
3015301,111.56526693641729
3015302,0.6436529090319454
3015303,4.656957055757442
3015304,87.71277493848737
3015305,14.983108202327596
3015306,155.71512155996172
3015307,0.7743350232203248
3015308,2.16749183700737
3015309,2.7435730569867744
3015310,0.0
3015311,2.6555240263397426
3015312,1208.627122011086
3015313,0.0
3015314,131.64705882718138
3015315,8.35512165758265
3015316,1453.112413179818
3015317,305.916290578538
3015318,238.53062480313505
3015319,24.399869229482626
3015320,45.84456401941229
3015321,2461.2173950752613
3015322,14.46384578373485
3015323,0.6272240304602591
3015324,20.878598865617818
3015325,19.108369589373662
3015326,0.14053916603777805
3015327,165.51922808010173
3015328,2.685992826738267
3015329,0.0
3015330,3.4013931881713733
3015331,14.155234439177415
3015332,2.164131639689546
3015333,371.7325258619729
3015334,192.58677853624005
3015335,1.2278789495667677
3015336,3.0242381547995634
3015337,71.27566599090437
3015338,89.09809888377949
3015339,358.63337991679794
3015340,1.0725545327967074
3015341,4.627863237933753
3015342,2.9747270664314427
3015343,0.2937781903146088
3015344,3.924595690150498
3015345,1509.579924492287
3015346,0.0
3015347,143.1619734658613
3015348,1.9136977598630744
3015349,864.0147693227469
3015350,307.639648387805
3015351,250.1934181368551
3015352,75.86561619354968
3015353,67.58151966768379
3015354,2485.449514976133
3015355,10.414665522987649
3015356,0.8616684599696497
3015357,11.474031605141379
3015358,16.671069722440215
3015359,0.09480186860343996
3015360,191.07310514880714
3015361,8.271505091788281
3015362,0.0
3015363,4.72993039489723
3015364,26.31511229343028
3015365,1.4159151770391611
3015366,149.17016449077565
3015367,162.29223896683845
3015368,0.8189016852135489
3015369,4.534445920217636
3015370,100.89385096563264
3015371,39.99786906976837
3015372,529.3734852560789
3015373,0.6507327022594027
3015374,5.043902675081472
3015375,3.1224694382096536
3015376,0.16997681909353912
3015377,2.1107333674864126
3015378,1074.6167156855083
3015379,0.0
3015380,117.35450525039218
3015381,5.131407804002083
3015382,1178.557584936176
3015383,193.80703365614298
3015384,118.9870037170153
3015385,108.39063216278745
3015386,26.408417931191234
3015387,1862.2237798757897
3015388,7.212734751254745
3015389,0.45860204741991056
3015390,7.08967761223473
3015391,12.693714588019443
3015392,0.15747721209764845
3015393,133.68951253373865
3015394,0.0
3015395,0.0
3015396,2.3609468528115367
3015397,59.57863030166416
3015398,1.2398209788060819
3015399,47.39412384805023
3015400,104.43396152751195
3015401,0.6316101749350955
3015402,2.9524277677232056
3015403,54.596626106310524
3015404,28.030054071980256
3015405,395.36548187136293
3015406,6.675809987731918
3015407,0.967914087750906
3015408,6.423424481577747
3015409,0.4533836240317436
3015410,2.332716715119279
3015411,2299.047315098459
3015412,0.0
3015413,233.28114125703104
3015414,4.688131984818194
3015415,769.4034357279253
3015416,535.1178659835329
3015417,387.37589081623787
3015418,131.09482032227055
3015419,78.17505041212256
3015420,3312.620566812051
3015421,15.849386204113411
3015422,1.0766641089262856
3015423,15.614532839709408
3015424,13.72127396799774
3015425,0.29163988585931977
3015426,201.85859638314076
3015427,0.9976342917923272
3015428,0.0
3015429,5.514542403143219
3015430,35.94966250631477
3015431,3.0709626605515985
3015432,282.7212814525623
3015433,172.20326909788284
3015434,2.0162395512079008
3015435,5.000479646440326
3015436,271.49178491534735
3015437,40.13099395856417
3015438,1047.079018769973
3015439,2.205166927095737
3015440,11.378775218761296
3015441,3.3063255393079762
3015442,0.25935402052674367
3015443,3.192691123920992
3015444,1513.1767293879611
3015445,0.0
3015446,511.955902433229
3015447,7.804965669534908
3015448,424.73509424707413
3015449,470.316241252712
3015450,164.24621647131778
3015451,110.17595183929043
3015452,44.195385485158006
3015453,2176.1656931110956
3015454,10.76480315707994
3015455,0.9395909292994544
3015456,14.544894598989806
3015457,9.644217772983273
3015458,0.6511751381430969
3015459,148.03654476029908
3015460,8.468478759701252
3015461,4.162470638413538
3015462,2.594390188986318
3015463,76.38615695494987
3015464,1.7280080667367912
3015465,268.9546472530107
3015466,93.00018674874123
3015467,4.53450070855517
3015468,3.5743519130060046
3015469,133.77241367356862
3015470,46.83788726812443
3015471,1145.302587158357
3015472,10.53552389206359
3015473,9.55519799013802
3015474,4.768692111977446
3015475,0.3371097340978223
3015476,2.4632465515966597
3015477,2010.4519490500602
3015478,0.0
3015479,131.06389566497967
3015480,6.687632484474667
3015481,687.8994672183427
3015482,261.79255630538984
3015483,214.65930579631328
3015484,56.0796478474175
3015485,39.795767943388654
3015486,2701.830676591964
3015487,33.13067989346109
3015488,1.3522020901246963
3015489,19.89556611967916
3015490,11.543060591432324
3015491,0.12204532460486794
3015492,132.35002284919096
3015493,5.029936149102804
3015494,0.0
3015495,2.4981397140882375
3015496,44.2247409318412
3015497,2.0004102094118528
3015498,124.46468561400957
3015499,126.62627336052125
3015500,1.1757946419915326
3015501,4.0905595086860895
3015502,197.99911318235507
3015503,20.31628375891854
3015504,351.52548263343516
3015505,0.796000526566926
3015506,3.386319519663155
3015507,5.4285835622883685
3015508,0.05057550877047716
3015509,5.696877177434199
3015510,2290.6554256093978
3015511,0.0
3015512,506.26015141639994
3015513,11.355329485557071
3015514,768.8291985938896
3015515,640.5725938986141
3015516,172.2562195996551
3015517,133.49751832051766
3015518,81.45858617666956
3015519,3071.3695783992985
3015520,41.26792109657247
3015521,1.3222737382144423
3015522,12.747561205275433
3015523,35.147923782323986
3015524,0.3919258932126343
3015525,196.31457632857712
3015526,16.365353784369606
3015527,10.517637618311838
3015528,7.286154356886042
3015529,80.64656488469947
3015530,6.2396276245818205
3015531,395.40965592741725
3015532,157.59568826941634
3015533,8.909049802647678
3015534,7.684491041058474
3015535,340.247610748235
3015536,74.82256828181734
3015537,1688.7599817182063
3015538,0.0
3015539,23.98493896157514
3015540,7.611371937016864
3015541,0.2461083594330626
3015542,3.131321890911421
3015543,2628.258137920745
3015544,0.0
3015545,355.8110671606908
3015546,7.337780198046659
3015547,1301.7467725485928
3015548,503.61201872744147
3015549,483.45302725546907
3015550,66.99809718671658
3015551,58.00499644290651
3015552,4308.789199703412
3015553,16.685838078118845
3015554,0.7802033430367914
3015555,15.512416154488585
3015556,13.23826880079255
3015557,0.040657463766713316
3015558,272.09450607373054
3015559,1.2474405972822624
3015560,3.954463146658354
3015561,3.613383224680964
3015562,47.03635303429556
3015563,0.874752570236401
3015564,652.1752274135166
3015565,217.857070965374
3015566,3.8356962950043303
3015567,3.1316312073468175
3015568,214.94668279177336
3015569,33.34127219380621
3015570,665.6544565332335
3015571,9.761877020512664
3015572,10.527899875223197
3015573,9.240439976473041
3015574,0.1823263746878655
3015575,3.319035676910944
3015576,2139.5262530772466
3015577,0.0
3015578,316.75457004391296
3015579,5.909805802970721
3015580,1625.7497025321773
3015581,416.0645882718054
3015582,236.3004564876046
3015583,204.0978282117991
3015584,84.13027780976675
3015585,2940.06073591175
3015586,14.235001977857063
3015587,0.9189677261220963
3015588,33.46499417888092
3015589,30.058899220973085
3015590,0.25607279117321763
3015591,235.20380137878743
3015592,4.492978896110949
3015593,0.6553212542667981
3015594,10.692631405994248
3015595,81.3534513973014
3015596,1.1290534279669469
3015597,115.04190308890375
3015598,187.5850174962898
3015599,2.1918779454630015
3015600,2.813599830743369
3015601,120.24916897410917
3015602,135.24577063057558
3015603,951.1221968332643
3015604,8.650991820439623
3015605,6.453692917330263
3015606,3.8710351843569932
3015607,0.0
3015608,2.3948084843915254
3015609,1446.706946136007
3015610,0.0
3015611,119.06207156174999
3015612,8.943143016496107
3015613,574.8341901005244
3015614,280.7864232623035
3015615,116.80819624951909
3015616,49.87713387837628
3015617,53.83628241169585
3015618,2318.1907725392007
3015619,12.682847845721453
3015620,0.32659776771252286
3015621,15.895844767183569
3015622,13.476514122738305
3015623,0.0
3015624,133.9869890702385
3015625,2.9503658638816352
3015626,0.0
3015627,2.9288201644191365
3015628,75.6569150209946
3015629,1.9172755003338773
3015630,100.12407912771431
3015631,114.39151253500167
3015632,1.1164777832510488
3015633,3.8140414175787987
3015634,128.74058060715402
3015635,29.305565442335805
3015636,411.05747457620066
3015637,0.8750324272336412
3015638,2.823228946673774
3015639,1.5909069958164843
3015640,0.0
3015641,1.2188206025897006
3015642,1236.237468550605
3015643,0.0
3015644,231.33418430513484
3015645,13.602926681856994
3015646,458.88966868202294
3015647,439.87441631743866
3015648,109.83042943527056
3015649,45.32344779313346
3015650,75.90895861556155
3015651,1914.618256754904
3015652,32.64999197938802
3015653,0.45692992803381105
3015654,13.23639743054092
3015655,11.653510122038103
3015656,0.1652779042604638
3015657,108.1007023752508
3015658,8.716166587886356
3015659,1.4027744013258345
3015660,2.2098229101926345
3015661,58.551743825437704
3015662,4.183799551016951
3015663,878.3039542934308
3015664,118.66487686304231
3015665,3.5605617799140674
3015666,4.894299374125298
3015667,242.793462186617
3015668,26.739432455875733
3015669,978.0379632417145
3015670,0.0
3015671,6.48652923134311
3015672,3.9103050409099
3015673,0.07922419001720205
3015674,2.693621083788502
3015675,3063.6199000086576
3015676,0.0
3015677,633.570366781462
3015678,17.33467074711975
3015679,1051.4462358614142
3015680,1093.7613871024503
3015681,237.94757533205424
3015682,197.7369816273276
3015683,155.16880178618416
3015684,3877.12886170641
3015685,38.79516590986938
3015686,1.3661063193105851
3015687,19.37770153421116
3015688,37.251952767544296
3015689,0.1140683522674088
3015690,233.3971314061165
3015691,11.06312955137427
3015692,29.78104765893268
3015693,9.78673993722775
3015694,87.48359881217745
3015695,12.489546851377217
3015696,340.06192350412437
3015697,219.63124779691995
3015698,14.656564029989518
3015699,8.796295732166017
3015700,448.0200473555056
3015701,93.40362195053086
3015702,3019.0002943215395
3015703,0.9420062128380311
3015704,18.99850927985376
3015705,2.5164630824820953
3015706,0.07137963426884017
3015707,2.357785652410792
3015708,1579.2387308267516
3015709,0.0
3015710,272.0904920310066
3015711,4.974827387202397
3015712,345.11531082410914
3015713,426.1839481876627
3015714,110.56398439108267
3015715,97.31834648282182
3015716,38.45300345547892
3015717,1427.8823441327581
3015718,14.989150343138238
3015719,0.21254619314016224
3015720,7.833578465112655
3015721,14.29913494502762
3015722,0.39028006184707736
3015723,76.73978579915953
3015724,0.0
3015725,15.112032478732782
3015726,2.0281173174162066
3015727,129.17483998033333
3015728,5.565067504757774
3015729,159.00469717222802
3015730,66.75016234314323
3015731,4.757420245716482
3015732,5.176376254221043
3015733,135.918701149089
3015734,25.295014923606512
3015735,1104.5944979437052
3015736,1.9865328669484854
3015737,3.1662269240965277
3015738,3.1403502377310444
3015739,0.0
3015740,0.28485426730192304
3015741,592.0042233539436
3015742,0.0
3015743,172.07756245085622
3015744,4.790061309797469
3015745,375.6924537322621
3015746,198.6537845086039
3015747,63.91889745811503
3015748,27.841125641604197
3015749,26.354158271788904
3015750,1328.1753718084865
3015751,13.020330008246436
3015752,0.3662277091526932
3015753,6.6339667250078955
3015754,9.746296266759217
3015755,0.5648484265047522
3015756,68.00234381956933
3015757,0.0
3015758,4.081217199666983
3015759,0.8639157221973321
3015760,21.916009022378823
3015761,0.2888793984431479
3015762,215.93366988283933
3015763,165.42376293485984
3015764,2.5125502778239897
3015765,1.3224671151680918
3015766,113.34244906928458
3015767,15.628939857152297
3015768,341.73512697094554
3015769,1.8617167786218396
3015770,1.0875135788718977
3015771,4.117824114077534
3015772,0.050160369760265104
3015773,0.9008359885926891
3015774,2373.3433704584527
3015775,0.0
3015776,431.5092741654046
3015777,14.907398578817242
3015778,676.4214317974638
3015779,697.3843899333176
3015780,239.3771561832723
3015781,189.68008751883187
3015782,96.55323388486666
3015783,2982.068709352466
3015784,19.28319356710399
3015785,2.6514506202705546
3015786,17.213542599829147
3015787,21.384697065235624
3015788,0.26209319331029324
3015789,180.57669161982716
3015790,3.9256621984635927
3015791,21.081339238955767
3015792,6.740445890453862
3015793,122.74877775438326
3015794,4.317840162320611
3015795,215.74051234358433
3015796,157.63484292389546
3015797,9.326605422437106
3015798,6.265734335780355
3015799,272.5408051764384
3015800,53.891579888161836
3015801,1941.3942618307742
3015802,2.1825261727212637
3015803,9.751600408294825
3015804,7.06806516340118
3015805,0.0
3015806,2.949295287581316
3015807,2585.2893666595796
3015808,0.0
3015809,508.0527086025036
3015810,14.491997842974188
3015811,1001.4666849479728
3015812,670.2058020983405
3015813,335.4570688492396
3015814,214.7637109410049
3015815,47.77379260148719
3015816,4040.7160748668775
3015817,12.159536310143208
3015818,1.29082561148352
3015819,29.785719760793334
3015820,17.765960121595693
3015821,0.6486531031760224
3015822,235.735736569939
3015823,0.0
3015824,5.998459932905752
3015825,5.550593405552634
3015826,57.3133629587516
3015827,0.6441359230718728
3015828,328.679000281739
3015829,235.81971174112033
3015830,5.341982912466643
3015831,3.258247493900105
3015832,176.97272349744577
3015833,72.63978106003918
3015834,1126.251809324254
3015835,10.061894220263513
3015836,0.6247452676940815
3015837,4.046622556336086
3015838,0.0012395242061533777
3015839,1.4315022796980417
3015840,2357.0489747441848
3015841,0.0
3015842,511.1670311321489
3015843,12.749705360976709
3015844,790.8895306063348
3015845,528.950107223321
3015846,225.45363248252485
3015847,173.76426938498844
3015848,55.38797416042284
3015849,3254.646979359378
3015850,14.633507226577915
3015851,1.1923191580749348
3015852,22.877988381409047
3015853,11.587936540657601
3015854,0.173146323582851
3015855,207.26769307852854
3015856,0.0
3015857,6.291173607526872
3015858,4.716030832157057
3015859,85.86397413438355
3015860,1.9776311504466588
3015861,134.6215935698496
3015862,182.7076202856498
3015863,3.593922141272592
3015864,2.1119469188817486
3015865,151.17711631709219
3015866,50.84020900039918
3015867,790.0863125662925
3015868,9.70853581829432
3015869,3.2709834741844457
3015870,8.05146835692988
3015871,1.0770434018113988
3015872,8.360350333597557
3015873,6251.790250230209
3015874,0.0
3015875,953.9582325744318
3015876,72.7393583250972
3015877,1490.5079105684206
3015878,1562.0775526749755
3015879,275.18960279454143
3015880,380.2422224537994
3015881,270.1866836220149
3015882,6005.518662698293
3015883,76.32743030950533
3015884,2.5032313900115595
3015885,47.25099449786674
3015886,42.05420494186377
3015887,0.7201647190828956
3015888,372.1527195939924
3015889,24.955402252643466
3015890,44.79117497037546
3015891,15.9102600382054
3015892,225.65760136693808
3015893,27.40642136468927
3015894,531.8201037424662
3015895,313.50418869781544
3015896,12.157944229957726
3015897,16.31959098221913
3015898,772.5120685256937
3015899,174.88193980631473
3015900,5487.158777384056
3015901,1.0650137808435687
3015902,56.39713431505499
3015903,4.640413773772188
3015904,0.3491462469185904
3015905,1.267315392262677
3015906,1390.7489765063365
3015907,0.0
3015908,145.05995216685733
3015909,4.306846431258404
3015910,1018.8368646203077
3015911,245.85023139008538
3015912,98.92012526255103
3015913,137.7575091879719
3015914,46.14884831433147
3015915,2548.9528568823803
3015916,5.576166376391395
3015917,0.868163725594195
3015918,11.322789748815227
3015919,8.418430883093858
3015920,0.4560077492443604
3015921,172.0043464835146
3015922,0.0
3015923,0.0
3015924,3.1269420994963344
3015925,73.92041670322158
3015926,0.6416415533486467
3015927,157.84402029665966
3015928,91.03544327736624
3015929,1.8541009206248542
3015930,5.256222102149884
3015931,109.59853266167754
3015932,22.0964753938969
3015933,508.5387236187926
3015934,5.313130609086888
3015935,4.919440101650316
3015936,6.686991946379142
3015937,0.1769949466198418
3015938,3.1119900455607197
3015939,2656.028690389123
3015940,0.0
3015941,440.4722683257565
3015942,8.770152526842221
3015943,1189.4803245981836
3015944,526.900792816871
3015945,221.70471151825924
3015946,272.0842072316356
3015947,87.1631750003197
3015948,3905.2178377400955
3015949,14.564632697079357
3015950,0.3796101315411777
3015951,23.194532874297437
3015952,15.751111727110409
3015953,0.10677804077676997
3015954,256.9188213553927
3015955,2.116480093977996
3015956,2.5981332522194345
3015957,9.585125626983462
3015958,15.813091901939057
3015959,1.4987397825426423
3015960,642.9381064885739
3015961,225.64434039104927
3015962,4.33726958732265
3015963,5.769930766757162
3015964,160.78052601002253
3015965,50.08862938925487
3015966,1201.608682889313
3015967,17.889581005192923
3015968,5.168669779967973
3015969,1.561381794818543
3015970,0.0
3015971,0.7401765992563876
3015972,683.4568986779866
3015973,0.0
3015974,117.11088774739171
3015975,2.5687858389009954
3015976,1233.7329064693558
3015977,135.83539462888265
3015978,85.118045264504
3015979,196.8145332660713
3015980,13.333788351672936
3015981,1601.4978884461175
3015982,2.432651980461378
3015983,0.24267592137253435
3015984,8.166725958038588
3015985,2.4616074822069773
3015986,0.07656063995602697
3015987,83.69077932274732
3015988,0.0
3015989,0.0
3015990,0.9741916222116882
3015991,33.07462808485164
3015992,0.3038400666826182
3015993,117.1694536454559
3015994,60.178996321883545
3015995,0.8552000225395605
3015996,1.3701929279159106
3015997,51.713564715575195
3015998,9.268661428419055
3015999,167.66060342643217
3016000,6.385985443925511
3016001,1.4066246906873985
3016002,7.176195448063436
3016003,0.0
3016004,3.164781776098004
3016005,1608.6344603006635
3016006,0.0
3016007,182.90656932946246
3016008,11.440926082432727
3016009,789.0319868901009
3016010,307.29595014013773
3016011,157.63348229494588
3016012,130.9597884461332
3016013,59.93155213328197
3016014,2430.9195047937
3016015,4.226746659906904
3016016,0.7414558619119923
3016017,16.03619502419532
3016018,11.861158530535285
3016019,0.31562433328521744
3016020,175.63780506988022
3016021,0.0
3016022,0.0
3016023,13.121548441219412
3016024,25.25242460852127
3016025,0.9266296012869731
3016026,396.1548840568412
3016027,154.67901688366942
3016028,1.974776133009528
3016029,4.582856122175607
3016030,193.86007087030583
3016031,24.376508935652886
3016032,1068.8877990271685
3016033,5.648058930777907
3016034,2.0790887811650487
3016035,3.1116293085255724
3016036,0.03918050653577482
3016037,2.449970793983148
3016038,1855.7809213229214
3016039,0.0
3016040,580.4538628463594
3016041,6.601126862918947
3016042,773.9628388225636
3016043,492.15827673010466
3016044,202.92854339509628
3016045,97.94350485317044
3016046,67.45376423809535
3016047,3529.346556993717
3016048,5.536376487091564
3016049,5.742483613181647
3016050,0.0
3016051,34.65943252840689
3016052,0.17125033850504578
3016053,176.0701149138245
3016054,2.747502404243768
3016055,1.2476975801125896
3016056,4.788208201325666
3016057,32.8446916562632
3016058,2.050282057866321
3016059,235.53545351199764
3016060,199.75278602474978
3016061,4.712878665936518
3016062,6.350980698297135
3016063,130.63621986874494
3016064,36.5037461740705
3016065,548.6352207479673
3016066,11.550183361796604
3016067,4.510755456812307
3016068,3.912190956187201
3016069,0.0
3016070,0.5334296831110393
3016071,1252.7413217200378
3016072,0.0
3016073,82.93717955272024
3016074,1.7829310967399528
3016075,431.05508211619696
3016076,162.10183912559737
3016077,82.24855794182203
3016078,137.571765621307
3016079,30.87535423525795
3016080,1661.8875536991775
3016081,4.480982440973359
3016082,0.28600660509381404
3016083,15.303950047637962
3016084,9.3431046885539
3016085,0.2006715807765951
3016086,92.90392661250002
3016087,0.0
3016088,0.0
3016089,0.9020890386792786
3016090,49.17699650382478
3016091,0.6661498627537763
3016092,332.81825862405344
3016093,83.57180764729733
3016094,0.6951515225486036
3016095,1.1007093444963327
3016096,68.2582688665569
3016097,14.975610425114079
3016098,328.72476006320386
3016099,4.224508899518035
3016100,0.8589783049921357
3016101,4.24365675864892
3016102,0.09264140659038791
3016103,1.537249287381929
3016104,2771.6977222031455
3016105,0.0
3016106,406.7629044054958
3016107,10.817928700238706
3016108,765.7327787325214
3016109,485.0228245841787
3016110,181.08190900393132
3016111,151.2287764578739
3016112,73.69004669093154
3016113,3418.987544550925
3016114,7.145011814622363
3016115,0.4437951592545315
3016116,21.737122420912577
3016117,7.984510716110864
3016118,0.07379614435809351
3016119,174.42243086213298
3016120,0.0
3016121,29.06858314206497
3016122,3.2256916829260125
3016123,33.057392249885346
3016124,0.6484610122010507
3016125,391.95324388256626
3016126,190.1899294714307
3016127,2.8442309537713233
3016128,2.1256473287078936
3016129,113.68271326382008
3016130,38.3016951501648
3016131,987.9231235138976
3016132,25.940457810491235
3016133,1.0741320012700184
3016134,3.3551425514359994
3016135,0.0
3016136,4.6282192243613265
3016137,2428.1652045394007
3016138,0.013749890739922964
3016139,448.34477842066246
3016140,9.28003042412868
3016141,854.3564316465364
3016142,756.1708790935809
3016143,137.1044229491254
3016144,117.29926953572046
3016145,116.96341957540784
3016146,3181.1357436956814
3016147,61.13430650874157
3016148,1.7502239239587478
3016149,20.52561589329624
3016150,27.361082264803294
3016151,0.2838978046768704
3016152,199.90567348447752
3016153,13.416165457980593
3016154,19.742472852670065
3016155,1.8864870316468165
3016156,98.09323362545584
3016157,9.627115267276457
3016158,208.27129033694453
3016159,168.98297180667032
3016160,10.953177228147696
3016161,12.638583668314087
3016162,236.97008340472263
3016163,53.96350297723181
3016164,2099.424336235568
3016165,0.02697487336383105
3016166,10.930148505159174
3016167,6.704781022200562
3016168,0.0
3016169,3.033710521069037
3016170,2398.4630089769116
3016171,0.0
3016172,324.8375701321874
3016173,13.577157835046034
3016174,883.1181745690099
3016175,611.1165827042197
3016176,122.88035303214458
3016177,64.17893941266702
3016178,96.6376924334849
3016179,2888.9029402204023
3016180,24.49058279337901
3016181,1.5020240082356282
3016182,22.5160199907178
3016183,87.31255436972971
3016184,0.10570245237980085
3016185,254.37747628902963
3016186,11.019021282220939
3016187,9.94458693374659
3016188,10.18371365592288
3016189,123.40082364262932
3016190,9.449358038006991
3016191,125.90647573551256
3016192,239.3214788258059
3016193,6.3883541066744725
3016194,10.227756738292024
3016195,95.94269653504539
3016196,48.63569825471147
3016197,1480.9601269554753
3016198,0.35032873077532123
3016199,18.021546637739252
3016200,8.280998664480652
3016201,0.0
3016202,2.0519863836974377
3016203,2788.563114171551
3016204,0.0
3016205,581.673405789014
3016206,11.104215254900607
3016207,1706.6793579451003
3016208,501.2874624951185
3016209,167.13398133848924
3016210,162.10803010427907
3016211,52.08986780816988
3016212,4460.085450612726
3016213,34.84387246927317
3016214,1.13619540545487
3016215,23.5129112749861
3016216,10.510587017300569
3016217,0.296190482340431
3016218,272.44751840675906
3016219,4.385490607826711
3016220,14.273907066626503
3016221,5.393311994704945
3016222,66.70638129733108
3016223,3.1013440361764917
3016224,183.49010697920235
3016225,199.1987128548343
3016226,7.026943323639111
3016227,7.554638974393294
3016228,201.35923346388662
3016229,41.58821234865892
3016230,1265.2768197620312
3016231,3.4347704286192
3016232,12.830653119737795
3016233,3.638757008688851
3016234,0.1254917907629662
3016235,2.666181685318983
3016236,1655.2695837033623
3016237,0.0
3016238,258.28104268959675
3016239,7.072689468395522
3016240,600.1176239903289
3016241,530.0309677503533
3016242,146.2414896889564
3016243,95.35853155417557
3016244,53.277617563674234
3016245,2371.4957529804315
3016246,19.243228279481894
3016247,1.4255697373197658
3016248,9.021082596563772
3016249,14.579829035804467
3016250,0.48867616563271654
3016251,180.9550146114184
3016252,12.93200721201792
3016253,14.138994098927247
3016254,1.3390153633107293
3016255,74.84345347417894
3016256,5.246409171756926
3016257,282.77247568621556
3016258,124.83848763822752
3016259,5.9447697195735545
3016260,5.903029589831599
3016261,226.27646282175425
3016262,21.689236723891174
3016263,1410.2465435934528
3016264,0.0
3016265,14.259888137133967
3016266,3.712449571958471
3016267,0.1107570712516048
3016268,2.1341306207868955
3016269,3627.247161297955
3016270,0.0
3016271,322.5067249162732
3016272,8.787933072503764
3016273,1527.7593619904774
3016274,498.0488361839804
3016275,251.69784067514868
3016276,142.32978485097337
3016277,77.64025350237517
3016278,4586.6885055071125
3016279,12.472709623080162
3016280,1.9961564658398496
3016281,24.959785013750345
3016282,23.10629159654661
3016283,0.28489321609152346
3016284,369.237978068925
3016285,0.0
3016286,0.13125648081738836
3016287,10.394567054932233
3016288,40.985351949290425
3016289,1.5263760705937746
3016290,150.14872744628184
3016291,202.72503227979027
3016292,3.2694528782376677
3016293,9.8316792345071
3016294,158.27617980400993
3016295,48.274121274718105
3016296,927.7202168532181
3016297,14.204165747066936
3016298,6.081915122500817
3016299,4.555442679081744
3016300,0.0
3016301,6.451574297957747
3016302,2386.1725867011787
3016303,0.0
3016304,376.00390408409305
3016305,14.32463179158258
3016306,1250.3146667476474
3016307,566.1954425747178
3016308,198.49301320094952
3016309,110.99479311309355
3016310,134.59186551714848
3016311,3130.355348793066
3016312,37.063882756447256
3016313,1.1870370982414586
3016314,19.98510708124066
3016315,31.935012769212463
3016316,0.4963202151405952
3016317,196.6909050730805
3016318,14.751352435236308
3016319,15.601076803699783
3016320,7.796566268907388
3016321,121.85223710026254
3016322,8.57671577284492
3016323,181.35538315056417
3016324,321.9236418991501
3016325,11.83557832694398
3016326,7.049211786134587
3016327,161.4314357411641
3016328,44.30095553564862
3016329,1731.5348105000803
3016330,0.0
3016331,6.628928769104937
3016332,2.2165989882425623
3016333,0.06884651302117215
3016334,3.205970814606003
3016335,2124.0927505129
3016336,0.0
3016337,363.8786097505871
3016338,9.936506835906984
3016339,610.1105494204053
3016340,666.8753688503023
3016341,144.38405791279303
3016342,117.04167340621362
3016343,105.4210679400263
3016344,2627.7018188131483
3016345,32.36819212492306
3016346,0.7541619250220519
3016347,20.954195732325502
3016348,20.81715338644384
3016349,0.3060849218764829
3016350,158.52847281669483
3016351,15.669434477725869
3016352,32.01124848474826
3016353,5.664703808374957
3016354,68.99134871175198
3016355,8.554755973606182
3016356,214.67757094707716
3016357,142.56546448786517
3016358,8.301116925234448
3016359,8.47053910776357
3016360,172.43579478821192
3016361,43.45879904980454
3016362,1948.785524154811
3016363,0.0
3016364,12.339768351667544
3016365,3.175048337893455
3016366,0.18077600755331735
3016367,2.7000867811815983
3016368,4200.113341159277
3016369,0.0
3016370,465.8612455318322
3016371,15.994891359380349
3016372,1020.4375001723967
3016373,489.5008263593503
3016374,216.30142718393145
3016375,183.94248731217348
3016376,52.19966201258062
3016377,3999.126111116786
3016378,8.587466990343659
3016379,0.027146915608817452
3016380,7.043755075611931
3016381,14.94308527487368
3016382,0.17172266819963933
3016383,201.92722736971746
3016384,0.0
3016385,8.441401805628729
3016386,0.315363449302469
3016387,96.9576468205738
3016388,3.5326493848523994
3016389,243.5914608990617
3016390,231.8443392268944
3016391,2.1967196052484894
3016392,1.7353886121972948
3016393,206.37996874941666
3016394,131.5380415697684
3016395,1012.3781344718037
3016396,9.111948633775484
3016397,1.373539705436007
3016398,14.645379350406666
3016399,0.0
3016400,11.116500557579538
3016401,6931.743117782062
3016402,0.0
3016403,1228.5252952783173
3016404,35.76223581924701
3016405,1978.7631437684202
3016406,1730.7221207979815
3016407,407.1076235959547
3016408,446.56234733534734
3016409,356.14704795026023
3016410,6895.6960021231625
3016411,88.68369597872318
3016412,3.5030363087758047
3016413,103.22588294234167
3016414,110.46306932218329
3016415,0.06932193890251401
3016416,511.63931307083635
3016417,23.646139353670584
3016418,17.169787430859493
3016419,15.340765415237259
3016420,355.8276927539364
3016421,22.988668500529744
3016422,633.0771109307386
3016423,303.1390785089224
3016424,34.193303998430046
3016425,27.004920509323856
3016426,801.3753089035324
3016427,234.968120684484
3016428,6151.788264799754
3016429,66.59170105889518
3016430,58.274992767661885
3016431,11.838220659429757
3016432,0.0
3016433,8.705516008044626
3016434,6004.937557709681
3016435,0.0
3016436,864.5762860600308
3016437,29.85692113831846
3016438,1877.5253526897332
3016439,1588.711324157915
3016440,471.4480968970925
3016441,264.07595104351725
3016442,233.58064324070835
3016443,7556.216581413409
3016444,152.21325436624718
3016445,1.5685202377464924
3016446,26.80821842629653
3016447,78.28608745319826
3016448,0.6983516911897933
3016449,456.8453083524498
3016450,16.123546837272173
3016451,26.952591408616403
3016452,5.5699722595527215
3016453,201.58784286899626
3016454,14.994047885527921
3016455,766.6950244880746
3016456,401.4712290137802
3016457,17.07013124465159
3016458,22.87204463449879
3016459,805.9107768968025
3016460,153.53515644995807
3016461,4167.742073715164
3016462,144.18914589615386
3016463,51.883191438792906
3016464,10.828162890459796
3016465,0.0
3016466,12.420169217760183
3016467,4059.161035655544
3016468,0.0043918759417632
3016469,672.0132674268244
3016470,13.170234558631169
3016471,1779.4213452013287
3016472,1091.0864533137276
3016473,535.5468495974073
3016474,110.85520207083437
3016475,176.24828057927752
3016476,6472.762180062703
3016477,48.80401840984533
3016478,1.9427684326993602
3016479,26.149017246554425
3016480,21.650383743452196
3016481,0.23045802909883295
3016482,432.6733894033413
3016483,16.99709463515854
3016484,16.22819254025251
3016485,7.475270161872555
3016486,118.03483946302983
3016487,7.888499663558484
3016488,766.6530882996994
3016489,427.7604758763561
3016490,19.867538341364366
3016491,39.27508323965757
3016492,438.82779400585076
3016493,82.58734659117111
3016494,1756.9854036120628
3016495,85.69062182325393
3016496,28.484984905414635
3016497,12.322053481485533
3016498,0.0
3016499,10.941630883882368
3016500,5883.048179287305
3016501,0.0
3016502,823.1529581109689
3016503,27.734853097530923
3016504,1799.3621723666988
3016505,1550.0317179055016
3016506,473.64017800899376
3016507,247.81267928347108
3016508,186.52903431761237
3016509,7305.959401963867
3016510,50.508476197016755
3016511,1.656472237858041
3016512,37.82923518891364
3016513,73.25591158382863
3016514,0.8678360847963141
3016515,469.9724795130881
3016516,21.63834366788422
3016517,26.564665935374823
3016518,5.165364900184824
3016519,182.6208720764345
3016520,11.239444617143093
3016521,639.7030214542599
3016522,389.369756015376
3016523,22.4758232832523
3016524,18.376660123067268
3016525,745.2381937342835
3016526,130.76263172947358
3016527,3656.644510712777
3016528,89.03130727648615
3016529,43.59895478136194
3016530,11.318577096087573
3016531,0.0
3016532,13.906932195506217
3016533,2872.15485566542
3016534,0.06699787167068626
3016535,563.8136546964411
3016536,13.284178219427913
3016537,1400.792741685869
3016538,844.463958361559
3016539,427.0852600590184
3016540,77.05533639974473
3016541,124.89871397153323
3016542,5375.8530838365805
3016543,42.91493632100273
3016544,0.5328237863677024
3016545,14.998548381250322
3016546,41.97596905422396
3016547,0.6918345120071269
3016548,387.37769464024893
3016549,13.904372007777622
3016550,8.763396382041654
3016551,2.0578934925414356
3016552,108.66561647977686
3016553,3.656301131675831
3016554,612.8655792607792
3016555,387.12175944414895
3016556,15.412089445896745
3016557,14.004923643255944
3016558,566.321687074948
3016559,46.76809233025649
3016560,1179.5984907565276
3016561,72.8495783165225
3016562,12.71432904736254
3016563,11.010649566346332
3016564,0.0
3016565,7.560197011865783
3016566,4871.80872202282
3016567,0.0
3016568,864.7741092759508
3016569,24.826896657756798
3016570,1403.9217497892134
3016571,1628.1632339620992
3016572,334.2580184464166
3016573,371.7594267697143
3016574,260.2912383854151
3016575,5743.624125351828
3016576,76.23861395471722
3016577,1.7998625334486456
3016578,48.31289717087179
3016579,58.8561209812579
3016580,0.8195008473270485
3016581,342.92966572872916
3016582,12.507703123921544
3016583,24.885372270627265
3016584,10.504036249631442
3016585,258.24610391927155
3016586,17.08010469169257
3016587,589.4250268779047
3016588,305.94644125176325
3016589,16.37368939044165
3016590,23.878656336026093
3016591,702.1288665756699
3016592,134.96699579654774
3016593,5411.764830722371
3016594,72.22474132511094
3016595,52.62414995590073
3016596,6.194009181819095
3016597,0.05048392294699723
3016598,4.293000096779487
3016599,1558.5642524625498
3016600,0.0
3016601,272.8136810286497
3016602,22.167211549327114
3016603,886.1164699310362
3016604,447.86663068915874
3016605,183.76380295078454
3016606,68.56564091410374
3016607,88.89549558019473
3016608,2476.1347341738774
3016609,52.06664645849106
3016610,1.4071079763353334
3016611,18.148283163510758
3016612,23.690421757643886
3016613,0.41781513374888496
3016614,187.95182109041505
3016615,10.493153298965035
3016616,4.9055506505833435
3016617,10.037308606983968
3016618,57.86952375573279
3016619,6.490928597763762
3016620,203.29416731076347
3016621,169.30408409055775
3016622,2.4459152645613673
3016623,5.8537585825490295
3016624,172.0970597879715
3016625,42.09546692507228
3016626,1261.1016584888566
3016627,1.3371750706638619
3016628,13.645577221287068
3016629,7.171744238208926
3016630,0.0
3016631,9.927286241642257
3016632,3381.4059963549976
3016633,0.0
3016634,400.0360225199846
3016635,22.23268919791223
3016636,1314.6526220138514
3016637,857.8024110203348
3016638,353.50971802059365
3016639,82.32524022681827
3016640,132.8231020046766
3016641,5015.6083751582055
3016642,116.43998019064401
3016643,1.1999231185761758
3016644,41.19767909194449
3016645,41.94650329999372
3016646,0.6717150953658781
3016647,372.51463006767597
3016648,10.812372739883424
3016649,0.5028693881077109
3016650,2.7388005602094476
3016651,142.80647243386412
3016652,6.704157658910789
3016653,447.34997460663936
3016654,344.17047762904514
3016655,10.350685770153856
3016656,14.649407247708494
3016657,303.8804088820595
3016658,58.2738904517233
3016659,1632.1217944037412
3016660,67.6701606175886
3016661,17.37150515556526
3016662,7.858692377844393
3016663,0.0
3016664,2.5728829825143182
3016665,3529.059906236667
3016666,0.0
3016667,646.7605188722251
3016668,9.787407557147239
3016669,1160.250065001627
3016670,1241.1338600433871
3016671,205.7962675218952
3016672,274.28790950942846
3016673,216.42564994810445
3016674,3989.89732235215
3016675,38.62852582978604
3016676,1.3289392659074764
3016677,24.764581596432237
3016678,37.6171994132571
3016679,0.6963836938686768
3016680,259.6214534661583
3016681,2.7427754713240025
3016682,34.65905171715182
3016683,4.733272696698841
3016684,136.48562289219794
3016685,8.873647476391932
3016686,478.2702834372449
3016687,198.39587498734076
3016688,18.487760897380987
3016689,7.3884366265935295
3016690,438.4489360064656
3016691,92.60053358942768
3016692,4187.4102658766815
3016693,19.860150823434584
3016694,34.67557526809298
3016695,16.048522880847425
3016696,0.0
3016697,9.862079040341078
3016698,5733.4448843493155
3016699,0.0
3016700,1034.0157590202234
3016701,15.311910105976747
3016702,2168.294148502409
3016703,1463.260849828697
3016704,453.66829840854507
3016705,259.7645968737567
3016706,431.6171921159272
3016707,7852.185122126819
3016708,60.830939265829244
3016709,4.246765999133852
3016710,79.93904154051
3016711,64.456450175487
3016712,1.1973331894952435
3016713,471.1648075374788
3016714,12.305428596140723
3016715,79.91811561249781
3016716,10.46986890563051
3016717,294.6592444789607
3016718,13.578773090539142
3016719,627.3148372225688
3016720,454.2305362409395
3016721,20.412777058762643
3016722,35.64516476211815
3016723,608.9433570196308
3016724,168.64054551027832
3016725,6101.599672051763
3016726,22.015417203249022
3016727,13.260384384789402
3016728,7.909618154100667
3016729,0.052976809971107285
3016730,2.1407081390727427
3016731,1755.4081892113627
3016732,0.0
3016733,360.4866076410501
3016734,8.232963835785892
3016735,747.4771925637381
3016736,390.35129368703633
3016737,190.6501932378491
3016738,72.90022487973202
3016739,101.91345553997675
3016740,2598.685769131767
3016741,13.231862149742824
3016742,1.4011461106956125
3016743,19.659350319396086
3016744,24.567320274793456
3016745,0.0
3016746,150.09774904477246
3016747,4.248808951745493
3016748,5.2207929343882205
3016749,6.818172406041115
3016750,89.93075434213871
3016751,3.139462625553302
3016752,221.328182575809
3016753,171.10576333912343
3016754,5.526667371349635
3016755,6.157298796854283
3016756,149.23664370508516
3016757,40.47551319701161
3016758,1443.7677356779095
3016759,0.0
3016760,2.5974922082965155
3016761,4.032170560594357
3016762,0.0
3016763,1.8144083137802187
3016764,2614.890717628315
3016765,0.0
3016766,166.2596802451623
3016767,3.5012780346312726
3016768,912.904947656596
3016769,173.47147576352103
3016770,175.32538363106306
3016771,53.6225635514703
3016772,27.15050106044666
3016773,2545.8923291103874
3016774,7.821866626344952
3016775,0.4005411563052072
3016776,16.815027284889364
3016777,11.431858724761689
3016778,0.33214114829080643
3016779,162.3691028215089
3016780,0.0
3016781,0.0
3016782,3.1106295001784954
3016783,28.47568892606826
3016784,0.8338044121574909
3016785,60.77330041797626
3016786,114.49695789541764
3016787,0.0
3016788,0.46153437673505376
3016789,59.349231267592245
3016790,82.83415945156963
3016791,488.3926632767468
3016792,2.8375692539763833
3016793,3.3067830653289847
3016794,4.199253910818894
3016795,0.13912905854636382
3016796,4.129214066522444
3016797,2299.590277401809
3016798,0.0
3016799,421.07949701136454
3016800,13.87474295888399
3016801,986.0857759483438
3016802,701.76223855474
3016803,252.4212897843292
3016804,129.40046314802655
3016805,104.82095478970744
3016806,3582.1729545272215
3016807,38.56490411595749
3016808,1.2144890125580892
3016809,18.195973605595434
3016810,48.3419947878635
3016811,0.2033060486913528
3016812,247.91090138345984
3016813,13.263028926485282
3016814,10.448378973049744
3016815,6.934965527957463
3016816,82.75299937755203
3016817,5.4172983521864975
3016818,339.88073823096784
3016819,194.7092246855755
3016820,7.414683114906027
3016821,10.908597181653025
3016822,352.37241634722864
3016823,55.90865860599564
3016824,1739.6780521659741
3016825,0.0
3016826,21.35991009289496
3016827,5.3603463347836335
3016828,0.0
3016829,4.7342969168988915
3016830,3369.5282394031406
3016831,0.03654582380984715
3016832,609.6044333926299
3016833,19.051193801360554
3016834,947.6526254493176
3016835,1128.2557597755633
3016836,158.3040917021979
3016837,237.44012955661395
3016838,186.22118914601975
3016839,3434.326107304648
3016840,45.79874464446533
3016841,2.0560757638381677
3016842,22.89142703085404
3016843,24.702821088284338
3016844,0.8934493061321209
3016845,202.19010776755664
3016846,16.350153727725058
3016847,36.081965047884026
3016848,8.196821328881104
3016849,159.18134087862865
3016850,10.459297522554431
3016851,380.79268766146555
3016852,189.4556723801642
3016853,8.229436842267912
3016854,12.838220123156134
3016855,505.2489269564797
3016856,102.02984843983774
3016857,4126.07622224662
3016858,0.39082419262458645
3016859,35.191355816458085
3016860,3.965435682103605
3016861,0.3065165082521409
3016862,6.427641163007631
3016863,3247.206313380839
3016864,0.0
3016865,650.3366918890287
3016866,23.68285789009087
3016867,977.9591972600721
3016868,1077.6695463336825
3016869,210.6006114384924
3016870,236.80918260754817
3016871,122.07840502204057
3016872,3885.992755624651
3016873,34.701351259975866
3016874,3.107029894445955
3016875,28.144760883878412
3016876,38.31419511112826
3016877,0.7966063335639896
3016878,255.73166610673877
3016879,16.03152086800374
3016880,27.749819381460725
3016881,23.716002829654478
3016882,142.78628927546006
3016883,19.440846901943367
3016884,337.9023346157944
3016885,227.98574329958706
3016886,17.296973490073924
3016887,17.151319256416702
3016888,402.8784195102616
3016889,117.41487321755542
3016890,3125.9795723331886
3016891,0.20813602333060993
3016892,29.989107882854007
3016893,14.317533840727288
3016894,0.22556785307309724
3016895,4.92660469286891
3016896,2298.8244977378276
3016897,0.0
3016898,412.1343561559055
3016899,13.595455552541818
3016900,1175.4022215675004
3016901,571.184727523821
3016902,402.1838387723588
3016903,137.89311230450494
3016904,62.712033583533625
3016905,4782.721517526956
3016906,16.578270785147673
3016907,1.5329905024036072
3016908,5.572877694058077
3016909,28.527480802553402
3016910,0.16036304409512364
3016911,322.83520130862746
3016912,12.584787580869788
3016913,4.347536030137062
3016914,3.9016915018149105
3016915,44.53404549132029
3016916,2.617071829195545
3016917,484.82611605610987
3016918,282.9544963949387
3016919,6.470756137232275
3016920,6.815327847888681
3016921,283.8090529369782
3016922,89.98963743202998
3016923,1068.8739251482793
3016924,30.754065862252496
3016925,15.044138315160097
3016926,6.885934823343298
3016927,0.0
3016928,3.0078828661681976
3016929,2355.5930071742173
3016930,0.0
3016931,361.43195042496194
3016932,22.846471412154628
3016933,732.6641355558462
3016934,765.5836139424708
3016935,175.96425439316133
3016936,160.87665451117374
3016937,158.20565006411687
3016938,2820.548904181801
3016939,27.244812946948173
3016940,1.9069771542070555
3016941,24.054927478394514
3016942,24.4845069778136
3016943,0.7954840870360611
3016944,170.74156431450933
3016945,11.575401334353597
3016946,25.525366950341443
3016947,9.111639678916298
3016948,141.30185204400522
3016949,7.851387104637087
3016950,703.9790331218281
3016951,114.38886213633161
3016952,5.021474760664676
3016953,8.897030839058854
3016954,525.1588875436099
3016955,68.14990405319942
3016956,2424.599525389943
3016957,0.0
3016958,42.09166776607027
3016959,1.1983250053713816
3016960,0.0
3016961,1.981851199449248
3016962,987.1572870807215
3016963,0.0
3016964,64.17154167912358
3016965,3.4990008827322425
3016966,699.9708551410996
3016967,178.9651060355614
3016968,269.98451734428176
3016969,24.070708458591753
3016970,21.940212861491325
3016971,2009.9318982418567
3016972,8.43503399158542
3016973,0.48578962959003963
3016974,10.502399318028456
3016975,7.3144747507359895
3016976,0.07644666705223328
3016977,108.66502758826203
3016978,0.0
3016979,0.0
3016980,0.6971395899777557
3016981,18.833424054745294
3016982,0.2751777878636191
3016983,114.95912092749617
3016984,102.38323626597605
3016985,0.47736272963382154
3016986,2.5890054440301142
3016987,119.18219708058939
3016988,15.496173523868853
3016989,206.03244426601967
3016990,0.3807182586609259
3016991,0.24137203243794197
3016992,7.4264719825714165
3016993,0.039428458234949
3016994,2.388388594000303
3016995,4343.269860470891
3016996,0.0
3016997,565.9129644030007
3016998,13.069430431001823
3016999,1321.5473842645958
3017000,489.341519625997
3017001,531.5111420935094
3017002,236.46748859992152
3017003,83.02996080179769
3017004,5767.016310302644
3017005,35.594976599823624
3017006,0.8050071486826613
3017007,3.716932542353482
3017008,9.60831126303456
3017009,0.20269513146138443
3017010,305.82981991311175
3017011,14.206828879829247
3017012,1.7255932814759867
3017013,8.079802907912038
3017014,63.521373166988745
3017015,2.0011627407702233
3017016,484.98183010454807
3017017,198.75177936601884
3017018,2.2736030216593215
3017019,8.27608994029579
3017020,480.80990354255147
3017021,97.89222312102237
3017022,1436.8093800253264
3017023,4.538094226470203
3017024,8.204272694266379
3017025,3.6911631268245197
3017026,0.02638214668853346
3017027,0.7118171771320997
3017028,1454.9436299250478
3017029,0.0
3017030,151.2000539087525
3017031,9.691428619328672
3017032,897.7535959317694
3017033,332.648705074586
3017034,255.36016287386715
3017035,32.35107305047209
3017036,37.652143422704235
3017037,2655.89702313844
3017038,12.794835527062139
3017039,0.2837069939742725
3017040,14.103534240773623
3017041,15.428704102005057
3017042,0.2690034774621104
3017043,143.1567024558629
3017044,9.320773416574855
3017045,0.0
3017046,5.359132812172794
3017047,59.755116268494426
3017048,1.6794892109065285
3017049,105.42364450665467
3017050,124.1263911926542
3017051,1.370349718085688
3017052,4.735982763165291
3017053,167.14577392077115
3017054,23.087335781887116
3017055,310.1912911403252
3017056,0.6957945808111593
3017057,2.4134448435439992
3017058,4.034840851484395
3017059,0.0
3017060,4.260413679061703
3017061,1451.0572336746964
3017062,0.0
3017063,97.74427738584465
3017064,5.624925982413701
3017065,723.7886798808994
3017066,207.07376258475517
3017067,173.9258836926276
3017068,39.446208162814656
3017069,30.43193095113018
3017070,2465.0677634327485
3017071,18.5042009427671
3017072,0.08013840261194549
3017073,10.669204310731917
3017074,7.239761003156325
3017075,0.05039901260723606
3017076,118.71606206035219
3017077,2.3295300384603936
3017078,0.0
3017079,3.552609828411877
3017080,65.62323169964162
3017081,0.7632876069921593
3017082,138.5856118766738
3017083,136.30423683997486
3017084,0.6604782875008601
3017085,4.081488045443764
3017086,79.17510358960129
3017087,9.796500688416328
3017088,160.8200127152936
3017089,0.6089658070645328
3017090,5.043182281964032
3017091,3.1098627439659374
3017092,0.0
3017093,2.5032747367607247
3017094,1250.662665649625
3017095,0.0
3017096,125.76749683194903
3017097,8.109350369915049
3017098,1605.1804775969986
3017099,266.9347222831999
3017100,306.81747023983866
3017101,29.49351105153676
3017102,50.20043849171025
3017103,2658.531007259244
3017104,15.051415822576427
3017105,0.1645925691483449
3017106,7.191577905345754
3017107,21.14942768944123
3017108,0.12325714010640162
3017109,164.37724691584532
3017110,2.7179085771211655
3017111,0.0
3017112,3.1984776621236817
3017113,25.762947253554863
3017114,2.222169695488243
3017115,178.73757374461985
3017116,232.77268072046695
3017117,1.687612349547422
3017118,3.225337530585207
3017119,79.17656988625944
3017120,78.59129209710386
3017121,327.29111536376905
3017122,0.4776503036090601
3017123,5.071772244003107
3017124,3.4315469896841937
3017125,0.5131344143992738
3017126,3.7632944631666705
3017127,1441.3161829281216
3017128,0.0
3017129,133.61107077973185
3017130,4.322933622122106
3017131,861.6245050367646
3017132,290.53134006252725
3017133,327.3707049380603
3017134,68.51278209095419
3017135,68.32573054439496
3017136,2348.419639972676
3017137,12.168737401440165
3017138,0.6176652040964864
3017139,13.074909990366626
3017140,13.897243069851976
3017141,0.17077001481024578
3017142,191.18861086090476
3017143,7.299683343780557
3017144,0.0
3017145,5.822198709490647
3017146,37.86370921451553
3017147,2.330108760958189
3017148,129.63111652607094
3017149,143.6664170153135
3017150,0.26296706923767027
3017151,5.849546792004884
3017152,129.6766451646171
3017153,49.090091892903125
3017154,542.7799443541421
3017155,0.5232454448431614
3017156,5.256649232118557
3017157,3.9865691453494563
3017158,0.16139377422492018
3017159,2.204807770659251
3017160,1190.8647276163463
3017161,0.0
3017162,117.72286089625042
3017163,6.277173926318396
3017164,1401.5378748428218
3017165,199.1471995525913
3017166,146.80481379367447
3017167,86.33002480209328
3017168,31.312155017182455
3017169,1908.0261521541388
3017170,6.485501100237737
3017171,0.3835122813911532
3017172,8.505094599567995
3017173,17.408833887698368
3017174,0.14235645208522282
3017175,119.71350495123109
3017176,0.0
3017177,0.0
3017178,2.7088143131361075
3017179,52.069096832215365
3017180,1.005856326476929
3017181,44.789558649956724
3017182,101.41413766810504
3017183,0.8845344152474295
3017184,2.3972039213754157
3017185,65.81282028834333
3017186,29.220109435484133
3017187,459.5495462665625
3017188,10.802636909127973
3017189,1.4199154676879797
3017190,5.348554762072552
3017191,0.47416007478134864
3017192,2.764591696348216
3017193,2384.197619442082
3017194,0.0
3017195,208.97962642107282
3017196,7.290917312199443
3017197,810.4185897481757
3017198,493.076933618966
3017199,557.5398669066482
3017200,126.70425505517251
3017201,86.61515772330665
3017202,3246.378512205026
3017203,17.585064966789094
3017204,1.5495136776029559
3017205,15.592775931541075
3017206,5.879358138232111
3017207,0.167445587591746
3017208,202.73187886132055
3017209,0.813265300196798
3017210,0.0
3017211,3.4513426272037204
3017212,55.255254746099325
3017213,3.308676842995612
3017214,198.4950722402538
3017215,168.71278162953922
3017216,1.8217513055829513
3017217,4.125126556526555
3017218,308.86459619056365
3017219,37.14354225624348
3017220,979.5523126472921
3017221,1.9869574607433105
3017222,11.252287772196121
3017223,3.617843308720458
3017224,0.10375870957611177
3017225,2.412316796585952
3017226,1557.759280786829
3017227,0.0
3017228,467.01115509944213
3017229,10.497993756124627
3017230,443.85660716938406
3017231,447.21449713660814
3017232,220.61913192623092
3017233,111.78055219957209
3017234,45.379821238170315
3017235,2056.6349728607934
3017236,10.17660236041991
3017237,1.0520774994279123
3017238,16.40188561819622
3017239,10.572101964764505
3017240,0.39571053513868887
3017241,139.48311074388297
3017242,6.388173918516326
3017243,3.6158170967286063
3017244,3.2295548955476017
3017245,89.75361485023005
3017246,1.4511122009123933
3017247,74.86535223384035
3017248,98.14160717838939
3017249,3.9223259709806713
3017250,4.305631339459694
3017251,201.69197326411083
3017252,45.41427389757798
3017253,1084.0814984262504
3017254,8.22764161852246
3017255,7.882139459726659
3017256,5.983834609388672
3017257,0.35646799952223546
3017258,2.9456082586731958
3017259,2420.1781584299993
3017260,0.0
3017261,125.41946341628717
3017262,5.911692212815091
3017263,839.9187091818812
3017264,282.58161742671393
3017265,282.96221886571294
3017266,48.995430831293994
3017267,40.9025118242398
3017268,3161.5902440205523
3017269,40.95746679415079
3017270,0.9437408747599915
3017271,14.558694522231992
3017272,14.089746777306038
3017273,0.24264276070039223
3017274,152.53273942106756
3017275,5.4118212921261675
3017276,0.0
3017277,4.206314529772631
3017278,56.848098629164504
3017279,3.1096362507535287
3017280,118.16941732383981
3017281,179.5910256144948
3017282,1.4226089623003013
3017283,3.7553662592519346
3017284,116.48193484079557
3017285,19.274452287382353
3017286,355.59105564728407
3017287,0.5198395538052114
3017288,2.6644806542371593
3017289,6.027134929624388
3017290,0.0
3017291,6.034139902899519
3017292,2830.5808048836316
3017293,0.0
3017294,621.9543909421802
3017295,16.670246580937032
3017296,926.0570792295742
3017297,818.3423364612042
3017298,249.020109825628
3017299,184.58066204529905
3017300,127.4846703776698
3017301,3790.9594105418887
3017302,44.865314601432175
3017303,1.7263020077462612
3017304,14.741562764128458
3017305,26.537979305250524
3017306,0.2714325185800084
3017307,236.7194340963747
3017308,17.778492964236847
3017309,15.760749419930006
3017310,6.391562818011108
3017311,119.41314216103262
3017312,8.183726447572253
3017313,1285.5249183055519
3017314,179.33142823424336
3017315,10.282546094267186
3017316,10.324670322491997
3017317,623.1303437562299
3017318,72.29490527642314
3017319,2026.4594641061433
3017320,0.0
3017321,42.28337999764254
3017322,6.721631020082795
3017323,0.0
3017324,2.1694914816559665
3017325,2588.1489529562677
3017326,0.0
3017327,318.20457851610496
3017328,11.329627074750263
3017329,1331.7995842392168
3017330,432.92406369872873
3017331,923.3638460554632
3017332,59.82506610207183
3017333,66.59829941544598
3017334,4109.427282553641
3017335,16.49659865896095
3017336,0.306584972886798
3017337,20.309705829482265
3017338,13.661707978446975
3017339,0.0
3017340,237.3494065386189
3017341,2.194703545834784
3017342,4.050818970360787
3017343,3.2162987519060526
3017344,65.36012985530891
3017345,0.8041792133363141
3017346,234.68468393081665
3017347,184.87313013339437
3017348,3.2347778863628784
3017349,2.108182683700008
3017350,459.99767254799025
3017351,37.955633637745336
3017352,564.0810038321741
3017353,7.923582843540101
3017354,8.293550561616726
3017355,8.089787042350375
3017356,0.4070982405906342
3017357,3.2745281812286797
3017358,2377.1726152109527
3017359,0.0
3017360,324.03456397653474
3017361,7.073732048580302
3017362,1680.4426485304139
3017363,415.74857963223434
3017364,289.45883993432494
3017365,160.03337178977128
3017366,108.18984787675099
3017367,3105.897308047339
3017368,12.156675439843317
3017369,0.5353281919837051
3017370,34.42279822664752
3017371,30.399070607019027
3017372,0.19549011806695485
3017373,232.4715659593514
3017374,3.5517026519230916
3017375,0.932504645015372
3017376,14.058667150855586
3017377,129.5582843446795
3017378,1.212353469094508
3017379,90.17395268259732
3017380,204.3817339606659
3017381,2.1864847345480434
3017382,1.2212605593723687
3017383,138.06420787975986
3017384,146.90731905823225
3017385,986.6941195850129
3017386,8.091117487408505
3017387,5.371153164459315
3017388,3.07064190195626
3017389,0.0021133873358426015
3017390,2.592820726657089
3017391,1514.4081397542539
3017392,0.0
3017393,140.91895181360266
3017394,8.578072196074835
3017395,589.1023314916094
3017396,280.3150534751561
3017397,143.04508957246662
3017398,57.82003734762646
3017399,59.65247148791763
3017400,2327.653444115653
3017401,14.29331061226009
3017402,0.6011405046195194
3017403,17.430786109485517
3017404,16.174223212724954
3017405,0.0
3017406,146.36099728020673
3017407,2.630854575292317
3017408,0.0
3017409,4.364196678801747
3017410,92.84171863701964
3017411,1.5027728121506283
3017412,95.00161681699372
3017413,123.8031282300239
3017414,0.7922291027667606
3017415,3.494378348126985
3017416,247.54813435604112
3017417,25.101454476061523
3017418,482.4904604451743
3017419,0.6489539435732463
3017420,2.306335981522765
3017421,1.3113477512709109
3017422,0.0
3017423,0.5127973192892872
3017424,1372.4098289860824
3017425,0.0
3017426,251.58493947175947
3017427,14.014564168086714
3017428,520.3358662250117
3017429,512.8969177804984
3017430,140.88141310293287
3017431,54.257221266275984
3017432,84.36665192814432
3017433,2107.796597932427
3017434,32.93354576437722
3017435,0.5024292070141978
3017436,16.2851996185912
3017437,17.006233166565966
3017438,0.09211696079940869
3017439,106.79832005724096
3017440,9.03034970606924
3017441,2.6634243399704514
3017442,3.347747516251621
3017443,81.16637316329994
3017444,4.802182578083097
3017445,488.84908090405537
3017446,123.55607354345298
3017447,4.039599834967042
3017448,5.653280242474354
3017449,415.02657111401527
3017450,38.96100162128889
3017451,1194.9843838844292
3017452,0.0
3017453,9.662555929868056
3017454,3.679078178292413
3017455,0.10422479099823667
3017456,4.334488812189854
3017457,3891.0978436693927
3017458,0.1703995067737956
3017459,785.0246620693073
3017460,22.283189615447654
3017461,1283.231293591262
3017462,1375.7461995730312
3017463,333.97738229562367
3017464,273.04102047311875
3017465,231.54677846108623
3017466,4723.762694418433
3017467,37.2711407198957
3017468,1.2399756806138864
3017469,20.115629005836634
3017470,32.41819146536097
3017471,0.5439558765170905
3017472,269.2464516078541
3017473,10.717020735585114
3017474,46.8980072107348
3017475,11.822317724825778
3017476,144.3575651693483
3017477,15.828058474861898
3017478,734.444759294241
3017479,257.41585522377693
3017480,15.732211411980472
3017481,9.569038303472771
3017482,848.2431565947721
3017483,129.5438258591837
3017484,3790.2017236605916
3017485,0.7291899440759122
3017486,44.97687842109688
3017487,1.76996386502863
3017488,0.0811752493664703
3017489,3.583439569617856
3017490,2642.358380166546
3017491,0.0
3017492,389.89132668831877
3017493,6.6177462310422195
3017494,492.27433813939166
3017495,665.1924240921819
3017496,174.51617288258618
3017497,141.58235914417784
3017498,135.14996677580302
3017499,2013.6725393182146
3017500,22.496777484679647
3017501,1.0258918474071055
3017502,12.943723905240994
3017503,14.814407156810674
3017504,0.13890991126400845
3017505,102.18872386438711
3017506,0.0
3017507,28.988852855509055
3017508,3.551988284049346
3017509,234.515163562547
3017510,9.644580842131637
3017511,382.4017266746611
3017512,95.5475175254645
3017513,5.563408712062791
3017514,8.41181417025259
3017515,283.88337056090535
3017516,43.03519007666812
3017517,1830.752893606883
3017518,2.188266104737952
3017519,10.906805246013873
3017520,3.866858102677597
3017521,0.0
3017522,0.3517714716518471
3017523,1034.3811262498534
3017524,0.0
3017525,217.0842691055032
3017526,5.816681417112263
3017527,450.87181021439153
3017528,237.50639758105726
3017529,99.89494272331436
3017530,35.683744616911795
3017531,28.21458199733582
3017532,1576.475882585744
3017533,15.635592925910226
3017534,0.8745988512587959
3017535,10.406872152287088
3017536,10.6797356391265
3017537,0.3316379923468736
3017538,75.14670813584421
3017539,0.18764453977218545
3017540,8.187890687096772
3017541,0.29495565628759857
3017542,32.17361209913509
3017543,0.5338386560540402
3017544,411.2975682121901
3017545,121.53812717313485
3017546,2.5295173078335886
3017547,0.9679747231896386
3017548,202.10185163468458
3017549,25.228750191989203
3017550,482.7711405609959
3017551,1.1251656870220774
3017552,2.656987189253955
3017553,4.98456339678887
3017554,0.1734243074766967
3017555,1.1158464518763538
3017556,2724.747231436994
3017557,0.0
3017558,492.1795477292892
3017559,19.00772496464459
3017560,791.7088296943044
3017561,809.5719813236734
3017562,332.72936422432275
3017563,235.07430312786957
3017564,161.11672632860086
3017565,3391.992236639549
3017566,20.994333780993145
3017567,2.260753730708631
3017568,21.937194687969665
3017569,21.692846116446827
3017570,0.3246590561781184
3017571,198.5473283666815
3017572,3.8083676545461027
3017573,31.172927112994685
3017574,7.002581443100418
3017575,203.25482782708644
3017576,4.206594918867581
3017577,413.73047325229976
3017578,167.63666059308648
3017579,10.012473709018431
3017580,7.496392237685755
3017581,455.7031583715936
3017582,67.03569341822384
3017583,2156.3914150333108
3017584,1.2458021605161025
3017585,19.142102426155102
3017586,6.770419307542875
3017587,0.0
3017588,2.4124443642567814
3017589,2522.841285511741
3017590,0.0
3017591,483.87377134439475
3017592,16.825370594610714
3017593,1051.8084016291127
3017594,633.2018832389274
3017595,422.22973357024506
3017596,178.281004175538
3017597,67.97254857421628
3017598,3751.789272471949
3017599,13.630517072391799
3017600,1.462318399917283
3017601,27.21029903730924
3017602,14.643621695121864
3017603,0.49804880243414557
3017604,209.89315342766503
3017605,0.0
3017606,5.027086635021117
3017607,5.124586955327578
3017608,85.36107343452333
3017609,0.8275063137106603
3017610,116.08467884203861
3017611,214.0156253470337
3017612,4.57224063758328
3017613,2.634509901012723
3017614,203.53691929570215
3017615,67.87595474889238
3017616,969.1795610752903
3017617,12.141802681125764
3017618,0.13629191415878597
3017619,4.9764689584295985
3017620,0.0
3017621,1.2101909744074795
3017622,2222.4188806559905
3017623,0.0
3017624,473.6342225402607
3017625,13.326727842119045
3017626,832.2162898633803
3017627,495.19083524813294
3017628,295.0767689397641
3017629,135.0341897602988
3017630,74.44621429146483
3017631,3111.513717473433
3017632,13.152786542028513
3017633,1.1984910536259934
3017634,21.620112744210044
3017635,11.970089582477598
3017636,0.21000094387460286
3017637,197.97371839978484
3017638,0.0
3017639,6.119884363315455
3017640,4.589854757247894
3017641,124.7162815529147
3017642,1.8254843620096857
3017643,89.29814121256324
3017644,181.9930417772485
3017645,3.3176700660356744
3017646,2.2537822915758663
3017647,221.50996042103412
3017648,49.28165110021319
3017649,667.2350260476077
3017650,7.847029598429505
3017651,3.1661782986916926
3017652,10.238224558407888
3017653,1.5101389079377383
3017654,11.758756693833693
3017655,7907.753293068806
3017656,0.0
3017657,1166.7846604460276
3017658,55.7357240618198
3017659,1875.6089169103402
3017660,2115.198454151472
3017661,418.28012776816433
3017662,525.3327203736679
3017663,396.1795499732052
3017664,7739.781416620815
3017665,88.85343324931935
3017666,2.3270016754377534
3017667,47.974599910744054
3017668,48.23648315087431
3017669,1.4462709641027087
3017670,471.3768008233164
3017671,29.74657581044689
3017672,72.46945519901598
3017673,20.13252177645578
3017674,346.34549570939885
3017675,31.642225049689088
3017676,1438.1247472897296
3017677,417.7606394315089
3017678,16.2696235236358
3017679,18.94565270038742
3017680,1608.4917411810723
3017681,219.00968073302502
3017682,6891.81406485519
3017683,0.6340269201819183
3017684,124.44997675110622
3017685,3.65531109651021
3017686,0.5256421522296091
3017687,1.4455957506633512
3017688,1264.7078945948183
3017689,0.0
3017690,127.40108348720264
3017691,4.914743899372072
3017692,1072.9181005697453
3017693,229.92783508887592
3017694,150.98110048165614
3017695,126.09834772763594
3017696,51.46827366592415
3017697,2088.0094530884257
3017698,6.3189768080716675
3017699,0.3699483067699183
3017700,11.0267924797546
3017701,8.276612193150056
3017702,0.47547941695310614
3017703,152.0508314898993
3017704,0.04160931803751053
3017705,0.0
3017706,4.036402140077803
3017707,90.00385082117212
3017708,0.764753972034452
3017709,50.94775139609157
3017710,90.87269373441356
3017711,2.182925731818012
3017712,4.024387002181933
3017713,130.72890294207963
3017714,15.017263212640884
3017715,421.8366818070394
3017716,4.71658257524013
3017717,4.303328578738945
3017718,7.724126793078199
3017719,0.17086996713912742
3017720,3.2468604964752616
3017721,2897.9033209869935
3017722,0.0
3017723,461.74469225603605
3017724,13.076829727029365
3017725,1262.1794479508003
3017726,564.1567895167063
3017727,295.3725169854782
3017728,297.60019483166957
3017729,104.52127501436993
3017730,4088.789166571935
3017731,12.873740771097838
3017732,0.2149458280011163
3017733,24.62753675717357
3017734,15.522591020410768
3017735,0.0044125063956853726
3017736,277.03407755381664
3017737,1.3422018746476696
3017738,2.2056739859071097
3017739,8.565382727226504
3017740,16.438120220146924
3017741,1.9853115791946043
3017742,324.1726831567927
3017743,245.08361910543852
3017744,3.949974961906184
3017745,6.491768548262404
3017746,161.3847428143208
3017747,53.253753183993304
3017748,1229.4066424567457
3017749,9.369115172944293
3017750,4.259678040894525
3017751,1.028494555159322
3017752,0.0
3017753,0.7760893389383707
3017754,683.4157005103701
3017755,0.0
3017756,95.64859228601848
3017757,2.9794057954578492
3017758,795.2003936151045
3017759,122.97813677324217
3017760,141.8176614194968
3017761,164.2516238894777
3017762,14.085761085612189
3017763,1126.4969258168542
3017764,2.836032659538514
3017765,0.2224519102823585
3017766,7.802324628204583
3017767,2.80192337956952
3017768,0.09107699009922648
3017769,79.77380177649472
3017770,0.0
3017771,0.0
3017772,0.544902406568562
3017773,110.85553764022526
3017774,0.2662365669351156
3017775,60.3440248707604
3017776,62.50780272389722
3017777,0.938021520194552
3017778,1.3312051835447711
3017779,73.27704918320586
3017780,8.892935205012844
3017781,179.39122139874044
3017782,4.042545190397297
3017783,1.6811504072747292
3017784,7.333425849235133
3017785,0.0
3017786,2.6567444544218137
3017787,1688.8191048284145
3017788,0.0
3017789,169.2611491790865
3017790,9.624005695336377
3017791,799.4948923273845
3017792,303.548806061605
3017793,210.78693470636358
3017794,113.8178966103015
3017795,90.52344496146041
3017796,2701.6778812316743
3017797,3.8053117115471644
3017798,0.7962803761262924
3017799,15.416316215302444
3017800,13.937175262720206
3017801,0.3191505376735195
3017802,176.9474113488664
3017803,0.0
3017804,0.0
3017805,11.94826951258965
3017806,58.36312686417457
3017807,1.2550038715768614
3017808,197.2615506162349
3017809,154.41039047142692
3017810,2.0790191474316027
3017811,4.357654895720037
3017812,274.34335175378607
3017813,23.205710864840892
3017814,1069.2820963306056
3017815,4.655704226151946
3017816,1.283360650275274
3017817,3.0202551721561695
3017818,0.14229037997504934
3017819,2.288755621830059
3017820,2304.530457337881
3017821,0.0
3017822,620.5555366237716
3017823,8.877995498154553
3017824,939.7986645296177
3017825,613.5665920560316
3017826,258.64576862165273
3017827,122.50314951707821
3017828,77.5172353093645
3017829,4142.6485351308265
3017830,7.667381886744588
3017831,4.938454545879184
3017832,21.15976316084783
3017833,40.80268271191856
3017834,0.08883157989388775
3017835,207.59477626177377
3017836,2.2014496790947384
3017837,4.741776401274123
3017838,3.718095847442083
3017839,53.97157869383746
3017840,2.0146883612698354
3017841,170.80152761889764
3017842,237.4342661514706
3017843,5.355278723756602
3017844,5.643272673359214
3017845,170.42877626468922
3017846,40.81083807935792
3017847,565.6830385449008
3017848,11.58950873485903
3017849,2.885592088698573
3017850,4.884294450256225
3017851,0.1806752140836282
3017852,0.5172257426231853
3017853,1243.3282101391976
3017854,0.0
3017855,81.30755407032505
3017856,3.7340806989735973
3017857,442.26903671359065
3017858,148.69183976223698
3017859,112.4496401891828
3017860,171.33887142201698
3017861,50.837090635837285
3017862,1666.485430114952
3017863,6.28044482176054
3017864,0.09936865351693237
3017865,12.482632513773694
3017866,8.906914526547236
3017867,0.05113824436409544
3017868,99.79597423397028
3017869,0.0
3017870,0.0
3017871,0.8484695603388237
3017872,53.11160346659931
3017873,0.770679499861329
3017874,168.86611798540412
3017875,81.12827628577824
3017876,0.8622494954595336
3017877,0.9713254418001771
3017878,73.26781165055154
3017879,17.1003044717519
3017880,306.92743926805457
3017881,4.640451706521272
3017882,1.000699952720977
3017883,4.756285727306492
3017884,0.0
3017885,1.8274437173405775
3017886,2802.7482075963694
3017887,0.0
3017888,412.4570287905888
3017889,8.872178999509908
3017890,800.4470027300076
3017891,460.7434943786438
3017892,228.71152618013414
3017893,122.97369924476158
3017894,91.5779096092807
3017895,3384.107359199367
3017896,7.202122328436508
3017897,0.8972183909571099
3017898,18.630572874292746
3017899,7.3752674564956315
3017900,0.18434978402515048
3017901,184.5042242461993
3017902,0.0
3017903,41.629920545815274
3017904,2.790423767519436
3017905,50.07482712814528
3017906,1.0098240792628768
3017907,179.19273192007793
3017908,176.22972603950996
3017909,2.7229831881805704
3017910,2.5481039630279847
3017911,121.7550628443046
3017912,34.74013652350606
3017913,989.915403448039
3017914,20.31952673085943
3017915,1.0097820877121633
3017916,2.8193935814388404
3017917,0.0
3017918,4.454286482934588
3017919,2886.3196800223527
3017920,0.0
3017921,510.00164263936375
3017922,11.61386216237564
3017923,962.5353086653972
3017924,887.5805415869656
3017925,167.32539408112453
3017926,134.2061470048608
3017927,151.93536345984435
3017928,3510.5007965731998
3017929,65.19274340193162
3017930,2.2196550746854506
3017931,30.160906764002537
3017932,23.288604525491046
3017933,0.3389788667532409
3017934,213.93011788452873
3017935,13.344901312636214
3017936,27.837932087455016
3017937,2.521587008100812
3017938,148.43591501944002
3017939,9.408697946741668
3017940,341.87477544901833
3017941,193.92737868865933
3017942,11.161281613559483
3017943,14.661021389965434
3017944,320.9948154659126
3017945,74.76139625160488
3017946,2471.6111037021406
3017947,0.09932368817641338
3017948,17.184958471705524
3017949,7.637326771442663
3017950,0.0
3017951,3.4935370724620887
3017952,2662.4095938636583
3017953,0.0
3017954,366.9406402162941
3017955,16.85682225945714
3017956,1061.2335987018373
3017957,782.53631034007
3017958,172.35441763441202
3017959,79.95198239964778
3017960,111.79431959797672
3017961,3394.862776139309
3017962,25.957225792150084
3017963,1.2576819615137187
3017964,22.95944603214297
3017965,98.41406895580609
3017966,0.049089767131610874
3017967,288.9995040152015
3017968,13.876445088982845
3017969,15.007784181330942
3017970,10.370850106573489
3017971,152.77275162778614
3017972,10.441550070639803
3017973,232.28827764434087
3017974,287.6692817888816
3017975,7.202293843106305
3017976,9.715128492998078
3017977,180.91263461851696
3017978,66.17076203128204
3017979,1800.1798031914188
3017980,0.5196813047740407
3017981,19.765412616310808
3017982,8.852657990722513
3017983,0.014605523493802097
3017984,1.8914542811422788
3017985,2953.031111217184
3017986,0.0
3017987,620.3444520322303
3017988,11.347996142687872
3017989,1770.4978072497654
3017990,524.597783300347
3017991,208.5815243065427
3017992,197.35794540658097
3017993,77.17823322104945
3017994,4911.009087848027
3017995,34.72445004841722
3017996,1.68632526153459
3017997,33.75537438062835
3017998,12.36558395532539
3017999,0.008643879116070065
3018000,279.6645094712196
3018001,4.031469667399815
3018002,18.423635881289844
3018003,8.267808927310863
3018004,88.96686578844141
3018005,4.997649545511214
3018006,233.5210953306733
3018007,196.71253006580127
3018008,6.406833812521961
3018009,8.472832342722345
3018010,275.6253494820982
3018011,51.16106469176459
3018012,1389.109610585922
3018013,2.4955128601584495
3018014,16.018336063692068
3018015,4.543912290509689
3018016,0.22788809662834209
3018017,3.958435951960381
3018018,2330.3557663829533
3018019,0.0
3018020,318.39907658908334
3018021,9.576125255609018
3018022,813.5076527621717
3018023,655.5007855073364
3018024,209.29372166907447
3018025,130.10148095843869
3018026,91.42226030817962
3018027,3165.8780057789604
3018028,24.353107845898545
3018029,1.4351810257623092
3018030,16.52781617400307
3018031,10.228906306687321
3018032,0.3677308424299473
3018033,210.72065891037886
3018034,13.465521299030682
3018035,24.97848120996065
3018036,1.412291148927702
3018037,129.15483209795352
3018038,7.253665842232053
3018039,608.2707203057291
3018040,168.34876331328147
3018041,5.657086909067681
3018042,7.513195846793491
3018043,476.7771415928522
3018044,32.10522720114931
3018045,1754.9607687355588
3018046,0.0
3018047,27.831216694551
3018048,3.121102628650611
3018049,0.06974864254586506
3018050,2.189896497001322
3018051,4187.94756416386
3018052,0.0
3018053,332.83647921138703
3018054,12.446841770113622
3018055,1784.480496106498
3018056,502.84499511352
3018057,372.31244265798756
3018058,155.67642954635895
3018059,88.6970199505749
3018060,4889.938815349309
3018061,14.596500740459701
3018062,2.226116157988584
3018063,22.92636948438215
3018064,25.982355154292126
3018065,0.2750348673664049
3018066,358.026690087666
3018067,0.0
3018068,0.43297639199718235
3018069,8.929032566332022
3018070,82.54428469441424
3018071,1.9386404138492666
3018072,133.18282435195863
3018073,204.51918171425314
3018074,4.3091802572563
3018075,9.268919673534896
3018076,262.1282248154954
3018077,49.93823440317786
3018078,1010.4524141231193
3018079,9.843089344343957
3018080,6.614725962215839
3018081,6.02905994899276
3018082,0.04947482334232038
3018083,5.93656584012095
3018084,2534.8352831795382
3018085,0.0
3018086,415.29994526099364
3018087,14.83898933229736
3018088,1468.050899158334
3018089,652.800284593818
3018090,238.08916604845848
3018091,124.31942340025562
3018092,191.43374903852632
3018093,3454.103908959512
3018094,41.575709011119
3018095,1.2247397554250952
3018096,24.34515984926417
3018097,29.252270703636707
3018098,0.6413299689226677
3018099,217.5142879438673
3018100,15.900501287041948
3018101,18.10582106974059
3018102,8.736917533926325
3018103,163.54160604064202
3018104,12.001804579632113
3018105,340.072247458652
3018106,329.0739209343968
3018107,13.236356248738435
3018108,6.96139333198265
3018109,231.50015114201963
3018110,51.067866426664864
3018111,1958.5601558296225
3018112,0.0
3018113,7.20627574416626
3018114,2.469250204769595
3018115,0.1330601029625671
3018116,2.8440395265536313
3018117,2516.8962437325786
3018118,0.0
3018119,423.99835452178087
3018120,12.20733366618897
3018121,713.8713235156048
3018122,793.9857170371223
3018123,194.59681805760212
3018124,138.67170586144303
3018125,134.9960235280094
3018126,2957.0050647161374
3018127,36.48332656156115
3018128,0.895233344861852
3018129,20.466753297426678
3018130,16.57888713157115
3018131,0.2250917228499494
3018132,169.6197441470899
3018133,15.669433054289406
3018134,45.02076559757674
3018135,6.416269807044904
3018136,93.34867511646088
3018137,9.215943662086623
3018138,319.5693360339976
3018139,155.75317410982723
3018140,8.724550664623134
3018141,9.716555930801766
3018142,274.58480892537546
3018143,51.89806679592141
3018144,2254.7266984732496
3018145,0.0
3018146,17.963003285641996
3018147,3.2572811520380616
3018148,0.0963121122468604
3018149,2.908286458511835
3018150,4548.210130130594
3018151,0.0
3018152,469.31997726240377
3018153,21.20094920392576
3018154,1140.9173350711937
3018155,520.6001908421847
3018156,285.1967244932698
3018157,177.1646187165105
3018158,69.33754685026503
3018159,4334.517381957561
3018160,9.184597186539799
3018161,0.0
3018162,8.958870727080095
3018163,15.222225441922596
3018164,0.08072090932905417
3018165,211.9770785824617
3018166,0.0
3018167,8.38018650320333
3018168,0.7061121734682837
3018169,122.1991922713551
3018170,4.33955952675004
3018171,199.7999208780401
3018172,241.20220516013305
3018173,2.235842219980904
3018174,2.041657149509725
3018175,295.68695186763154
3018176,118.44280191125458
3018177,1035.4269605404334
3018178,12.432551617614413
3018179,1.0471924858089616
3018180,15.138513830516418
3018181,0.0
3018182,13.39401788534175
3018183,9038.152421214347
3018184,0.0
3018185,1626.7340158108304
3018186,47.15857154742335
3018187,2434.428505020825
3018188,2463.7974443391126
3018189,666.8638954225405
3018190,660.9857557547724
3018191,494.63134713520475
3018192,9418.231250255849
3018193,103.71167352345725
3018194,4.083228342139257
3018195,107.05258104560045
3018196,107.7653820291439
3018197,0.7619589983479054
3018198,641.2338117794728
3018199,26.64284404964216
3018200,27.968538174596596
3018201,16.544006025666
3018202,515.3769314029636
3018203,28.40648324327176
3018204,1552.0150931553858
3018205,418.8547815889708
3018206,34.62973693371271
3018207,31.154369651995424
3018208,1708.1035327562167
3018209,215.1357989436993
3018210,8062.180809500989
3018211,67.86333784712836
3018212,119.7783567595449
3018213,12.210630626852932
3018214,0.0
3018215,8.701376745395823
3018216,8651.273886697203
3018217,0.0
3018218,1235.5975776404307
3018219,42.00732918202897
3018220,2632.780749306745
3018221,2247.596928696437
3018222,815.9640160290852
3018223,402.1269116713398
3018224,403.3368529758126
3018225,10556.68222169738
3018226,176.12449604547402
3018227,1.5473684746494238
3018228,32.03652788294117
3018229,111.49525791631123
3018230,0.7921916924488765
3018231,628.1791079323166
3018232,20.778370520687474
3018233,45.80923636878894
3018234,5.435716548034838
3018235,326.93039759634246
3018236,20.753392134380498
3018237,1940.2761395310024
3018238,551.9297341171563
3018239,21.936250942774226
3018240,28.718257526842123
3018241,1788.5462459567975
3018242,227.02220351133585
3018243,5700.813754757688
3018244,164.5493995849025
3018245,120.43532171706818
3018246,9.590058077409726
3018247,0.0
3018248,12.97645051105614
3018249,5119.519532244155
3018250,0.0
3018251,792.1884999651427
3018252,19.659832776118304
3018253,2203.9241898950913
3018254,1354.57868198378
3018255,735.2314358760096
3018256,141.7168827873492
3018257,247.6316148806004
3018258,8288.71381634068
3018259,52.13961780744825
3018260,2.7484590042740176
3018261,31.188019944214762
3018262,27.04973848021611
3018263,0.3483441809332061
3018264,515.1237749962617
3018265,14.888349775154165
3018266,26.536085718923168
3018267,6.393459252431219
3018268,163.70068568817936
3018269,8.47718463565718
3018270,1848.6985651572202
3018271,551.5185285641461
3018272,19.96023808324928
3018273,41.94793825608947
3018274,989.804879142012
3018275,117.92718627613196
3018276,2190.61085564262
3018277,85.21278130498288
3018278,52.3894675371887
3018279,13.003298371266313
3018280,0.0
3018281,12.772755432974437
3018282,7900.160481832168
3018283,0.0
3018284,1134.470970949676
3018285,36.770456850793025
3018286,2245.319206758511
3018287,2056.2616269669156
3018288,755.4141591712797
3018289,366.6703025122786
3018290,281.8728586101026
3018291,9271.658892767977
3018292,69.2948059937557
3018293,1.4993760965989327
3018294,43.37453588502577
3018295,81.75312866886176
3018296,0.8418540514807016
3018297,563.2267126728292
3018298,22.329884811362092
3018299,38.257120061014255
3018300,5.776073188611289
3018301,285.4819143537475
3018302,15.929935673055702
3018303,1780.7468421611875
3018304,500.0177271463188
3018305,22.447958394640573
3018306,19.253957217061412
3018307,1545.465863294944
3018308,185.00421626992087
3018309,4835.291855468621
3018310,91.57935621955005
3018311,88.47135409861593
3018312,11.060549432060848
3018313,0.0
3018314,14.724005859668477
3018315,3709.700560221442
3018316,0.03621292870355663
3018317,680.0729504146763
3018318,19.721707580958334
3018319,1746.334201546587
3018320,1015.0842872983584
3018321,614.6502516495257
3018322,96.66608791226602
3018323,172.42495206454203
3018324,6644.9602182184135
3018325,46.4899049738853
3018326,0.5912516121266169
3018327,25.923634183855256
3018328,51.67396863201582
3018329,0.9850244986361859
3018330,460.61657110994076
3018331,12.96118831846854
3018332,9.409889826086763
3018333,1.474429860181639
3018334,156.62095714121503
3018335,4.727519590373117
3018336,1601.250227769256
3018337,481.88661033113584
3018338,17.396901999775224
3018339,16.362601945326524
3018340,955.9327053160085
3018341,59.664899006806785
3018342,1425.7508799538766
3018343,66.86235842097592
3018344,25.899345739863424
3018345,11.850755204608433
3018346,0.0
3018347,7.796723490260398
3018348,6816.997576712374
3018349,0.0
3018350,1212.2257403629328
3018351,42.13663743147806
3018352,1859.8226261443988
3018353,2278.8966767510506
3018354,534.3926487490144
3018355,532.0120939477868
3018356,432.1735620802405
3018357,7676.441927359056
3018358,86.22633803660028
3018359,1.5026455766554196
3018360,55.076911142632234
3018361,70.17892762284154
3018362,0.8057468627362495
3018363,443.7241772703837
3018364,14.761722388636509
3018365,44.01407519351871
3018366,20.70863829281731
3018367,398.0015513339914
3018368,21.916091506687536
3018369,1501.469167279484
3018370,406.3003125063514
3018371,21.708967802823157
3018372,30.057278396147463
3018373,1493.0582661601122
3018374,221.0467493253618
3018375,7299.159631585496
3018376,81.02715766920676
3018377,112.02288199312436
3018378,6.105508016872955
3018379,0.0
3018380,4.459449089338496
3018381,1820.8560226368165
3018382,0.0
3018383,318.61343109422904
3018384,28.704325203713434
3018385,933.5179970022555
3018386,507.3005902417931
3018387,246.12059907016135
3018388,90.91626349137229
3018389,122.3077499727636
3018390,2869.353404999956
3018391,55.73600142607757
3018392,1.761455644389746
3018393,21.36713895368496
3018394,18.03892247525889
3018395,0.5515956000632738
3018396,212.06569605253955
3018397,10.460223347818802
3018398,6.58655505589133
3018399,10.663667226630313
3018400,75.49298220959486
3018401,7.486484031047442
3018402,318.12483376242585
3018403,188.08544164547385
3018404,3.283423891290117
3018405,7.511042409211942
3018406,295.4576863415195
3018407,48.2656136546589
3018408,1521.486376887417
3018409,1.065477867372129
3018410,12.14614138076225
3018411,8.28645292750001
3018412,0.0
3018413,9.999734131847669
3018414,4146.048475764608
3018415,0.0
3018416,560.7217314977929
3018417,35.437072960850635
3018418,1627.2990652564251
3018419,1029.752442936922
3018420,491.7229203663626
3018421,97.90307938104473
3018422,187.81476556546093
3018423,6150.759078855079
3018424,154.27777085361913
3018425,1.7085811888141649
3018426,45.58605098810124
3018427,42.39675442599632
3018428,0.6831074978436106
3018429,435.61946510562547
3018430,14.770674940546966
3018431,3.6627379653760577
3018432,4.056649719927595
3018433,189.688576104446
3018434,8.78176335702063
3018435,876.7798690920462
3018436,402.2099688419977
3018437,11.453735310567605
3018438,18.96255239068594
3018439,487.00003827502593
3018440,70.39405221988518
3018441,1958.98509926401
3018442,71.54981544976616
3018443,23.51306245466707
3018444,7.634595054468962
3018445,0.0
3018446,4.352474201124818
3018447,4757.425061588564
3018448,0.06739573561298548
3018449,896.4652504351548
3018450,11.142005852510776
3018451,1532.5413990947045
3018452,1719.864721415849
3018453,332.7520774368396
3018454,411.80438345183705
3018455,335.9113263647327
3018456,5288.474391030921
3018457,43.69600775663347
3018458,2.0614869211387736
3018459,33.41701206377558
3018460,36.00704180807282
3018461,0.9871699265072911
3018462,332.8660092323657
3018463,2.020179933207665
3018464,59.10539744217409
3018465,6.77406903768432
3018466,223.42437642921578
3018467,13.013709302934547
3018468,1125.5289599772789
3018469,257.7211513161967
3018470,23.357149824270945
3018471,11.078827561300914
3018472,3858.4693418068277
3018473,113.655219728332
3018474,5435.175071209895
3018475,17.82661526300863
3018476,76.56706898248706
3018477,16.00593394050352
3018478,0.0
3018479,10.853060593667566
3018480,6300.720966526359
3018481,0.0
3018482,1163.0236950750564
3018483,16.165102298625328
3018484,2369.4872415531136
3018485,1627.8652103086304
3018486,529.0415253604344
3018487,298.57176984512625
3018488,533.0919432519862
3018489,8564.858941870654
3018490,70.19780698729433
3018491,4.578541835167182
3018492,83.29494570439937
3018493,69.57258834507275
3018494,1.0770179072513002
3018495,511.1972961179656
3018496,12.105619137206892
3018497,90.18132360988895
3018498,10.886295067831021
3018499,332.96971500579383
3018500,14.09519500057404
3018501,873.1656994965913
3018502,491.9410167008522
3018503,21.91636648305684
3018504,39.14456679236869
3018505,766.1115675978937
3018506,191.86594706284157
3018507,6764.139710157122
3018508,20.652250660262546
3018509,13.541195550432047
3018510,9.63947104005457
3018511,0.0826134062492918
3018512,2.4703078472422986
3018513,2145.9681499872895
3018514,0.0
3018515,427.8436550327555
3018516,9.229260565132643
3018517,959.1424887150436
3018518,462.0651292174093
3018519,252.7673513956897
3018520,90.69326929740502
3018521,171.6254284377087
3018522,3055.3126562252564
3018523,19.15853039669811
3018524,0.8835838910694053
3018525,23.235693816538106
3018526,23.716491845806324
3018527,0.11917400850254424
3018528,180.12808857614272
3018529,3.4401777135215554
3018530,14.693967812927164
3018531,6.822163512130374
3018532,128.79024734164892
3018533,2.711273764593748
3018534,470.63591243454
3018535,184.3321529170872
3018536,5.606748450681022
3018537,5.573403304491564
3018538,258.64119735823596
3018539,54.014043818505804
3018540,2016.864846886837
3018541,0.0
3018542,5.509144241947462
3018543,4.246162887391623
3018544,0.016579315981940734
3018545,2.0989929117217474
3018546,3284.323001196314
3018547,0.0
3018548,182.49096720862087
3018549,2.735731044721434
3018550,1260.422535596391
3018551,179.1207354999435
3018552,257.0922627268326
3018553,61.54051523897743
3018554,33.72821920162399
3018555,3070.732054219237
3018556,6.723578023318366
3018557,0.7555516340167505
3018558,19.63003852737681
3018559,10.745504248859085
3018560,0.3411885073227706
3018561,191.37361709156343
3018562,0.0
3018563,0.0
3018564,3.58347378746233
3018565,33.51951232213072
3018566,1.333330327759206
3018567,54.83574172132008
3018568,134.70207474166932
3018569,0.0
3018570,1.7379859141359306
3018571,70.49257986559864
3018572,87.67261438825936
3018573,588.4993964138471
3018574,2.7513006981334853
3018575,2.1732081428622494
3018576,4.645784953731715
3018577,0.07134872855245825
3018578,4.9105707121709745
3018579,2924.061294900101
3018580,0.0
3018581,480.35664759901096
3018582,17.92896303683561
3018583,1224.0671934127008
3018584,861.54151040823
3018585,360.58979793847186
3018586,167.16858986340162
3018587,158.57986056081543
3018588,4350.569861868331
3018589,42.287527385048904
3018590,1.217327725585364
3018591,23.238120860148385
3018592,53.24727016521958
3018593,0.25194189899040753
3018594,293.43546103028956
3018595,15.262088277634218
3018596,21.475867537276947
3018597,8.23142134764716
3018598,125.90969767696008
3018599,7.578952897628931
3018600,672.678831982883
3018601,236.55290085558067
3018602,8.36559101142582
3018603,10.64952151026983
3018604,709.7681972359928
3018605,78.12905354431838
3018606,2083.2705688220262
3018607,0.0
3018608,49.981397369336584
3018609,6.645166833749686
3018610,0.04836074361226496
3018611,4.074840377975857
3018612,4249.004944037735
3018613,0.18216983556389907
3018614,724.6996690440051
3018615,26.1786880283686
3018616,1146.8447043379317
3018617,1391.0384716099393
3018618,224.37217887355698
3018619,318.764124174163
3018620,304.9296731209341
3018621,4092.424310307629
3018622,44.22320934147277
3018623,2.8290889453964074
3018624,27.575668708771232
3018625,27.76774192790034
3018626,0.36869664948459824
3018627,224.6369233168382
3018628,16.549343113900466
3018629,50.66117394615967
3018630,7.599112081408219
3018631,251.895063784934
3018632,13.734485192817505
3018633,826.754162130789
3018634,218.55515243947264
3018635,8.097027505716117
3018636,15.229066311289627
3018637,883.8929841447369
3018638,134.08865238221443
3018639,5010.2150257039175
3018640,0.3395839711923982
3018641,64.57894789995292
3018642,4.658951698581149
3018643,0.36188553441039356
3018644,7.763446568194194
3018645,4292.396431825069
3018646,0.0
3018647,841.8784443207048
3018648,31.812656267604268
3018649,1204.064513271389
3018650,1421.155904661119
3018651,339.7107534951789
3018652,340.94845776341094
3018653,187.94549975062938
3018654,4878.454439871746
3018655,45.74101617465311
3018656,3.4753734411073265
3018657,36.54855977165592
3018658,44.315494434422256
3018659,1.130493372154115
3018660,307.5208717170197
3018661,20.550700560857575
3018662,32.98482472067094
3018663,19.34396665411942
3018664,225.2089992427521
3018665,19.435646867937393
3018666,932.2803931330184
3018667,284.7215981381117
3018668,17.644329098949278
3018669,18.609010513513645
3018670,891.4819871610802
3018671,144.15950017584254
3018672,3995.9517348115733
3018673,0.23486991340743862
3018674,66.72692355995783
3018675,10.890573951318345
3018676,0.24363716462094034
3018677,4.775060822726716
3018678,2390.8812975066103
3018679,0.0
3018680,406.53604447646853
3018681,14.02249467985639
3018682,1224.4359608567588
3018683,549.3619155677061
3018684,594.3029587206663
3018685,137.14439266323967
3018686,78.18591899738396
3018687,4846.138255830119
3018688,15.334605500573332
3018689,1.0905278254258397
3018690,14.307725270272647
3018691,26.917970828767327
3018692,0.14344296920662278
3018693,308.5047478204411
3018694,12.965039779909723
3018695,4.8865680619575524
3018696,4.448661973769652
3018697,62.20309875460993
3018698,2.6595212822359513
3018699,268.55608417916295
3018700,262.22234688152184
3018701,7.207942021734541
3018702,5.770764156078464
3018703,440.08126928825897
3018704,89.71516932442059
3018705,1053.4838051085428
3018706,27.925663808204543
3018707,17.049715174511512
3018708,5.659457968104606
3018709,0.0
3018710,3.519109172319677
3018711,2350.93976322056
3018712,0.0
3018713,357.51062911522837
3018714,13.658286157448599
3018715,594.05874896346
3018716,720.6589868884395
3018717,135.89952115585135
3018718,161.45636647706098
3018719,138.83631849863298
3018720,2536.363149373745
3018721,18.89466718827851
3018722,2.198430366232792
3018723,21.107656644251232
3018724,25.183808995073818
3018725,0.8968564777165242
3018726,181.20872853636118
3018727,15.046837371975483
3018728,16.60199671676362
3018729,8.05182771284524
3018730,136.96616433458982
3018731,8.358158119876691
3018732,298.77462842152624
3018733,137.03500910707686
3018734,6.66010552044347
3018735,8.172759760970376
3018736,279.4468025001781
3018737,51.980101070073374
3018738,2301.3036773910744
3018739,0.009674165673007409
3018740,25.211291151061044
3018741,2.88645016439704
3018742,0.03547183936760085
3018743,3.0713560781090363
3018744,1495.0887320034444
3018745,0.0
3018746,108.17541572221111
3018747,7.6904571610238
3018748,1045.0527818067458
3018749,343.2519173435358
3018750,273.5954576397623
3018751,46.524989768123824
3018752,45.242992492713114
3018753,3090.311353688474
3018754,11.901455684018345
3018755,0.5008542275465101
3018756,17.265425972695944
3018757,11.856218477572314
3018758,0.13795849183341824
3018759,211.93852088858648
3018760,4.859762742830587
3018761,0.0
3018762,2.8514320209900315
3018763,30.861703331737136
3018764,1.1083525006608164
3018765,163.7841244166641
3018766,209.20531853155785
3018767,0.9802330023601009
3018768,5.439850119718159
3018769,168.9981640262048
3018770,28.10706723946936
3018771,263.53433269642755
3018772,0.598707078740753
3018773,0.9364295250605412
3018774,10.01793090823067
3018775,0.43333213342231763
3018776,3.769074202782453
3018777,5223.590451159672
3018778,0.0
3018779,649.6471109713686
3018780,24.568771576614033
3018781,1988.083672966036
3018782,692.2479497014787
3018783,499.4294650641033
3018784,215.37190591511012
3018785,132.90884429226068
3018786,8045.960421805924
3018787,43.26014328384439
3018788,1.3679168808185362
3018789,24.784623385064588
3018790,21.80384739719876
3018791,0.38898113167585846
3018792,488.8645796691344
3018793,18.9494789862519
3018794,2.481740691517081
3018795,8.594294970781055
3018796,83.47538902501996
3018797,4.138953713982192
3018798,607.5058953818154
3018799,409.14956883210397
3018800,3.6473804330778394
3018801,16.935695759298053
3018802,317.5935678888022
3018803,109.26159783979622
3018804,1354.7702395014287
3018805,7.739366287415562
3018806,13.874393243707921
3018807,8.223730676615466
3018808,0.0
3018809,1.1144356899560848
3018810,1924.8074603923117
3018811,0.0
3018812,168.40974286450336
3018813,10.351472438656623
3018814,1163.6270004625
3018815,482.35717999092685
3018816,234.71407673838974
3018817,55.948226012274716
3018818,61.13469461897404
3018819,3330.8073088357687
3018820,13.742894143402623
3018821,0.615897714056597
3018822,19.025198601016577
3018823,20.417424708540725
3018824,0.3953990770665007
3018825,207.64134611681558
3018826,11.549062818547526
3018827,0.0
3018828,5.1607320303418724
3018829,78.24998241237171
3018830,1.9546164211346024
3018831,124.9396870984511
3018832,211.88352004280824
3018833,2.1973037249780902
3018834,6.6533662515841705
3018835,150.3416682215864
3018836,29.910332460671903
3018837,394.94393486769775
3018838,1.1667795280334703
3018839,5.165635795878556
3018840,7.318059883547579
3018841,0.0
3018842,6.111419496942576
3018843,2122.498204953885
3018844,0.0
3018845,145.25690672438097
3018846,10.272802923315066
3018847,1167.687601530674
3018848,392.4732600578322
3018849,220.07302642823933
3018850,53.43308312878047
3018851,49.18085311009903
3018852,3759.3899775955265
3018853,18.802113621109516
3018854,0.20722565807507357
3018855,19.26279130335529
3018856,15.331681205629293
3018857,0.1195581178809013
3018858,210.75962814169614
3018859,4.608063704178635
3018860,0.0
3018861,4.083249024874896
3018862,68.00409344308655
3018863,0.9125966845977674
3018864,209.70588871940674
3018865,262.99877402969224
3018866,0.9626323665448887
3018867,5.077387745085147
3018868,176.3285544121674
3018869,20.745141790711095
3018870,230.42519816095745
3018871,0.8760620782652098
3018872,3.293269808642721
3018873,6.210929604854045
3018874,0.0
3018875,3.684313650634111
3018876,1822.3626014203512
3018877,0.0
3018878,194.16041516440006
3018879,13.196635223625766
3018880,2125.0450554819363
3018881,522.4715060006872
3018882,320.9430975148272
3018883,43.22532250227818
3018884,75.45647022137955
3018885,4155.102535334891
3018886,16.18496850986345
3018887,0.6550837515227145
3018888,16.650982945863532
3018889,32.85626532106135
3018890,0.15176706982394905
3018891,333.2760127448125
3018892,3.5911685502747988
3018893,0.0
3018894,4.263062167042589
3018895,38.00958124513537
3018896,2.8460686383009466
3018897,367.1224834843454
3018898,377.6807903364814
3018899,2.350133787435495
3018900,6.019881701466006
3018901,180.26527435337997
3018902,101.4179706620555
3018903,498.333026778159
3018904,1.0495998548311958
3018905,8.226619738208015
3018906,5.6397056101695355
3018907,1.0404885767067031
3018908,5.221706021740247
3018909,1742.3327855601774
3018910,0.0
3018911,156.46343456748167
3018912,3.625639299595326
3018913,1060.127526576281
3018914,342.53017453255853
3018915,279.9901589206447
3018916,79.2621262638261
3018917,84.33688972307647
3018918,2898.288589824221
3018919,11.303162908293498
3018920,1.1650528576206831
3018921,14.415938856166333
3018922,19.690040295648906
3018923,0.13673487154192684
3018924,255.45286416935087
3018925,11.219221604017221
3018926,0.0
3018927,5.623155712561958
3018928,46.7483629423157
3018929,2.60768824184693
3018930,117.06670106472154
3018931,207.26329185362246
3018932,0.7604416338704073
3018933,6.097911016679665
3018934,92.15744595218061
3018935,42.943907962210304
3018936,583.4843020423444
3018937,0.5419910099069549
3018938,5.387443606348377
3018939,5.98049848316927
3018940,0.198578432684471
3018941,2.8702570087163988
3018942,1331.0796271878562
3018943,0.0
3018944,147.75906159566688
3018945,8.836446577292753
3018946,1486.8475550243047
3018947,272.46587021799036
3018948,157.6341227439144
3018949,127.83288768133961
3018950,77.48802195418013
3018951,2347.715648014159
3018952,7.079141561418948
3018953,0.6261862026964732
3018954,12.179961919670625
3018955,13.241888987755345
3018956,0.25181469910094756
3018957,177.14122339626036
3018958,0.0
3018959,0.0
3018960,2.594921994603022
3018961,91.31118332815385
3018962,1.5089575202766108
3018963,53.71802396885379
3018964,148.5414187177657
3018965,1.4063414785153783
3018966,3.7451859801313834
3018967,63.49110233059388
3018968,34.043447956404584
3018969,502.3822433621434
3018970,8.365706694652395
3018971,0.7099740827795862
3018972,15.392394715290438
3018973,0.40214987867767676
3018974,4.32583535124844
3018975,3596.2272862754076
3018976,0.0
3018977,357.36265878465804
3018978,14.314475818593623
3018979,1374.0903057340859
3018980,805.1629073458917
3018981,559.7228744057788
3018982,194.8440879917367
3018983,168.61802062568574
3018984,5207.455283043118
3018985,24.08723268021912
3018986,1.5118329915780624
3018987,26.55499165927623
3018988,19.207180119021455
3018989,0.709742201847904
3018990,351.98567180337307
3018991,2.74649837749487
3018992,0.0
3018993,8.857973093185313
3018994,99.74655296224473
3018995,4.282163371691141
3018996,267.14247998467783
3018997,328.5389915736977
3018998,3.62521249662535
3018999,9.438808408956053
3019000,427.07204560991767
3019001,63.03968526633814
3019002,1473.1056933895586
3019003,3.484223653947345
3019004,19.541841321473875
3019005,6.0053972665736
3019006,0.6236387970970565
3019007,5.712130875407657
3019008,2900.738686888099
3019009,0.0
3019010,668.5772896180003
3019011,10.782768938953899
3019012,768.9541719191039
3019013,808.8043323306066
3019014,288.7934426515814
3019015,216.35254647266603
3019016,102.14274296168274
3019017,3564.569322794069
3019018,15.3739757040968
3019019,0.8907735562646445
3019020,37.525145387097524
3019021,21.139521755928758
3019022,0.7496254345403468
3019023,268.34198499213653
3019024,14.769040853230138
3019025,2.9875838450846652
3019026,6.088382383330277
3019027,100.98158746601523
3019028,3.1217010145658595
3019029,117.23650337914697
3019030,212.49905195510382
3019031,6.190290280493215
3019032,9.970145072884154
3019033,243.1095136270021
3019034,65.42062064152204
3019035,1899.8189214239621
3019036,16.068776174541377
3019037,22.397281757703503
3019038,11.202015955465674
3019039,0.697989310761224
3019040,4.949621428080898
3019041,3785.6369487703496
3019042,0.0
3019043,212.78712111128192
3019044,9.281909079157408
3019045,1610.0157294756216
3019046,546.277269093075
3019047,423.9400137889606
3019048,81.81315986949642
3019049,59.03276027891161
3019050,5293.148176567058
3019051,46.06971939570301
3019052,2.262817352760122
3019053,25.76242691882257
3019054,20.30082895292347
3019055,0.5714317161791427
3019056,324.1570628391136
3019057,13.639489129453079
3019058,0.0
3019059,6.161303023189364
3019060,70.59161955857094
3019061,3.745870701865526
3019062,218.08914660863303
3019063,310.8762537765107
3019064,1.9362275953361234
3019065,8.856932995367977
3019066,362.2809323004744
3019067,37.62040739491967
3019068,587.5195041105785
3019069,0.8169645559610934
3019070,7.366950594730779
3019071,7.919613305159628
3019072,0.011353694830017287
3019073,10.596673984508529
3019074,3841.4026629579967
3019075,0.0
3019076,755.1488625253509
3019077,21.27258517130468
3019078,1125.8002508667328
3019079,1054.3865208797354
3019080,278.3040928409035
3019081,216.5581582934533
3019082,165.24725169751187
3019083,4750.270296564343
3019084,59.07355304062825
3019085,1.9813248021220526
3019086,27.1647994059754
3019087,33.64118768016735
3019088,0.43550089108248585
3019089,317.83790444655506
3019090,33.98528191643242
3019091,20.718338638791693
3019092,9.528505782672031
3019093,173.25822115724128
3019094,10.908703571426793
3019095,454.8888716712001
3019096,299.4805757885486
3019097,12.417342491325744
3019098,11.269684030846348
3019099,533.6461684570004
3019100,131.20435964408034
3019101,2648.5467229785336
3019102,0.12907003453122254
3019103,35.73515852431659
3019104,13.470771438185098
3019105,0.45811147088570653
3019106,7.325887978688621
3019107,4584.747921902414
3019108,0.0
3019109,571.4941352916346
3019110,18.02509947735725
3019111,2205.47830930105
3019112,960.3464329278984
3019113,801.6929418541757
3019114,122.21965562406582
3019115,141.98529077136985
3019116,7221.10765688082
3019117,23.754434960792643
3019118,1.1569592415924352
3019119,50.384438808765104
3019120,24.66163150090851
3019121,0.2131722023790192
3019122,480.63964611060675
3019123,7.754419682078599
3019124,7.4928876362319095
3019125,6.095296370934355
3019126,104.41348307769434
3019127,1.8670889528485757
3019128,365.49078891344595
3019129,453.3711444282169
3019130,7.39107435169551
3019131,6.3223048314479815
3019132,383.6985806192357
3019133,84.53171202662244
3019134,1167.350298732098
3019135,11.494708340594276
3019136,26.317197311916026
3019137,14.771684177607481
3019138,0.5364523605483107
3019139,6.1974758420876785
3019140,3393.1439236471774
3019141,0.0
3019142,480.056548418148
3019143,9.926229377299892
3019144,2063.174228120488
3019145,698.4055673452176
3019146,395.7133820808188
3019147,263.6765883792665
3019148,216.76289471915152
3019149,4928.9724624005175
3019150,19.594511509757822
3019151,0.8222466507638706
3019152,53.72826227508143
3019153,47.997500006367986
3019154,0.6122736350799561
3019155,395.83014486938055
3019156,6.467849327511607
3019157,3.7299427425961666
3019158,15.744143267167132
3019159,140.32811165801988
3019160,3.0985179106263843
3019161,126.44230256253353
3019162,368.8353989297262
3019163,4.382249154970912
3019164,6.765696663695307
3019165,199.47214103135732
3019166,176.91399504359217
3019167,1421.0560725164926
3019168,11.494435720394376
3019169,11.954043723492804
3019170,5.208270426562762
3019171,0.062393671244096754
3019172,3.736407384831897
3019173,1897.7465643875819
3019174,0.0
3019175,148.66985077604525
3019176,12.792161714558496
3019177,790.3452044038933
3019178,381.1154847185411
3019179,181.0681954115346
3019180,50.79792187468163
3019181,128.00012355268578
3019182,2858.82101002375
3019183,14.934787169258604
3019184,0.7402617990268557
3019185,25.5229976273914
3019186,23.947695044319318
3019187,0.01631188653675076
3019188,199.14855616019187
3019189,3.2627808731920016
3019190,0.0
3019191,5.675295860842823
3019192,127.14654822556302
3019193,4.017623633594092
3019194,93.20643268364148
3019195,174.85737492287538
3019196,1.505068149824891
3019197,6.350026153228967
3019198,146.77795958771483
3019199,29.092986528153585
3019200,496.60852399511685
3019201,1.0535381132848274
3019202,3.457718932790389
3019203,1.9186818284374358
3019204,0.0
3019205,1.7338652388547848
3019206,1671.211782683755
3019207,0.0
3019208,258.0599925928112
3019209,19.03966506757314
3019210,568.2251893631015
3019211,518.5266791113833
3019212,145.90994590109287
3019213,54.33434054337583
3019214,112.50359737523948
3019215,2303.854992461062
3019216,32.014357880219556
3019217,0.8193531205030458
3019218,19.87522504392661
3019219,16.997423099037604
3019220,0.4064516006746063
3019221,135.13984832949535
3019222,15.186214764310165
3019223,3.470135798268558
3019224,3.7909470138836077
3019225,137.5221229166768
3019226,7.055282209000309
3019227,331.16097927711
3019228,163.22496342509768
3019229,5.046924042174727
3019230,6.97973881977172
3019231,284.2134330678915
3019232,38.868594320530335
3019233,1149.155806526826
3019234,0.0
3019235,8.224860691628422
3019236,4.62480612466633
3019237,0.04129469806035298
3019238,5.122330686480466
3019239,4320.464183701236
3019240,0.040084047642736154
3019241,845.223999689201
3019242,22.691319381143323
3019243,1362.4814400880134
3019244,1533.5985847494396
3019245,330.5591447587433
3019246,280.82114014373064
3019247,220.36355794165286
3019248,5056.313040467772
3019249,42.16545846856965
3019250,1.7599835495177558
3019251,24.547215396114943
3019252,43.75705224051489
3019253,0.22734918915112606
3019254,328.33894460067336
3019255,19.955457630895676
3019256,42.739530757768996
3019257,14.172238151506757
3019258,166.05805206991295
3019259,17.463488100000923
3019260,435.62129489286224
3019261,341.55852453613954
3019262,20.83105100510023
3019263,12.734735733521799
3019264,599.4303739798552
3019265,140.74889079208893
3019266,3833.135747623948
3019267,3.1056191503676565
3019268,25.692960786447415
3019269,4.127758467580762
3019270,0.01485850849941399
3019271,5.479364568780282
3019272,3421.582098843169
3019273,0.0
3019274,474.3364841703595
3019275,11.559119197759486
3019276,668.3371898928543
3019277,852.3110070898455
3019278,199.2658784365899
3019279,177.8389687691686
3019280,405.43861581782454
3019281,2614.63981443397
3019282,25.794014606184145
3019283,1.5364217743745434
3019284,22.43272007582779
3019285,19.99933436492355
3019286,0.20847726764201494
3019287,148.61067601267328
3019288,0.0
3019289,35.05576499382293
3019290,7.970525671302586
3019291,559.7838208346056
3019292,14.727288791680685
3019293,265.6970689806827
3019294,141.0792887205135
3019295,5.784605451552113
3019296,13.09444231108382
3019297,216.80718628967412
3019298,50.87104136035556
3019299,2047.184745991576
3019300,2.772881075774916
3019301,8.060372920118313
3019302,7.123478277649573
3019303,0.0
3019304,0.5120189513073756
3019305,981.7834063016694
3019306,0.0
3019307,232.41322148679677
3019308,9.530430665818095
3019309,566.6150222964113
3019310,301.4196389604183
3019311,105.94889160647699
3019312,43.88999956139157
3019313,64.24263713923054
3019314,1924.3655632372265
3019315,16.030037119843097
3019316,0.8759995149896871
3019317,14.676253390094434
3019318,12.341820266674928
3019319,0.6157754665236886
3019320,105.35551999643364
3019321,0.3456584588159889
3019322,7.302533764210727
3019323,1.9650007704388783
3019324,51.89456668237296
3019325,0.6410046802734944
3019326,295.99774677321716
3019327,165.31253060981675
3019328,4.215766566740532
3019329,2.0469198086499527
3019330,184.21262015578174
3019331,27.641998246414655
3019332,542.2147485883274
3019333,2.0912196057498367
3019334,2.111071629356638
3019335,8.114983773974307
3019336,0.14670218538919788
3019337,2.251538636865659
3019338,3910.4346246988075
3019339,0.14388095003152065
3019340,639.8768768643656
3019341,32.08521411812023
3019342,1080.9967313786165
3019343,1124.5514856413527
3019344,337.1187506671693
3019345,279.8455030387245
3019346,281.55067218525505
3019347,4437.4422783654545
3019348,29.239352340766775
3019349,3.592176804486172
3019350,24.118589341445187
3019351,32.876393291782364
3019352,0.33168648249541244
3019353,276.7843441862819
3019354,11.101186081968129
3019355,43.08264988211933
3019356,9.65200688926465
3019357,392.6437257765075
3019358,5.689996840306542
3019359,320.1707134891152
3019360,265.18889036737653
3019361,13.728410996147735
3019362,11.96915043378425
3019363,407.6935289372176
3019364,92.43274060698792
3019365,2885.191357586533
3019366,2.987193735144577
3019367,16.928664654160592
3019368,10.965906452930392
3019369,0.0
3019370,4.243809351430952
3019371,4021.5780953915514
3019372,0.0
3019373,738.3233752394583
3019374,25.853105010297572
3019375,1688.9180846939335
3019376,1038.3888857838435
3019377,448.10984509083073
3019378,290.2183137390793
3019379,141.74434765720466
3019380,5908.680268223384
3019381,17.697837650036334
3019382,2.369273006687248
3019383,46.925172918946195
3019384,26.57822191831828
3019385,0.891184183256022
3019386,363.8254274150922
3019387,0.0
3019388,7.155172527266024
3019389,9.007680858274012
3019390,145.84417085647874
3019391,2.09443832038222
3019392,209.56226558556037
3019393,344.6362664848967
3019394,9.144808119361436
3019395,6.790583618968813
3019396,283.15296278273104
3019397,91.2918579365308
3019398,1795.4413503683986
3019399,16.568009106913916
3019400,4.730628875180263
3019401,8.339218239851622
3019402,0.4544166849184823
3019403,3.0792158505716927
3019404,3408.90501863168
3019405,0.0
3019406,677.1296857208032
3019407,20.91093397216485
3019408,1243.5600711136558
3019409,818.4436551545905
3019410,311.39707333425304
3019411,202.89561853938454
3019412,165.03919414306785
3019413,4518.211395192508
3019414,20.470289481073696
3019415,1.9868804240117093
3019416,35.377654067296966
3019417,23.326302405008544
3019418,0.30805895387800336
3019419,308.1314870579133
3019420,0.0
3019421,8.347801401610841
3019422,7.362375251078051
3019423,274.0745504378824
3019424,2.799245416707178
3019425,117.83959188258035
3019426,311.1485692449553
3019427,6.017500276475001
3019428,5.662435492505299
3019429,219.5884755127918
3019430,71.83382006207574
3019431,1192.4002739734606
3019432,11.91293132137106
3019433,9.97327877419786
3019434,16.145947027520137
3019435,1.5973988761259024
3019436,15.184592492765594
3019437,11158.623729727196
3019438,0.0
3019439,1430.5553717354912
3019440,75.0458885632858
3019441,2440.1942409545777
3019442,2653.0727748458935
3019443,503.42741080157316
3019444,613.2086027310894
3019445,487.58508801546196
3019446,9649.630730501387
3019447,104.75962337858354
3019448,3.1968178461113395
3019449,68.43333081242726
3019450,66.24443664002457
3019451,1.9389108669610877
3019452,678.5094669259652
3019453,59.51116602794405
3019454,73.55129249452459
3019455,27.281977009711582
3019456,432.33430597896063
3019457,37.25570411015605
3019458,860.3613586420528
3019459,687.4200545015947
3019460,25.191234793765215
3019461,30.121538016034965
3019462,1309.473765921058
3019463,265.7340991935992
3019464,8691.333276696694
3019465,2.02093406477152
3019466,88.90770385819256
3019467,4.611724639032795
3019468,0.3650319411042054
3019469,1.2415393445370893
3019470,1563.27332528224
3019471,0.0
3019472,171.13809170624788
3019473,5.496451154321626
3019474,1054.252757105378
3019475,292.76495465779374
3019476,125.19326251655843
3019477,142.27302375562124
3019478,78.43956386043152
3019479,2386.5594469847233
3019480,6.685632410428444
3019481,0.38656524298077916
3019482,13.710606360288171
3019483,9.645778576720721
3019484,0.677017999106299
3019485,186.31156798026043
3019486,0.22998299058597807
3019487,0.0
3019488,5.843303348293088
3019489,118.00292414523632
3019490,1.1866928840433784
3019491,67.59500747930812
3019492,116.41960120424217
3019493,2.624957544304147
3019494,5.626879266825502
3019495,124.3902768749478
3019496,19.76547209339535
3019497,555.6445717633773
3019498,5.600093448587274
3019499,6.6015871457427595
3019500,11.479078489306499
3019501,0.3392189888313091
3019502,5.345424175170346
3019503,3489.069094780651
3019504,0.0
3019505,569.8984244095943
3019506,14.756707665142468
3019507,1838.8916486989917
3019508,794.3564475695993
3019509,307.63515608397876
3019510,297.79570310703093
3019511,183.8236631507074
3019512,5593.703588450903
3019513,17.24006155340306
3019514,0.46706637683879854
3019515,31.38234972394022
3019516,21.98447500890842
3019517,0.0
3019518,371.3909615342546
3019519,1.68891117602361
3019520,2.0554128518157686
3019521,12.779138980041067
3019522,38.04696105341522
3019523,3.0987237032801755
3019524,370.5871554923544
3019525,377.3376286506094
3019526,5.922788553766302
3019527,10.126736671908107
3019528,153.71961599406987
3019529,76.31623054050307
3019530,1509.1747868330672
3019531,11.191815151463677
3019532,8.21850518823804
3019533,2.095765919337133
3019534,0.0
3019535,1.10659537154762
3019536,1028.8690087997434
3019537,0.0
3019538,124.79665863693302
3019539,4.6564751662366595
3019540,1347.089954593717
3019541,190.90585180446615
3019542,100.73151514499244
3019543,176.5829999409472
3019544,29.046093994594692
3019545,1808.748059110178
3019546,4.007586391374987
3019547,0.30027706646269314
3019548,13.314817517474031
3019549,4.708800731140592
3019550,0.0
3019551,115.7007421826491
3019552,0.0
3019553,0.0
3019554,0.9599643060979505
3019555,60.82277292244342
3019556,0.37339998798473634
3019557,83.22443226901343
3019558,85.32605830256152
3019559,1.201838434069504
3019560,1.4964294770354118
3019561,72.86373007426232
3019562,13.45050435450874
3019563,261.15778231601115
3019564,8.069330988817775
3019565,2.2011642626333274
3019566,12.167391878336241
3019567,0.0
3019568,4.065575074606192
3019569,2213.999238113137
3019570,0.0
3019571,239.80322511110145
3019572,12.937708763816445
3019573,1221.0593808661765
3019574,488.070916163532
3019575,214.51433338653652
3019576,175.9811362851102
3019577,163.80167993526155
3019578,3651.055226899739
3019579,4.502626525692443
3019580,0.8767755411350264
3019581,30.043926803790345
3019582,21.597008138059202
3019583,0.4446613457631895
3019584,291.7167152811855
3019585,0.0
3019586,0.0
3019587,15.990488149492851
3019588,100.02717391347115
3019589,2.151448811075496
3019590,299.91584378148
3019591,272.60518539435617
3019592,2.323468774596588
3019593,6.383705640940796
3019594,221.37004688239674
3019595,31.640722844563452
3019596,1369.2103354156416
3019597,6.435720373391388
3019598,2.2733889127019755
3019599,3.7043066464111725
3019600,0.0
3019601,2.747630835710728
3019602,2703.075903297888
3019603,0.0
3019604,686.6097588925097
3019605,11.162334713851235
3019606,997.9437934439532
3019607,753.515357398441
3019608,246.31101388485425
3019609,124.14223548314042
3019610,93.52395158742391
3019611,4754.102193982018
3019612,7.405998799479147
3019613,4.561172781168961
3019614,20.102234613285255
3019615,50.084117898291325
3019616,0.32657959818595383
3019617,244.47604288128505
3019618,3.922875734329073
3019619,6.325117887459024
3019620,6.320201681193318
3019621,76.8784409243939
3019622,3.0500131755844677
3019623,179.7894391623926
3019624,320.9331128211746
3019625,5.766694872800928
3019626,7.538592487019307
3019627,161.80072940980685
3019628,44.68629930071292
3019629,638.6854176270243
3019630,12.345254819659322
3019631,4.976909362432252
3019632,5.813155478801348
3019633,0.0
3019634,0.9863012925544732
3019635,1870.0356414448584
3019636,0.0
3019637,99.86994218948081
3019638,5.8479339496550375
3019639,616.6027299743772
3019640,231.3737495340908
3019641,118.42677329157704
3019642,204.24573059259353
3019643,137.5524105665086
3019644,2249.833957413861
3019645,7.206579099298256
3019646,0.32061316515141264
3019647,22.15647291098034
3019648,12.491745096011753
3019649,0.2454123964281662
3019650,138.25583740419066
3019651,0.0
3019652,0.0
3019653,1.0649547772096748
3019654,188.3562957982167
3019655,1.0832640427384206
3019656,196.87627810948518
3019657,123.20674029974377
3019658,1.1454068742899288
3019659,2.0578586228213194
3019660,51.839453563434525
3019661,21.261171675034795
3019662,409.79357397805103
3019663,3.5459711872758666
3019664,1.1431531996608983
3019665,5.62395758031628
3019666,0.02664872845062329
3019667,2.4454325835793806
3019668,3427.9646632364465
3019669,0.0
3019670,482.2054037254179
3019671,15.110537213623212
3019672,1062.2334266872297
3019673,636.7822070807018
3019674,235.76018903533915
3019675,172.1052791466374
3019676,254.26718218330936
3019677,4227.780656606266
3019678,8.716177005969312
3019679,0.447939356338736
3019680,24.95153731414946
3019681,10.113721926875066
3019682,0.31389552442474583
3019683,243.65828994835738
3019684,0.0
3019685,43.41006193702757
3019686,4.24399388793976
3019687,142.45135800992122
3019688,1.5415463074752906
3019689,219.06594014763036
3019690,262.0691688929926
3019691,2.933618910182646
3019692,6.109410433522139
3019693,130.5209864087291
3019694,47.669821997299245
3019695,1239.437462954958
3019696,27.648442981764074
3019697,1.8411914713023037
3019698,4.618973948847976
3019699,0.0
3019700,8.083779656299043
3019701,3454.559653250664
3019702,0.0
3019703,541.5141675886167
3019704,9.167303532667928
3019705,1123.9751688617605
3019706,972.6070705364585
3019707,166.9715647769684
3019708,157.95351402315234
3019709,145.25822865561335
3019710,4116.597394734133
3019711,61.8153849824939
3019712,1.7604269873236398
3019713,30.033920948729822
3019714,24.549377250755327
3019715,0.5726022617807764
3019716,288.4105656225317
3019717,33.31519710693188
3019718,25.232152912570196
3019719,2.0950225172928807
3019720,158.03756091874658
3019721,13.460888343462303
3019722,246.6837543241205
3019723,301.68425363089716
3019724,14.028487842028436
3019725,17.448611457842084
3019726,298.5679158612572
3019727,71.45377362285139
3019728,2672.4930234019353
3019729,0.0
3019730,18.2378886424707
3019731,11.098117605181356
3019732,0.0
3019733,8.633707831377533
3019734,4177.366963359711
3019735,0.0
3019736,595.6399106876738
3019737,22.283851579999652
3019738,1667.6748779590687
3019739,1097.3443923462733
3019740,218.9617759707711
3019741,142.40924660845957
3019742,150.6691083962655
3019743,5433.95117097024
3019744,36.26054531670688
3019745,2.466484322106933
3019746,49.928554744790745
3019747,107.72205550888097
3019748,0.2145228948679123
3019749,496.5876768932722
3019750,44.29555837150927
3019751,20.62041804372588
3019752,14.211172463075807
3019753,213.1786817086393
3019754,17.85035371774616
3019755,190.80925903787315
3019756,558.7570030747062
3019757,12.831956005564328
3019758,15.331986479799756
3019759,178.77323609949818
3019760,97.90760460922804
3019761,2482.7862796386435
3019762,2.2149468572711797
3019763,23.61336115357998
3019764,14.394025214578205
3019765,0.252853126855719
3019766,3.7999629519089244
3019767,4566.900900142126
3019768,0.0
3019769,836.7235889084374
3019770,17.186979533882912
3019771,2407.7519465870732
3019772,844.149195198203
3019773,291.3646003903218
3019774,320.4528888658621
3019775,117.26829691179047
3019776,6760.974103565554
3019777,46.41680073469938
3019778,2.289141295008027
3019779,33.3494954766521
3019780,24.647703086301306
3019781,0.29363679798518605
3019782,442.3672165299949
3019783,10.109484936027382
3019784,23.61526208344754
3019785,10.965629372787523
3019786,157.88880055581092
3019787,6.391911556147968
3019788,136.02289126448636
3019789,402.4465269687853
3019790,10.225018587426447
3019791,15.901391295139351
3019792,307.6358128743137
3019793,69.98948015623286
3019794,1936.2960130108547
3019795,3.205317021005887
3019796,24.069178995270637
3019797,5.985211353264348
3019798,0.14894163379678735
3019799,4.866688899554212
3019800,3236.2713970864884
3019801,0.0
3019802,418.36727144657743
3019803,14.344891131696128
3019804,933.8551025401894
3019805,914.0396497510083
3019806,249.234438228852
3019807,166.0071355668537
3019808,135.52941615794126
3019809,3995.1433246970646
3019810,30.403621113346134
3019811,1.9099330492015651
3019812,17.63290520939935
3019813,12.385687371091322
3019814,0.3891198029821004
3019815,285.3487224712827
3019816,24.786687494477235
3019817,28.733588850003496
3019818,2.710568556798138
3019819,176.6268932143228
3019820,10.526691517729889
3019821,421.27543026278596
3019822,253.84057032217703
3019823,10.591513392430027
3019824,11.211813386678406
3019825,428.0001382378558
3019826,56.85374594609477
3019827,2440.0253488001176
3019828,0.0
3019829,29.12949474809053
3019830,4.3995400858934115
3019831,0.19511306214993193
3019832,3.6491652548658453
3019833,5346.688956186266
3019834,0.0
3019835,421.3270423383368
3019836,14.27821345429348
3019837,2466.836126848341
3019838,707.3616754596794
3019839,337.05839100210443
3019840,188.0318893067474
3019841,137.27546282039043
3019842,6837.9896090460725
3019843,16.878485719463903
3019844,2.662724628795382
3019845,37.21945803913599
3019846,31.530069701416
3019847,0.46761223077584135
3019848,505.39598456146155
3019849,0.0
3019850,0.15973546777548586
3019851,12.07908864812001
3019852,154.5355656069338
3019853,2.9298127437942814
3019854,160.99006870028856
3019855,360.9690421410528
3019856,4.374745309260274
3019857,11.79669728442999
3019858,204.4758618616828
3019859,66.05485555322824
3019860,1187.4879294815303
3019861,14.549108281280596
3019862,7.925810920759733
3019863,8.442561004380634
3019864,0.10179618680260492
3019865,10.02331515623331
3019866,3412.235037914449
3019867,0.0
3019868,579.3161557059839
3019869,18.157416161018382
3019870,1609.438503491366
3019871,855.8471088341955
3019872,290.211120257443
3019873,169.18764579020217
3019874,261.5612341947589
3019875,4839.605545614791
3019876,51.21202188920904
3019877,1.9698666951573967
3019878,35.237335149137095
3019879,41.67960291382286
3019880,0.77779995909295
3019881,317.9426955268096
3019882,28.506761613825258
3019883,25.051119488081337
3019884,11.728911101212343
3019885,218.79147901791495
3019886,15.569083843271585
3019887,275.30307394477234
3019888,508.3683279097334
3019889,16.813642493974957
3019890,11.300054904259746
3019891,228.51674361313445
3019892,64.82927371098154
3019893,2330.8594965019383
3019894,3.8799855196133786
3019895,8.053147847652868
3019896,5.356328534946371
3019897,0.019705733802326972
3019898,5.959308454324362
3019899,3694.8073598816572
3019900,0.0
3019901,582.2264048329682
3019902,17.656258948931374
3019903,1026.7616305713077
3019904,1065.7964791104444
3019905,227.48814486137763
3019906,186.03037366669793
3019907,170.81817337265755
3019908,4184.972084431256
3019909,46.75435349722267
3019910,1.1827125135412035
3019911,32.79143259465164
3019912,23.830449246376368
3019913,0.40280725084876706
3019914,289.45024173763807
3019915,31.969626659837
3019916,51.261886877048994
3019917,7.477649148651125
3019918,139.29237563990196
3019919,12.955425764383527
3019920,292.6550417745131
3019921,300.7817981277476
3019922,12.786453991573028
3019923,12.846434833679185
3019924,280.7562038373546
3019925,66.68225594484373
3019926,2954.5631103844435
3019927,0.265982999062062
3019928,19.771240897973943
3019929,4.45915647220932
3019930,0.1934813870256184
3019931,4.552362188969032
3019932,5587.511510453924
3019933,0.0
3019934,560.1784925936695
3019935,24.66875531689887
3019936,1499.66677934284
3019937,678.164974229648
3019938,291.5456266873121
3019939,199.11378383882203
3019940,103.28802193763343
3019941,5374.356530605739
3019942,12.865251814665868
3019943,0.04331520317920296
3019944,16.88068554858542
3019945,20.07165216944826
3019946,0.07780929007190272
3019947,289.34288581588356
3019948,0.0
3019949,12.376637440847658
3019950,2.576748785054394
3019951,246.36210106546005
3019952,4.63874980423095
3019953,222.67446738880864
3019954,344.3483887059697
3019955,4.119284388792632
3019956,2.8272047049647515
3019957,227.499797936772
3019958,115.16401612996619
3019959,1266.717304468291
3019960,11.000631118238799
3019961,1.4741483934711659
3019962,28.161134024255322
3019963,0.0
3019964,24.327692884784767
3019965,14470.68858053977
3019966,0.0
3019967,2190.5810704337273
3019968,38.58395656273993
3019969,3294.6054162796777
3019970,3476.9311903267653
3019971,781.5214593658475
3019972,874.2908985383727
3019973,618.2838149001715
3019974,13452.742058250375
3019975,121.71429569503893
3019976,5.323468926854509
3019977,128.62427253128155
3019978,167.1008735033834
3019979,0.9039218821318206
3019980,1060.0008871471782
3019981,42.093600519662196
3019982,36.810151328762736
3019983,25.67477375523612
3019984,638.6105340670442
3019985,38.23829991783763
3019986,1154.8642445180865
3019987,856.6165307853231
3019988,65.93900711788996
3019989,47.97764076985192
3019990,1505.5766625716244
3019991,309.9049616188068
3019992,11250.942832746725
3019993,100.01190155280341
3019994,117.6554526939032
3019995,22.743870041910284
3019996,0.0
3019997,17.28537416381661
3019998,12545.512651884532
3019999,0.0
3020000,1510.5560026804499
3020001,49.01591285749211
3020002,3500.1703283914253
3020003,2967.6366667299208
3020004,962.9778968071986
3020005,513.7008784215559
3020006,472.615916580287
3020007,14076.316563303712
3020008,191.08412831912403
3020009,2.743742216143272
3020010,59.47904603943642
3020011,123.4180190116722
3020012,1.617489387149201
3020013,960.3505921017423
3020014,38.11319069962231
3020015,54.97972578636136
3020016,7.676977731385615
3020017,396.190620163758
3020018,26.727073789767758
3020019,1448.6901021364172
3020020,974.342942924033
3020021,34.522598117058465
3020022,40.99401388447379
3020023,1611.0881380564988
3020024,306.535959320054
3020025,7427.753386456039
3020026,188.07456774462395
3020027,103.2506513177029
3020028,19.65249203023061
3020029,0.0
3020030,23.512596880673335
3020031,9456.061563006731
3020032,0.3471711831874827
3020033,1282.3632196036715
3020034,30.28221061776253
3020035,3617.9762540112315
3020036,2321.0456342575117
3020037,1151.1458919666638
3020038,250.82942155356497
3020039,361.92230341641636
3020040,14020.245400779375
3020041,71.48807431582782
3020042,3.948858224762791
3020043,52.50944834253557
3020044,48.910806086237564
3020045,0.7130505699804004
3020046,958.4368743225897
3020047,51.59140079925735
3020048,35.13199491419207
3020049,11.26051417158921
3020050,253.22286159699118
3020051,15.84545518015839
3020052,1243.4935698030172
3020053,1117.9629738158892
3020054,40.30224266308608
3020055,68.96619189494773
3020056,1182.7789858626068
3020057,182.06110070418035
3020058,3735.2743989000674
3020059,135.44378466968885
3020060,65.75362006514128
3020061,20.772515701573848
3020062,0.0
3020063,23.45171255382521
3020064,12178.704289237678
3020065,0.0
3020066,1418.5397167287454
3020067,37.21231336495782
3020068,3157.5751042520737
3020069,2840.329486931315
3020070,873.7367176875111
3020071,467.2066783816367
3020072,382.3649769465402
3020073,13376.679555217986
3020074,76.90800676550221
3020075,2.7642760149763568
3020076,61.553128271473796
3020077,116.09372619489726
3020078,2.0652470536240406
3020079,893.5567827546248
3020080,42.19160783384954
3020081,38.17431881141373
3020082,7.170921662242578
3020083,376.7566658756244
3020084,18.359952570226376
3020085,1084.464884287876
3020086,963.0974921782428
3020087,42.36216487012338
3020088,34.944842537109274
3020089,1426.1769705852446
3020090,261.4176556571839
3020091,6401.720193944473
3020092,123.88692007751612
3020093,80.51957793615712
3020094,19.052049791866043
3020095,0.0
3020096,25.076620493648022
3020097,7174.535845739818
3020098,0.16793587188150208
3020099,1092.526700030303
3020100,33.65097936392307
3020101,3033.596350534459
3020102,1859.9723324478907
3020103,895.7283111614897
3020104,184.1086932171103
3020105,277.6418371871446
3020106,11449.067133427903
3020107,73.7716352380921
3020108,1.2291834219183635
3020109,39.07401350412756
3020110,80.12006229020196
3020111,1.212879586260394
3020112,857.7290229560452
3020113,44.94832142784275
3020114,13.69926155060353
3020115,5.35426075877904
3020116,242.36071094920172
3020117,8.91244683755327
3020118,1109.0965387878866
3020119,992.1451763836044
3020120,29.617276336668716
3020121,36.072553979792986
3020122,1174.9613597973141
3020123,118.70470097771356
3020124,2596.359319894571
3020125,85.28766014963013
3020126,29.177441310136402
3020127,14.210104816647243
3020128,0.0
3020129,13.59715705621808
3020130,8678.225681914055
3020131,0.0
3020132,1253.5456224600568
3020133,34.040652734319146
3020134,2157.919493690913
3020135,2530.6691657108686
3020136,564.8984616920923
3020137,551.8944304765365
3020138,473.5496817449964
3020139,8733.176093745069
3020140,87.68139951230837
3020141,1.9126844125071643
3020142,51.26085406667256
3020143,75.68067597731576
3020144,1.277967160593962
3020145,596.7731354981679
3020146,21.44354381662026
3020147,36.44537140612326
3020148,11.731332832069484
3020149,453.6232243960421
3020150,23.33398335125987
3020151,924.5854113052206
3020152,618.3322751051882
3020153,27.8495983111973
3020154,37.752719663800306
3020155,1146.8339341638596
3020156,241.87685128703163
3020157,7778.024104530105
3020158,99.23520114880513
3020159,71.05002429893158
3020160,8.472286496589032
3020161,0.0
3020162,6.281315243472938
3020163,2084.531873143472
3020164,0.0
3020165,353.84047554135503
3020166,32.09116348346905
3020167,1108.7358893465082
3020168,573.9342148340941
3020169,232.56113930648962
3020170,92.67743593136136
3020171,152.43371742615707
3020172,3289.3219629802584
3020173,60.84938845389672
3020174,2.122882166488617
3020175,26.35332564620247
3020176,22.16467295347193
3020177,0.5075931225840697
3020178,257.10476004007904
3020179,17.751437601041687
3020180,8.333358510873353
3020181,11.968908733308565
3020182,112.76966766830563
3020183,9.763025707491353
3020184,265.7428757852227
3020185,255.69100735502687
3020186,4.109967640989175
3020187,7.787934703840479
3020188,248.32217525737818
3020189,55.43040960191231
3020190,1599.6016433027116
3020191,5.374043931159338
3020192,9.992562212508952
3020193,14.581784038972872
3020194,0.0
3020195,16.56550558901951
3020196,6747.936306244441
3020197,0.0
3020198,732.3472474158775
3020199,42.42791414619729
3020200,2400.453026640922
3020201,1571.7724512625928
3020202,656.9046896431369
3020203,153.31164926569218
3020204,234.27641205606943
3020205,8955.730492774246
3020206,143.07304215853114
3020207,2.651068281513158
3020208,64.95417418188276
3020209,58.02100336530085
3020210,1.5478897383538393
3020211,690.0758265752562
3020212,34.25033507639269
3020213,7.9239407048600325
3020214,5.975639679423092
3020215,234.27335336273921
3020216,13.722023218097378
3020217,685.2485116944893
3020218,769.1703664406328
3020219,20.342812491992024
3020220,34.612858256272084
3020221,513.9405414239419
3020222,100.25397484119783
3020223,2610.9830538633105
3020224,89.33499747465876
3020225,24.998103272387375
3020226,10.346981565738606
3020227,0.0
3020228,5.792768213911943
3020229,5603.8904868900045
3020230,0.0
3020231,978.320611988864
3020232,14.181410917223253
3020233,1703.2615607936655
3020234,1854.2602947605785
3020235,300.44926863080457
3020236,386.6763189885259
3020237,387.16544727216626
3020238,5766.077308551647
3020239,53.72268265653871
3020240,2.194016195915598
3020241,43.292746841476394
3020242,46.11629773818041
3020243,0.8993846871094774
3020244,407.944186635057
3020245,4.24208350085403
3020246,58.18078353899574
3020247,9.901382364630305
3020248,303.4065046754972
3020249,13.68042641645069
3020250,699.7086061027758
3020251,352.39365923363187
3020252,29.296878760597707
3020253,15.653325527287068
3020254,668.1625870327317
3020255,136.98312712631508
3020256,5770.79519871509
3020257,25.65549533790854
3020258,51.027972451266464
3020259,19.67482320787584
3020260,0.0
3020261,13.053070348160501
3020262,7002.005542649475
3020263,0.0
3020264,1226.3223115369046
3020265,18.75581202797366
3020266,2592.6088201120047
3020267,1736.5234406948205
3020268,571.4083051591126
3020269,314.2739184602974
3020270,533.6082457101465
3020271,9562.837124024865
3020272,71.46762723315825
3020273,5.189489228176088
3020274,83.43350876439473
3020275,77.23519342643625
3020276,1.3492899888425105
3020277,594.7797467006264
3020278,15.581513200832859
3020279,97.47751295853134
3020280,12.04825220713542
3020281,376.6729117105134
3020282,16.34526919634311
3020283,734.7178174682833
3020284,588.849636875592
3020285,23.12202266668527
3020286,42.81230109324327
3020287,730.5503217930061
3020288,188.83085380312812
3020289,7048.434107258116
3020290,24.565760712808046
3020291,15.561997162329169
3020292,14.577687915604638
3020293,0.06654550355211118
3020294,5.667928579179931
3020295,2767.0743194332454
3020296,0.0
3020297,568.1524289399337
3020298,12.429214137719582
3020299,1259.5745115156083
3020300,619.6207283708137
3020301,294.319723862115
3020302,114.85556391921725
3020303,284.25076070411035
3020304,4055.619350437075
3020305,19.07941847909293
3020306,1.3974940589820606
3020307,37.25036679134985
3020308,31.355997332123504
3020309,0.12994886533425185
3020310,261.5690635814322
3020311,7.454643930340375
3020312,10.572273474152446
3020313,8.716887355075736
3020314,201.70638775771675
3020315,5.028125792026321
3020316,368.95676114849834
3020317,306.8350791036687
3020318,6.597132974098052
3020319,7.987443953902932
3020320,256.4384880011782
3020321,64.25038765629348
3020322,2447.254605169659
3020323,2.747517820655746
3020324,4.865453208852891
3020325,6.713301369663748
3020326,0.0
3020327,2.308278849733334
3020328,3415.473585520778
3020329,0.0
3020330,229.278726024122
3020331,5.445633762000573
3020332,1403.5384053287805
3020333,266.5956315454515
3020334,258.1216306103161
3020335,74.78288592833283
3020336,67.75622998575896
3020337,3757.2953224142943
3020338,7.670412551898659
3020339,0.6376869087567802
3020340,26.097295909391136
3020341,16.19031191230636
3020342,0.27956300756479724
3020343,276.7583954015588
3020344,0.0
3020345,0.0
3020346,4.769291458737914
3020347,40.983041504332625
3020348,2.000829932534397
3020349,61.11494109909998
3020350,208.53651561813615
3020351,0.0
3020352,2.6715107592015976
3020353,73.1172196839596
3020354,95.16934424293716
3020355,721.3055815869145
3020356,3.3604586881085594
3020357,3.628097235729571
3020358,8.429263906353288
3020359,0.08781886753064681
3020360,8.061274117046658
3020361,4428.0587750296545
3020362,0.0
3020363,634.6841693773827
3020364,25.01571801779923
3020365,1564.152598436858
3020366,1217.5780258006305
3020367,430.7751321152862
3020368,223.26122442268755
3020369,227.24534773946215
3020370,5878.098688922474
3020371,59.497362343923456
3020372,1.4262571880003463
3020373,37.82126143308314
3020374,57.35389404486485
3020375,0.24792658771942366
3020376,425.04534957170273
3020377,33.23557589990866
3020378,18.767769189314443
3020379,12.24450952521253
3020380,198.19648852213643
3020381,10.097632526341107
3020382,558.2414210590111
3020383,404.8678268065723
3020384,12.72535134084973
3020385,17.152907054699615
3020386,674.4717801427629
3020387,116.21836900009733
3020388,2899.592050228218
3020389,0.0
3020390,44.67541024106059
3020391,4.346698210391593
3020392,0.0
3020393,4.096178683817851
3020394,4046.7857282316622
3020395,0.08451089168710109
3020396,627.5414750005641
3020397,27.56420109686148
3020398,929.7463864034592
3020399,1244.4305767219262
3020400,180.0689000337717
3020401,270.49243731117065
3020402,316.0592272362862
3020403,3520.0257544070964
3020404,44.59423201986082
3020405,3.298065327834108
3020406,28.544839417248724
3020407,26.656868607675328
3020408,0.6831292815051363
3020409,210.6192670674595
3020410,23.19406519552861
3020411,48.310201122329076
3020412,7.097233275383403
3020413,306.2508126889026
3020414,15.099688657529313
3020415,429.5299586652231
3020416,209.7207920190482
3020417,8.46609731275047
3020418,16.679570194845628
3020419,562.5385639725299
3020420,147.1962794218578
3020421,4400.709657633643
3020422,0.20480466006924752
3020423,32.655529555788746
3020424,6.464188346606313
3020425,0.49571072639961916
3020426,13.086504281010878
3020427,6449.685210436413
3020428,0.0
3020429,1006.8018730789431
3020430,28.19432137761881
3020431,1517.0503601578475
3020432,1882.3696441505258
3020433,383.02027383516975
3020434,457.7544684885669
3020435,212.1782021849643
3020436,6332.3144263293325
3020437,50.50271029746799
3020438,4.628437907390867
3020439,50.05779859538648
3020440,55.4263098777053
3020441,1.3459970728911725
3020442,479.5014847595088
3020443,45.051701775542845
3020444,43.9706248902526
3020445,20.9642582875836
3020446,248.4683878428183
3020447,26.51906701740109
3020448,501.77097983000056
3020449,445.2064999020174
3020450,28.92885418915534
3020451,27.151564765739153
3020452,752.6844313592039
3020453,214.9332117722255
3020454,5555.6785347032055
3020455,0.5253395055632513
3020456,52.21595440928419
3020457,16.261597481382143
3020458,0.6025498725175397
3020459,9.72158577661415
3020460,4234.710516241096
3020461,0.0
3020462,574.0489503127283
3020463,24.49803012976951
3020464,2080.8130393014694
3020465,1008.7941239218424
3020466,615.5062488955621
3020467,197.29331843685026
3020468,140.49419204282893
3020469,8169.138741648441
3020470,20.306294528093392
3020471,1.5589025715927636
3020472,62.62561605869058
3020473,50.64895567091687
3020474,0.2804783922846003
3020475,536.3807017201789
3020476,21.35169432811252
3020477,7.89544787850936
3020478,8.511727316094216
3020479,110.1696816761174
3020480,3.3607392359608794
3020481,395.7989483660116
3020482,550.6249154133876
3020483,10.422848410815483
3020484,12.283527271586568
3020485,521.5939607331406
3020486,145.43001308179134
3020487,1714.5266534797343
3020488,34.72349222454223
3020489,26.224573532575995
3020490,3.0164504844037445
3020491,0.0
3020492,1.6234248487830059
3020493,949.6065297749456
3020494,0.0
3020495,114.8309330827317
3020496,3.1858652294494876
3020497,211.6025469304216
3020498,278.57226989704577
3020499,59.96588024906706
3020500,76.24521546271745
3020501,64.30211554459197
3020502,1011.2746513038295
3020503,11.167238988311679
3020504,0.7724602017837295
3020505,5.647697180920816
3020506,8.43379242557852
3020507,0.6159037262082627
3020508,72.40576017090827
3020509,6.607127423039294
3020510,10.189471355803171
3020511,3.686556183943541
3020512,37.3754212487609
3020513,2.5972309911861675
3020514,114.16107481803039
3020515,46.154278314924355
3020516,2.318879929067776
3020517,3.0347340018919065
3020518,134.43629988950946
3020519,10.890309884719443
3020520,1059.5904727170132
3020521,0.0
3020522,9.597362238763143
3020523,2.5832934019855385
3020524,0.0
3020525,3.191826916757169
3020526,1595.3892680434524
3020527,0.0
3020528,133.32126946804158
3020529,4.7383349360152875
3020530,964.4943839477816
3020531,380.95246138191635
3020532,311.5103275255304
3020533,54.71308997680266
3020534,33.83336803083758
3020535,3095.138430851562
3020536,6.704007893408385
3020537,0.6952106717338384
3020538,15.333072027908099
3020539,11.998363716581279
3020540,0.502739245378902
3020541,211.92203456491177
3020542,6.06720134105455
3020543,0.0
3020544,1.940972925559747
3020545,13.333674545600026
3020546,0.8259989611157958
3020547,184.36813550205397
3020548,206.79584511957253
3020549,1.4611237780542117
3020550,5.279032510450075
3020551,200.34464544342117
3020552,23.624621624954855
3020553,299.02598299515705
3020554,0.3748105901882794
3020555,0.36529877735260685
3020556,11.66297906917541
3020557,0.3248706426825117
3020558,6.497175251650408
3020559,5635.075079655916
3020560,0.0
3020561,885.8481966340752
3020562,10.877036406759451
3020563,2307.1050579135713
3020564,962.9347198079698
3020565,631.9213100571491
3020566,293.9373854069968
3020567,124.92877325268347
3020568,9516.417983215315
3020569,34.64653286417576
3020570,1.5100548780177203
3020571,19.728656493674173
3020572,26.09203810816796
3020573,0.6838651927470649
3020574,633.9650124481784
3020575,20.45304017996881
3020576,2.2777790294799938
3020577,10.279883364442691
3020578,37.46918445969198
3020579,4.6737954708511715
3020580,691.6533979038288
3020581,565.6574606637737
3020582,3.9288162549101036
3020583,18.89768042695256
3020584,497.1496602821691
3020585,103.13428605941868
3020586,1639.2675637682573
3020587,10.41385657760565
3020588,15.41803272211241
3020589,7.655930376414811
3020590,0.028518136703381852
3020591,2.044400645995922
3020592,2102.245997997153
3020593,0.0
3020594,224.41052605739657
3020595,11.439646773103302
3020596,1345.727367625706
3020597,542.8675164021353
3020598,259.56040384581536
3020599,60.546284191751894
3020600,39.67422439710667
3020601,3369.464448224563
3020602,9.844181653665238
3020603,0.8710383244515648
3020604,15.895360192105548
3020605,23.243690756248743
3020606,0.43062388287538156
3020607,223.35882887229172
3020608,11.317322006947853
3020609,0.0
3020610,5.0263257527884795
3020611,38.98278834618561
3020612,1.633467370048662
3020613,139.3432406533172
3020614,224.57073964979838
3020615,3.4044568889493316
3020616,6.866988812231807
3020617,170.93499903707297
3020618,25.12046371172585
3020619,370.2134696892752
3020620,1.0326612068456287
3020621,4.152307679584821
3020622,6.16316524808957
3020623,0.0
3020624,5.033903105309127
3020625,1719.2181345160425
3020626,0.0
3020627,176.48806781468696
3020628,7.651837361970045
3020629,905.5369903650127
3020630,332.97940161661194
3020631,161.5927888442009
3020632,64.54910767011025
3020633,31.048497515822454
3020634,2776.1646481106072
3020635,14.152547907562688
3020636,0.06967020876865845
3020637,12.988694729707419
3020638,13.575178846006574
3020639,0.055158788353069914
3020640,167.34514302078216
3020641,3.4270792378996258
3020642,0.0
3020643,3.89891629096141
3020644,25.11436916599909
3020645,1.5991146887023102
3020646,112.78052319624335
3020647,170.03467077782906
3020648,1.2276503959990939
3020649,5.142977011318606
3020650,111.1067810477731
3020651,13.992782852997765
3020652,196.60740879267135
3020653,0.8413493531823487
3020654,3.548578132762366
3020655,4.846486474320838
3020656,0.0
3020657,2.4790841445627985
3020658,1561.5170255101611
3020659,0.0
3020660,174.42830271510883
3020661,8.368085320362832
3020662,1520.6939658817853
3020663,358.93347967377366
3020664,207.80856337408713
3020665,47.560658537004635
3020666,44.73379850381673
3020667,2770.7545873553054
3020668,11.400510085240088
3020669,0.6762365386833376
3020670,4.310444361474104
3020671,24.579711722060274
3020672,0.21701690838927018
3020673,188.75271998615545
3020674,2.2843800347408365
3020675,0.0
3020676,2.832523793464553
3020677,21.81322131343198
3020678,1.6178826100420396
3020679,196.16023617174562
3020680,189.2055007999338
3020681,1.5084851935006083
3020682,4.121433798539398
3020683,88.85132614255204
3020684,67.71930858859616
3020685,389.0329431249073
3020686,0.8812627528617376
3020687,3.1325382406423388
3020688,5.1644628497983485
3020689,0.4559029595190561
3020690,4.539226988000115
3020691,1671.4882973819465
3020692,0.0
3020693,164.6175286191061
3020694,2.1241493013827673
3020695,909.9683438194216
3020696,316.1942255438275
3020697,236.42326158360692
3020698,65.00682129457546
3020699,58.00233016948405
3020700,2589.249579301869
3020701,7.633908193314952
3020702,1.0069866976392434
3020703,12.58613214569855
3020704,17.16206935880095
3020705,0.27535739521050173
3020706,215.51035557677176
3020707,14.3794745649505
3020708,0.0
3020709,5.206392700576785
3020710,19.566387118370077
3020711,1.4290115086279938
3020712,117.34486089959941
3020713,183.2041740206248
3020714,1.3526704427482006
3020715,6.165845530608607
3020716,102.69694877306509
3020717,29.318338812788195
3020718,530.2266600673121
3020719,1.2806255837287273
3020720,4.738890484638898
3020721,5.951325627154055
3020722,0.07603850450069036
3020723,3.695969988536809
3020724,1766.6130253787046
3020725,0.0
3020726,213.87251930598882
3020727,7.359636956871618
3020728,1957.5556782838958
3020729,378.12566478258015
3020730,216.10767370790524
3020731,180.22006462444082
3020732,45.509955076453004
3020733,3234.430717191912
3020734,6.375427393873027
3020735,0.6237325299736589
3020736,14.708759636008208
3020737,18.717840588934962
3020738,0.3287906154901055
3020739,249.59547828895435
3020740,0.0
3020741,0.0
3020742,3.458158057088479
3020743,52.081093462113685
3020744,2.2275599093666805
3020745,70.19616583587829
3020746,206.88213856157947
3020747,1.923054620376867
3020748,4.935854905536383
3020749,88.86060292065554
3020750,44.30147681303286
3020751,669.5546927401982
3020752,13.402866005126404
3020753,1.7537765923652717
3020754,13.149418931572233
3020755,0.6167650809468407
3020756,5.8457793053554745
3020757,4707.97933256531
3020758,0.0
3020759,587.3883177407134
3020760,7.855436265455936
3020761,1565.947601556657
3020762,1174.6350283237618
3020763,744.3456868430161
3020764,270.86466319070297
3020765,153.17337073788354
3020766,6695.083906970249
3020767,24.28076050708795
3020768,2.5668350847471895
3020769,33.82705377189572
3020770,29.336657306909387
3020771,0.8561770592828233
3020772,455.19168521871967
3020773,3.7951573057010624
3020774,0.0
3020775,7.39064049822304
3020776,50.75330643534186
3020777,4.8702369681638285
3020778,325.0328876392564
3020779,424.37246175508994
3020780,4.7427116004704954
3020781,13.487971618342115
3020782,537.4770900977271
3020783,82.80116717615721
3020784,1922.2080801617817
3020785,2.5412787020048744
3020786,23.873727563142335
3020787,6.635161650566178
3020788,0.30356412261741106
3020789,7.907249301762376
3020790,3328.381786738045
3020791,0.0
3020792,817.8975097725976
3020793,7.55863331329843
3020794,870.3450173323037
3020795,939.2215794398992
3020796,332.60549879841994
3020797,272.77605953667916
3020798,87.55348111009167
3020799,4250.002148156753
3020800,16.078219798248895
3020801,1.9686788160264483
3020802,44.498663126461544
3020803,21.01629752260053
3020804,0.7626990205769437
3020805,314.59978612216116
3020806,20.526445513897865
3020807,2.826828791237226
3020808,6.634626398646464
3020809,57.574564534326676
3020810,3.3425383070926817
3020811,142.4764372178162
3020812,279.6563039457222
3020813,8.760212141275767
3020814,10.86109192461893
3020815,299.63972686052523
3020816,67.67360481196174
3020817,2365.425581049874
3020818,17.42366083512562
3020819,20.587654572897172
3020820,10.07681384772541
3020821,0.28652174118661994
3020822,4.232917347006715
3020823,2842.9667237535436
3020824,0.0
3020825,222.8105942206072
3020826,5.192769566425536
3020827,1011.6020453177351
3020828,467.0102214345174
3020829,349.60409938671654
3020830,82.05295100122427
3020831,53.33726886672254
3020832,3776.0418270857376
3020833,34.03502564701608
3020834,1.401643349019665
3020835,19.690899515859503
3020836,22.00904812342275
3020837,0.3433514439527056
3020838,209.20571164026768
3020839,12.19448992963345
3020840,0.0
3020841,5.338485550687466
3020842,45.12743981803612
3020843,3.062413450605899
3020844,132.70449279386526
3020845,209.3456210916337
3020846,2.2744847388147535
3020847,7.556768490328281
3020848,82.89639484537382
3020849,31.921548802335725
3020850,522.227803831296
3020851,0.4959449438402775
3020852,4.082581094843743
3020853,8.230088377795466
3020854,0.08887001687247253
3020855,9.244977426002325
3020856,4351.705582177274
3020857,0.0
3020858,850.0340677084462
3020859,13.13531714028989
3020860,1183.42208785654
3020861,1210.1001713602793
3020862,294.99169311965727
3020863,258.63535902599
3020864,151.8357040996702
3020865,5210.832687864594
3020866,61.673023610611416
3020867,1.8152330120064981
3020868,18.321746746081722
3020869,33.87434114461248
3020870,0.3993479888756972
3020871,355.75364498547367
3020872,42.317092567699454
3020873,16.4663719569945
3020874,7.418562120971888
3020875,96.8067236375542
3020876,8.386070714754757
3020877,443.1446561062209
3020878,348.69999932298487
3020879,13.144509945104563
3020880,15.196534212402671
3020881,617.9089835704933
3020882,130.76655706221175
3020883,3092.1228776729017
3020884,0.23792377260538042
3020885,43.82679775260586
3020886,14.4997752162551
3020887,0.8653364810998883
3020888,9.011062621576924
3020889,6371.234112088696
3020890,0.0
3020891,1037.0622310367462
3020892,11.9826828958025
3020893,2695.8518334909195
3020894,1514.6371257410638
3020895,1103.6113407498094
3020896,201.02502862526273
3020897,130.9895221227605
3020898,9450.725938404083
3020899,27.501413109405807
3020900,1.5515184024335014
3020901,48.232691298062285
3020902,33.13164673664941
3020903,0.3143859333209437
3020904,660.843290834994
3020905,21.425577118524277
3020906,8.860126457596508
3020907,8.398476462525517
3020908,59.83174318815646
3020909,2.9784240055138693
3020910,501.3684493380167
3020911,665.5863309468052
3020912,8.607712097134971
3020913,9.161901694758114
3020914,564.1736930063846
3020915,118.31117306468279
3020916,1715.8432479001167
3020917,22.390995929853165
3020918,25.40299149312357
3020919,16.315705326206334
3020920,1.3095008619828974
3020921,8.169202197085607
3020922,4388.578873383234
3020923,0.0
3020924,761.5177771202926
3020925,5.593990005097141
3020926,2492.626480715561
3020927,1013.0551088985571
3020928,531.8426726989633
3020929,390.57290886701406
3020930,111.84701941858864
3020931,6672.366474157027
3020932,25.535374005642634
3020933,1.0322567826103695
3020934,62.61167615193292
3020935,62.16415267961476
3020936,0.5615290478245786
3020937,522.1737974265848
3020938,10.14919892683194
3020939,2.43596290557009
3020940,18.970230633877517
3020941,69.80087643892693
3020942,4.619132721546919
3020943,172.06716803392914
3020944,487.04627836679737
3020945,5.134424078756541
3020946,9.89720774122874
3020947,239.2200584303947
3020948,199.47875533481317
3020949,1888.4666486317421
3020950,16.28254330759722
3020951,9.787495076396675
3020952,7.4875698841395275
3020953,0.11666184124682617
3020954,4.542176734031356
3020955,2070.005368256563
3020956,0.0
3020957,190.6804326108606
3020958,7.801772809891867
3020959,878.0259619912476
3020960,431.6237420339689
3020961,198.34742009413125
3020962,57.741006874954856
3020963,57.28948714668596
3020964,3123.2462165177744
3020965,10.765566479070063
3020966,0.8349720872400977
3020967,22.994292275384147
3020968,26.22467232018007
3020969,0.3657597242518189
3020970,229.86778298660332
3020971,4.532368378513536
3020972,0.0
3020973,6.802360330877833
3020974,62.60611685296969
3020975,3.362937287697529
3020976,133.34813554085108
3020977,209.78080262351625
3020978,1.189826166406108
3020979,7.828151047979306
3020980,154.8034968007549
3020981,41.83390431102497
3020982,540.8676679775381
3020983,0.6327503533543323
3020984,3.23697376723816
3020985,2.893781658898186
3020986,0.0
3020987,1.5620169835547024
3020988,1888.2102811236623
3020989,0.0
3020990,281.7505003134936
3020991,14.355249662323626
3020992,578.9915142497259
3020993,604.5199473506959
3020994,154.20011108248005
3020995,62.612194474821074
3020996,74.1605834574321
3020997,2427.4039679769808
3020998,28.099494286022825
3020999,0.6603396686801035
3021000,17.09644873112325
3021001,16.471366069178195
3021002,0.38717238223464956
3021003,158.43266528616036
3021004,20.568634942852228
3021005,2.883247787292958
3021006,3.707553625663727
3021007,53.831684999028525
3021008,5.853866935489548
3021009,1032.3695434548868
3021010,189.5648502813395
3021011,4.890590350641009
3021012,7.294212776203597
3021013,337.60161152339253
3021014,32.29241792904031
3021015,1217.9875869287403
3021016,0.07370489108944796
3021017,8.312710567422501
3021018,4.288797359769739
3021019,0.11364683772350918
3021020,4.600161156001004
3021021,3717.370406961205
3021022,0.0
3021023,748.4549469174401
3021024,15.409806228218459
3021025,1030.8274082638875
3021026,1290.3631491843034
3021027,263.4369556143018
3021028,240.89458197068154
3021029,145.80401573435458
3021030,3993.135900980708
3021031,38.72833886741309
3021032,1.376576657953745
3021033,21.156820350389115
3021034,33.191553111078434
3021035,0.3240147164623837
3021036,273.9822018137232
3021037,16.23407926727426
3021038,25.625922760653843
3021039,9.265679627442632
3021040,64.85027657786402
3021041,10.804364610062214
3021042,355.9438664993298
3021043,312.0970385754974
3021044,19.527247609147004
3021045,11.963398658732224
3021046,476.51995118057647
3021047,110.3986331310689
3021048,3334.3885611912024
3021049,3.886750081472333
3021050,22.963363285751917
3021051,2.5847991604803653
3021052,0.08510539294029465
3021053,3.001927643851504
3021054,2124.5414313178203
3021055,0.0
3021056,361.75559612169883
3021057,6.007689564436787
3021058,480.98416908478913
3021059,569.6364459736869
3021060,148.85980127909235
3021061,112.64126842046174
3021062,133.4439543933587
3021063,1858.9023154216998
3021064,23.063678439736318
3021065,1.3426961465822933
3021066,12.938252792830886
3021067,16.763860736834005
3021068,0.5460020557166803
3021069,109.82250373144399
3021070,0.0
3021071,17.43638546583599
3021072,4.9219004066416625
3021073,212.69557357070602
3021074,6.963758688738626
3021075,180.29444451148655
3021076,109.05082236263985
3021077,4.491582266247681
3021078,6.777518395019301
3021079,170.10301730129808
3021080,39.12476292607388
3021081,1390.9661481221972
3021082,2.2093454507281716
3021083,4.203293812577312
3021084,5.3942850179211534
3021085,0.0
3021086,0.6976496781677469
3021087,1210.3655918672264
3021088,0.0
3021089,288.74414519684257
3021090,5.737541142103263
3021091,648.9873825739288
3021092,402.08607070780033
3021093,128.59146060495036
3021094,55.35550757790924
3021095,42.759727547508405
3021096,2176.334208935711
3021097,17.44543383572443
3021098,1.038471399791571
3021099,15.519367918409777
3021100,14.697935509716416
3021101,0.4797228036437772
3021102,136.45123672957803
3021103,0.4944633197949929
3021104,4.6369694560009345
3021105,1.8333300402895765
3021106,24.667921304971244
3021107,0.5491070797222024
3021108,363.8688124877279
3021109,188.56786114293658
3021110,4.077339518346075
3021111,2.1676713498124673
3021112,201.2667458072586
3021113,33.02545742742225
3021114,719.8473780703724
3021115,2.364584777355646
3021116,3.2973836386810027
3021117,10.916088429943917
3021118,0.02133139715503413
3021119,4.2613392235486796
3021120,5223.580329051616
3021121,0.2590489136311479
3021122,921.8149493511476
3021123,20.317125352147485
3021124,1291.9529497908702
3021125,1535.21880419488
3021126,411.7741220679036
3021127,363.6542082954605
3021128,202.23107416109505
3021129,5667.546699780825
3021130,40.98813627874645
3021131,4.504560577062272
3021132,25.232076185273062
3021133,36.37763451376076
3021134,0.34564855361199204
3021135,365.8039133275845
3021136,16.574759109078478
3021137,42.8416154915269
3021138,11.325745308710692
3021139,204.62295413477577
3021140,6.7500089500087075
3021141,370.74008395170114
3021142,372.8283420345013
3021143,15.505297281501498
3021144,14.037003654038367
3021145,530.6165834304096
3021146,111.32107084468066
3021147,3606.1122533278403
3021148,5.436606094695826
3021149,22.500292040301744
3021150,11.294395719688717
3021151,0.0
3021152,6.174078092409608
3021153,5661.0076693230085
3021154,0.0
3021155,1102.9804407321635
3021156,16.8865477560784
3021157,1970.867287437306
3021158,1563.1879634851114
3021159,626.9770555321936
3021160,429.9960516133831
3021161,102.53485559796916
3021162,7725.490446408231
3021163,23.126780852896726
3021164,2.273126041320342
3021165,53.900849555708064
3021166,31.788314005509385
3021167,1.1329290759390305
3021168,483.92301585289425
3021169,0.0
3021170,7.768343252493365
3021171,9.530503310883391
3021172,72.69166091577324
3021173,2.3653681428181996
3021174,250.84969081073052
3021175,505.5433167912057
3021176,9.26726829524982
3021177,10.146088612265464
3021178,359.82140011484074
3021179,110.50991977828988
3021180,2269.7277940066588
3021181,22.17286937698743
3021182,3.607631193037643
3021183,8.836429013338801
3021184,0.18138013300333025
3021185,4.729233532912759
3021186,4457.031753772105
3021187,0.0
3021188,1000.5688320443955
3021189,14.40793696916051
3021190,1448.6147162110335
3021191,1176.85878949249
3021192,413.38346267563594
3021193,280.1648625370499
3021194,90.43330060491108
3021195,5500.204086134988
3021196,28.188330127530893
3021197,2.201956387973903
3021198,35.62677824980902
3021199,24.663311540475483
3021200,0.5768468860700563
3021201,393.97069882485016
3021202,0.0
3021203,6.900194625426619
3021204,9.010479112319329
3021205,97.94572888515259
3021206,2.7808792278087666
3021207,148.02450096305154
3021208,412.87751377414344
3021209,7.571158193266947
3021210,4.866259209243528
3021211,274.64903861544985
3021212,86.7635092232071
3021213,1598.7584620267858
3021214,17.16406065169324
3021215,8.918388280378997
3021216,16.047497829043294
3021217,2.314633972968666
3021218,22.694913492026007
3021219,12535.230801392283
3021220,0.0
3021221,1587.9520313836058
3021222,38.69754077380091
3021223,2553.909681321734
3021224,2924.0440766572856
3021225,519.8196017070737
3021226,683.7722038503724
3021227,459.3504067669117
3021228,10546.36924200454
3021229,123.43806359770278
3021230,3.8858348719542883
3021231,61.83307544097608
3021232,70.78191306278408
3021233,1.8382106037973451
3021234,770.8238352930834
3021235,70.23781790173445
3021236,68.56226156303397
3021237,27.782966440832187
3021238,233.12037464256565
3021239,33.89873575012386
3021240,882.1011914855409
3021241,813.5347609594204
3021242,25.93248180022652
3021243,32.2106090355521
3021244,1436.3879024988787
3021245,300.96411837763253
3021246,9333.764719886109
3021247,3.2385727595375107
3021248,102.64027292899576
3021249,2.6310146939751555
3021250,0.44907074428765836
3021251,1.0598689014012548
3021252,1616.6208121475781
3021253,0.0
3021254,197.32334133417572
3021255,4.196816023871806
3021256,880.6003846097728
3021257,321.33374725009406
3021258,132.16985948552326
3021259,148.52961244604907
3021260,47.870949389174065
3021261,2324.1038347550734
3021262,8.16119355443114
3021263,0.5474717366787825
3021264,9.30939877719682
3021265,10.341925433004521
3021266,0.49579519494268887
3021267,164.12039722319076
3021268,0.7339761449715412
3021269,0.0
3021270,5.3742163592359535
3021271,49.127965827923404
3021272,1.0451682746010238
3021273,56.66752597169956
3021274,101.80627708511904
3021275,1.8762921909408836
3021276,4.585109373331818
3021277,115.01171701975807
3021278,19.092901482337474
3021279,542.506448116366
3021280,7.68747654528389
3021281,5.165252408928323
3021282,11.099430702037955
3021283,0.37167483728023265
3021284,5.825924818003769
3021285,4395.363572510414
3021286,0.0
3021287,730.7043763066158
3021288,10.195315001227193
3021289,2003.7594583222171
3021290,1029.8186486218042
3021291,358.0740652245917
3021292,371.19574506107404
3021293,82.95981890593245
3021294,6609.504674419021
3021295,20.401042138410514
3021296,0.5598926484011577
3021297,38.15242038945889
3021298,26.59261304273084
3021299,0.26574846160321125
3021300,444.50128250304994
3021301,3.3032524181352283
3021302,2.4271911072759234
3021303,14.48692381903745
3021304,12.572016311884205
3021305,2.436078380874657
3021306,460.7842482293739
3021307,450.7656880834629
3021308,5.914268624275712
3021309,12.775669060670987
3021310,166.86396149725252
3021311,86.19259469954679
3021312,1618.406709553569
3021313,21.64544901773705
3021314,6.57193615739288
3021315,2.033218923791736
3021316,0.014677420983223569
3021317,1.0326420096320796
3021318,990.0761628081558
3021319,0.0
3021320,172.36139292959572
3021321,2.5414282213410466
3021322,908.4552041243884
3021323,237.7554465914363
3021324,113.92604453101241
3021325,169.30885341115237
3021326,17.737304883536826
3021327,1339.4767037789838
3021328,4.501522759533952
3021329,0.3182003515003615
3021330,9.987038845668252
3021331,3.6595704939866116
3021332,0.12814218598634722
3021333,113.00306874353865
3021334,0.0
3021335,0.0
3021336,0.6227030659865356
3021337,11.7716874252389
3021338,0.4511811151826557
3021339,82.08327410767639
3021340,80.70326610201701
3021341,1.1679677949249923
3021342,1.6018468972646482
3021343,68.36968225883844
3021344,12.342457474959206
3021345,255.40924076944748
3021346,7.172703820280473
3021347,2.6179967205281174
3021348,13.095250491049478
3021349,0.0
3021350,4.413289753188259
3021351,2515.3628076831465
3021352,0.0
3021353,319.29372639238414
3021354,10.432682945827654
3021355,1307.6192810847492
3021356,567.5936314971614
3021357,234.93053490632158
3021358,178.39091432742077
3021359,43.6961874103985
3021360,3739.3201752063837
3021361,5.936130775228466
3021362,1.1753767430861948
3021363,26.16271364361238
3021364,20.73715133665005
3021365,0.44835590391158914
3021366,308.77265324256734
3021367,0.0
3021368,0.0
3021369,21.24286984017729
3021370,9.384377850708148
3021371,2.7977293780595067
3021372,327.07267420247433
3021373,305.5244493575352
3021374,3.7936634166917385
3021375,7.6636368380940025
3021376,261.00411521189193
3021377,30.803092684684714
3021378,1405.5570729530516
3021379,8.370998714807843
3021380,1.6054104290922588
3021381,3.19838082012942
3021382,0.10235542237740175
3021383,2.1855131492025412
3021384,2758.1237879496807
3021385,0.0
3021386,693.7124488033977
3021387,3.466781349269116
3021388,880.7142924612807
3021389,799.0419330132365
3021390,240.88898205584206
3021391,110.43455386486323
3021392,67.00380493169219
3021393,4395.4419164396
3021394,6.744149808237541
3021395,4.0030441666041074
3021396,16.41026715455682
3021397,39.71426318225414
3021398,0.12141330563464277
3021399,224.9585181296017
3021400,5.257847423321411
3021401,0.1209340095920772
3021402,6.226576192906468
3021403,26.7604993646018
3021404,2.4682177220930135
3021405,166.74336332429377
3021406,246.83622641229826
3021407,5.024049087690482
3021408,7.712984294061428
3021409,145.55389676302372
3021410,33.914365317778945
3021411,612.1157545778631
3021412,18.591116375097616
3021413,3.760731204115751
3021414,5.882951365034705
3021415,0.1026397193672474
3021416,0.6680017729250668
3021417,1763.8597551701155
3021418,0.0
3021419,140.71998219012255
3021420,3.5913108523038235
3021421,635.6573780163168
3021422,257.92052116332576
3021423,109.31040492510756
3021424,190.44713215159345
3021425,73.49685535240049
3021426,2278.20775132491
3021427,9.725446385440131
3021428,0.33786885336941613
3021429,18.13620872121593
3021430,12.883421005426703
3021431,0.40704112634545725
3021432,134.71831588230043
3021433,0.0
3021434,0.0
3021435,1.0490607380347126
3021436,122.59204835614936
3021437,0.9645937184489045
3021438,216.983786315508
3021439,128.76136490025897
3021440,0.9625349167823494
3021441,1.791757208239845
3021442,59.36343733331033
3021443,23.82133103108335
3021444,430.07075043205384
3021445,3.6811849268497254
3021446,1.4216743798784321
3021447,6.719445201640488
3021448,0.05768196997521842
3021449,2.7190260280263834
3021450,3834.8381316121877
3021451,0.0
3021452,564.4147268476246
3021453,10.506658793182746
3021454,1062.188011509291
3021455,774.6619133775959
3021456,257.82308481708856
3021457,163.46796056123827
3021458,103.31275127482668
3021459,4636.205477493283
3021460,9.94845704631813
3021461,0.4540466433225179
3021462,29.178258897101077
3021463,12.128259518908374
3021464,0.295225321185022
3021465,260.42503785703883
3021466,0.0
3021467,34.270393757496194
3021468,2.7890843617008554
3021469,76.82857122274739
3021470,1.075922200765113
3021471,204.53821352685986
3021472,276.3468810088666
3021473,3.1476332233156494
3021474,4.400636914010979
3021475,124.64453424056606
3021476,53.52394080272684
3021477,1307.3446450849906
3021478,29.37097980371979
3021479,1.9092666333670594
3021480,4.341621981709673
3021481,0.0
3021482,6.772033000622663
3021483,2786.4673367603586
3021484,0.0
3021485,464.3623148370321
3021486,6.4345833837504305
3021487,861.2029122175401
3021488,781.0709079203701
3021489,138.69632339833953
3021490,137.94731867171058
3021491,93.24957166008204
3021492,3257.3475246919675
3021493,55.014090008004914
3021494,1.3402167002941359
3021495,20.007490460890967
3021496,26.56038225020782
3021497,0.4064878135427073
3021498,237.36500140684268
3021499,28.392264502479993
3021500,17.224844354722993
3021501,1.5140701895402746
3021502,73.04885942671176
3021503,8.738808447000231
3021504,166.81984837222458
3021505,256.33965910815215
3021506,11.20452459570385
3021507,16.033696330972443
3021508,232.30617959102645
3021509,41.18671319189633
3021510,2011.3170054684035
3021511,0.03401483651978734
3021512,10.556668156991636
3021513,10.709545756988662
3021514,0.0
3021515,9.43323460730038
3021516,4072.634730590091
3021517,0.0
3021518,623.2911279902206
3021519,16.55605701614406
3021520,1684.2828529762223
3021521,1092.958194923912
3021522,209.9653027822372
3021523,150.62461847706416
3021524,124.76739683802666
3021525,5159.718961199659
3021526,32.40773557288308
3021527,2.2718305042679603
3021528,35.942501631807815
3021529,102.25137457766184
3021530,0.31821388877339885
3021531,511.91419048686095
3021532,44.51342831688589
3021533,15.237435784100287
3021534,12.264832471223283
3021535,123.8392761995305
3021536,14.706206879215685
3021537,158.69472104337837
3021538,583.4255798816196
3021539,10.55074914438705
3021540,17.667364290263553
3021541,153.39057529656455
3021542,91.17329670149073
3021543,2352.7465058390135
3021544,0.43864614781404576
3021545,22.26278006724138
3021546,13.024717348164762
3021547,0.39820811934511247
3021548,4.857218226877765
3021549,4883.982323680296
3021550,0.0
3021551,941.9285442162325
3021552,9.09872648706042
3021553,2326.3983638455234
3021554,919.9028645257289
3021555,276.22353902163195
3021556,356.8940280257722
3021557,76.68756194307693
3021558,6705.144284550631
3021559,49.87574312705727
3021560,3.3278418244733765
3021561,43.5643836847166
3021562,25.45669919688394
3021563,0.3387236568714871
3021564,449.34305901915775
3021565,12.571876992196547
3021566,18.72627339101207
3021567,8.580249353052197
3021568,75.13764099646004
3021569,5.95145201535539
3021570,117.2571548357591
3021571,429.29201184509617
3021572,10.50083511169028
3021573,14.629420123519125
3021574,279.4061632026794
3021575,60.43404268175325
3021576,2015.9463106128615
3021577,5.068214113734659
3021578,22.3973034491873
3021579,5.960428651093476
3021580,0.1388804489471698
3021581,7.713826048537835
3021582,4066.4252381985775
3021583,0.0
3021584,556.7671271294347
3021585,7.756491455965997
3021586,1095.3309028504761
3021587,1186.4335336980994
3021588,292.245488076168
3021589,231.1564639323626
3021590,133.35802491886957
3021591,4900.692646342995
3021592,34.57359367596065
3021593,2.1366855428491185
3021594,14.177393650134158
3021595,15.132982343481661
3021596,0.7141305677867678
3021597,370.0194585087179
3021598,39.16692373689803
3021599,26.196686557938595
3021600,3.0944612280628716
3021601,94.51806104340505
3021602,7.395622868121702
3021603,464.59683593251356
3021604,343.5810465476254
3021605,12.22566366528776
3021606,15.451207706854122
3021607,532.5444002487553
3021608,54.63741981102986
3021609,3174.3669124355843
3021610,0.0
3021611,35.63982149363609
3021612,4.842223712585381
3021613,0.0
3021614,2.6895304497461012
3021615,4849.197809136283
3021616,0.0
3021617,457.0491969410861
3021618,5.049223533507672
3021619,2256.6333781154694
3021620,681.364990840158
3021621,311.7737187617151
3021622,175.19953758985253
3021623,63.83643569582932
3021624,5808.807390252959
3021625,13.262203653612648
3021626,2.592525598297037
3021627,30.61363819930184
3021628,29.201784750319664
3021629,0.2674320870868153
3021630,450.14831451680146
3021631,0.0
3021632,0.13523514112757407
3021633,8.647811848503064
3021634,28.27861761671991
3021635,2.572300793704793
3021636,153.9713569397538
3021637,329.8383253162605
3021638,4.668683267013234
3021639,9.897187205193015
3021640,178.88771601811013
3021641,58.34081089649377
3021642,1083.4874900362881
3021643,12.781975063087964
3021644,5.465333990811415
3021645,11.41094018062533
3021646,0.14917130225622133
3021647,11.831820786702666
3021648,4209.565527889308
3021649,0.0
3021650,736.7437413754632
3021651,11.39179756790618
3021652,1960.7296860039253
3021653,1103.3966310126928
3021654,358.8521693433424
3021655,214.0209182986136
3021656,153.81474529794767
3021657,5487.40301749397
3021658,58.68810964457696
3021659,2.176687588520568
3021660,34.711517838348264
3021661,51.85454768925196
3021662,0.5072250008585785
3021663,415.26422669819755
3021664,40.558925186003556
3021665,20.891698186595367
3021666,12.582792993424183
3021667,122.3734397779873
3021668,16.480647026221366
3021669,295.11301231686446
3021670,577.7984273327766
3021671,19.346094706883456
3021672,13.626533929229435
3021673,268.24955645921665
3021674,71.56965518092456
3021675,2811.977885403705
3021676,0.8524663828897353
3021677,10.254239180129106
3021678,6.462175706042103
3021679,0.14296585707901718
3021680,8.058481514895252
3021681,3880.3904029331966
3021682,0.0
3021683,625.0014741147085
3021684,13.470886918380758
3021685,1060.5881156959995
3021686,1075.7678592207108
3021687,221.68684412157504
3021688,196.21667285045928
3021689,126.99218854521072
3021690,4328.436898718031
3021691,46.149569632898974
3021692,1.2289685493070366
3021693,28.364425715406302
3021694,24.98595802687506
3021695,0.28612274237388535
3021696,317.3845599990012
3021697,37.40176830545188
3021698,36.848926286023776
3021699,9.193455502606676
3021700,63.124990875830775
3021701,12.182465423754115
3021702,269.71008186219746
3021703,340.7996228853805
3021704,11.397212365621971
3021705,15.048175986885328
3021706,266.9013143935912
3021707,60.78681626548472
3021708,2874.2065379302257
3021709,0.23535181473821687
3021710,21.71464723093757
3021711,6.066923587060663
3021712,0.06363382577925417
3021713,4.608367328429822
3021714,6440.343232265126
3021715,0.0
3021716,753.8316300295932
3021717,20.91476530759311
3021718,1561.8784676513194
3021719,956.6561767915687
3021720,331.3217145419916
3021721,272.11460938831453
3021722,82.34581932491555
3021723,6204.807374926233
3021724,13.489646476777004
3021725,0.10678493076038964
3021726,13.207437547391272
3021727,21.609533615000835
3021728,0.212731842638709
3021729,330.2164307327725
3021730,0.0
3021731,10.374831555265768
3021732,2.170991099701548
3021733,100.07146172191626
3021734,4.010705271826619
3021735,239.21745753825434
3021736,382.11624406565835
3021737,4.1657377505438005
3021738,4.0118338760087715
3021739,299.7583206594593
3021740,144.57694643063564
3021741,1499.8061839271534
3021742,17.745736325727236
3021743,1.636865662556278
3021744,23.06509760071847
3021745,0.0
3021746,25.9988546114859
3021747,15424.82573460253
3021748,0.0
3021749,2396.9603947781297
3021750,20.840899321628772
3021751,3507.2122205601004
3021752,3749.8775141823667
3021753,869.1383110154209
3021754,978.985905781923
3021755,539.0832946774119
3021756,14428.69213046677
3021757,121.73277439249826
3021758,5.911088162764124
3021759,136.120648741721
3021760,166.93352351278398
3021761,1.7205545997259164
3021762,1169.1385373684252
3021763,50.03745687538776
3021764,30.52897105415439
3021765,24.14353698541735
3021766,364.76427198551426
3021767,31.950990692833276
3021768,1160.002932161968
3021769,948.7736418457182
3021770,70.48362859558219
3021771,54.070393561116155
3021772,1647.2268562159168
3021773,322.2939161241844
3021774,12357.14282125268
3021775,104.46988600744851
3021776,124.41369257925052
3021777,22.663170657734952
3021778,0.0
3021779,22.198878882392293
3021780,15152.97516733216
3021781,0.0
3021782,1826.3543668951354
3021783,25.0170691157656
3021784,3961.942621772195
3021785,3516.3694930661622
3021786,1132.6209284271163
3021787,628.6746750110524
3021788,435.1255455402881
3021789,16102.866576441134
3021790,202.72285617438706
3021791,3.107340696635349
3021792,51.66234963260677
3021793,118.61626125753203
3021794,1.3246391285472958
3021795,1134.735529895965
3021796,56.28755509500799
3021797,53.21460381833333
3021798,8.164203043984145
3021799,216.57686085243884
3021800,24.633451840663234
3021801,1521.0144345472304
3021802,1184.243031633478
3021803,43.46024403009273
3021804,49.65770860522602
3021805,1820.0355688342552
3021806,303.85488434353357
3021807,8834.40673527983
3021808,218.54985738134127
3021809,137.98146694731906
3021810,20.88869058811076
3021811,0.0
3021812,28.91006388990275
3021813,11377.830164929082
3021814,0.08318437373489121
3021815,1521.7284836157194
3021816,19.295453969886225
3021817,4122.504148962158
3021818,2762.5457213907857
3021819,1316.76058301934
3021820,305.0412272071674
3021821,381.31015093904085
3021822,16089.397771212245
3021823,73.93475208830645
3021824,4.4940817088677205
3021825,57.24090833841586
3021826,54.47656233389262
3021827,1.3566424077625174
3021828,1118.2671176324016
3021829,68.8103796719733
3021830,35.29035713478126
3021831,11.231569050664126
3021832,132.4254408590167
3021833,14.883388953399278
3021834,1283.0990662684628
3021835,1344.7712438697265
3021836,44.75873682338346
3021837,79.19741004604954
3021838,1407.174001108717
3021839,184.7416993300929
3021840,4584.971133667002
3021841,149.29721192149995
3021842,76.61530154638723
3021843,22.31292598665481
3021844,0.0
3021845,29.22099709176678
3021846,14837.490516297557
3021847,0.0
3021848,1725.7271363266382
3021849,21.833979277878093
3021850,3609.166868782158
3021851,3370.248855195405
3021852,1063.1204335032908
3021853,581.6545858067417
3021854,388.4362642840119
3021855,15000.994231634408
3021856,79.65351699306883
3021857,4.410072661293173
3021858,62.93189472454544
3021859,142.8916289605587
3021860,3.0424505611779114
3021861,1035.5499574424473
3021862,65.09899091044183
3021863,38.49626966259503
3021864,8.08912830068557
3021865,206.74920444857048
3021866,19.533057052262745
3021867,1144.136228161391
3021868,1174.379569059349
3021869,48.258809981715146
3021870,50.109298518732906
3021871,1636.7656641204856
3021872,284.6990374978342
3021873,7938.043281833704
3021874,153.09694106517603
3021875,100.94758714702024
3021876,20.704128052263282
3021877,0.0
3021878,31.597654558759192
3021879,9399.122294389786
3021880,0.06751143804864866
3021881,1431.9619921642561
3021882,19.27697464663029
3021883,3729.395976088209
3021884,2409.8304186461137
3021885,1129.6239692148156
3021886,256.3933991594588
3021887,313.3219006181665
3021888,14170.175850279611
3021889,86.08820070859743
3021890,1.7857730205295843
3021891,50.42000948311485
3021892,91.47642851488504
3021893,1.4419045036444205
3021894,1076.8720866117387
3021895,53.021681066393604
3021896,16.856330511814317
3021897,5.844050480705648
3021898,122.97172168171143
3021899,11.183840535814994
3021900,1300.1807334739015
3021901,1289.3211875691577
3021902,36.722985543983846
3021903,41.54880268857484
3021904,1459.4061848994957
3021905,152.77908562784495
3021906,3466.6398316786863
3021907,99.49397834097329
3021908,38.47554914586117
3021909,15.141719003411472
3021910,0.0
3021911,16.51188760686275
3021912,9959.651951013862
3021913,0.0
3021914,1419.3495988698905
3021915,21.424337518298056
3021916,2428.5857217412445
3021917,2876.486583168635
3021918,633.3672224716447
3021919,645.4112670996409
3021920,423.55673862087923
3021921,10177.599741749937
3021922,99.8243374629078
3021923,2.7729892080213556
3021924,45.27192997310276
3021925,73.94634462043318
3021926,1.7914488624561171
3021927,708.419980831842
3021928,32.45091173952665
3021929,31.022366991021347
3021930,11.666892275790286
3021931,242.05746076522968
3021932,23.316777313475537
3021933,941.723965829093
3021934,750.5923175287343
3021935,29.822760306662335
3021936,46.741707157049184
3021937,1288.3534174917393
3021938,248.1461717712276
3021939,8990.035220103648
3021940,103.18438256855534
3021941,83.36607210120393
3021942,9.444469008051863
3021943,0.16986471943625417
3021944,7.558926033933422
3021945,2439.5529321369377
3021946,0.0
3021947,397.4154525374703
3021948,20.288637548952654
3021949,1162.8392064779632
3021950,657.5803748927202
3021951,257.55973653189534
3021952,116.86581299014617
3021953,93.40713869921903
3021954,3433.6616816643304
3021955,57.38030336061908
3021956,2.097903343142427
3021957,28.664688707501085
3021958,24.48759818503943
3021959,0.5038396669513058
3021960,291.8388599248873
3021961,24.218605091603177
3021962,6.452439455452179
3021963,13.123861092485075
3021964,51.808623224689605
3021965,8.876457032033635
3021966,279.5655650240722
3021967,291.9033070923149
3021968,5.0741442633109255
3021969,10.107409334587325
3021970,263.5913633546543
3021971,49.39014852204448
3021972,1711.1224682572283
3021973,3.9144924471981484
3021974,11.152728178591389
3021975,14.023516936261
3021976,0.0
3021977,17.76665771598572
3021978,7203.081785632303
3021979,0.0
3021980,797.5103602680717
3021981,32.964682608177135
3021982,2453.6458856405793
3021983,1750.8475290586916
3021984,714.4702985503241
3021985,181.1649062510382
3021986,168.10087121103027
3021987,9398.545921455827
3021988,140.65230839619932
3021989,2.7796384101809646
3021990,58.16157099144427
3021991,59.40294468112515
3021992,1.3753100844852233
3021993,727.9873186180653
3021994,39.90099610236434
3021995,4.175611898148393
3021996,6.817806413221194
3021997,112.55234424174726
3021998,13.171514835493248
3021999,626.9579414455308
3022000,827.8924954544225
3022001,21.013177735851077
3022002,38.74654623327024
3022003,571.5334186983024
3022004,86.10983209662712
3022005,2868.8202110978996
3022006,106.44974067328832
3022007,27.499640150974578
3022008,11.678588823510227
3022009,0.0
3022010,6.702823593811524
3022011,6129.760264897128
3022012,0.0
3022013,1130.37661186201
3022014,7.646535372015163
3022015,1839.3253812762325
3022016,2040.8926495759144
3022017,335.6567314010203
3022018,435.28653822880193
3022019,290.855766671006
3022020,6488.507962734486
3022021,53.476242067198015
3022022,2.130097234389716
3022023,38.352373682724036
3022024,47.860593115564036
3022025,1.1385421443113455
3022026,467.80852036598924
3022027,8.222461738862187
3022028,39.404566822887375
3022029,8.614973364732801
3022030,149.98868434278617
3022031,13.942574388131488
3022032,673.2457361104408
3022033,414.7104269188985
3022034,26.161121946930702
3022035,14.826030400364715
3022036,721.4234051694106
3022037,150.4626944762393
3022038,6087.030928545908
3022039,32.010004147367425
3022040,57.23019961644597
3022041,21.91627962922386
3022042,0.0
3022043,12.812334987653653
3022044,7162.100785234501
3022045,0.0
3022046,1274.0933287318228
3022047,16.158127494504978
3022048,2589.9526987412855
3022049,1827.3031401250785
3022050,594.7691683399896
3022051,327.033710284045
3022052,449.36358477183103
3022053,9683.734109628638
3022054,75.58781673782428
3022055,4.59012802787888
3022056,86.41941396159142
3022057,84.15234411701039
3022058,1.3963143542302883
3022059,617.2658743401252
3022060,18.92932733915771
3022061,80.1271314193857
3022062,13.789497642134002
3022063,273.0739905861679
3022064,14.922093363811339
3022065,713.790424591138
3022066,617.693427712661
3022067,22.573043116732496
3022068,44.246803684857134
3022069,731.9839271171353
3022070,193.69396427849517
3022071,6939.0393114927665
3022072,28.132240961337008
3022073,14.695481283580142
3022074,15.744868449109859
3022075,0.09658125583467361
3022076,7.008260538401788
3022077,3358.991569621026
3022078,0.14690239171121602
3022079,685.5557992771191
3022080,9.439338147149181
3022081,1372.1206676128097
3022082,812.4217663225472
3022083,341.11843752852445
3022084,153.26672662227756
3022085,165.84438709101732
3022086,4505.340056330468
3022087,21.94511759739043
3022088,1.6958839105019605
3022089,32.64720992008368
3022090,34.748059337609305
3022091,0.28559991781358823
3022092,311.22617845374833
3022093,8.412677526997696
3022094,6.417460864046969
3022095,8.55557991836797
3022096,113.92651184738936
3022097,5.914825795713655
3022098,382.1391053157416
3022099,363.2794795573949
3022100,8.168198896655086
3022101,11.491529134134522
3022102,291.32947673850765
3022103,74.2234392812979
3022104,2708.228236981757
3022105,4.950771165808666
3022106,4.832567510896122
3022107,9.584185570992638
3022108,0.0
3022109,3.04307925885582
3022110,4982.2162297275
3022111,0.0
3022112,378.90068186552526
3022113,2.7962920878342996
3022114,1875.0495215072694
3022115,355.8455307147515
3022116,324.1850545478797
3022117,102.44020995074098
3022118,42.356622248619665
3022119,4682.400566611848
3022120,8.054576889106821
3022121,1.02673436705747
3022122,34.79564887184359
3022123,20.24341035371112
3022124,0.22224032436712604
3022125,371.0317023165938
3022126,0.0
3022127,0.0
3022128,5.64306550448917
3022129,25.256013297807545
3022130,1.5954841240310347
3022131,66.06766205893534
3022132,304.4931462901367
3022133,0.03446286578475094
3022134,2.9010471725651534
3022135,82.50464432823861
3022136,122.94922218200753
3022137,833.6415120702112
3022138,5.279366541548169
3022139,3.8218523195954415
3022140,9.676561911365207
3022141,0.0834785761653401
3022142,11.932814676591136
3022143,5992.284229258386
3022144,0.0
3022145,771.1133512096811
3022146,14.98987124733316
3022147,1850.8534536671648
3022148,1589.74394836124
3022149,523.1148914306675
3022150,295.38949115093686
3022151,209.56376187220914
3022152,7176.300866820209
3022153,62.56941952668258
3022154,2.199621150508503
3022155,33.23289421576766
3022156,58.52257786419482
3022157,0.319523075544824
3022158,536.3141833479833
3022159,49.28744043461252
3022160,15.978734689064439
3022161,10.414902558460009
3022162,105.00047837097911
3022163,10.169631187102695
3022164,620.7592899990733
3022165,530.3558900136791
3022166,16.81882110577117
3022167,22.36893685231896
3022168,828.6705520496034
3022169,131.52036280704095
3022170,3651.7723740690667
3022171,0.0
3022172,58.50157045473707
3022173,6.261347924976845
3022174,0.17609293064196616
3022175,4.738747819117569
3022176,4202.373499845594
3022177,0.15814014320287217
3022178,680.9519157153891
3022179,16.55213387704906
3022180,901.5590433382666
3022181,1268.129894452038
3022182,180.4819206439352
3022183,280.32748241636546
3022184,231.95824475298974
3022185,3672.68426825619
3022186,44.080725685378965
3022187,3.0855247635656147
3022188,28.672896320921783
3022189,26.111858409245205
3022190,0.6683752459105362
3022191,239.02358834310485
3022192,22.977445348955495
3022193,40.02806295492261
3022194,8.099680348820034
3022195,178.54949405943285
3022196,11.193822461023633
3022197,416.66029367844413
3022198,248.78704679271854
3022199,10.007464544486622
3022200,14.267408504121704
3022201,578.521218224733
3022202,131.3433961980621
3022203,4562.823686349593
3022204,0.27153037357335025
3022205,36.25528117256475
3022206,6.091469908698532
3022207,0.6502211276954906
3022208,14.024880913288078
3022209,6530.462822080775
3022210,0.0
3022211,992.0184023091415
3022212,17.23348952307329
3022213,1523.067029375716
3022214,1901.0193068574436
3022215,396.79134786073723
3022216,480.47492883515525
3022217,183.4145635947863
3022218,6322.053646048633
3022219,49.47175575995756
3022220,4.9600500915209755
3022221,39.389058139167055
3022222,52.49997101015899
3022223,1.263811554289633
3022224,506.50905408552194
3022225,42.33512141339589
3022226,37.83681752807886
3022227,19.9958660097393
3022228,118.9846394958763
3022229,20.563054046328357
3022230,472.8516423800691
3022231,487.34323513384317
3022232,31.831412941525944
3022233,25.780766310505424
3022234,763.4010935904732
3022235,190.66918334156136
3022236,5810.512064083835
3022237,0.9720242460822772
3022238,50.67432406222549
3022239,17.57586189868923
3022240,0.6829843942975379
3022241,11.399842542666047
3022242,5430.182628988208
3022243,0.0
3022244,770.8946764385136
3022245,13.028196962606868
3022246,2274.9771712482084
3022247,1270.233409560982
3022248,736.5779167652396
3022249,266.18885895964814
3022250,124.57234290824898
3022251,10223.824708031787
3022252,20.784756590121628
3022253,2.5926310466739766
3022254,54.11398508004718
3022255,61.59906627265283
3022256,0.22394236985660704
3022257,614.0727862039837
3022258,27.879186783146544
3022259,5.0770580997685855
3022260,9.015525774008719
3022261,55.658358854526846
3022262,4.178824249268388
3022263,433.19941464227355
3022264,633.088249485803
3022265,11.251465574208607
3022266,14.322101178261487
3022267,611.9026998605897
3022268,145.81469600217278
3022269,2100.472413968105
3022270,42.59153953760423
3022271,25.22264693251104
3022272,5.244468079797269
3022273,0.0
3022274,3.627956238564366
3022275,2269.2719596902175
3022276,0.0
3022277,366.8861147169836
3022278,14.194434925494267
3022279,661.2544936356245
3022280,710.5566622358984
3022281,148.34860266913904
3022282,154.06068170825029
3022283,132.1350293159265
3022284,2629.585051551629
3022285,21.96141871037448
3022286,1.770290329735413
3022287,19.450204806022693
3022288,25.861914062000015
3022289,0.9397963057007174
3022290,192.19746476891947
3022291,16.131590041713594
3022292,18.083062306809058
3022293,9.740823193547046
3022294,63.08717576217788
3022295,5.4330315482976355
3022296,274.9508344778776
3022297,162.94711985074295
3022298,5.833858176242968
3022299,9.431622502280513
3022300,333.38885432674925
3022301,47.29401708322995
3022302,2490.7914941591857
3022303,0.004022321111156595
3022304,20.08892621410931
3022305,1.4847214042438637
3022306,0.0
3022307,2.975422563107185
3022308,1250.4167983850907
3022309,0.0
3022310,107.53117478981036
3022311,2.5656012686249987
3022312,877.5651591580548
3022313,312.5078312184615
3022314,255.3477942901371
3022315,66.29891660660495
3022316,33.09563979070484
3022317,2681.0543674411624
3022318,5.394260034195471
3022319,0.5473316647116249
3022320,9.758192573224342
3022321,8.679691669635094
3022322,0.12956316918927452
3022323,168.6023891617762
3022324,0.03590039793106734
3022325,0.0
3022326,0.7616358679112096
3022327,9.738940761584336
3022328,0.5002567300591054
3022329,154.13315464303403
3022330,174.36645757111876
3022331,0.775775374913556
3022332,3.1447971968378217
3022333,131.4435379277671
3022334,21.48382401913894
3022335,249.56842180616516
3022336,0.38143022481538413
3022337,0.7982488565944998
3022338,7.910352674831938
3022339,0.4594470435347466
3022340,3.6761835932123974
3022341,4421.065846797166
3022342,0.0
3022343,633.4147599501746
3022344,8.329688713522483
3022345,1814.5040289924925
3022346,659.6542388549833
3022347,502.29621885784195
3022348,319.8399088144026
3022349,74.86619869571192
3022350,7552.07040719123
3022351,31.19963093566802
3022352,1.0155518726337216
3022353,2.4829049122186686
3022354,17.40184378579562
3022355,0.21496382947489043
3022356,499.91574135971325
3022357,12.869987365253339
3022358,0.7296970301643171
3022359,7.891245831135689
3022360,30.48737951006844
3022361,1.9821327115473035
3022362,665.459371514245
3022363,384.12288786077414
3022364,2.9309460400680467
3022365,11.65916222716645
3022366,220.21769016642088
3022367,95.60085745469421
3022368,1286.263241211934
3022369,7.270236934158205
3022370,9.901075746573065
3022371,5.811489401733423
3022372,0.0
3022373,1.595269353634647
3022374,1782.3400862249903
3022375,0.0
3022376,198.02941825846096
3022377,5.2783915178345335
3022378,1184.197448361243
3022379,466.5175037713543
3022380,249.60168087787832
3022381,95.52230805603321
3022382,32.01992648928097
3022383,3420.3798993174632
3022384,8.558872745840155
3022385,0.683824206901514
3022386,13.992081172656993
3022387,16.929199462296147
3022388,0.5574340208539903
3022389,207.72452986256843
3022390,9.78977997674515
3022391,0.0
3022392,6.400338814018406
3022393,25.174157074640537
3022394,1.6204871163367465
3022395,145.70182705628767
3022396,194.48742233953993
3022397,1.9936733014537475
3022398,5.800390736373291
3022399,155.09619576774656
3022400,31.37870138057662
3022401,343.9166005770893
3022402,0.781431260496264
3022403,4.537024711722373
3022404,5.579774390316601
3022405,0.0
3022406,5.378761098536837
3022407,1795.1164532511282
3022408,0.0
3022409,141.92760246423845
3022410,4.787242685874835
3022411,980.3018058103229
3022412,297.58785305709046
3022413,171.90272583900241
3022414,76.54830858224634
3022415,34.02161414157413
3022416,3145.4902753229
3022417,12.522337301699174
3022418,0.08220612650466469
3022419,9.981762793551022
3022420,9.934901392361052
3022421,0.20775923699176868
3022422,162.85093493190774
3022423,2.0661831481991553
3022424,0.0
3022425,4.00051390691929
3022426,32.80772197469277
3022427,0.7676379293335296
3022428,190.10866285748682
3022429,197.0863107111915
3022430,0.4377509780465741
3022431,5.399379764058066
3022432,70.13304497469149
3022433,17.078134559346687
3022434,170.32943720613378
3022435,1.2599122269428167
3022436,2.676997446199263
3022437,3.531561085892241
3022438,0.0
3022439,2.9227567039634947
3022440,1572.6081214548128
3022441,0.0
3022442,180.36190676017225
3022443,6.7638727551745745
3022444,1619.152679747619
3022445,434.0756267475629
3022446,246.24621048459036
3022447,42.10507768689763
3022448,38.937575809545685
3022449,3401.611658750819
3022450,12.337686306218338
3022451,0.6378865131560862
3022452,6.5706058674595385
3022453,26.448631639500036
3022454,0.249104102027626
3022455,254.67923813129985
3022456,2.300982374833732
3022457,0.0
3022458,3.77403415247839
3022459,12.110637962868482
3022460,1.6653710858298139
3022461,292.2684130291023
3022462,267.2340046485881
3022463,1.5807913030333014
3022464,4.919272300862675
3022465,77.17390710546537
3022466,104.32056465127847
3022467,393.98180178416396
3022468,0.8066336009125888
3022469,3.2657940217592336
3022470,4.290539034013077
3022471,0.9254920929757208
3022472,5.1204850014760535
3022473,1891.7508645028888
3022474,0.0
3022475,165.5707867816654
3022476,1.868618046847302
3022477,1088.054148644483
3022478,410.59264762006745
3022479,320.70813438871704
3022480,147.22799989182622
3022481,68.55901605835771
3022482,3153.351148427446
3022483,9.004670630182249
3022484,0.9047153188156403
3022485,16.884177194839072
3022486,16.691846256379392
3022487,0.2438433380787625
3022488,266.1176088786035
3022489,10.09030219469894
3022490,0.0
3022491,5.660478416010088
3022492,17.496001823293025
3022493,1.9951705844582164
3022494,141.59783185317832
3022495,213.76989876095615
3022496,0.566039336410084
3022497,6.440810833492038
3022498,99.53302179161616
3022499,41.89261413073731
3022500,652.384187067771
3022501,0.7852316977971457
3022502,4.731182170387856
3022503,3.950357329735491
3022504,0.12253031744797795
3022505,2.4599582029731355
3022506,1341.391431714938
3022507,0.0
3022508,159.02273118409468
3022509,4.6919176256184665
3022510,1561.1938935209844
3022511,263.70251723571937
3022512,167.77013480727584
3022513,345.0503716727273
3022514,23.791841134490056
3022515,2420.84200141139
3022516,6.1656267090309385
3022517,0.31284685502728504
3022518,10.03750764355007
3022519,12.426736320742256
3022520,0.3369328248941271
3022521,175.05640337347063
3022522,0.0
3022523,0.0
3022524,1.978375907841899
3022525,29.621190889235617
3022526,0.7428103059920689
3022527,58.98845081134633
3022528,146.24133957816136
3022529,1.337717087108222
3022530,3.079855029399973
3022531,64.93259398221649
3022532,35.318063553233046
3022533,530.8844507800296
3022534,9.355454659803593
3022535,0.7661538369143448
3022536,7.451599943773134
3022537,0.49940264806605256
3022538,3.4060402788137534
3022539,3296.530500522099
3022540,0.0
3022541,327.8623658566556
3022542,3.6684793467921577
3022543,1208.1010442980921
3022544,753.4110901084816
3022545,556.2457136319554
3022546,385.9974358958398
3022547,102.17962686056167
3022548,5149.222304241935
3022549,18.1212395686665
3022550,1.6054971755321483
3022551,19.347786502784146
3022552,11.846716986319025
3022553,0.28294368795991487
3022554,321.1334813458922
3022555,1.7393549509366188
3022556,0.0
3022557,3.65377244255039
3022558,25.71741523571408
3022559,2.566893484959938
3022560,283.301328819443
3022561,300.16834601830897
3022562,1.6295773677408696
3022563,7.367414950388307
3022564,374.7689430689221
3022565,46.09560942409159
3022566,1285.572323873564
3022567,2.4719173789171296
3022568,14.697728455077893
3022569,3.2871211286911457
3022570,0.32993200891551155
3022571,4.602329031361605
3022572,2013.3346374667506
3022573,0.0
3022574,569.8082704002452
3022575,8.006250691045334
3022576,557.0663873637002
3022577,616.8796330605352
3022578,229.70605676005627
3022579,273.6676288162129
3022580,50.34408902553185
3022581,2994.1925288186308
3022582,12.163644776956865
3022583,1.2970961226635658
3022584,30.123489763723793
3022585,13.240693192699917
3022586,0.4283510626763719
3022587,187.8386253973641
3022588,10.238342874263788
3022589,3.119767098647454
3022590,4.735495573664461
3022591,43.76081798031459
3022592,1.3958357220305917
3022593,95.63589738769628
3022594,156.1393897875081
3022595,5.5755925670814035
3022596,5.637648430986137
3022597,185.19170555290134
3022598,51.25529700996438
3022599,1530.897587260033
3022600,16.01147285175074
3022601,11.774264186810612
3022602,6.835303000736592
3022603,0.5289179708847204
3022604,3.9781309552328104
3022605,2518.9139054072843
3022606,0.0
3022607,184.50456956372705
3022608,5.729244227864453
3022609,991.491164841154
3022610,398.1174814985282
3022611,296.8452881570522
3022612,93.47094216930891
3022613,54.78287601490921
3022614,3650.1247584463495
3022615,36.65579664915532
3022616,0.8983123060201338
3022617,11.284067107309117
3022618,18.763471985659457
3022619,0.2819543033823258
3022620,194.91628103207344
3022621,7.462828934202574
3022622,0.0
3022623,4.814630418641342
3022624,28.897051979121457
3022625,2.577646398550123
3022626,142.85690621369432
3022627,194.35399599022048
3022628,1.2135115168801192
3022629,4.960754639235553
3022630,101.34774652715204
3022631,31.002766597929096
3022632,447.6804382162032
3022633,0.8205619066805134
3022634,3.4697710690879373
3022635,5.530472447148194
3022636,0.2816461233495515
3022637,6.119848071864908
3022638,2785.24137580123
3022639,0.0
3022640,608.4388271732034
3022641,9.213197663699404
3022642,930.5557200041344
3022643,763.2870261830599
3022644,212.51612454373932
3022645,165.72925188648452
3022646,88.07739120895504
3022647,3766.7015631382974
3022648,42.2711926950139
3022649,1.4609704695235195
3022650,9.053019774429183
3022651,24.01793604021122
3022652,0.2582493239219663
3022653,257.82068291769804
3022654,20.5844892862866
3022655,9.478178680755677
3022656,6.3501156708455575
3022657,49.65622109012831
3022658,5.674745113504026
3022659,354.51353538981834
3022660,246.29174354779695
3022661,8.460704726596186
3022662,8.64735299136498
3022663,434.63260594579475
3022664,86.72251177886106
3022665,2102.172101660461
3022666,0.0
3022667,29.422290239576093
3022668,7.67538304851517
3022669,0.21733411418889215
3022670,4.814171138185632
3022671,3262.28768121849
3022672,0.0
3022673,445.27918161730014
3022674,7.220514421395323
3022675,1698.4607807127745
3022676,709.6828858010214
3022677,602.9341557142603
3022678,155.97431539432137
3022679,63.172771843654225
3022680,5581.833061722567
3022681,14.578060222049842
3022682,0.6597462319845315
3022683,15.819149220660261
3022684,17.095690272931204
3022685,0.018227518372309653
3022686,346.4582618023465
3022687,1.5802957739609902
3022688,3.555528338834674
3022689,4.344790156975022
3022690,35.99019629251642
3022691,0.7728794179279167
3022692,276.17797515962155
3022693,330.2174910912648
3022694,4.681914858944755
3022695,3.2819058522686695
3022696,282.67339813273253
3022697,40.5800669737928
3022698,813.8662573058991
3022699,13.368528992070335
3022700,13.763003273372224
3022701,9.560912771188804
3022702,0.7205915396766823
3022703,4.43909361138525
3022704,3204.4438268476542
3022705,0.0
3022706,458.0517226057818
3022707,4.60378636979906
3022708,1774.3919488815661
3022709,609.7436826701363
3022710,328.7723569665583
3022711,524.4659997277595
3022712,79.12377536356298
3022713,4471.004344394152
3022714,13.568703230290271
3022715,0.8893591071851561
3022716,37.72103174177946
3022717,41.524465132733425
3022718,0.43302367433998024
3022719,342.77223053993066
3022720,4.404644709384918
3022721,1.722883231895802
3022722,13.386295683758565
3022723,47.30310559662319
3022724,1.4295315450915442
3022725,106.55109809782483
3022726,285.7631565508316
3022727,2.4621120191050645
3022728,3.246349821186953
3022729,153.76346911508236
3022730,148.6903270018138
3022731,1240.7962117783832
3022732,10.246432000214924
3022733,7.260509424034078
3022734,4.618319785347142
3022735,0.19052642805870992
3022736,3.1798487549897887
3022737,1778.7795188536718
3022738,0.0
3022739,163.15408783455447
3022740,7.821133906240639
3022741,778.1757607435766
3022742,361.4140948610388
3022743,157.45836517554946
3022744,76.00455717368082
3022745,47.31131023937845
3022746,2826.07200849065
3022747,9.088554311071961
3022748,0.5002524443025351
3022749,15.198089453480836
3022750,18.91075479999511
3022751,0.23531301978823962
3022752,196.97119663650668
3022753,3.000638024281316
3022754,0.0
3022755,5.9520087205497765
3022756,53.762824276278025
3022757,2.0549647476928348
3022758,106.97244577794851
3022759,186.32959837710513
3022760,1.204597310807179
3022761,5.431177911522399
3022762,132.56705655613266
3022763,45.66994402526302
3022764,526.8943299351074
3022765,0.5982159661028924
3022766,2.8200492999211644
3022767,1.3363472212134964
3022768,0.0
3022769,0.7797970035942532
3022770,1429.4001356948595
3022771,0.0
3022772,274.91352602785867
3022773,13.515757358334286
3022774,570.6898307669359
3022775,508.49820819642304
3022776,129.4086592070108
3022777,54.58500700813376
3022778,51.66970274927474
3022779,2235.709190372023
3022780,30.13304711112245
3022781,0.5990704490856769
3022782,10.528982869477026
3022783,16.52908328884384
3022784,0.3726968757150189
3022785,132.19243671339433
3022786,12.222480456346766
3022787,1.5252096256000542
3022788,3.3446967993190486
3022789,30.26434770689656
3022790,4.824849822702763
3022791,387.01963152379534
3022792,149.97042706289463
3022793,4.805930565076863
3022794,5.707409092087788
3022795,305.2253152545489
3022796,25.489279265315915
3022797,1215.1475100338482
3022798,0.0
3022799,6.141796537125534
3022800,3.6347854893499125
3022801,0.0
3022802,4.194308625633793
3022803,3458.78874862306
3022804,0.023548181644173313
3022805,726.0884211441816
3022806,17.656998181154517
3022807,1131.443922051634
3022808,1262.5183913782173
3022809,272.69746015096797
3022810,238.4397024880851
3022811,136.30556292040643
3022812,4086.0066402726948
3022813,35.469599970045735
3022814,1.0335974825024992
3022815,14.61068478475815
3022816,34.98919503884053
3022817,0.2232011792784086
3022818,263.15531318628115
3022819,10.926645904373306
3022820,30.152407590568338
3022821,11.647166708374646
3022822,55.85285863539135
3022823,11.048172945992158
3022824,370.02379621987353
3022825,265.38888114766604
3022826,18.071249679024334
3022827,9.53440010034235
3022828,517.2325704522407
3022829,95.98027872460027
3022830,3344.183873432702
3022831,1.7669042146974019
3022832,22.68869102452063
3022833,1.4224117212642862
3022834,0.1549167640587615
3022835,2.445189876814695
3022836,1471.359830890126
3022837,0.0
3022838,297.0049921981946
3022839,3.560052935155969
3022840,387.8428816056949
3022841,468.0366574991128
3022842,124.64659960700331
3022843,100.0481803866963
3022844,39.24996605178168
3022845,1539.906036410387
3022846,17.953271834774416
3022847,0.6045123223062694
3022848,10.185962933176587
3022849,11.583758626731978
3022850,0.1628040369886116
3022851,84.39052344568165
3022852,0.0
3022853,11.370768166129952
3022854,2.1515466278616637
3022855,137.18302120913478
3022856,5.010904453447225
3022857,179.170856619494
3022858,79.40785564717785
3022859,3.7354827337263083
3022860,4.169490887633271
3022861,147.62055236140418
3022862,28.304076278427456
3022863,1248.8677183447314
3022864,2.1804260634148074
3022865,2.272651810216511
3022866,4.702502443277495
3022867,0.0
3022868,0.147621409946034
3022869,714.4411122330064
3022870,0.04214991177244813
3022871,214.0553302547394
3022872,3.926545159471052
3022873,465.5530656891296
3022874,257.56472721780443
3022875,87.91238792529347
3022876,38.957088425194755
3022877,16.155476617999863
3022878,1525.4792734061484
3022879,15.424193404619901
3022880,0.554294643945659
3022881,8.938824743378547
3022882,9.607695261401272
3022883,0.4008595496494789
3022884,92.02543297862904
3022885,0.23826608980314276
3022886,3.9305074445332298
3022887,0.45076288198671005
3022888,10.981321618739301
3022889,0.34517019662955084
3022890,272.22143613751854
3022891,140.24066156989366
3022892,2.8079166130598336
3022893,1.115519842731018
3022894,141.30142824758775
3022895,22.829120848391288
3022896,435.2136469555407
3022897,1.6336199977659058
3022898,1.1769778551477283
3022899,4.608630454401988
3022900,0.2063981734230077
3022901,2.128829553452934
3022902,3316.1269561067274
3022903,0.04400647649483269
3022904,641.8221887549603
3022905,11.982067102118075
3022906,912.7720473726715
3022907,1028.2568945240528
3022908,291.06426150028574
3022909,262.4229601608754
3022910,97.08487488495436
3022911,3955.8770388045464
3022912,24.620748021266735
3022913,1.9073738571456147
3022914,15.67611569458935
3022915,22.759381852043024
3022916,0.3958808401451047
3022917,254.89828069155772
3022918,6.4774658045843125
3022919,23.498602929550913
3022920,6.222119504518526
3022921,79.01540663778707
3022922,3.197561343862486
3022923,283.1932871633565
3022924,230.41489634038402
3022925,11.509097105592634
3022926,8.23422385015357
3022927,387.09702426445784
3022928,71.07866756087132
3022929,2684.1310800447045
3022930,3.4015587105268574
3022931,14.415011764883104
3022932,7.517630255442584
3022933,0.0
3022934,3.907652942178167
3022935,3327.647764555745
3022936,0.0
3022937,648.0326244932544
3022938,12.387833548123579
3022939,1224.100520712897
3022940,906.8449950034457
3022941,366.8003118827168
3022942,395.06676762941777
3022943,43.477533681333576
3022944,4800.017968419039
3022945,14.11272020581057
3022946,0.802884483183026
3022947,28.625797359266407
3022948,16.29767660866091
3022949,0.9718404155798751
3022950,285.9756258904233
3022951,0.0
3022952,5.348746585762232
3022953,5.388996536469306
3022954,27.230784525855533
3022955,0.8338471078982824
3022956,169.19766240484802
3022957,354.55803487361055
3022958,5.932074907453489
3022959,4.059540937335364
3022960,209.58268342346503
3022961,88.81858285598517
3022962,1321.4499830327745
3022963,15.16555730071584
3022964,1.4180809045417515
3022965,4.833569308406812
3022966,0.2580797303139281
3022967,2.8705388093349224
3022968,2904.7731424562403
3022969,0.0
3022970,640.8717422783445
3022971,9.221592814591341
3022972,954.0438593716632
3022973,721.6791665851072
3022974,283.6873616524535
3022975,405.93286074830905
3022976,51.63470574422951
3022977,3921.0774122916546
3022978,16.537927853836422
3022979,1.1577270318375112
3022980,25.323678213145104
3022981,13.644736415192913
3022982,0.0471293506680449
3022983,255.1237901966372
3022984,0.0
3022985,5.085879854278452
3022986,6.279663076160088
3022987,29.634885948934254
3022988,1.726793255675545
3022989,121.99642150301705
3022990,269.1274084177099
3022991,4.378400013555417
3022992,2.5325887208390427
3022993,194.88935168373348
3022994,56.93016364178351
3022995,975.1723839745204
3022996,12.817297165073832
3022997,5.002204363599421
3022998,8.99630347577649
3022999,1.32303282849619
3023000,12.123860381584993
3023001,7713.658780453677
3023002,0.0
3023003,1110.1282975514632
3023004,30.238288350986306
3023005,1941.884837452238
3023006,1929.2598332204007
3023007,346.5403138795617
3023008,479.4314698159192
3023009,293.8195439908023
3023010,7308.155386927684
3023011,95.33318424480682
3023012,3.530206411317253
3023013,39.27664919177432
3023014,52.66062846760212
3023015,1.0545005834014307
3023016,499.3889866830722
3023017,27.458711845145814
3023018,40.756422201614
3023019,21.175964672468986
3023020,149.97174255201062
3023021,20.96295430487642
3023022,605.4627746246815
3023023,456.60864725855345
3023024,16.265184454178275
3023025,19.23275606633661
3023026,1028.7610199791152
3023027,155.1665359269115
3023028,7116.308376590173
3023029,1.352751550445737
3023030,68.01941858077033
3023031,3.000637517940613
3023032,0.5952323989699942
3023033,1.3063537313748461
3023034,1463.5352475109157
3023035,0.0
3023036,154.12268537846347
3023037,2.809816891087729
3023038,1293.63955759755
3023039,272.7275107424532
3023040,114.06983040215086
3023041,223.1738079289015
3023042,36.97860284244293
3023043,2158.22913602738
3023044,6.932201543928234
3023045,0.23074836254723274
3023046,8.086622885208532
3023047,7.144382734360207
3023048,0.33461120594749744
3023049,149.84096313781072
3023050,0.0
3023051,0.0
3023052,3.2886565278304016
3023053,44.63807228059107
3023054,0.6139503489635568
3023055,53.80467909690514
3023056,99.21132123950466
3023057,2.0916140640010457
3023058,4.700079640896824
3023059,103.69954110178526
3023060,16.275233865258013
3023061,483.08014599300856
3023062,6.591555683328493
3023063,4.067763346262634
3023064,8.02841201381459
3023065,0.27938653865844515
3023066,3.6599270768853174
3023067,3461.16413050641
3023068,0.0
3023069,542.7288266160754
3023070,7.654229262026282
3023071,1329.0610309029516
3023072,684.8555092189949
3023073,259.57697060873295
3023074,465.86771338783365
3023075,65.4380447681408
3023076,4607.598805331842
3023077,17.04489681617597
3023078,0.491492211500143
3023079,19.41935384653244
3023080,15.664794306531693
3023081,0.06860155804386628
3023082,309.80257501135026
3023083,1.9363163280288909
3023084,4.956191895320277
3023085,8.815021568808588
3023086,8.943301215025656
3023087,1.447078133208081
3023088,344.78148554301566
3023089,322.6521441639136
3023090,4.5095729144689205
3023091,7.355227160485352
3023092,125.40169698231092
3023093,62.42351652943781
3023094,1174.9704887909134
3023095,17.32910615098269
3023096,7.1269202104282465
3023097,1.0696187742901746
3023098,0.0
3023099,0.7155725868754614
3023100,945.4423174423965
3023101,0.0
3023102,126.74193625338998
3023103,1.629533028918534
3023104,783.306821224825
3023105,173.89393862545464
3023106,90.09827385689044
3023107,480.65841533105123
3023108,11.686273790284075
3023109,1416.8420346321873
3023110,3.3466562694528843
3023111,0.15267184096055844
3023112,5.745822096969807
3023113,3.0813261427356107
3023114,0.0018016985741310721
3023115,102.13041445914602
3023116,0.0
3023117,0.0
3023118,0.8266225462275202
3023119,0.0
3023120,0.407440460471416
3023121,71.3069255382332
3023122,74.69400786813391
3023123,0.8727635554565656
3023124,2.1123528283142097
3023125,51.77232799527718
3023126,10.180705577584218
3023127,173.26945184797222
3023128,6.614054497348611
3023129,1.4187875875066878
3023130,8.239246058667286
3023131,0.0
3023132,3.6630379879304393
3023133,2052.7589824932716
3023134,0.0
3023135,252.77848976962622
3023136,10.210361098646803
3023137,1076.8087094502623
3023138,436.9723973338474
3023139,190.34171771274697
3023140,353.1636669395035
3023141,36.31990564675841
3023142,3186.7031343413532
3023143,4.114529566166067
3023144,1.1070062080520586
3023145,19.976616863502112
3023146,14.088839652997994
3023147,0.32232326758949476
3023148,247.3416026127892
3023149,0.0
3023150,0.0
3023151,13.741830282842015
3023152,0.0
3023153,1.4640212090573488
3023154,256.66249384796953
3023155,229.11962685548667
3023156,2.0148412380955625
3023157,4.674339384359905
3023158,164.42349979121863
3023159,27.89166456153988
3023160,1230.7175353571101
3023161,5.6002456386468085
3023162,1.0223371740170915
3023163,3.5065416107562544
3023164,0.5278161278393819
3023165,1.560577673101415
3023166,2485.721952426411
3023167,0.0
3023168,673.1674476306176
3023169,4.384175116299861
3023170,941.20618923236
3023171,683.4510611244567
3023172,250.65454775549463
3023173,206.95057140947085
3023174,65.18008047629452
3023175,4102.458530485448
3023176,5.970769324408926
3023177,4.454018949003689
3023178,7.717355272332568
3023179,42.90317508342385
3023180,0.37781153327081357
3023181,214.93104468036242
3023182,3.0248118555326906
3023183,4.53728723863451
3023184,6.738044044336472
3023185,18.87400616749228
3023186,1.8583766405147093
3023187,181.15349650941326
3023188,258.7506526131835
3023189,5.345487871386146
3023190,5.907151465275539
3023191,151.84543655478853
3023192,36.36053755898635
3023193,659.405917768555
3023194,19.34791338171324
3023195,4.043498550224799
3023196,4.474302271378516
3023197,0.005115815473270161
3023198,0.4130843681503651
3023199,1555.651485829473
3023200,0.0
3023201,101.65395167015188
3023202,2.377554596817053
3023203,552.8938716884982
3023204,211.31196088770594
3023205,102.41975741795466
3023206,328.148947292738
3023207,21.45720024309705
3023208,2083.624942674832
3023209,7.491978343165654
3023210,0.15356773372493948
3023211,16.010547106964832
3023212,9.92751118562783
3023213,0.1388379721616139
3023214,116.77032683835179
3023215,0.0
3023216,0.0
3023217,0.8361275264685656
3023218,40.716432541824744
3023219,0.7569628690897008
3023220,230.02323934046484
3023221,110.89733305786795
3023222,0.9821660955390848
3023223,1.1047839283681322
3023224,42.963327918616606
3023225,18.58928211914936
3023226,355.3325884979124
3023227,3.753441319512883
3023228,1.0066373705222122
3023229,5.414899446401343
3023230,0.021482571332631647
3023231,2.007927694472718
3023232,3363.2260332508063
3023233,0.0
3023234,461.6740639418366
3023235,10.741770616367914
3023236,932.2337055970257
3023237,594.8402309613422
3023238,222.72543158818422
3023239,198.21664740083062
3023240,43.77695590638924
3023241,3985.6379354575706
3023242,7.795574323088102
3023243,0.5502154920426747
3023244,19.56359549001369
3023245,5.711603999328133
3023246,0.3337753278417639
3023247,217.6071017598315
3023248,0.0
3023249,20.770969332265626
3023250,3.126366520748669
3023251,19.540309848700822
3023252,0.18179368193668016
3023253,199.1145989532834
3023254,241.05672252370854
3023255,2.575263420326995
3023256,4.087578186730996
3023257,117.65629038075684
3023258,40.212319923033974
3023259,1070.453748781734
3023260,33.098888110970215
3023261,0.5957205125187447
3023262,3.516057347816875
3023263,0.0
3023264,5.242932624774483
3023265,2835.0069682851235
3023266,0.0
3023267,549.1093322348949
3023268,5.500477823128475
3023269,1021.6822590973591
3023270,899.1845794818307
3023271,158.45566402145974
3023272,144.1888042110185
3023273,111.72301718133397
3023274,3683.6035572501455
3023275,60.08626215733316
3023276,1.6081808413724448
3023277,15.467604775856332
3023278,27.450867070315788
3023279,0.47149534546150196
3023280,243.04509275272835
3023281,20.295982225032
3023282,20.95186632616136
3023283,2.0454117936128515
3023284,76.67355679841545
3023285,8.297258036741548
3023286,199.11172768648572
3023287,237.57712795664756
3023288,13.141474593753044
3023289,15.298709001006031
3023290,264.9213931066253
3023291,54.52924541894454
3023292,2384.4516601628534
3023293,0.1269259120485459
3023294,10.67975736595692
3023295,6.943373691128186
3023296,0.01333276860246936
3023297,5.157159122937849
3023298,2173.4581540247223
3023299,0.0
3023300,422.5515919594473
3023301,8.55223319504125
3023302,1125.2471466509612
3023303,742.9728137139066
3023304,151.29417604451956
3023305,91.16385455673161
3023306,88.48111162302246
3023307,3466.7331347044833
3023308,25.574998638174662
3023309,1.462435953574716
3023310,26.150323853770228
3023311,102.90841627934539
3023312,0.1388816545336702
3023313,321.265319015322
3023314,16.30289665994536
3023315,9.099447552796118
3023316,9.13092900185131
3023317,85.58569780822533
3023318,7.515475497463327
3023319,172.39154116074803
3023320,351.5839455196496
3023321,6.812567410709344
3023322,9.144910651023906
3023323,113.89067151795066
3023324,47.319531657254416
3023325,1740.6803701747622
3023326,0.1498022900292585
3023327,12.94745876279506
3023328,9.558026557721233
3023329,0.11846513293087114
3023330,1.868802118495915
3023331,3502.668455696514
3023332,0.0
3023333,701.1299135952439
3023334,6.184702999531685
3023335,2050.9921805420854
3023336,642.6953163809841
3023337,221.66182145663817
3023338,1692.6721983378284
3023339,50.579346067198784
3023340,5747.481080283127
3023341,43.8756428394161
3023342,1.5792790233280223
3023343,24.68882032676249
3023344,17.9517499500396
3023345,0.3343633546260998
3023346,351.6826018162793
3023347,4.0622182924102015
3023348,15.258908045235719
3023349,7.114886908805612
3023350,49.407130314861305
3023351,2.7335802606058315
3023352,89.58126991033309
3023353,302.0880064224259
3023354,7.490528591942361
3023355,8.287687120252626
3023356,212.24923515448867
3023357,45.673595456477784
3023358,1555.9814302555626
3023359,3.453703019269607
3023360,17.126669583285636
3023361,2.2405265427019074
3023362,0.20263400724294353
3023363,3.5958875797435437
3023364,2240.5762864143835
3023365,0.0
3023366,370.3873466655884
3023367,6.259124181710933
3023368,777.4329241756246
3023369,661.207680672443
3023370,177.25970246084438
3023371,140.44788853327762
3023372,69.20135088900831
3023373,3113.500817230553
3023374,23.481699426964262
3023375,1.0041368086200866
3023376,8.211884931131927
3023377,14.29092614742176
3023378,0.5559519257717637
3023379,221.3343299364453
3023380,14.433443373985805
3023381,15.76627482762089
3023382,2.577390705693251
3023383,46.93291914354553
3023384,5.095741996932351
3023385,354.28074955193193
3023386,179.84260044935272
3023387,6.954310221520852
3023388,7.998556487859709
3023389,311.5415486770837
3023390,17.254687810637122
3023391,1841.0159674747217
3023392,0.0
3023393,19.06966504223157
3023394,3.260576417298695
3023395,0.017620581792001728
3023396,2.745914689370942
3023397,4798.280476801029
3023398,0.0
3023399,437.2365142336337
3023400,5.155277002276502
3023401,1945.675194926216
3023402,728.4301885685175
3023403,336.50759470864836
3023404,269.1722386962939
3023405,71.6820330239028
3023406,6210.943723518028
3023407,10.215153044452354
3023408,2.4869667933094703
3023409,25.94935711053954
3023410,30.06384152284316
3023411,0.41121128387367206
3023412,486.6107975792999
3023413,0.0
3023414,0.13284201547622906
3023415,9.665325426272293
3023416,11.824573562764366
3023417,1.6771987864872213
3023418,143.01722799371248
3023419,336.8243670878565
3023420,3.2884864987056104
3023421,10.743196156859664
3023422,189.26727514145762
3023423,63.60061096153479
3023424,1296.3394800774993
3023425,14.88833780204889
3023426,8.656741932363383
3023427,7.274924554510328
3023428,0.07214294361444513
3023429,7.770497944315825
3023430,2862.136916044509
3023431,0.0
3023432,506.59453532330843
3023433,9.375702478847995
3023434,1351.485732916606
3023435,791.1901404631002
3023436,248.01147494702224
3023437,159.9470787643159
3023438,101.15646420068316
3023439,3933.2722414136742
3023440,40.8658200984636
3023441,1.3862843289464428
3023442,20.430123526127076
3023443,34.02818968844795
3023444,0.3644240321512021
3023445,274.70903446078466
3023446,15.863901353441152
3023447,13.011944297483558
3023448,8.99861948825051
3023449,96.29268013989659
3023450,10.405297044497482
3023451,208.98319215324335
3023452,393.5080845578912
3023453,14.71588269894697
3023454,8.885798665722591
3023455,216.09722032998943
3023456,50.097695055836226
3023457,2172.1882329011346
3023458,0.6320963856605589
3023459,7.136634296932731
3023460,3.530829332958657
3023461,0.027469171181226413
3023462,5.292129265243082
3023463,2599.4716204024376
3023464,0.0
3023465,488.6085102084959
3023466,8.76433753591908
3023467,784.442382041337
3023468,809.8886092437251
3023469,175.6561786281514
3023470,151.71311845764492
3023471,103.59218375934311
3023472,3233.472977114759
3023473,36.09936769527344
3023474,1.0947558213971278
3023475,17.619983459265466
3023476,15.805905717373093
3023477,0.18152170509760465
3023478,215.30175204632437
3023479,19.12940021096622
3023480,27.84819267656785
3023481,5.4584167885234365
3023482,35.97999888409578
3023483,8.552633956928316
3023484,211.76750696510044
3023485,215.38130490138744
3023486,9.204560306279507
3023487,9.663534889706403
3023488,207.57108581641455
3023489,39.267961774436635
3023490,2265.1921173782707
3023491,0.0
3023492,14.761465265297236
3023493,3.626885602934904
3023494,0.0984942594695144
3023495,3.4893431142405418
3023496,5731.731273917862
3023497,0.0
3023498,587.6120272900092
3023499,12.645942578394795
3023500,1309.9710122018055
3023501,719.5979217679723
3023502,282.0552604138781
3023503,377.8400505457483
3023504,59.57122814628652
3023505,5268.370465699828
3023506,11.92214568456363
3023507,0.1148462765894127
3023508,8.22162516761185
3023509,16.96662540413312
3023510,0.11021329563635598
3023511,282.1265958097241
3023512,0.0
3023513,6.051975240883642
3023514,1.567230854319079
3023515,55.796291882121395
3023516,3.3517529250297153
3023517,239.03579317601825
3023518,307.8529198274418
3023519,2.7564879116667322
3023520,2.86423872009754
3023521,195.59112224694286
3023522,124.87778897193982
3023523,1214.025700784398
3023524,16.94786463363078
3023525,1.2865171214805742
3023526,12.081401230480559
3023527,0.0
3023528,14.020849114929508
3023529,8018.210093940901
3023530,0.0
3023531,1469.3154667891592
3023532,18.177131257215066
3023533,2339.6427353941126
3023534,2074.885191282206
3023535,494.2651072593351
3023536,588.1741723776804
3023537,339.3442455323085
3023538,8352.182535426162
3023539,89.02165776607447
3023540,3.8081149055282855
3023541,71.19085857277678
3023542,102.7652278235163
3023543,0.4607312978090084
3023544,652.8652637651842
3023545,26.07966047361122
3023546,18.054588344056267
3023547,19.33159813933952
3023548,245.73684019964767
3023549,20.612976839910527
3023550,690.1208506138331
3023551,446.37533431095886
3023552,39.31891252045032
3023553,27.62427453397544
3023554,937.5779112294042
3023555,209.09860153750495
3023556,7550.510592072701
3023557,94.48506491887612
3023558,71.53228728134602
3023559,12.366216190648117
3023560,0.0
3023561,11.112740268795665
3023562,8130.657209913791
3023563,0.0
3023564,1121.4521340500937
3023565,16.420844652786627
3023566,2573.6214059189697
3023567,2067.1580424962185
3023568,657.5999051351469
3023569,379.80770521259103
3023570,261.7326101399317
3023571,10356.187816812064
3023572,150.2566928960795
3023573,1.9865156511666402
3023574,10.127856857187211
3023575,88.14756273527264
3023576,1.402594772879182
3023577,659.7493076348966
3023578,17.905663178332453
3023579,22.333487101306506
3023580,5.393371870106432
3023581,132.83796115320544
3023582,13.099129970506752
3023583,948.5012976585281
3023584,655.3062644471953
3023585,18.71568227680288
3023586,27.61979808520047
3023587,1165.1109789804088
3023588,161.77539649254118
3023589,5452.137957892792
3023590,193.31698159126333
3023591,75.65078671898756
3023592,9.636934238042071
3023593,0.0
3023594,14.432635035989962
3023595,5381.30305592347
3023596,0.021530509250951128
3023597,842.6693005486487
3023598,9.872517584121098
3023599,2355.966004711129
3023600,1638.158730229783
3023601,713.6709103490681
3023602,156.70143349239754
3023603,206.1526423290487
3023604,9196.500804092659
3023605,44.199124508951265
3023606,2.7281404726258507
3023607,28.944223036591396
3023608,28.20689981935184
3023609,0.45553961624568007
3023610,584.900649224261
3023611,20.177662310481114
3023612,17.825126452987035
3023613,7.623301539266495
3023614,88.86603643200527
3023615,7.907073605488994
3023616,890.796808571694
3023617,682.3179974019563
3023618,21.781982744956427
3023619,43.10373928005
3023620,723.4257047728845
3023621,119.49049959761085
3023622,2451.830411359851
3023623,118.39728564580575
3023624,31.40915382678587
3023625,12.963340091317006
3023626,0.0
3023627,14.468951641458844
3023628,7444.008263840854
3023629,0.0
3023630,1138.1880250297538
3023631,16.32880021967147
3023632,2390.3369535789766
3023633,1979.3168535049167
3023634,647.7752423701244
3023635,346.82442729627473
3023636,220.9254291815259
3023637,9751.680177408934
3023638,51.40713682660781
3023639,2.0285962590656332
3023640,30.922039165221204
3023641,92.09769398914962
3023642,1.1525639639375787
3023643,609.2697153688018
3023644,20.95699076725266
3023645,21.754234656598797
3023646,3.7236125804802067
3023647,135.6165502531179
3023648,8.95144169325159
3023649,788.8534650684586
3023650,620.7836852622171
3023651,23.95768590938911
3023652,22.011851983711324
3023653,1196.3239347957417
3023654,158.89653531812976
3023655,4901.261988957911
3023656,129.80154045671776
3023657,59.50994814360873
3023658,10.929110831188511
3023659,0.0
3023660,16.91229317818352
3023661,3892.449043956132
3023662,0.06420448591840301
3023663,778.1698807371888
3023664,8.820500777588176
3023665,2089.989303727275
3023666,1182.4950385023756
3023667,608.8580797034077
3023668,112.94589025433262
3023669,125.50831930461217
3023670,7557.862122865982
3023671,43.51340019961457
3023672,1.156352038322994
3023673,20.006537257580828
3023674,63.75863870842123
3023675,0.9018603773480961
3023676,561.1909288672155
3023677,11.7998945768883
3023678,7.8810134493710775
3023679,1.984033238255102
3023680,76.3570317423781
3023681,4.198294733749042
3023682,774.919267814082
3023683,610.6180887550864
3023684,18.393114283857503
3023685,21.288638804733086
3023686,805.3985784015872
3023687,50.115780195820314
3023688,1567.1619444970008
3023689,85.57264016032416
3023690,14.740926265942793
3023691,13.851033230532128
3023692,0.0
3023693,9.609008545250019
3023694,6433.850218121259
3023695,0.0
3023696,1139.474931778073
3023697,16.79593818573537
3023698,1974.5348735991881
3023699,2138.6284540011384
3023700,418.91488040858275
3023701,496.39269099652444
3023702,306.15422678609224
3023703,7799.926593824426
3023704,90.466071546254
3023705,2.2612844677370316
3023706,27.588229005860374
3023707,67.67344591166915
3023708,1.0149724596889487
3023709,492.8474756223952
3023710,14.3775200482702
3023711,24.442728615106503
3023712,11.780096679576413
3023713,166.62556480160976
3023714,16.327246484242753
3023715,744.8292806200495
3023716,508.3592097444564
3023717,21.827843257124936
3023718,26.04271205287687
3023719,1035.0371631584053
3023720,169.33267109287135
3023721,7492.022836553146
3023722,107.25688650681924
3023723,74.05572756242654
3023724,6.768285881610503
3023725,0.176659310449903
3023726,4.965074767800239
3023727,1967.0056709033595
3023728,0.0
3023729,368.8961086544289
3023730,17.573591997459335
3023731,1004.9984629036061
3023732,586.0003564386568
3023733,230.20874844401226
3023734,94.28924742073488
3023735,83.97398062121593
3023736,3000.110569762195
3023737,52.65935360212822
3023738,2.29722431991694
3023739,21.554472157947238
3023740,23.66676953089383
3023741,0.8944189903771738
3023742,250.71759833419347
3023743,14.324200073076193
3023744,5.970619207323946
3023745,13.040440962731477
3023746,36.49220714329291
3023747,6.575436135731405
3023748,253.0167112079793
3023749,235.12530242766232
3023750,2.8392809596967474
3023751,6.753198007999707
3023752,217.33233475721238
3023753,50.48303072875164
3023754,1558.9220229094888
3023755,1.1306867149075563
3023756,9.487798273713691
3023757,8.64516209940366
3023758,0.0
3023759,11.486684199997324
3023760,4327.623202391924
3023761,0.0
3023762,562.7819289146287
3023763,24.19377272807901
3023764,1768.3961923889226
3023765,1135.7143702603098
3023766,470.44555349352527
3023767,122.38453194272411
3023768,116.07403500861011
3023769,6616.615326271609
3023770,106.63183178344629
3023771,1.2887608775372101
3023772,38.46493165488946
3023773,41.130744775897426
3023774,0.7531033332637844
3023775,479.7840952260792
3023776,19.61467347986749
3023777,3.3150232902849357
3023778,2.5849544693606994
3023779,97.23585671260744
3023780,5.963653107266985
3023781,532.2675622693505
3023782,514.8434646461989
3023783,12.11074171144586
3023784,19.41797855781116
3023785,373.3855664091254
3023786,61.60845621590636
3023787,2033.944572371128
3023788,88.45913420844684
3023789,19.795507327263177
3023790,5.881332331255904
3023791,0.0
3023792,4.11688762338387
3023793,4443.981867980361
3023794,0.0
3023795,862.5341094747785
3023796,7.095421387260647
3023797,1519.4623262279945
3023798,1545.115367082889
3023799,258.1649126901131
3023800,361.26678328381416
3023801,201.12173694810963
3023802,5130.996819967987
3023803,46.66321031208154
3023804,2.1168200482181714
3023805,26.4931604252786
3023806,32.467082585608274
3023807,0.301024648432953
3023808,347.40591069154226
3023809,2.2360863936135797
3023810,31.331169478019135
3023811,5.754302730285666
3023812,92.04566575169711
3023813,8.770498642511232
3023814,583.3031325360608
3023815,287.6046434983382
3023816,18.88938803106367
3023817,10.26790377322172
3023818,635.5250646395692
3023819,110.8987899282177
3023820,5052.14460776997
3023821,23.15922404652227
3023822,49.30684960774278
3023823,15.586823302293913
3023824,0.0
3023825,11.028018054036023
3023826,6177.331636411277
3023827,0.0
3023828,1120.4482522979697
3023829,14.831075538832545
3023830,2288.407797505449
3023831,1612.445382087873
3023832,497.2118362536631
3023833,297.0652159957432
3023834,416.7105581440263
3023835,8298.44072917338
3023836,70.25031700622438
3023837,4.428402918855313
3023838,70.71860445884741
3023839,67.65676078258771
3023840,0.9413716067723108
3023841,506.335601034505
3023842,14.241009620113763
3023843,65.46800274588031
3023844,11.67760150908297
3023845,262.4813238522622
3023846,12.860627011206631
3023847,657.7836514684966
3023848,502.53176737516804
3023849,19.824449609168312
3023850,36.92828927683301
3023851,657.858457981773
3023852,184.75371743397696
3023853,6544.634920828756
3023854,19.711353843488777
3023855,13.251834027739948
3023856,9.062585445262368
3023857,0.05410412947076984
3023858,2.9944244803792768
3023859,2088.0724352459624
3023860,0.0
3023861,465.01340934188795
3023862,5.4425884551489405
3023863,922.6100790198362
3023864,512.0898761909756
3023865,232.01443795151135
3023866,98.6683306200455
3023867,84.29441152027336
3023868,3054.133293991929
3023869,17.569203470384522
3023870,0.9027264045336407
3023871,23.29941356217422
3023872,24.1088137540851
3023873,0.00580325951004084
3023874,195.3796611168344
3023875,4.543296533500785
3023876,5.894183519893377
3023877,6.6524108905498744
3023878,65.12260920277505
3023879,2.9684914282871517
3023880,263.6942379670568
3023881,220.71406451313183
3023882,5.622338608154103
3023883,5.64119510638286
3023884,181.9436346850837
3023885,45.75975191187197
3023886,1787.8812997399618
3023887,0.0
3023888,2.3452610004743324
3023889,5.495877092844467
3023890,0.0
3023891,2.2322559825917536
3023892,3710.1175063111414
3023893,0.0
3023894,259.3599030409766
3023895,1.945268634479965
3023896,1427.6887199831401
3023897,268.6812039680902
3023898,256.8174017128691
3023899,82.31392697652976
3023900,24.546186244527558
3023901,3563.9265569551567
3023902,5.730927489664186
3023903,0.49932546177493525
3023904,19.024336427480854
3023905,14.302714604013007
3023906,0.3994083238236767
3023907,250.83349788540167
3023908,0.0
3023909,0.0
3023910,4.054569345827526
3023911,14.351103592673002
3023912,1.014052954433137
3023913,59.34931073803876
3023914,200.09400252946745
3023915,0.0
3023916,0.8354494642362684
3023917,60.82791677825118
3023918,100.67601870228052
3023919,590.184183872884
3023920,3.5262620319053264
3023921,3.6483650960676917
3023922,5.372775960281311
3023923,0.20259663757174104
3023924,6.72901294841642
3023925,3291.472563716625
3023926,0.0
3023927,581.2822850463366
3023928,9.98965713581746
3023929,1267.9054508780866
3023930,949.6637036534745
3023931,332.39196866091777
3023932,186.77403320077454
3023933,128.49595346965123
3023934,4762.73070227245
3023935,38.611559267839986
3023936,1.0625798164781461
3023937,20.531627889984893
3023938,53.002620557626784
3023939,0.18524602076283947
3023940,332.98869893420374
3023941,15.51227893643089
3023942,7.557313668861885
3023943,10.512515985819796
3023944,60.56826453115997
3023945,5.312914740133446
3023946,422.773137772097
3023947,317.4822421320838
3023948,9.10093885770025
3023949,10.573446025948279
3023950,519.205276373959
3023951,56.806975518995294
3023952,2357.293437889993
3023953,0.0
3023954,33.0281699458715
3023955,4.76484090582738
3023956,0.19729237183408457
3023957,4.642536715816403
3023958,4308.95670626576
3023959,0.13247167660134768
3023960,785.4180177090183
3023961,14.713934355024694
3023962,1213.8252452508898
3023963,1410.6441120219795
3023964,211.45601746823488
3023965,325.77336456485773
3023966,200.57189197804445
3023967,4404.237533459956
3023968,53.55126992363315
3023969,3.730231868623824
3023970,23.49626972882086
3023971,40.89324565466047
3023972,0.9121084171134304
3023973,280.9386710118461
3023974,17.669012904528177
3023975,34.150590133199564
3023976,8.068618802606776
3023977,100.4133425899043
3023978,10.411357154683515
3023979,490.1822684185906
3023980,270.63772866492565
3023981,10.858762239326664
3023982,15.469566263043722
3023983,706.1745311307778
3023984,115.4679284601971
3023985,5527.741221088325
3023986,0.3321578818971634
3023987,45.71504742530243
3023988,5.526204428379499
3023989,0.08602496026667195
3023990,8.909632835050584
3023991,3797.864117233969
3023992,0.0
3023993,756.0876658870267
3023994,17.848509227381186
3023995,1127.383058158945
3023996,1253.4593055865926
3023997,268.4890940007503
3023998,302.7750670775424
3023999,128.5510819713197
3024000,4355.884713109842
3024001,38.368779717973176
3024002,3.634695716287312
3024003,29.847094741604085
3024004,43.9991757744335
3024005,0.5287999498525714
3024006,315.02819437097963
3024007,17.99940573153305
3024008,27.84111069255723
3024009,19.661149525501735
3024010,92.4103944495615
3024011,11.810359935626327
3024012,391.02512219682706
3024013,305.3008236493906
3024014,17.924222867281898
3024015,19.16388950139662
3024016,539.8542823570748
3024017,111.6153159397168
3024018,3909.735910967556
3024019,0.8707567986436836
3024020,30.830031823626612
3024021,12.829541790961724
3024022,0.36400715885115237
3024023,6.481208411698768
3024024,3438.4683042793017
3024025,0.0
3024026,540.4393917449889
3024027,9.475943730221251
3024028,1647.4227156736283
3024029,836.0466359653234
3024030,521.3575169643902
3024031,299.3729867139516
3024032,75.89257985144638
3024033,6826.258083910206
3024034,15.016943869852927
3024035,1.4814524759824677
3024036,13.73355205050893
3024037,35.44020356269163
3024038,0.23148909857995473
3024039,437.46220618275663
3024040,12.623896332435457
3024041,4.27407550512441
3024042,5.456952550967364
3024043,37.389210684822366
3024044,1.848459754448369
3024045,346.3553254682582
3024046,433.49982101265203
3024047,7.377666611141537
3024048,7.045763764931133
3024049,391.0315887178886
3024050,95.62276370575503
3024051,1361.9377050904668
3024052,39.991951877661535
3024053,16.49760161774633
3024054,5.057039609133219
3024055,0.0
3024056,3.753695427732849
3024057,2264.181103909795
3024058,0.07704256117890647
3024059,335.2021416617556
3024060,15.50252130363515
3024061,755.7015904776043
3024062,681.7801009056809
3024063,137.88014531593439
3024064,138.17025079819697
3024065,122.87602235017772
3024066,2831.2567748162764
3024067,26.276206292011977
3024068,1.9532951612245664
3024069,16.623623684732365
3024070,27.632419732651936
3024071,0.5506415179420835
3024072,194.93870538621002
3024073,13.446453728254435
3024074,20.636115130904287
3024075,12.401669788885178
3024076,90.17804558885183
3024077,5.413064336936378
3024078,300.82855535695654
3024079,156.67614423437945
3024080,5.755422082907463
3024081,10.086006385730007
3024082,328.00416565761566
3024083,42.105212764346426
3024084,2269.7836090608157
3024085,0.1756493440174566
3024086,24.15716979118723
3024087,1.8990476453124683
3024088,0.0
3024089,2.519132143068294
3024090,1327.6638363529878
3024091,0.0
3024092,106.6698398161503
3024093,3.1120253305256287
3024094,838.324914215075
3024095,329.5395781593699
3024096,258.6631844217052
3024097,43.970635460724814
3024098,35.09805081011136
3024099,2730.0906759323675
3024100,6.637191164917883
3024101,0.22847119565374024
3024102,11.152791176504845
3024103,8.955123864260226
3024104,0.05995541218498043
3024105,175.018216336801
3024106,0.6537750405805288
3024107,0.0
3024108,0.6758311697683903
3024109,10.984099328258237
3024110,0.3066709644200426
3024111,167.8100330519357
3024112,178.09340194713994
3024113,0.8625724839023448
3024114,3.0756951364327856
3024115,136.17567037368383
3024116,19.685568577018334
3024117,322.9368964391898
3024118,0.9082831059661132
3024119,1.3064441071212343
3024120,8.059238319715769
3024121,0.3988314521489352
3024122,3.645626370058438
3024123,4254.1920966354355
3024124,0.0
3024125,653.8838166939759
3024126,8.837891469444756
3024127,1809.1185480394968
3024128,644.2284135069385
3024129,489.8170985376611
3024130,266.21131818577607
3024131,83.21002079353546
3024132,7664.371399953526
3024133,35.36751707850028
3024134,1.0597424235609887
3024135,3.2699780383205654
3024136,16.232582953864476
3024137,0.28666886413178805
3024138,487.18493050507453
3024139,12.960660578106479
3024140,2.5824844511348446
3024141,8.441718269704863
3024142,36.161042465717514
3024143,2.362794643574329
3024144,687.9318969305147
3024145,403.6486899538858
3024146,3.2111638410038417
3024147,10.398044153678052
3024148,436.05268768377863
3024149,98.60827157542576
3024150,2256.9498103194946
3024151,8.0918117417537
3024152,9.183960620939217
3024153,4.561394310903132
3024154,0.0
3024155,1.4892395338559328
3024156,1669.4133182509038
3024157,0.0
3024158,160.4782494581456
3024159,12.535505646454158
3024160,1127.0659288560698
3024161,413.9008448839855
3024162,231.34977694122804
3024163,48.46567854573475
3024164,33.92351295516415
3024165,3019.0763753269644
3024166,9.251625378082029
3024167,1.2138060218835685
3024168,10.960312189438682
3024169,19.075826123679814
3024170,0.46771275482830116
3024171,189.2146667310586
3024172,10.587715312939308
3024173,0.0
3024174,5.5966381219510195
3024175,36.09334875275984
3024176,1.6965114688955354
3024177,156.56553126749122
3024178,189.6890006111015
3024179,1.438049921349763
3024180,6.411568339295053
3024181,149.66813083013363
3024182,28.908571017936723
3024183,439.3023966073964
3024184,1.0563779007569711
3024185,4.631220969847543
3024186,4.619633689177716
3024187,0.0
3024188,4.7705554877368295
3024189,1574.8059980806784
3024190,0.0
3024191,135.8922358378538
3024192,8.094726436712529
3024193,954.7894702758663
3024194,278.5397788468351
3024195,165.93729110328516
3024196,46.50504412019228
3024197,31.68619607735483
3024198,3062.2213650453346
3024199,12.048161887917447
3024200,0.09991577289641292
3024201,13.910199473657572
3024202,9.457024923026548
3024203,0.19609733852972622
3024204,155.5148787845739
3024205,2.423706868123369
3024206,0.0
3024207,3.996073453153088
3024208,25.704836826491313
3024209,0.6241700842713375
3024210,179.84670576377349
3024211,205.10294873389907
3024212,0.8156170332140383
3024213,5.870767804844756
3024214,90.33563266407582
3024215,16.28686991434721
3024216,237.31923730490033
3024217,0.7671199355769384
3024218,3.3416571044735766
3024219,3.368260482122101
3024220,0.0
3024221,3.294344699106248
3024222,1548.7434313307112
3024223,0.0
3024224,172.68230461860696
3024225,7.6442629085812674
3024226,1642.7402836647775
3024227,396.19475207290697
3024228,270.3004102706021
3024229,31.351511210014117
3024230,40.57268452180432
3024231,3357.411792010077
3024232,12.09740513038815
3024233,0.37675645860444296
3024234,7.315649226213573
3024235,24.223554362689793
3024236,0.10890961087167689
3024237,235.9227041513311
3024238,2.142349525951897
3024239,0.0
3024240,3.530708318102394
3024241,13.901252931396842
3024242,1.4435719969576315
3024243,268.2594477319079
3024244,286.9124093196467
3024245,1.4776822179680833
3024246,4.257118278414979
3024247,73.81911222094834
3024248,98.60833294601458
3024249,477.03900227267275
3024250,0.7639098594276331
3024251,4.405265992013593
3024252,3.9286035257029863
3024253,0.50137674637697
3024254,4.430295933335171
3024255,1783.0383613725107
3024256,0.0
3024257,160.03944908001773
3024258,0.9532589384188327
3024259,1054.195620543094
3024260,387.6413141251974
3024261,284.53910034252317
3024262,76.7133078456496
3024263,61.58385623907359
3024264,3008.1960842781164
3024265,9.162192984994558
3024266,0.9023519081867235
3024267,16.973690386312605
3024268,19.693313124120557
3024269,0.26929721604359674
3024270,244.27560437613084
3024271,7.664328579916484
3024272,0.0
3024273,5.512302913385084
3024274,21.39908315180674
3024275,1.5507642486257238
3024276,152.30804078275045
3024277,194.58402937939218
3024278,0.4291664083901034
3024279,6.181947298018467
3024280,114.93883361584322
3024281,50.7355685567302
3024282,1055.1431829909156
3024283,0.438594854349394
3024284,5.176174494327079
3024285,4.039240692845955
3024286,0.10356708261285297
3024287,2.4342770356654744
3024288,1305.549077836747
3024289,0.0
3024290,159.8538047088636
3024291,4.992178461125305
3024292,1255.4062861611649
3024293,257.9764235616622
3024294,165.6895948694819
3024295,129.10180294740292
3024296,22.723070551917008
3024297,2258.3178201302935
3024298,4.74128831218368
3024299,0.6387553548135878
3024300,8.423392415419976
3024301,12.31790901914712
3024302,0.2674779389214097
3024303,162.41940296276644
3024304,0.0
3024305,0.0
3024306,2.589729105302866
3024307,51.00866360258092
3024308,1.0607204200156217
3024309,53.05195063356558
3024310,138.7109664119527
3024311,0.8560223459645527
3024312,3.0233298437367853
3024313,67.6261827871635
3024314,34.26841521326707
3024315,871.8878133036646
3024316,10.767585171609905
3024317,1.1125223862894227
3024318,6.812669034619693
3024319,0.4978936435617985
3024320,3.301215458294996
3024321,3233.4269285946934
3024322,0.0
3024323,321.4339235428827
3024324,6.134194057795721
3024325,1211.779625812451
3024326,749.6752368409611
3024327,524.6854804698951
3024328,210.42075406157772
3024329,102.03633617366326
3024330,5082.903198697819
3024331,18.526835983707734
3024332,2.2643485623664654
3024333,19.67863690721895
3024334,14.420919075694192
3024335,0.44492762148753084
3024336,307.89836881905995
3024337,1.6284933835280702
3024338,0.0
3024339,5.9848059817444925
3024340,25.63235653831004
3024341,1.8215580610307935
3024342,297.09929479861097
3024343,286.2650241151147
3024344,1.9685391217570027
3024345,7.17601811989319
3024346,370.9681759450466
3024347,42.678021263095594
3024348,2197.3688551918585
3024349,3.0061641013409126
3024350,16.64926827362804
3024351,3.638319280195971
3024352,0.2532379533062533
3024353,5.141743739226887
3024354,2341.059062224492
3024355,0.0
3024356,636.2023433317261
3024357,8.148861868013261
3024358,636.5257461138549
3024359,665.2277388825518
3024360,244.6343949130096
3024361,185.77192215507674
3024362,55.04002130807341
3024363,3176.4002059526065
3024364,13.328436159930737
3024365,0.7662329202337427
3024366,28.227939006179405
3024367,16.488590212481732
3024368,0.3339541873119267
3024369,205.13242752468793
3024370,10.381507056667814
3024371,6.487192311502055
3024372,4.39192158879581
3024373,52.49517855523686
3024374,1.8629790411069556
3024375,105.85941399785207
3024376,165.70951461063308
3024377,4.9834323841212465
3024378,6.156913962469875
3024379,187.32301024623558
3024380,67.3288846422647
3024381,3470.8518931691415
3024382,15.767227241588031
3024383,14.593962304754745
3024384,6.6462705532212745
3024385,0.24052490149046182
3024386,4.101751964796574
3024387,2406.444393186681
3024388,0.0
3024389,162.50070546803352
3024390,7.917218812823843
3024391,924.191988310487
3024392,366.1795234502915
3024393,301.70881950538694
3024394,65.79628811546827
3024395,50.7012016774791
3024396,3398.1899857864746
3024397,30.722973074352545
3024398,0.7388278347637038
3024399,12.23717859753625
3024400,17.77569857527665
3024401,0.18428542809228793
3024402,190.00656086659887
3024403,7.796778820853607
3024404,0.0
3024405,4.306872367914286
3024406,37.66402400324136
3024407,1.9105790270859877
3024408,135.52883289404141
3024409,187.42700582733644
3024410,0.9530676392555829
3024411,5.113674003961726
3024412,98.07446152255821
3024413,29.646895884526597
3024414,562.3852758698406
3024415,0.990855418843962
3024416,3.833683919744673
3024417,4.908377377112105
3024418,0.0
3024419,6.518169584409342
3024420,2579.8536518150077
3024421,0.0
3024422,566.535633750596
3024423,8.184322895775388
3024424,909.6732066093515
3024425,743.5834036926806
3024426,205.0896794637457
3024427,160.97500537168395
3024428,90.8036399166725
3024429,3662.694648157327
3024430,41.27570624880909
3024431,0.9883238222116327
3024432,8.921405403161089
3024433,27.748933917221486
3024434,0.3744728836224121
3024435,242.67654730344773
3024436,19.463211525184306
3024437,12.996124947575613
3024438,4.6768997661855956
3024439,61.60012857876143
3024440,4.974220727869072
3024441,410.9861137170669
3024442,227.17730088563442
3024443,9.971686420383453
3024444,8.827186524756836
3024445,408.15212226219205
3024446,74.91809976776604
3024447,1987.126474726691
3024448,0.0
3024449,27.754636870739255
3024450,8.516851050211768
3024451,0.16542439339108586
3024452,4.748666652988328
3024453,3370.894917937551
3024454,0.0
3024455,441.5456014010739
3024456,7.220635820800107
3024457,1692.4232393999996
3024458,701.7611246332867
3024459,622.7705549239314
3024460,96.66828119635291
3024461,73.28060736251062
3024462,5391.2679340007
3024463,14.672952639783674
3024464,0.4907038164500114
3024465,19.73616253170289
3024466,16.651047044999007
3024467,0.08013305445112157
3024468,336.7630563976021
3024469,1.4681452967067605
3024470,5.878700567463765
3024471,4.484624967348226
3024472,36.437927027839585
3024473,0.3547588819080156
3024474,280.1458688568652
3024475,316.5388861363547
3024476,4.6811676579659744
3024477,4.488149197574686
3024478,271.74667961691614
3024479,42.377997228609914
3024480,1289.576749860547
3024481,14.7080414067912
3024482,12.35582933700521
3024483,10.125184846244126
3024484,0.6507515664564442
3024485,4.307584130214695
3024486,3062.657723736826
3024487,0.0
3024488,453.9796738998969
3024489,5.411559994313423
3024490,1696.7976772507816
3024491,614.7548246375429
3024492,337.93545349143056
3024493,249.31334584986917
3024494,92.62005218762047
3024495,4386.893430494394
3024496,14.981692417254155
3024497,0.7375410020066155
3024498,37.329308996013275
3024499,40.5293863350744
3024500,0.3295761317993505
3024501,331.499117426867
3024502,3.278124834601363
3024503,3.9303934003267136
3024504,13.79374728127427
3024505,81.83552633776667
3024506,1.4602115058643073
3024507,119.62357727739281
3024508,284.6278159393412
3024509,2.971972721609659
3024510,5.136947372165741
3024511,163.33998364576036
3024512,144.1011556589324
3024513,2147.1690948055652
3024514,16.07665330077399
3024515,7.112272907065988
3024516,4.272349725046412
3024517,0.016696048282337356
3024518,3.2465130015964148
3024519,1709.7752822956695
3024520,0.0
3024521,145.18187550488196
3024522,5.460602005135224
3024523,783.366076651637
3024524,345.0679110372225
3024525,158.92602493655838
3024526,54.901017663544756
3024527,41.924392371738236
3024528,2673.0560230876367
3024529,12.150086436891389
3024530,0.7561767528049747
3024531,13.775896393246368
3024532,20.719188896579713
3024533,0.13286676815186985
3024534,188.32214799419796
3024535,2.560576907804871
3024536,0.0
3024537,5.445410456986047
3024538,58.56515848634743
3024539,1.9482151608515441
3024540,104.93162455470728
3024541,185.43359911718127
3024542,0.9952965168034864
3024543,5.7233175659738285
3024544,158.79392527144228
3024545,44.14509699843753
3024546,650.7877843037115
3024547,0.8561375301336689
3024548,3.095909866058973
3024549,1.212200364948112
3024550,0.0
3024551,1.1562196144695012
3024552,1358.6715172760976
3024553,0.009046397426500635
3024554,263.70938750625254
3024555,9.734345824779593
3024556,547.6962290653171
3024557,473.95457864797527
3024558,117.23032467226066
3024559,50.99853271697814
3024560,57.18044736420731
3024561,2120.9364194465425
3024562,36.18665362455727
3024563,0.7072427257689594
3024564,12.119520021439333
3024565,14.214352109192573
3024566,0.3364517893960254
3024567,128.29411054843052
3024568,9.591881814182155
3024569,1.7019057793372403
3024570,3.6146192008916156
3024571,35.816605217405396
3024572,4.945309185847847
3024573,911.2525694897395
3024574,145.4398348923765
3024575,4.65013928857296
3024576,5.401207755103124
3024577,378.5875625168061
3024578,27.667402509489545
3024579,1133.546986809221
3024580,0.0
3024581,8.124680942436278
3024582,3.2295306678902955
3024583,0.1542473813086466
3024584,3.730349993432274
3024585,3280.9054774315014
3024586,0.16214375879475976
3024587,688.1488225151372
3024588,15.119172439461755
3024589,1090.8303840927065
3024590,1182.1504281326727
3024591,256.7970388674954
3024592,223.51493770866983
3024593,143.73616430643216
3024594,3906.618674778915
3024595,36.36806993659879
3024596,1.2958851967364116
3024597,16.122396700100804
3024598,34.103014365989324
3024599,0.10565330632675007
3024600,252.06379373666522
3024601,11.145781236213274
3024602,35.53073011531271
3024603,10.50406453257606
3024604,71.3604902548283
3024605,9.931042548615054
3024606,359.81861705547203
3024607,253.95806931518192
3024608,17.674561589615127
3024609,11.601835463378375
3024610,494.59902443663844
3024611,102.30613114070859
3024612,3317.137944916379
3024613,0.7804725328456709
3024614,23.05365580460764
3024615,2.15604160708224
3024616,0.09122397543187206
3024617,2.1768557192614204
3024618,1156.439270213713
3024619,0.0
3024620,244.0499568410943
3024621,3.7078601852110316
3024622,313.53860803174877
3024623,405.7169482165459
3024624,109.71768696842146
3024625,84.11497098342369
3024626,2.8033708223517366
3024627,1374.41210698432
3024628,15.86039566667981
3024629,0.5650443057482439
3024630,9.274159680361441
3024631,10.673450200914871
3024632,0.15180438638173543
3024633,67.50414119765324
3024634,0.0
3024635,16.400559128161074
3024636,1.4090012992327476
3024637,58.27554796130716
3024638,3.6496264943703993
3024639,141.89220193767667
3024640,67.16098797574568
3024641,3.5071975768334207
3024642,4.079494431564064
3024643,127.09067785115093
3024644,23.27437344433341
3024645,990.5987167949955
3024646,2.3599879280016838
3024647,2.364172013172685
3024648,4.56842903799384
3024649,0.0
3024650,0.0
3024651,1058.1316660922696
3024652,0.0
3024653,207.68706511942185
3024654,4.781205837838238
3024655,429.6300728201678
3024656,234.2095391690684
3024657,77.6349146080736
3024658,34.72925978925945
3024659,25.325491903482252
3024660,1539.3363072658008
3024661,14.358798804615079
3024662,0.6587658364360832
3024663,10.785133638046304
3024664,10.790945070531443
3024665,0.4991442434759061
3024666,82.29197440403915
3024667,0.3724532946265151
3024668,5.039350923326712
3024669,0.13729971112789802
3024670,15.525476559981401
3024671,0.3394085217785117
3024672,239.36622053933078
3024673,126.80766334674668
3024674,2.954866496334483
3024675,1.3720677086491542
3024676,125.70995513258204
3024677,26.95328592676713
3024678,367.4457136881913
3024679,2.091209389236358
3024680,1.9022684927156417
3024681,4.852773914452254
3024682,0.3196696751032563
3024683,2.0139516803634345
3024684,2875.2644777297514
3024685,0.04047488470621711
3024686,553.1578329207026
3024687,12.664469814069793
3024688,802.1566512258432
3024689,865.2427495231578
3024690,271.1308953200823
3024691,230.18951242281466
3024692,87.91970449947614
3024693,3480.3433561210018
3024694,22.57813286124543
3024695,2.8895588239173358
3024696,17.17812842838815
3024697,21.51601356508284
3024698,0.23170708043321714
3024699,218.2949426582567
3024700,5.236423126838729
3024701,21.955329624123728
3024702,7.532829686896272
3024703,84.07446762347341
3024704,2.7865074778620134
3024705,248.41958277840695
3024706,206.06689998129747
3024707,9.939872213293294
3024708,7.265550282296923
3024709,338.1856218359824
3024710,64.87710851012471
3024711,2360.0488198087164
3024712,1.627869330949639
3024713,10.505169219702736
3024714,7.152609958373535
3024715,0.0
3024716,4.968403273426934
3024717,3586.1704915486953
3024718,0.0
3024719,718.4893000377549
3024720,13.34503342431329
3024721,1311.379172369544
3024722,1013.1259074182656
3024723,430.54331192805813
3024724,311.0464369869477
3024725,64.60508014145215
3024726,5392.183411100897
3024727,17.049878794972194
3024728,1.250054077866979
3024729,32.26600414834095
3024730,18.339833976372525
3024731,0.8903878587415824
3024732,311.9658034622459
3024733,0.0
3024734,8.210815621064986
3024735,6.093206402345475
3024736,36.23016199252314
3024737,1.0848311241738942
3024738,199.03056518851372
3024739,371.1138498082068
3024740,5.232542644725841
3024741,4.594797993933344
3024742,236.50880657157688
3024743,87.52585190891075
3024744,3095.860589127081
3024745,19.841123967598328
3024746,2.3085945498394977
3024747,6.629434373209085
3024748,0.15874116828209206
3024749,2.6300273974672557
3024750,3125.1690116346613
3024751,0.0
3024752,694.9779775374493
3024753,12.064727220533847
3024754,1073.5417278574405
3024755,779.6761202577103
3024756,306.44467405790596
3024757,221.73833730424204
3024758,56.11436331637161
3024759,4328.122208145512
3024760,17.466080595857868
3024761,1.4571150061326568
3024762,26.01582120196839
3024763,16.68773021961681
3024764,0.3128378707548945
3024765,274.24119177784706
3024766,0.0
3024767,8.1744114478823
3024768,5.994936418211452
3024769,39.83229039209026
3024770,2.300802208995844
3024771,124.72196467835482
3024772,279.38988632714876
3024773,4.651662967555778
3024774,2.9421730849040784
3024775,198.29568646870518
3024776,68.4032473691149
3024777,2506.767869425143
3024778,13.048724481256906
3024779,6.33284700166859
3024780,8.57762175207885
3024781,1.023155714119171
3024782,10.314461602571939
3024783,7146.655629694598
3024784,0.0
3024785,1025.827432652638
3024786,43.958981078372446
3024787,1809.6298841874586
3024788,1784.408690697613
3024789,314.33763816546127
3024790,431.9527152324098
3024791,287.7087787145852
3024792,6917.058047454445
3024793,85.55003202923307
3024794,3.1438427935029245
3024795,37.50436338894425
3024796,53.70258249244048
3024797,1.1210882194789562
3024798,470.1595152141024
3024799,27.333045959552877
3024800,50.4204389826575
3024801,23.263836162149634
3024802,165.2234431837272
3024803,18.65537020400921
3024804,580.0305911632576
3024805,446.89509884387206
3024806,16.028705010945004
3024807,18.05639371628931
3024808,948.371673001091
3024809,177.43455908833144
3024810,6402.789140620763
3024811,0.7483980882966316
3024812,65.81210002449723
3024813,4.088379049647168
3024814,0.5493806544273944
3024815,1.3637307745292067
3024816,1658.0668525231947
3024817,0.0
3024818,172.66436683145486
3024819,3.582972709501876
3024820,1231.4966743441903
3024821,281.64576867443407
3024822,121.46740818292466
3024823,153.52546814384968
3024824,48.202803635832865
3024825,2582.788959945536
3024826,5.445653437551328
3024827,0.538825041511565
3024828,12.855204624533595
3024829,8.716753368387767
3024830,0.5091752226241397
3024831,180.10049703753091
3024832,0.0009842042779429098
3024833,0.0
3024834,3.4330167493361716
3024835,41.12686839707584
3024836,0.6409062295012671
3024837,75.28635734542871
3024838,95.75928102367949
3024839,1.6706707536137186
3024840,4.546473437138325
3024841,116.29285825096704
3024842,22.974621596981024
3024843,1241.1305538729448
3024844,7.1242595630551895
3024845,5.255184028861512
3024846,7.040566355396587
3024847,0.30835370748224916
3024848,4.017220199263545
3024849,3611.8990647130777
3024850,0.0
3024851,575.0371749571808
3024852,9.038515189153518
3024853,1394.0345711409789
3024854,707.1331543743574
3024855,256.12513745078303
3024856,364.2563283073753
3024857,82.42114762452242
3024858,4915.7250596915255
3024859,15.658943880802159
3024860,0.5401468627420208
3024861,26.00628301789081
3024862,18.69327979907116
3024863,0.0
3024864,304.83531740467885
3024865,1.4472707847000306
3024866,4.160671712471334
3024867,10.956884650871048
3024868,17.8709984292289
3024869,1.393661232716262
3024870,360.34348350010066
3024871,296.81544068826076
3024872,4.077990707532504
3024873,8.05135695867909
3024874,133.74031971592967
3024875,58.37499239121835
3024876,2770.3589541563433
3024877,16.79258874544105
3024878,6.968290635530481
3024879,1.2189566075307203
3024880,0.012060062920707668
3024881,0.9337884149436052
3024882,1111.6275366841364
3024883,0.0
3024884,109.38102083677248
3024885,2.7401428091479616
3024886,1058.2142551171428
3024887,156.98769317850656
3024888,83.3804613577152
3024889,186.6701978412647
3024890,13.43060177684189
3024891,2159.667932030673
3024892,2.466294355455034
3024893,0.3306913364218059
3024894,6.696497145160942
3024895,3.1013454955250053
3024896,0.031041454437598464
3024897,96.75696784159841
3024898,0.0
3024899,0.0
3024900,0.7975272202030175
3024901,8.483620962544723
3024902,0.3343027532647282
3024903,79.55289772919683
3024904,94.16976937840448
3024905,1.0147065190256845
3024906,1.8985771620068372
3024907,54.94982753552008
3024908,11.2065485800815
3024909,382.5998074652333
3024910,6.8391804987747244
3024911,1.6390993865669534
3024912,8.79281395879381
3024913,0.0
3024914,3.2572546525453197
3024915,2410.2928363902797
3024916,0.0
3024917,259.70731137492777
3024918,9.232411481727869
3024919,1109.8470551475482
3024920,431.2916344403661
3024921,205.0782189612479
3024922,164.4466486432697
3024923,58.535193013819736
3024924,3400.1964081312863
3024925,3.9458770978258166
3024926,1.140679398894454
3024927,18.809391047708118
3024928,15.791999286182769
3024929,0.3697862366160766
3024930,237.70915065603953
3024931,0.0
3024932,0.0
3024933,16.215731257211775
3024934,24.860347999014714
3024935,1.5764557848641167
3024936,276.47401901591365
3024937,224.09814314370578
3024938,1.9750477105093485
3024939,5.099762015549688
3024940,212.75891984738433
3024941,29.423069125599767
3024942,2175.623241626312
3024943,7.129216719290524
3024944,1.4853454164252275
3024945,3.7982552808818753
3024946,0.19677696922164212
3024947,2.1239631270532446
3024948,2151.346784075734
3024949,0.0
3024950,636.5649145661915
3024951,4.602072475651469
3024952,891.0657244096201
3024953,552.3498370876398
3024954,229.24824049244194
3024955,113.04421019283258
3024956,68.48634983730275
3024957,3890.6959588686445
3024958,5.748008743985337
3024959,5.329801197191971
3024960,22.087539399156366
3024961,39.44041786482879
3024962,0.23068482622997982
3024963,202.87077876697722
3024964,3.400948411049541
3024965,2.7219804423971183
3024966,5.117735757504227
3024967,21.299320337188266
3024968,2.087022475497427
3024969,175.18669535595407
3024970,221.37590269229682
3024971,4.6062917191849815
3024972,6.487041331288419
3024973,142.66081171285066
3024974,33.58719343400585
3024975,1215.8054316261412
3024976,19.402261068004197
3024977,4.452456462267939
3024978,4.467422889249766
3024979,0.04145316063326691
3024980,0.6198610891427221
3024981,1310.254286886034
3024982,0.0
3024983,101.87436454616766
3024984,3.318175353168917
3024985,473.9629593155232
3024986,190.2265611146192
3024987,98.79686060462417
3024988,137.95228889815363
3024989,16.028987239036027
3024990,1935.2938191736591
3024991,6.487459392691045
3024992,0.2494943325182686
3024993,13.897911965089131
3024994,8.895295806779338
3024995,0.15038310525966272
3024996,106.05071567422762
3024997,0.0
3024998,0.0
3024999,0.684411728371395
3025000,24.021885833076183
3025001,0.5780719310749738
3025002,222.4278369887785
3025003,98.07852163529681
3025004,1.2415942506908475
3025005,0.9233127529093867
3025006,50.17635323618259
3025007,17.520823738134666
3025008,721.8324362277458
3025009,4.4609227607285336
3025010,1.3665500605697276
3025011,4.739219634378576
3025012,0.048354841309013664
3025013,2.7490304753413364
3025014,3464.5443427857126
3025015,0.0
3025016,533.2906367629686
3025017,9.474215557394448
3025018,1023.4155981751155
3025019,696.0032277447604
3025020,252.78510154277572
3025021,189.10327688958978
3025022,65.65525938234404
3025023,4595.9202456607545
3025024,12.093597619902642
3025025,0.30133387501596287
3025026,29.40247382913799
3025027,8.852805280609823
3025028,0.48488765636343284
3025029,246.1750906156002
3025030,0.0
3025031,32.3721235747831
3025032,4.168908267762092
3025033,10.723797639648524
3025034,0.5119960200001802
3025035,239.0812027795511
3025036,243.76989286806247
3025037,3.1008874004528666
3025038,6.218686288520669
3025039,133.27454227691058
3025040,47.87688967809858
3025041,2824.083593427531
3025042,39.17348137559977
3025043,1.8697274967625268
3025044,5.163582197757467
3025045,0.0
3025046,5.630967480554757
3025047,2654.179999924342
3025048,0.0
3025049,476.60169562535856
3025050,9.112721019488049
3025051,1010.726037964396
3025052,848.6731734863207
3025053,145.81250966704224
3025054,127.45863673170099
3025055,111.42210302860452
3025056,3655.439222405126
3025057,58.5978461515997
3025058,1.5888529661192854
3025059,16.96766489741986
3025060,27.375261299110687
3025061,0.7336280557388887
3025062,241.47701085577512
3025063,18.52671449823649
3025064,29.419550822248688
3025065,1.5917939323963728
3025066,84.4474557762434
3025067,7.79317284237735
3025068,215.58818913855382
3025069,234.08339661542234
3025070,10.625412789121805
3025071,13.40671354664842
3025072,243.34288146915128
3025073,55.070872064143536
3025074,2222.6192107991496
3025075,0.2947841539292241
3025076,10.589114252237463
3025077,6.570355212419353
3025078,0.0
3025079,4.223781554214178
3025080,2477.6169772664516
3025081,0.0
3025082,373.48036483751275
3025083,12.145758633390875
3025084,1066.5877762788325
3025085,692.9128441182249
3025086,143.90196771963855
3025087,75.80988277583891
3025088,89.01620934569664
3025089,3291.4443243206115
3025090,27.43517673833821
3025091,1.6929260033731226
3025092,15.086054308627428
3025093,93.99036394772106
3025094,0.17121165783345718
3025095,300.94817862059847
3025096,16.04418189382875
3025097,17.009599734706807
3025098,11.23383084829342
3025099,103.67927320661892
3025100,6.681061071306908
3025101,136.3906079672344
3025102,332.1132162385726
3025103,7.151207092019337
3025104,10.801571099167877
3025105,105.12139187298759
3025106,47.27113991368613
3025107,1572.473920717789
3025108,1.0064598553945492
3025109,11.994038897111448
3025110,10.121773131205302
3025111,0.083666542692424
3025112,1.58528079920663
3025113,3657.639386156089
3025114,0.0
3025115,706.0145954865105
3025116,5.758249404565675
3025117,1973.5436237630968
3025118,694.2617172778697
3025119,227.40937876595714
3025120,270.55088407556485
3025121,67.8850306974963
3025122,5999.786502122188
3025123,44.865126531534436
3025124,1.6624590434997248
3025125,22.744626701733118
3025126,18.264830485203298
3025127,0.3800058634666782
3025128,375.7734292448481
3025129,5.769200403646057
3025130,15.677638345188356
3025131,7.0968043376601395
3025132,52.901170303046655
3025133,2.6628481349671302
3025134,92.5677666696861
3025135,310.3200306218416
3025136,8.04793513363463
3025137,10.327005272002552
3025138,210.0935005611865
3025139,47.687446461291714
3025140,2932.6528138920953
3025141,2.534846998541537
3025142,21.18371541703483
3025143,3.491140471665181
3025144,0.15782022092666623
3025145,3.708025924075375
3025146,2016.3725387409158
3025147,0.0
3025148,317.1568605838002
3025149,4.148983157223704
3025150,777.2729963004859
3025151,605.9287625072385
3025152,169.19491817987426
3025153,123.82739175951917
3025154,69.11324970050809
3025155,3102.6277449560616
3025156,23.571256666043027
3025157,1.2214534126796728
3025158,7.260016930311248
3025159,9.978320977379932
3025160,0.3447149613184494
3025161,215.07926505629106
3025162,16.220097372967366
3025163,18.40116350533355
3025164,2.326371259775483
3025165,56.88493283231298
3025166,4.865929624382454
3025167,340.1604137610553
3025168,185.06286985699336
3025169,6.84425426539882
3025170,7.611912681056683
3025171,298.64924875038514
3025172,20.851593501771053
3025173,1709.5220492537487
3025174,0.0
3025175,19.866154339396545
3025176,3.6727925706032902
3025177,0.22255133259867316
3025178,3.282859564819728
3025179,4615.632804848323
3025180,0.0
3025181,437.9534541357158
3025182,5.722095352553655
3025183,2168.8448957836486
3025184,680.4056227865428
3025185,334.55578255830665
3025186,202.44810497884373
3025187,83.98946970643237
3025188,5983.849585982021
3025189,13.113546647185697
3025190,2.0579781576268026
3025191,31.22033143712243
3025192,29.55550365359361
3025193,0.2631187212043623
3025194,479.92156092780084
3025195,0.0
3025196,0.07804100334926002
3025197,11.11478495197038
3025198,20.140957018401284
3025199,1.849748667642367
3025200,147.661811555486
3025201,352.7233363242621
3025202,2.7746317662575555
3025203,12.09631008592684
3025204,186.4105435785887
3025205,59.063670178282024
3025206,2231.3013648728547
3025207,14.25168184785725
3025208,5.4296780488323675
3025209,6.873041333402303
3025210,0.07911377559685127
3025211,6.28217293681558
3025212,2453.163215231474
3025213,0.0
3025214,443.8660620943073
3025215,10.057607432621108
3025216,1301.003400412021
3025217,683.8413892615587
3025218,231.42910560227452
3025219,137.537377286352
3025220,95.13911011536761
3025221,3870.8310366524634
3025222,39.86059491396774
3025223,1.3563613561048355
3025224,22.525283800578112
3025225,37.97369598607046
3025226,0.40493861682625254
3025227,237.4977270768971
3025228,16.667659321652533
3025229,16.498284265530746
3025230,8.692608281542098
3025231,100.3432122770908
3025232,7.202188743997109
3025233,187.60866337660582
3025234,386.2270979101913
3025235,12.338079929706431
3025236,7.880425472923303
3025237,191.58404666253617
3025238,46.073686892249974
3025239,1925.3888318115746
3025240,0.4791519868986905
3025241,6.596347284050768
3025242,3.029196861081253
3025243,0.0398244910033184
3025244,4.993718468550165
3025245,2385.0707608429057
3025246,0.0
3025247,403.0448595606477
3025248,8.856363796952902
3025249,727.7671894086933
3025250,743.4327265106134
3025251,155.12662600021912
3025252,125.24355529036823
3025253,101.3901441815433
3025254,3023.828240293774
3025255,34.219377373873456
3025256,0.7381405514913267
3025257,26.193330845817453
3025258,21.221707237092755
3025259,0.0
3025260,189.1183143929851
3025261,17.946936853566317
3025262,33.02836535215849
3025263,5.570998767806326
3025264,41.231229949229096
3025265,6.558687077602102
3025266,215.78430830808932
3025267,189.83875976416732
3025268,9.463127803101353
3025269,9.308180574873196
3025270,193.35377900138155
3025271,37.90369831303638
3025272,2060.821320424943
3025273,0.0
3025274,13.776034806200185
3025275,3.325363001224158
3025276,0.04199309694580489
3025277,3.9392908788649073
3025278,5211.023781727695
3025279,0.0
3025280,559.7041445987423
3025281,14.905046374143195
3025282,1281.1168653642872
3025283,661.1960636390638
3025284,271.10849210398334
3025285,242.65657831424613
3025286,61.0115596363233
3025287,5138.95084675798
3025288,11.769724608953116
3025289,0.18262729903342587
3025290,7.857686415599501
3025291,16.20263978810319
3025292,0.14004835854089345
3025293,263.8990114843151
3025294,0.0
3025295,8.313811513587032
3025296,2.357137533485782
3025297,40.18488218679214
3025298,2.8994455742987917
3025299,225.6676717725248
3025300,297.09605381352526
3025301,3.3320415010313953
3025302,2.4302973593144577
3025303,260.18924317061334
3025304,133.34652037778082
3025305,1975.5477681820757
3025306,13.857533935550764
3025307,1.4384876593414908
3025308,11.011655738220734
3025309,0.0
3025310,11.95822426517755
3025311,7537.55725129497
3025312,0.0
3025313,1362.680020844238
3025314,22.570774493011076
3025315,2236.402166499562
3025316,1902.1381686461677
3025317,453.38984460321427
3025318,516.6593365172929
3025319,366.35786020354203
3025320,7868.8275492998255
3025321,88.31711236831558
3025322,3.7403427391014374
3025323,101.47620751014674
3025324,115.94483506566701
3025325,0.0
3025326,589.5534599641826
3025327,23.39611646112875
3025328,15.796342271287255
3025329,17.8564497384062
3025330,263.10000757472005
3025331,18.121986859983686
3025332,660.3260209190443
3025333,438.9876313589819
3025334,37.691634089302106
3025335,28.85948988482168
3025336,845.6659512790603
3025337,198.4684598068158
3025338,6884.630617749453
3025339,92.64959705921825
3025340,66.65128434863904
3025341,11.835605577319926
3025342,0.0
3025343,11.467590207093993
3025344,7179.541716824617
3025345,0.0
3025346,990.1135055211553
3025347,17.670142122361195
3025348,2454.254817479046
3025349,1867.7816789249018
3025350,613.109256233629
3025351,326.5066366690053
3025352,252.61223508873806
3025353,9594.79061518371
3025354,146.01086775537166
3025355,1.9518352414887024
3025356,11.486370370026808
3025357,88.55945400136794
3025358,0.795010991002702
3025359,623.0537340236601
3025360,18.44672583601435
3025361,28.748789586154505
3025362,5.499605677469749
3025363,143.50319271310718
3025364,12.624479051859248
3025365,889.5521159040633
3025366,616.3143536477228
3025367,19.78032264910954
3025368,25.38987419149631
3025369,1068.7215347093836
3025370,152.79493446585937
3025371,4805.523657379109
3025372,194.55988566496123
3025373,70.9599970139257
3025374,10.642884400297719
3025375,0.0
3025376,14.989507167408364
3025377,4811.021881143232
3025378,0.0
3025379,750.6807403822565
3025380,11.48882243288829
3025381,2199.614812941206
3025382,1377.737230099585
3025383,674.4406939888823
3025384,138.8653814753199
3025385,211.49479907438172
3025386,8469.486515840426
3025387,51.048283816657595
3025388,2.620001591761523
3025389,29.221188763831538
3025390,25.28105425805052
3025391,0.17253477317125981
3025392,553.350776766496
3025393,19.58994923594523
3025394,19.8385474774629
3025395,7.909950370811166
3025396,98.57192824196342
3025397,6.958954244690991
3025398,864.5215551313236
3025399,637.2678850224304
3025400,21.52579676836295
3025401,41.646828519447524
3025402,628.1210204030228
3025403,84.16947069951608
3025404,2114.375131756066
3025405,128.21162209367998
3025406,32.43528785364394
3025407,11.620197467594611
3025408,0.0
3025409,15.529323227721061
3025410,6962.231310188421
3025411,0.0
3025412,1026.894991965149
3025413,15.733451985489618
3025414,2186.820952388709
3025415,1795.7234512323728
3025416,564.7588089340144
3025417,312.9599580871468
3025418,208.14406495878808
3025419,9075.183972809482
3025420,49.14888422601112
3025421,2.3722670654696936
3025422,28.668628403523893
3025423,82.80061019299849
3025424,1.2279966437616858
3025425,553.7083352134365
3025426,18.510567209167466
3025427,22.69955677581893
3025428,6.8636348214173255
3025429,149.33498032478835
3025430,7.418923183196425
3025431,762.0523958443995
3025432,569.5729866839387
3025433,23.17098408425647
3025434,21.51274306835081
3025435,1042.6172910589814
3025436,137.36072680979598
3025437,4388.7114850541975
3025438,147.11776487319202
3025439,50.261531329187534
3025440,11.505974110043281
3025441,0.0
3025442,17.382381982777034
3025443,3607.117148658028
3025444,0.029904900441536278
3025445,673.8951194660909
3025446,11.151892040777003
3025447,1950.1579440692274
3025448,1099.3081792385567
3025449,519.4777304681588
3025450,99.4040976700623
3025451,144.94057249686293
3025452,7214.295555124899
3025453,44.29024369200483
3025454,0.7877555623989739
3025455,18.98071854686285
3025456,54.7646779809888
3025457,0.5733688678982004
3025458,524.8164416627335
3025459,13.843958801252299
3025460,8.256957692496998
3025461,2.4577160648762484
3025462,86.02555080605349
3025463,4.195727132178078
3025464,786.6819616942729
3025465,603.375896546616
3025466,16.02385628883211
3025467,19.16750810926189
3025468,718.2986630704856
3025469,48.048166314646814
3025470,1437.4486557372215
3025471,87.93474134686981
3025472,13.842308402035156
3025473,11.78725362611766
3025474,0.0
3025475,10.121822529139658
3025476,5334.335218793302
3025477,0.0
3025478,960.8819548644963
3025479,20.17067401214166
3025480,1770.9779570844792
3025481,1834.535527988818
3025482,372.9434239532336
3025483,431.68103971366776
3025484,275.1314463190181
3025485,6753.763790128057
3025486,83.49385831058599
3025487,1.3234282950675718
3025488,44.42617388193692
3025489,61.35522552245467
3025490,0.4013956131586335
3025491,428.91739828829776
3025492,11.981456230348536
3025493,23.037148643984395
3025494,11.510230302961565
3025495,166.36363312329712
3025496,13.805248380784727
3025497,652.0618191203624
3025498,448.00074778314723
3025499,19.292538957958914
3025500,23.215615447311496
3025501,883.4100091121581
3025502,135.79925165868747
3025503,6248.989281012538
3025504,108.80322890393495
3025505,58.40585722889609
3025506,6.734835224509
3025507,0.0
3025508,5.522689160095664
3025509,1768.732031419812
3025510,0.0
3025511,342.94578517987543
3025512,17.931564804895988
3025513,926.5799617076243
3025514,536.6261171737465
3025515,215.83202395459398
3025516,86.4124282633682
3025517,79.13703338909356
3025518,2845.903079409526
3025519,46.460171041390986
3025520,1.4849936746431396
3025521,19.387584383724807
3025522,19.98681023523352
3025523,0.48063123391538076
3025524,219.04513758479635
3025525,12.88276377023301
3025526,9.278284270195375
3025527,10.366923857574804
3025528,41.02282768726842
3025529,5.424222316701482
3025530,246.02218641332303
3025531,221.30491306167883
3025532,3.8287730689018553
3025533,6.500953183900771
3025534,221.96752889131972
3025535,45.17695125151791
3025536,1496.3055256563364
3025537,1.0623718135894513
3025538,9.523331112015608
3025539,8.156894960103262
3025540,0.0
3025541,10.852280036523373
3025542,3912.865871468102
3025543,0.0
3025544,482.39983619184153
3025545,25.913201924007883
3025546,1563.3865657921901
3025547,1007.398182424035
3025548,408.7759558115083
3025549,101.39532746837554
3025550,118.07116913433858
3025551,6148.976693726795
3025552,102.8205646764823
3025553,1.399508786187416
3025554,34.87628550187003
3025555,34.57152930748491
3025556,0.7413174799066505
3025557,421.9997400501784
3025558,14.93319186398931
3025559,3.1999961571830196
3025560,3.3472952189123273
3025561,103.7937949484191
3025562,5.689772058491743
3025563,537.0896779250825
3025564,460.81490299136885
3025565,11.623796051321623
3025566,19.3780314123156
3025567,355.7406916902189
3025568,53.232402892169205
3025569,1888.5784066258184
3025570,105.43426277304386
3025571,19.17840255645584
3025572,7.79943248101391
3025573,0.0
3025574,3.7788251132281516
3025575,4034.193825969938
3025576,0.0
3025577,761.5042149203088
3025578,8.306532437193441
3025579,1360.6888939885669
3025580,1391.8401050837601
3025581,229.92482110309916
3025582,322.65956396919296
3025583,205.55955657823432
3025584,4746.157662410888
3025585,45.9784604292935
3025586,2.4742103876853077
3025587,20.908335504356767
3025588,36.80525385861835
3025589,0.6995782157196265
3025590,305.4330084771816
3025591,2.4898943084852734
3025592,33.73528380727507
3025593,6.782648447910534
3025594,116.50384749126287
3025595,6.529725855675571
3025596,546.4991521362086
3025597,297.012847892188
3025598,18.620300912494724
3025599,9.37198905076985
3025600,581.8450208941551
3025601,89.05069578395005
3025602,4771.448544946957
3025603,20.806545385773152
3025604,40.911464175828044
3025605,15.00276748844594
3025606,0.0
3025607,11.18097333465699
3025608,6040.65219448482
3025609,0.0
3025610,1063.0520948067149
3025611,14.61533296994186
3025612,2219.835671006951
3025613,1545.8285205500374
3025614,499.705918406772
3025615,278.0088309886842
3025616,425.7706886857518
3025617,8052.93180792911
3025618,61.37603534584057
3025619,4.162473899657191
3025620,74.85672044394195
3025621,69.80531274729414
3025622,0.8012274577823808
3025623,498.5785876986978
3025624,11.631989139361279
3025625,63.705072107907476
3025626,10.543226951691654
3025627,261.811342839511
3025628,12.518618961518738
3025629,639.4257918322537
3025630,495.28312814458815
3025631,19.775405455152328
3025632,34.97684033940421
3025633,631.5782742201063
3025634,184.02740446467757
3025635,6178.270406881365
3025636,18.19787233189068
3025637,14.80672215162426
3025638,8.72049021340237
3025639,0.12150944281567605
3025640,2.720718186520763
3025641,1904.3829073048544
3025642,0.0
3025643,422.8884852107659
3025644,5.547804500427378
3025645,893.304559757318
3025646,469.8975287706215
3025647,205.1959073836464
3025648,88.42277730530465
3025649,91.5092802671619
3025650,2850.929736274657
3025651,13.782689657615682
3025652,1.1724055873401102
3025653,21.975624106666462
3025654,22.38025051283566
3025655,0.0
3025656,185.2159004798904
3025657,3.7344066347527893
3025658,10.452146803349319
3025659,6.513506388368585
3025660,66.82018733225993
3025661,3.144190069461934
3025662,254.21446311184332
3025663,205.85350978366893
3025664,4.85537772104546
3025665,5.631962954787978
3025666,170.90028225089662
3025667,45.0030458086035
3025668,1581.0690054311553
3025669,0.0
3025670,1.5058798549221781
3025671,6.287458443458275
3025672,0.0
3025673,2.138046437371572
3025674,3202.1078455206016
3025675,0.0
3025676,246.35284801274295
3025677,1.802517449926135
3025678,1187.166680618342
3025679,249.4192487745509
3025680,241.01886216728013
3025681,67.65055668816072
3025682,33.58845159731798
3025683,3303.080136275085
3025684,7.593739462074933
3025685,0.16729577028954543
3025686,16.207157794824496
3025687,13.694776606687329
3025688,0.22809218367251902
3025689,229.2930147664794
3025690,0.0
3025691,0.0
3025692,3.9613338348623772
3025693,23.125973897418397
3025694,0.862047667263067
3025695,54.32326698027012
3025696,186.1665066416555
3025697,0.0
3025698,1.0755005177791257
3025699,65.76513596633642
3025700,99.81636182287883
3025701,909.5855808106613
3025702,2.5406660220079518
3025703,3.9699905756040086
3025704,6.857747623571246
3025705,0.13876968972012071
3025706,6.497311477783197
3025707,3000.4733456536183
3025708,0.031221481487409622
3025709,499.0978217676865
3025710,10.409559148317134
3025711,1220.3843712996122
3025712,848.6336376753643
3025713,317.74221708662753
3025714,160.62738363933133
3025715,131.23083923642693
3025716,4394.9833225003
3025717,40.89815791874947
3025718,1.3901004136146555
3025719,15.475851197998153
3025720,62.64809202688329
3025721,0.2450928074898166
3025722,312.3100719983311
3025723,17.006508471160345
3025724,9.28231750612776
3025725,7.952304218962936
3025726,66.39536072275884
3025727,5.818364913160853
3025728,423.65157323753715
3025729,314.50799478171854
3025730,8.807003626501357
3025731,11.240103724243424
3025732,489.5327780509403
3025733,55.54767089308367
3025734,1979.5994381802132
3025735,0.0
3025736,29.398972164546926
3025737,5.621969317735622
3025738,0.154727777352622
3025739,5.086207259764285
3025740,3916.964198047535
3025741,0.1334954488486685
3025742,688.0522793935379
3025743,17.38037991448424
3025744,1183.4060248488327
3025745,1279.4643164705644
3025746,194.01286823627734
3025747,287.7375302699896
3025748,211.5003278781226
3025749,4049.515280655358
3025750,53.568441514435236
3025751,3.1269746262986917
3025752,36.6948548975072
3025753,28.192916742032637
3025754,1.0515180892931233
3025755,252.40951677748512
3025756,15.499451705083407
3025757,46.576688161999044
3025758,8.918933134992931
3025759,116.68425644027148
3025760,8.838019497279586
3025761,450.5398370564341
3025762,256.30122163816475
3025763,9.688421711893039
3025764,13.26392247953389
3025765,644.3549829543524
3025766,107.93013688288852
3025767,4941.138969876843
3025768,0.4176574278968478
3025769,41.35550480953588
3025770,4.467680285386167
3025771,0.2255920497136246
3025772,8.840375694388465
3025773,3507.814875672028
3025774,0.0
3025775,692.132826724605
3025776,19.22801490795199
3025777,1076.6309078470547
3025778,1122.8696388598914
3025779,239.31592121457513
3025780,273.504328134404
3025781,126.5212392641031
3025782,4173.5350369412245
3025783,33.63191982994255
3025784,3.7959837930570046
3025785,39.01079679316487
3025786,47.02143401276936
3025787,0.5868780224376217
3025788,288.3319845517851
3025789,18.716866689437882
3025790,32.87424935385752
3025791,21.37464732869539
3025792,99.14099153599288
3025793,12.012689405335005
3025794,356.92447057684876
3025795,276.602334903845
3025796,17.142037939168347
3025797,18.548024353975322
3025798,478.06618600873
3025799,96.8881386322993
3025800,3505.039338258409
3025801,0.5241910369011769
3025802,30.367231852413205
3025803,13.341470670339264
3025804,0.4123313247713922
3025805,6.905684583096965
3025806,3424.0247012664595
3025807,0.0
3025808,516.285840254904
3025809,12.04643552476739
3025810,1690.5032314434447
3025811,813.5854018247885
3025812,549.1129090100904
3025813,198.01404544957418
3025814,82.42568178302382
3025815,6893.952932516697
3025816,15.796469460200221
3025817,1.560260925589358
3025818,13.701172583906908
3025819,37.60918155686342
3025820,0.2366771077991456
3025821,447.62401387568076
3025822,14.077916399042735
3025823,8.060198851434093
3025824,7.635483203355137
3025825,39.11062633042255
3025826,1.7898758766909566
3025827,341.5520640641801
3025828,453.3656967829162
3025829,7.15706932103921
3025830,7.5798847149222635
3025831,382.40737465119287
3025832,99.913168174853
3025833,2252.473523279873
3025834,45.93687076162327
3025835,18.100004282190728
3025836,5.353815624145838
3025837,0.0
3025838,3.7448119901961157
3025839,2380.90808272588
3025840,0.18853231317967856
3025841,396.13201829946803
3025842,15.918548142824106
3025843,844.1124236531953
3025844,809.9301929488526
3025845,141.36818452319582
3025846,158.64223016658818
3025847,161.1590654820791
3025848,3010.7747544257
3025849,26.889316612336987
3025850,1.9935685521909703
3025851,23.191073863315903
3025852,27.51036789566605
3025853,0.6134823295798809
3025854,204.17588913203204
3025855,16.22901427796541
3025856,23.269009507531084
3025857,10.588030686766333
3025858,100.95554180016339
3025859,7.07704446036218
3025860,302.30177475620104
3025861,159.49369356615182
3025862,5.404254284335964
3025863,10.705201320614679
3025864,365.60639104153387
3025865,58.36456130036629
3025866,4099.133266673683
3025867,0.17178958843997727
3025868,28.997305673218527
3025869,1.7763209017242445
3025870,0.0
3025871,1.9967224226515838
3025872,1157.3267763722922
3025873,0.0
3025874,87.65866106039371
3025875,3.124854896498618
3025876,769.5408764013212
3025877,393.722798163221
3025878,231.9905716301565
3025879,35.82784217045475
3025880,30.00407980374483
3025881,2494.6943664401956
3025882,6.710950023154519
3025883,0.2990945480299086
3025884,11.46298183164918
3025885,8.172407911113007
3025886,0.18061151522244864
3025887,148.80168233936215
3025888,0.0
3025889,0.0
3025890,1.6716541214486396
3025891,11.43650282216535
3025892,0.39479865971788825
3025893,158.49036854027588
3025894,158.9619259500041
3025895,0.7414012393863653
3025896,2.15406905617802
3025897,130.91698123436922
3025898,18.918236002077922
3025899,220.58619645763622
3025900,0.2754351866985103
3025901,0.8764203033970459
3025902,7.105287565038427
3025903,0.23688969959801556
3025904,3.775441511832029
3025905,4287.667130744869
3025906,0.0
3025907,575.270116889958
3025908,8.074849881984376
3025909,1856.4778282602945
3025910,686.0251133219493
3025911,476.92970680191644
3025912,215.5236915705123
3025913,86.25406047244766
3025914,7473.654347462515
3025915,35.35227535813399
3025916,0.7250895354776368
3025917,9.670264783600214
3025918,19.66666800425899
3025919,0.2877807221510207
3025920,486.92687289084364
3025921,14.678571155289633
3025922,0.3526742406020896
3025923,9.681428263854897
3025924,48.22566992022693
3025925,1.826461482090679
3025926,633.3057568305501
3025927,399.23086148734615
3025928,2.9594942891481355
3025929,12.494298525640305
3025930,404.9197192656034
3025931,100.53670813555243
3025932,1216.2022946139155
3025933,8.85860413555292
3025934,8.316100997314837
3025935,5.504070708568417
3025936,0.0
3025937,1.8483549677663307
3025938,1630.0313220910662
3025939,0.0
3025940,199.55150510388205
3025941,12.707638073667574
3025942,1027.806159620203
3025943,541.3128763792364
3025944,228.25697844852084
3025945,39.72378988650971
3025946,35.43898810406357
3025947,3191.3041612900533
3025948,11.04957904811056
3025949,0.19195760181596386
3025950,11.252498665660276
3025951,17.568776164835178
3025952,0.5562182370350147
3025953,187.06594492640136
3025954,10.52574308968751
3025955,0.0
3025956,3.5843424252297442
3025957,35.11866062134814
3025958,1.468055228646092
3025959,126.2165443097247
3025960,184.33275095589852
3025961,1.8415548523527179
3025962,5.669163226049051
3025963,134.50485488775962
3025964,38.67031618420673
3025965,328.11932514230296
3025966,1.4707561946356777
3025967,4.732147642640884
3025968,4.700387356093925
3025969,0.0
3025970,4.703549516943771
3025971,1479.5527859110286
3025972,0.0
3025973,118.15250669729056
3025974,6.908924769802684
3025975,812.9906361608804
3025976,338.2792598434087
3025977,149.50429810764393
3025978,59.7893317036074
3025979,30.00527856880636
3025980,2852.2980462472806
3025981,15.405206859437051
3025982,0.14046300196266828
3025983,9.289404566723654
3025984,8.179405271084246
3025985,0.17868437577048163
3025986,147.43931194478958
3025987,1.6651348763959537
3025988,0.0
3025989,3.870838204669192
3025990,26.27837048512333
3025991,0.5891196438248865
3025992,139.73174885482342
3025993,181.16467070427697
3025994,0.5631208635611987
3025995,5.641480859058171
3025996,51.053114614151674
3025997,31.805517230007258
3025998,163.04602087634396
3025999,0.4755010402316937
3026000,3.110534020279998
3026001,3.5164748270369577
3026002,0.0
3026003,3.210177320184002
3026004,1425.0551912662652
3026005,0.0
3026006,153.46177919066255
3026007,7.768466542843924
3026008,1488.7615800826882
3026009,485.8896873699121
3026010,230.5607425525463
3026011,27.87907834753285
3026012,46.75551614554372
3026013,3158.634051641554
3026014,12.543824145560873
3026015,0.5115697975675934
3026016,6.807895177373286
3026017,24.975783692377817
3026018,0.07418564160671559
3026019,207.46173016120477
3026020,2.2593667973655065
3026021,0.0
3026022,3.8134955182718477
3026023,14.567098598920323
3026024,1.2363307350680812
3026025,167.53924518629114
3026026,283.6962821943505
3026027,1.3493314722867118
3026028,4.14604480121388
3026029,72.64238491109107
3026030,93.92308631508388
3026031,324.25659954804723
3026032,0.7736955123657727
3026033,3.420296806113681
3026034,3.435493313776027
3026035,1.2868353668417711
3026036,4.22270371272519
3026037,1707.878950490499
3026038,0.0
3026039,156.31773919061828
3026040,0.8912055085984517
3026041,1014.0821678198832
3026042,469.67125138301316
3026043,274.13563120912806
3026044,67.73026789901114
3026045,63.21382556518755
3026046,2957.4944820453893
3026047,10.399147344896928
3026048,0.9816642920350339
3026049,17.002597828321235
3026050,19.1144881492033
3026051,0.30456067917532864
3026052,237.80362382379198
3026053,8.13542274288772
3026054,0.0
3026055,5.242089306019182
3026056,21.36769583360315
3026057,1.4678628111038696
3026058,150.23858297924045
3026059,184.74021920600688
3026060,0.8387052060569478
3026061,5.65884915553215
3026062,106.96512109968451
3026063,46.45637933421152
3026064,599.981204526787
3026065,0.6752080293801517
3026066,5.7968743463516486
3026067,3.416410758123438
3026068,0.12170302661380183
3026069,2.7629396497694705
3026070,1472.0360702804505
3026071,0.0
3026072,141.4120069701744
3026073,4.362169281881289
3026074,1740.3961794148865
3026075,261.6919881909355
3026076,147.31724988738347
3026077,124.83231919940634
3026078,25.872719252435065
3026079,2508.1604417216217
3026080,7.17313667224411
3026081,0.40099742710354286
3026082,6.533548955228907
3026083,11.777570096522815
3026084,0.23667454395316198
3026085,169.01366635257332
3026086,0.0
3026087,0.0
3026088,2.091706062361211
3026089,43.19122700190142
3026090,0.6102250485547721
3026091,54.42391655969127
3026092,130.87910249202815
3026093,1.0570977607488916
3026094,2.1776134604133213
3026095,64.16494827377257
3026096,29.965629313153634
3026097,465.7231234950166
3026098,11.37163948642158
3026099,1.3834140238639716
3026100,6.909073299137539
3026101,0.6197030093729328
3026102,2.6992375037081375
3026103,2777.4922629400135
3026104,0.0
3026105,272.89163996444614
3026106,5.09555564716426
3026107,1022.6998346004447
3026108,947.5023275361328
3026109,459.81586880041857
3026110,134.04934785056943
3026111,90.9268047698579
3026112,4406.051603551212
3026113,16.25382493768185
3026114,0.898223774014062
3026115,15.456213695248431
3026116,7.4696318762182115
3026117,0.30660149606873566
3026118,269.58885450443955
3026119,1.4625033992659797
3026120,0.0
3026121,4.114679175882059
3026122,29.219780342157108
3026123,2.419545874686645
3026124,264.81097521314314
3026125,251.3468116319802
3026126,1.3561800040746346
3026127,6.044133275260082
3026128,304.32332988819724
3026129,43.02225702524301
3026130,1155.1413575994186
3026131,1.5384553925164184
3026132,12.466521202929348
3026133,4.204471776986487
3026134,0.25452001355559933
3026135,3.7502481410633064
3026136,1766.829351469251
3026137,0.0
3026138,519.8372900814301
3026139,6.8014301732324025
3026140,506.56853313569036
3026141,700.3393947640694
3026142,187.1987178985583
3026143,139.1320452712908
3026144,51.08636459282803
3026145,2606.0853810923422
3026146,10.816768963121103
3026147,0.6741150562105453
3026148,23.16750995183071
3026149,13.852846171084362
3026150,0.36290045195347653
3026151,162.7320878402111
3026152,11.27168092750474
3026153,2.802589796794242
3026154,5.604611324024157
3026155,50.77785548096007
3026156,1.3182490254983366
3026157,85.25830290081551
3026158,137.58162081827336
3026159,4.809798974771153
3026160,5.521243869574207
3026161,142.2704579532518
3026162,56.89059092330745
3026163,1288.9041047642154
3026164,13.483126752527204
3026165,10.290442133912247
3026166,5.479432909498005
3026167,0.22063707669712068
3026168,3.6444190855498224
3026169,2309.638022382712
3026170,0.0
3026171,151.8691163185077
3026172,5.8943291944396545
3026173,888.5481119281176
3026174,349.8313834337918
3026175,267.8681086360869
3026176,52.35161503172913
3026177,52.2748898662834
3026178,3260.53489602468
3026179,32.32011750287864
3026180,1.0489052515788502
3026181,11.365710929615112
3026182,18.367382565896865
3026183,0.06932417097198335
3026184,176.67418977386495
3026185,6.870510903887703
3026186,0.0
3026187,4.038201237179026
3026188,29.44737011781347
3026189,2.333803878513588
3026190,112.55871876206896
3026191,179.58999964382633
3026192,1.1115387596166362
3026193,4.644648105744815
3026194,78.68907592178932
3026195,24.323414195710193
3026196,347.94565514668324
3026197,0.517273754750992
3026198,2.755180836851207
3026199,4.695601927876336
3026200,0.027845293285465835
3026201,6.026230736461607
3026202,2644.591352383269
3026203,0.0
3026204,606.6713281855154
3026205,10.50392457364457
3026206,940.7650094857539
3026207,802.0645737186345
3026208,208.96255688612285
3026209,162.4688270769865
3026210,110.38198310983981
3026211,3811.9410648109856
3026212,42.59423922303661
3026213,0.5935316600086541
3026214,7.256529735516662
3026215,45.8504369549434
3026216,0.37409249803415695
3026217,243.0979889940651
3026218,19.676639449935138
3026219,15.977755497151644
3026220,5.8976951008054925
3026221,69.52667586195902
3026222,5.764423617099501
3026223,478.5998621920461
3026224,221.36587018234056
3026225,8.770516982616863
3026226,9.139428966467985
3026227,425.01992762716696
3026228,83.86595299475347
3026229,3310.274779944807
3026230,0.0
3026231,33.26005043552998
3026232,8.314739467606836
3026233,0.0
3026234,4.3305662831201985
3026235,3153.0323428449997
3026236,0.0
3026237,408.0184129303065
3026238,7.960534366159134
3026239,1643.788806402038
3026240,861.4258020109552
3026241,547.9103812566177
3026242,84.75950433784995
3026243,68.37692902778635
3026244,5272.104086095254
3026245,15.745945365941562
3026246,0.6863211003188814
3026247,20.59439874303281
3026248,16.28912041306946
3026249,0.1166281145165611
3026250,319.5447394640633
3026251,1.8342537407665016
3026252,3.8915341760473083
3026253,4.389413355515141
3026254,43.10950761642911
3026255,0.5686740228700938
3026256,300.061614375239
3026257,307.38623027092274
3026258,4.691403950051497
3026259,3.55804393417276
3026260,251.1514933815088
3026261,39.47623795378844
3026262,711.028709391019
3026263,13.671320746863207
3026264,13.641205217505235
3026265,8.50585787109464
3026266,0.3571571361536501
3026267,3.5301592115862523
3026268,2650.007329224321
3026269,0.0
3026270,396.55166103619365
3026271,6.700089671400947
3026272,1922.6541088205338
3026273,670.4267783937012
3026274,296.1598683254213
3026275,207.99325707695655
3026276,91.01153432589024
3026277,4195.800487411693
3026278,16.86203494037978
3026279,0.8685530767688409
3026280,34.79035448773215
3026281,56.753458362685635
3026282,0.31864818297103104
3026283,297.71357227714213
3026284,2.5967615028926385
3026285,1.1574640070374962
3026286,12.038005573130581
3026287,68.90356287772127
3026288,1.3094221910304993
3026289,107.15073664449281
3026290,262.3985201132713
3026291,3.136789570627148
3026292,4.748983565607769
3026293,151.61267123792103
3026294,136.7638026434082
3026295,1173.762907295547
3026296,9.813630159221406
3026297,6.349024408744995
3026298,4.011657823467041
3026299,0.19795297526287836
3026300,3.511104500676118
3026301,1653.7466318351549
3026302,0.0
3026303,141.27176141586756
3026304,6.522633228545284
3026305,777.5160618950551
3026306,382.0882166874683
3026307,145.27024677951235
3026308,56.136561897005386
3026309,41.83031060294315
3026310,2679.8795231710383
3026311,11.846805145257619
3026312,0.9518691613029373
3026313,17.28372476642219
3026314,18.394089071543974
3026315,0.11091745348716307
3026316,182.63641049042093
3026317,2.9337978695099047
3026318,0.0
3026319,4.579675118166423
3026320,64.98405068221192
3026321,1.0076016893705433
3026322,112.36821007067164
3026323,171.46866300253217
3026324,1.136439988084096
3026325,4.68299739938129
3026326,148.88819914587998
3026327,42.63768143199923
3026328,466.0048669538601
3026329,0.5795924923839028
3026330,2.4891820263059428
3026331,1.7251243670029104
3026332,0.0
3026333,1.096649891241707
3026334,1385.3667698508243
3026335,0.0
3026336,269.92416170655025
3026337,9.037499787384252
3026338,577.6809451456821
3026339,482.0722353887634
3026340,122.33510916560095
3026341,50.687157147920296
3026342,65.7113812183757
3026343,2217.092439159543
3026344,29.706658752640816
3026345,0.5135010428187663
3026346,13.472296259961865
3026347,14.862011275519416
3026348,0.22332196666934606
3026349,129.02279115786112
3026350,11.677762508635734
3026351,0.5216793520282696
3026352,2.8178114083645625
3026353,37.69513767766426
3026354,4.017206813336337
3026355,525.1823545026159
3026356,146.73457653399404
3026357,4.835247467818907
3026358,6.659105171501688
3026359,331.97187197600766
3026360,31.149651600050806
3026361,1568.5815684577485
3026362,0.0
3026363,6.23285869689082
3026364,3.811557670107351
3026365,0.013207239475649907
3026366,4.1892959198902044
3026367,3729.63368796653
3026368,0.0719187418601306
3026369,782.6651128813847
3026370,18.35434314805902
3026371,1258.041461087466
3026372,1347.8539683784004
3026373,282.3424961321118
3026374,260.3467638545296
3026375,180.62401738167173
3026376,4465.97295207217
3026377,37.824647458564534
3026378,1.1007984839776117
3026379,21.118532837157026
3026380,43.03890834917692
3026381,0.15430389864786256
3026382,287.53983913978306
3026383,11.90874317010775
3026384,40.59880714331462
3026385,11.554763224896117
3026386,75.88007564745976
3026387,11.227753346770875
3026388,411.78479762050455
3026389,286.6124113478642
3026390,18.84291832845543
3026391,9.971474582334885
3026392,583.4057541426864
3026393,118.83328816120053
3026394,6088.50793298073
3026395,0.7863808449587688
3026396,25.957365852396695
3026397,2.180656000725608
3026398,0.06489176341226294
3026399,2.44532399262785
3026400,1536.3250409724324
3026401,0.0
3026402,310.52962442225765
3026403,3.9332064444883086
3026404,406.83733074417705
3026405,505.7252379676244
3026406,129.708710539804
3026407,105.22927140085027
3026408,27.623734570655007
3026409,1691.1357647443722
3026410,17.485916241461076
3026411,0.3904405096702882
3026412,11.377202343790266
3026413,13.707851456426583
3026414,0.09631605126717735
3026415,88.43459556837513
3026416,0.0
3026417,27.94257960735814
3026418,1.769730757508201
3026419,93.13216981452973
3026420,3.750720615116602
3026421,206.14796797028774
3026422,93.04056172174383
3026423,5.320620455327681
3026424,5.142458093477308
3026425,170.22068387528805
3026426,34.38510452816825
3026427,2475.9122877795853
3026428,3.260160994277484
3026429,2.4522705063558137
3026430,4.778037753650362
3026431,0.0
3026432,0.1373449231556304
3026433,681.4622165579514
3026434,0.0
3026435,219.928757183554
3026436,5.954638263248581
3026437,498.3011950245377
3026438,260.26181097570196
3026439,84.95509015296595
3026440,37.046288570652074
3026441,31.969198577836224
3026442,1609.1815909272127
3026443,15.01604852568988
3026444,0.8233805716222893
3026445,11.452206984650235
3026446,11.29679350824564
3026447,0.43101691922353114
3026448,87.62442422745048
3026449,0.1573076589226959
3026450,3.9545409149666493
3026451,0.15221921970989208
3026452,19.555166119591167
3026453,0.18442244059787027
3026454,269.59295546250695
3026455,129.46877866958286
3026456,2.8531134738208284
3026457,1.6087149677335062
3026458,137.09653900646816
3026459,22.28910883937783
3026460,965.6073061569123
3026461,1.642256501003966
3026462,2.40698337810397
3026463,4.666530075090876
3026464,0.3268169920137727
3026465,2.190051600584338
3026466,3036.835057298377
3026467,0.0
3026468,603.8994309398201
3026469,12.070836919036472
3026470,910.3474155815999
3026471,961.489724924225
3026472,285.88885432919716
3026473,256.28786648382123
3026474,109.81706346220462
3026475,3845.5308754951734
3026476,23.495523881242203
3026477,2.386818143951022
3026478,23.242363542498172
3026479,24.635355939721826
3026480,0.4884465231810837
3026481,230.89773836753932
3026482,3.503373015963816
3026483,25.68516476305605
3026484,6.739030755922346
3026485,91.06082765531025
3026486,3.0390254688035907
3026487,274.72639454627915
3026488,215.62615069909862
3026489,10.789701203821021
3026490,7.802076781352433
3026491,360.09833086653066
3026492,77.70937965997724
3026493,4148.0645701598205
3026494,1.2965103931569737
3026495,17.57107824506601
3026496,5.430220069953594
3026497,0.0
3026498,3.260203403255092
3026499,2790.0696609723636
3026500,0.0
3026501,582.2353923433194
3026502,15.077569137617072
3026503,1056.089025830394
3026504,879.0287022840287
3026505,362.0373602634626
3026506,212.75590474967177
3026507,53.0369668309761
3026508,4415.89193322236
3026509,13.071117226938306
3026510,1.1396526169047894
3026511,28.170152747640167
3026512,15.616830263022525
3026513,0.9236616547993515
3026514,259.012689032832
3026515,0.0
3026516,7.738130401004392
3026517,6.695885615132312
3026518,31.094295004051276
3026519,0.9798874299512734
3026520,166.92758869443452
3026521,256.71745975978007
3026522,5.624967050588445
3026523,4.3659526537038325
3026524,193.6123223152167
3026525,77.79956340887075
3026526,1241.1874594541443
3026527,16.887998243251168
3026528,0.6900279066470488
3026529,5.969835216936123
3026530,0.5563093568550286
3026531,2.2162211952780426
3026532,2717.849405023439
3026533,0.0
3026534,567.2540667830476
3026535,10.176019894753889
3026536,885.8792427147391
3026537,778.3432341742532
3026538,252.33720443385295
3026539,187.4437863943829
3026540,54.98018765918439
3026541,3617.131634919343
3026542,15.09095175626672
3026543,1.1205703294676632
3026544,23.13962458949301
3026545,12.87168917656087
3026546,0.37042001970298016
3026547,239.9409758140672
3026548,0.0
3026549,6.0650958380707065
3026550,5.73398059419176
3026551,47.08102358203899
3026552,1.3265837974096664
3026553,102.80243875345506
3026554,252.55297930034456
3026555,4.597514964113961
3026556,2.8760304195029884
3026557,164.33922254720488
3026558,56.945604022220806
3026559,879.211138186061
3026560,11.491439838924952
3026561,5.0850473887484355
3026562,10.861547518480617
3026563,1.4503479513396762
3026564,11.520897349982253
3026565,7520.385450841471
3026566,0.0
3026567,1159.1832172973316
3026568,41.45050737881248
3026569,2049.6415920383365
3026570,2067.9967218981315
3026571,322.392947867786
3026572,488.4125072284754
3026573,341.16031961287456
3026574,7710.047275205139
3026575,89.5825835872809
3026576,3.050899211907953
3026577,47.921702570643795
3026578,55.15901890957178
3026579,1.659295885369816
3026580,521.6113430884017
3026581,31.430103193403124
3026582,72.21117856553913
3026583,20.351214386553384
3026584,189.47042845028938
3026585,18.614488056853844
3026586,653.9333541125961
3026587,471.2894833328592
3026588,16.109857992217727
3026589,16.632391576757488
3026590,1023.8680657685584
3026591,195.9868977128848
3026592,10602.984427756797
3026593,1.1332993740943584
3026594,75.37057974203678
3026595,2.610944810073145
3026596,0.48790780598296407
3026597,1.150991364821614
3026598,1336.4261615742569
3026599,0.0
3026600,140.17799044925835
3026601,3.4152460595473584
3026602,960.0346173640111
3026603,305.47650678408957
3026604,110.41905345550695
3026605,113.9782667598273
3026606,43.398447518695505
3026607,2435.9687550285485
3026608,6.2870202138901465
3026609,0.2684979882032789
3026610,9.899791110371524
3026611,8.082250188366597
3026612,0.29773502561421256
3026613,152.18503930146412
3026614,0.0
3026615,0.0
3026616,4.413973020703509
3026617,56.413269398210936
3026618,0.45013023248392714
3026619,56.6157490155314
3026620,83.89347455943174
3026621,1.501584442745039
3026622,4.414408674576316
3026623,103.14960636051283
3026624,15.468159519107905
3026625,427.7339888735922
3026626,6.063970388335347
3026627,3.3694708822640034
3026628,8.395746803433346
3026629,0.04431431309214989
3026630,3.7680507041936706
3026631,3025.8544822680656
3026632,0.0
3026633,467.2139096335571
3026634,8.970278149984798
3026635,1293.8535738237558
3026636,762.5751378376431
3026637,222.5572073238332
3026638,260.0832670881795
3026639,76.80530295916412
3026640,4352.846686806795
3026641,14.925400472953172
3026642,0.19321161313599966
3026643,17.659501001380942
3026644,14.962247608781484
3026645,0.021379047782951337
3026646,269.4505293259159
3026647,1.9045247398589367
3026648,1.6277919150341122
3026649,11.941625801074986
3026650,13.89559753432498
3026651,1.1738748404405452
3026652,294.23232675067874
3026653,258.1085154858522
3026654,4.782226528451224
3026655,6.591887040950254
3026656,112.83970536409836
3026657,63.84788355696437
3026658,1086.1335167657905
3026659,13.584939146110939
3026660,6.353926330744759
3026661,1.2099164409448833
3026662,0.0
3026663,0.775973690943986
3026664,837.3992774766984
3026665,0.0
3026666,106.1152209684505
3026667,2.060336901307101
3026668,946.9286036969751
3026669,179.00298651678085
3026670,81.90819509866976
3026671,170.10905224607046
3026672,12.117729066000123
3026673,2397.5181242854183
3026674,2.3819350543223754
3026675,0.13974678508049165
3026676,8.127546430134487
3026677,2.9769452278415716
3026678,0.1253583748805914
3026679,91.82505689876133
3026680,0.0
3026681,0.0
3026682,0.9482634850716581
3026683,12.459136842869762
3026684,0.3465746513749464
3026685,67.04680922764572
3026686,71.93974327575738
3026687,0.908296534142428
3026688,1.4003129208737242
3026689,48.27954650275496
3026690,10.135426183408855
3026691,133.01580839228987
3026692,7.057497061736496
3026693,1.7225135997787047
3026694,7.9774850811728575
3026695,0.0
3026696,3.1141731364937
3026697,1820.7448600449459
3026698,0.0
3026699,207.1401687312842
3026700,9.666558630144996
3026701,977.6975905048729
3026702,503.2348806703358
3026703,175.49982574573443
3026704,138.3743503940611
3026705,56.48828604736956
3026706,3127.6839011080997
3026707,4.4615707482248235
3026708,1.0316544387489508
3026709,17.34647805257456
3026710,13.688056802024114
3026711,0.09798472740332517
3026712,226.88131128643212
3026713,0.0
3026714,0.0
3026715,15.049074875244138
3026716,20.20235191243764
3026717,0.5859456358291779
3026718,243.03476059685383
3026719,214.55963025061664
3026720,2.095523442847286
3026721,5.971501261319333
3026722,198.6161600525219
3026723,28.561936223722466
3026724,1180.7968704887521
3026725,4.703494551992135
3026726,0.8695653686962133
3026727,3.7534526645034707
3026728,0.32750583122790816
3026729,2.4990005512264855
3026730,1918.8617468160949
3026731,0.0
3026732,603.8633911840269
3026733,4.417152633035269
3026734,770.7351569870407
3026735,728.556111745135
3026736,213.12293393294368
3026737,90.63572819253879
3026738,63.56255753039813
3026739,3514.907797231647
3026740,4.573437318589198
3026741,4.3215566414280495
3026742,11.925025535391521
3026743,36.785026148035065
3026744,0.029545488813933766
3026745,188.413062334129
3026746,2.3660859692520253
3026747,1.8340097147587073
3026748,4.201334416039245
3026749,27.719013785401984
3026750,1.607594561142168
3026751,169.11639496787703
3026752,225.9029600243626
3026753,3.9868929694901536
3026754,6.801239536338459
3026755,140.43863794398018
3026756,31.532800130694767
3026757,587.3619028382334
3026758,16.19290203568312
3026759,5.251490223494353
3026760,3.4470666135814123
3026761,0.02919602601673451
3026762,0.6235997095472445
3026763,1309.523708817151
3026764,0.0
3026765,77.29475765806606
3026766,3.0080310756186477
3026767,447.1084964351962
3026768,215.53736001506692
3026769,80.23012577579843
3026770,138.34231182393881
3026771,16.3083203123781
3026772,1740.1447719402956
3026773,6.418179638082446
3026774,0.6547573311575628
3026775,14.144344757121754
3026776,9.140597752147057
3026777,0.23875449081384773
3026778,99.91853642113279
3026779,0.0
3026780,0.0
3026781,0.37428440536151053
3026782,21.003609670862975
3026783,0.34290237591159095
3026784,174.37650112315785
3026785,91.56038283173453
3026786,0.8183586478319356
3026787,1.2347760921785422
3026788,30.57452391378826
3026789,14.869032288446839
3026790,297.3080648904585
3026791,2.735340370101048
3026792,0.8322274933175591
3026793,5.0274712476194265
3026794,0.016396252271821364
3026795,1.549795321204934
3026796,3089.24510192409
3026797,0.0
3026798,421.48146583714504
3026799,8.776794292385132
3026800,853.7628391694803
3026801,676.8769393242325
3026802,215.6103740878742
3026803,133.3034324502545
3026804,53.5726385582867
3026805,3858.4424553983404
3026806,9.464692759156435
3026807,0.5754595188913266
3026808,28.541590647505796
3026809,8.029008148697896
3026810,0.282870586675457
3026811,210.47588690166646
3026812,0.0
3026813,23.59608785673188
3026814,4.736737443647014
3026815,22.62001575208927
3026816,0.09252911159229525
3026817,206.36241473289758
3026818,212.06354734493908
3026819,2.4966306941894514
3026820,4.226140866697842
3026821,107.5814976829633
3026822,44.42073250993802
3026823,1031.910463598284
3026824,30.488944139609444
3026825,0.9899942198134084
3026826,4.853397763526871
3026827,0.0
3026828,5.795622556854813
3026829,3050.567060850015
3026830,0.0
3026831,564.2427745465549
3026832,8.37735205992467
3026833,1184.6699623035138
3026834,952.6609182806361
3026835,161.60841326679625
3026836,144.27590524135715
3026837,128.2851424279603
3026838,4078.3597414087153
3026839,67.04719507424416
3026840,2.0882712406714345
3026841,26.659977265813232
3026842,36.3006073444112
3026843,0.6122775524132478
3026844,270.89535555472384
3026845,20.390265756681508
3026846,33.501393539808525
3026847,1.812438421625617
3026848,93.58065178341816
3026849,6.797245215508292
3026850,223.77924186248345
3026851,267.1196018576376
3026852,14.067817777938824
3026853,14.973851890475908
3026854,287.611030530502
3026855,60.579115583996746
3026856,4061.3236957040385
3026857,0.0
3026858,13.65076488963984
3026859,7.039295226737227
3026860,0.0
3026861,4.90877895177331
3026862,2386.551235895252
3026863,0.0
3026864,460.0160032385472
3026865,10.517448378099369
3026866,1261.7198162196673
3026867,885.2512433130184
3026868,154.426072749473
3026869,87.46249332203458
3026870,155.0708606235964
3026871,3932.4041917243767
3026872,33.98498812922609
3026873,1.756945467138319
3026874,22.083584952330405
3026875,99.71308819577403
3026876,0.1056728360809221
3026877,334.39195285734513
3026878,18.49213238253357
3026879,18.953782383444032
3026880,10.718810126636688
3026881,136.1496422580333
3026882,7.519501366104419
3026883,192.27435559350653
3026884,430.70970305540413
3026885,8.737394966107717
3026886,11.662176489754861
3026887,140.65347363840755
3026888,65.091960926361
3026889,3258.3673623887994
3026890,0.23381574688259713
3026891,15.731445584721971
3026892,7.980141233437471
3026893,0.019494652220261217
3026894,1.6261233547695912
3026895,3374.667592524394
3026896,0.0
3026897,618.4396945362976
3026898,7.692850820289887
3026899,1885.9575303954996
3026900,683.866240751103
3026901,200.54300973712813
3026902,255.3432117801268
3026903,54.37798497452117
3026904,5626.0137105260055
3026905,34.41809980128829
3026906,1.853584121006549
3026907,22.02810021675858
3026908,16.218950193171388
3026909,0.2660227490294386
3026910,312.89888411888154
3026911,3.53712154522182
3026912,15.148532246754282
3026913,5.352879361150736
3026914,52.85847977198225
3026915,2.300058613985865
3026916,70.99273931042006
3026917,274.65909949719367
3026918,7.40162805440082
3026919,9.091168098985484
3026920,188.5338033175926
3026921,43.44178728624363
3026922,1333.9523525740242
3026923,2.7452057596636252
3026924,15.464474332732847
3026925,3.5161291505733625
3026926,0.27101125815896054
3026927,3.912327781747679
3026928,2146.4811169166933
3026929,0.0
3026930,346.1130057553598
3026931,5.919469635754614
3026932,834.4025835599398
3026933,709.1873007053275
3026934,171.4698862345602
3026935,131.25029309020957
3026936,90.82639627318336
3026937,3180.787452195916
3026938,22.784152653834468
3026939,1.1940868968540432
3026940,11.033949756559444
3026941,11.550533684317873
3026942,0.29815487561018694
3026943,218.18973098333643
3026944,14.625771808773605
3026945,23.435193863510325
3026946,2.4272842139383735
3026947,61.146369737533625
3026948,4.534313129315261
3026949,357.8943522938281
3026950,191.73665011861974
3026951,6.660710921096408
3026952,8.901236815568906
3026953,316.1650384329644
3026954,24.002787878155885
3026955,3091.9844583962667
3026956,0.0
3026957,21.170657043066168
3026958,3.493174595655973
3026959,0.0
3026960,2.714112931262677
3026961,4552.862966877868
3026962,0.0
3026963,373.75700658700305
3026964,11.775778603249051
3026965,2021.444840667468
3026966,811.3108234152809
3026967,289.8074030295603
3026968,168.38042980673768
3026969,66.93627185329541
3026970,5669.9812939238645
3026971,13.90935648392583
3026972,2.454404386522716
3026973,23.076788695591784
3026974,22.412691360925344
3026975,0.20609105311083017
3026976,445.0160754471808
3026977,0.0
3026978,0.11056958717268446
3026979,11.083753013841173
3026980,27.174609354490695
3026981,1.0812111894924321
3026982,140.2083596151544
3026983,347.01389469176496
3026984,3.587791172803279
3026985,10.387412656249206
3026986,167.9017519211242
3026987,61.71984547346724
3026988,1041.7919174794683
3026989,11.713873868502883
3026990,4.914066947511904
3026991,8.645289270719674
3026992,0.055277417145870825
3026993,6.692979573602001
3026994,2524.2103400204765
3026995,0.0
3026996,498.08797863923814
3026997,10.441820099961705
3026998,1537.1575278003927
3026999,759.0084129893595
3027000,240.42279669376884
3027001,147.5986001247736
3027002,120.58650354550213
3027003,4586.227696702577
3027004,42.48817490283801
3027005,1.414114297923212
3027006,24.33692682730856
3027007,39.87775868974552
3027008,0.4704345476201078
3027009,255.41997854946027
3027010,17.552397090460616
3027011,18.957006834136887
3027012,8.146483208893587
3027013,116.81045585333864
3027014,8.658690648964892
3027015,214.44360561849444
3027016,440.88200599477136
3027017,14.20914415865419
3027018,9.05439506559961
3027019,214.09849010452996
3027020,64.86838565793923
3027021,3022.3546428322497
3027022,0.4371101360306359
3027023,8.038506455030381
3027024,3.1572190515648098
3027025,0.0
3027026,4.780404814186658
3027027,2682.0211212674276
3027028,0.0
3027029,468.5081767056985
3027030,10.093295849889426
3027031,862.7362437634747
3027032,857.1278056204708
3027033,169.5912793364901
3027034,146.12438701788278
3027035,118.83610964176981
3027036,3455.041714057122
3027037,41.037943832007215
3027038,0.9001590670776538
3027039,18.73314592620753
3027040,17.67267179970409
3027041,0.22761780522996122
3027042,223.7855743140316
3027043,18.052742353574505
3027044,46.25361587710564
3027045,6.418264902506481
3027046,56.41517490903422
3027047,7.880644000770119
3027048,233.9475787685216
3027049,205.03990453541203
3027050,10.796382717376114
3027051,9.881262498680687
3027052,242.02130454873466
3027053,44.26206271333581
3027054,3407.587211987313
3027055,0.02400123268057199
3027056,14.305223880023496
3027057,3.125046562793873
3027058,0.0831134239611203
3027059,3.842175857993359
3027060,4828.200465997662
3027061,0.0
3027062,532.9793448880467
3027063,15.19462455987224
3027064,1199.242703774143
3027065,731.3028695659041
3027066,243.491293822449
3027067,219.1851077118834
3027068,59.86436210547989
3027069,4665.4323500162
3027070,9.065162023133858
3027071,0.14198160281385125
3027072,6.376634810656533
3027073,16.079999330135568
3027074,0.08047680153996349
3027075,245.8539698365376
3027076,0.0
3027077,8.689063653998996
3027078,2.064925284098247
3027079,45.32868472203337
3027080,3.5038932190232757
3027081,218.265592380747
3027082,294.2037713317411
3027083,2.517954287731545
3027084,2.1962891435284
3027085,241.3818989861511
3027086,122.94276973690046
3027087,1115.157664160515
3027088,12.208021056667818
3027089,1.680758585956356
3027090,13.347118280873909
3027091,0.0
3027092,14.46145510921173
3027093,8367.179762497122
3027094,0.0
3027095,1545.9495950142855
3027096,28.309801934124888
3027097,2681.0338493628033
3027098,2313.381198016106
3027099,501.78890876299977
3027100,608.2812403100407
3027101,416.98781517847067
3027102,9117.731648079334
3027103,109.01410605294986
3027104,4.141357945964565
3027105,92.39447426410227
3027106,120.55840050236492
3027107,0.09302573479112583
3027108,653.9937377924723
3027109,30.379951143502563
3027110,16.594974611635987
3027111,18.556558087544882
3027112,299.89406632439983
3027113,19.155753543023998
3027114,740.1280909320456
3027115,456.99069898770574
3027116,39.52219498560738
3027117,32.91758761788148
3027118,974.2664314518123
3027119,242.70767468873535
3027120,12647.352394259564
3027121,95.97016048000312
3027122,75.7414655570136
3027123,12.129120423996138
3027124,0.0
3027125,10.496460237507343
3027126,7650.471755877745
3027127,0.0
3027128,1115.8051710659463
3027129,25.15035377816952
3027130,2572.7923226816824
3027131,2075.5229247327393
3027132,608.1657943046098
3027133,355.012966629466
3027134,296.7911677680216
3027135,10169.890899320699
3027136,157.47858715606486
3027137,2.0675092817185843
3027138,23.63174944085345
3027139,100.04228582035203
3027140,0.8405855186335344
3027141,625.585363912123
3027142,16.061602558409714
3027143,32.10518371783461
3027144,4.9470140979086565
3027145,181.274087320178
3027146,11.194709519192173
3027147,919.025234027662
3027148,620.3524343339295
3027149,19.77829065533481
3027150,26.29708702390233
3027151,1134.3836202743662
3027152,208.15772395230604
3027153,8170.642499497011
3027154,193.86437094978913
3027155,78.21846631432555
3027156,10.25252722507876
3027157,0.0
3027158,14.204425538699747
3027159,4801.806295361669
3027160,0.0
3027161,851.5791316009023
3027162,14.37046077512013
3027163,2222.9552640479833
3027164,1385.028876335936
3027165,659.7726818013584
3027166,141.41982509757653
3027167,216.35313113040272
3027168,8685.064722002964
3027169,44.24974221567181
3027170,2.520413678047431
3027171,28.38048942260767
3027172,28.1729152271903
3027173,0.16496631940753445
3027174,549.9001473077241
3027175,19.13308898565696
3027176,22.071995001318964
3027177,6.990235651751574
3027178,107.54152863746644
3027179,7.22970984930734
3027180,902.1069528466027
3027181,626.0068380144118
3027182,24.060360670399287
3027183,43.84966364389435
3027184,622.1536729337646
3027185,96.60477258053318
3027186,3346.9174398639584
3027187,122.13093378065858
3027188,31.834844364514982
3027189,13.894249762494866
3027190,0.0
3027191,15.82859582158164
3027192,6926.8644193097025
3027193,0.0
3027194,1090.7626785536033
3027195,17.786942479655067
3027196,2294.654427707841
3027197,1982.9648944268777
3027198,611.7233715614531
3027199,324.62291843567107
3027200,237.33524017971084
3027201,9695.423937758145
3027202,55.64978261469488
3027203,2.3375794796149747
3027204,39.69533177823161
3027205,88.72066402045894
3027206,1.450016345265944
3027207,559.2026689658143
3027208,18.682205697531515
3027209,33.59471064476223
3027210,5.719639465509682
3027211,167.55899562105256
3027212,7.858648684681964
3027213,782.7450672402365
3027214,579.5547246772859
3027215,24.67975581859739
3027216,22.040363158355287
3027217,1007.4274579885516
3027218,148.16385753114068
3027219,7158.743447301086
3027220,144.5205721769876
3027221,58.50559590092496
3027222,11.83690461650705
3027223,0.0
3027224,17.229618424025542
3027225,3459.092584441636
3027226,0.026930998098049243
3027227,657.2557892276873
3027228,11.577970801956177
3027229,1955.483895814903
3027230,1083.3363683973312
3027231,562.6922012062171
3027232,99.97370902292414
3027233,150.62945331521044
3027234,7196.205325260626
3027235,47.845348334127735
3027236,0.7778219894449806
3027237,18.8502275409675
3027238,55.51690369407183
3027239,0.6343101285870619
3027240,524.1255457699996
3027241,12.871909142678467
3027242,6.563923496624749
3027243,2.730928883320076
3027244,97.12325012753918
3027245,3.433928444685851
3027246,737.4577065904247
3027247,622.567960921799
3027248,14.830847837138863
3027249,18.890754394532504
3027250,702.2368050349036
3027251,47.796111223367085
3027252,2211.9090338405977
3027253,100.01823120927142
3027254,13.779488143211628
3027255,12.69433035255174
3027256,0.0
3027257,10.082320560917507
3027258,6295.675862112426
3027259,0.0
3027260,1168.2221476315342
3027261,26.227766117768116
3027262,2050.8292129860088
3027263,2203.51384664134
3027264,401.4788633475159
3027265,494.9772638351598
3027266,359.0987715397586
3027267,7837.911608539541
3027268,83.20169919113056
3027269,2.5447473777568677
3027270,46.76344082698071
3027271,70.68496135246997
3027272,1.1812463056479336
3027273,474.81414014444135
3027274,13.86356960482572
3027275,25.935614060046582
3027276,9.963817128169405
3027277,215.30879045690492
3027278,13.526715596703681
3027279,695.3384731505334
3027280,473.12980402298524
3027281,20.416553620989482
3027282,24.630617444141055
3027283,946.2730930883472
3027284,192.92618209681046
3027285,10587.286208892527
3027286,108.41588328119352
3027287,71.69700806082346
3027288,6.728597960396688
3027289,0.12616982910647215
3027290,5.316756856179556
3027291,1845.1221966285236
3027292,0.0
3027293,363.6178494736774
3027294,19.269036553437775
3027295,999.144650434281
3027296,576.2890070303948
3027297,224.39097647393953
3027298,91.46756692613498
3027299,93.69410126390532
3027300,3041.0074208327615
3027301,46.609854251848176
3027302,1.684645413667951
3027303,22.886401038331975
3027304,22.272170335182267
3027305,0.22218618274970114
3027306,221.79539883642397
3027307,12.815206345671001
3027308,6.360774827980847
3027309,11.264776361178978
3027310,47.6300997387141
3027311,4.733952808918538
3027312,238.42551936103587
3027313,242.55719637226662
3027314,3.107154780852235
3027315,7.517002057231004
3027316,222.56351829026698
3027317,53.34184723945363
3027318,2110.0415520926626
3027319,1.0826063778546196
3027320,9.408822727967292
3027321,8.209884291732806
3027322,0.0
3027323,11.240371363061833
3027324,3875.6798551835705
3027325,0.0
3027326,570.6141094071269
3027327,30.457796013740673
3027328,1650.7167068409158
3027329,1052.1727729934244
3027330,436.1931755405837
3027331,105.05115949115594
3027332,139.9931560631821
3027333,6333.069725717099
3027334,110.6001979122644
3027335,1.6055874706292153
3027336,48.500001973356866
3027337,50.21445481720423
3027338,0.737050320918289
3027339,428.09519245191035
3027340,16.037348628270003
3027341,2.0217544632239797
3027342,2.9426958400016088
3027343,134.23307609296785
3027344,5.924332767593796
3027345,584.026938681991
3027346,466.2089959890706
3027347,11.673881768611606
3027348,19.708724453487832
3027349,365.3629060765869
3027350,66.13490272757213
3027351,2596.917537560502
3027352,111.72754415458755
3027353,19.93456880159887
3027354,8.987615924252829
3027355,0.0
3027356,4.408224898727234
3027357,4757.514334942667
3027358,0.0
3027359,952.1351612016915
3027360,7.887783723119667
3027361,1665.2045050785293
3027362,1749.5541109219482
3027363,266.93465305956414
3027364,381.82574975106303
3027365,255.29840535108266
3027366,5706.197098331052
3027367,48.47826040511725
3027368,1.8799830497696406
3027369,36.057413869360914
3027370,57.82180808203373
3027371,1.3347257687874092
3027372,367.5427167060216
3027373,2.501440745088385
3027374,42.85323380364491
3027375,8.305513625581911
3027376,129.30868421573834
3027377,8.693942873987409
3027378,635.9266425815157
3027379,307.7103859490611
3027380,21.742563742481536
3027381,10.038468228975663
3027382,688.4508333938522
3027383,119.20520404415919
3027384,8563.009532551096
3027385,27.26474907145992
3027386,50.35944817169572
3027387,16.620253066095305
3027388,0.0
3027389,11.403951467037391
3027390,6276.009223306429
3027391,0.0
3027392,1142.3426018665734
3027393,15.114186702733393
3027394,2388.9678772169327
3027395,1645.5010285607345
3027396,504.71659739969726
3027397,299.45826429274695
3027398,452.688962852309
3027399,8536.507251739928
3027400,69.20990628283292
3027401,4.402808361269909
3027402,75.8609496421697
3027403,68.77339064761935
3027404,1.0511772312340881
3027405,512.7680905264
3027406,12.82150171064029
3027407,76.7455150780211
3027408,11.602997381956342
3027409,279.78295735799736
3027410,12.27927286625523
3027411,675.2008863072343
3027412,513.9809210482285
3027413,19.63573767029748
3027414,38.099116281129234
3027415,682.0530008625237
3027416,193.90369981430362
3027417,8202.815304849502
3027418,17.545953361814437
3027419,12.878572935126783
3027420,10.019416184820098
3027421,0.13748097460635636
3027422,3.7969452889780917
3027423,2279.809959375523
3027424,0.0
3027425,505.151178684841
3027426,7.643437145387621
3027427,1184.8476108593177
3027428,567.5729349076207
3027429,233.59243891114363
3027430,102.74133469902564
3027431,107.61694753255023
3027432,3428.26244213004
3027433,18.163362940425987
3027434,1.7915070847006926
3027435,25.046717156937312
3027436,30.44284653958889
3027437,0.065804960116657
3027438,207.1496133786947
3027439,5.354782252595224
3027440,7.327517381312537
3027441,7.542119078385806
3027442,75.10808492280447
3027443,3.5631836173731717
3027444,290.79228445302294
3027445,241.9206482630376
3027446,5.287677708349063
3027447,7.542119294238359
3027448,200.7105553258721
3027449,96.57382194042046
3027450,3245.9480521220416
3027451,0.0
3027452,1.997941166360098
3027453,6.333435109619913
3027454,0.0
3027455,2.2747220262514873
3027456,3034.9661630553574
3027457,0.0
3027458,209.87000159204337
3027459,2.509058247164348
3027460,1101.734200118148
3027461,247.8473254637032
3027462,219.9200838937278
3027463,61.83432537030429
3027464,27.3158597875232
3027465,3367.4027580188435
3027466,6.203077434394269
3027467,0.4878416251148651
3027468,15.427529030391806
3027469,11.425872137028474
3027470,0.12846334952478794
3027471,205.15021214366828
3027472,0.0
3027473,0.0
3027474,3.670099237242609
3027475,17.13958827627965
3027476,1.0087763368234277
3027477,49.31441970070376
3027478,161.56930832485938
3027479,0.11103067556311368
3027480,0.7645105469929501
3027481,55.8523413148956
3027482,95.67014462006
3027483,554.206531248906
3027484,3.7506971176789454
3027485,4.600276604191434
3027486,6.0037105941448665
3027487,0.05654086137639745
3027488,6.619320227765063
3027489,3016.0377337478194
3027490,0.0015531166514427676
3027491,523.151449186123
3027492,11.832295984638932
3027493,1250.535102708718
3027494,896.9054218853555
3027495,308.7463360748069
3027496,172.22653081015397
3027497,132.45064996997365
3027498,4592.6563586212715
3027499,44.9509576158191
3027500,0.6304296869199721
3027501,15.727932443123898
3027502,55.20085818783863
3027503,0.18489113293974802
3027504,308.70642353814776
3027505,16.57905032843609
3027506,11.48960330693863
3027507,10.106502110456395
3027508,74.0837495180985
3027509,5.913656451684479
3027510,418.3889030304319
3027511,302.88876209129165
3027512,9.449647384543676
3027513,12.383530543720665
3027514,480.29817591006946
3027515,61.30214682613083
3027516,3557.432984891522
3027517,0.0
3027518,30.987561597596002
3027519,6.0164681451997435
3027520,0.12059965148781918
3027521,5.2515008313841784
3027522,4296.711309967619
3027523,0.20104575733013236
3027524,777.852990402384
3027525,17.565549575401842
3027526,1317.4680831846129
3027527,1466.0044797892033
3027528,200.82153594262454
3027529,317.5046207489927
3027530,226.82340985540566
3027531,4525.634905592464
3027532,57.777692899592026
3027533,3.2270686908673354
3027534,29.089079654993007
3027535,35.671179458487444
3027536,1.261458466971632
3027537,276.5046813897003
3027538,17.023589454955637
3027539,49.13877854045077
3027540,7.938936073309307
3027541,145.0196141956067
3027542,8.643568254774303
3027543,482.22128479116634
3027544,280.09001110680106
3027545,9.555638259163361
3027546,13.649373549282814
3027547,701.7437753688425
3027548,125.07708380941408
3027549,7517.457700660769
3027550,0.4182524257933792
3027551,49.63141301893165
3027552,5.760598165199081
3027553,0.24686070770407312
3027554,8.91018062664824
3027555,4127.727153682357
3027556,0.0
3027557,805.8536259670483
3027558,20.753118378223483
3027559,1271.4895356317022
3027560,1378.1951402993047
3027561,259.863940075447
3027562,319.3449036622145
3027563,158.61771989852687
3027564,4824.739232185682
3027565,41.91026368254309
3027566,4.504739492055706
3027567,41.01129683557753
3027568,57.786085823825886
3027569,1.2317785090972535
3027570,327.9816971485165
3027571,22.733215981832355
3027572,44.077603800935236
3027573,18.205914589918187
3027574,121.39033040106786
3027575,13.449820312468471
3027576,384.19240902603894
3027577,301.48699497520164
3027578,17.45230933747092
3027579,21.514463103801752
3027580,533.8866479468128
3027581,122.04572093547216
3027582,6638.912032159384
3027583,0.42107179619485907
3027584,39.950136678453006
3027585,11.662356554784555
3027586,0.3521008435974736
3027587,6.529799867886636
3027588,2919.584620931664
3027589,0.0
3027590,453.43930085072327
3027591,17.18127775342933
3027592,1513.3477931515279
3027593,827.3090382944961
3027594,488.2854269005154
3027595,159.44616005283078
3027596,81.72392262634139
3027597,6299.997649748601
3027598,14.213254611573102
3027599,1.3584636641026366
3027600,10.10147528270441
3027601,34.22698339828349
3027602,0.31273930087285046
3027603,398.9706327782566
3027604,11.326435023319142
3027605,3.7134049131693083
3027606,5.147415043489417
3027607,39.97212906626744
3027608,1.9354967401894552
3027609,322.94030245756073
3027610,405.555990714324
3027611,8.751581814307544
3027612,6.98755327841602
3027613,358.35389006356434
3027614,93.64496417001679
3027615,1174.91702529205
3027616,40.8205362932542
3027617,16.668337889743864
3027618,5.51854560311794
3027619,0.0
3027620,3.363055393862986
3027621,2027.286290427213
3027622,0.0
3027623,340.1383282939479
3027624,19.71311333707084
3027625,678.3245074405423
3027626,661.0725920809838
3027627,117.55507647387184
3027628,123.03034365504435
3027629,142.95299240137535
3027630,2478.3754263751225
3027631,26.205658898338655
3027632,2.0251313683880645
3027633,25.12339768620255
3027634,25.199048573861344
3027635,0.9948290705528994
3027636,164.11534235687495
3027637,11.599514628471418
3027638,15.57458786057898
3027639,8.991875128589962
3027640,99.65977406740838
3027641,5.8115531941813785
3027642,282.23343244561784
3027643,134.61732796902908
3027644,4.9600108033080215
3027645,8.943066889964383
3027646,293.70145220179637
3027647,58.806125219075845
3027648,2176.7080553177843
3027649,0.1432626156554234
3027650,22.44921996164
3027651,1.8525061817283182
3027652,0.0
3027653,2.020301146050833
3027654,1149.135638507415
3027655,0.0
3027656,82.55003990795652
3027657,2.350224575974932
3027658,813.8321047909112
3027659,232.7370855448178
3027660,227.51957403918567
3027661,24.0569105705909
3027662,29.810689017728393
3027663,2407.3490255031525
3027664,5.08189058783938
3027665,0.40796432689681544
3027666,12.315181556147483
3027667,7.321967697587379
3027668,0.1449874606570546
3027669,149.18467203378634
3027670,0.10484406414050797
3027671,0.0
3027672,0.8851893969604201
3027673,11.493282258594531
3027674,0.390311421595224
3027675,213.95742333661826
3027676,160.04393430772095
3027677,0.5133950989269378
3027678,3.1885723557509267
3027679,123.50367492904614
3027680,19.997838191658268
3027681,211.63192933556743
3027682,0.29020849214447003
3027683,0.9394473277152815
3027684,7.376953122678423
3027685,0.3463227466484074
3027686,3.5702878860257847
3027687,4250.085152957507
3027688,0.0
3027689,605.3068380088118
3027690,11.305668839270492
3027691,1781.8480763387447
3027692,578.9512689702656
3027693,470.39825760555084
3027694,207.9148563836736
3027695,79.65576431257375
3027696,7253.509820110404
3027697,39.260495548264416
3027698,1.1852517413188297
3027699,13.120104760361
3027700,18.951938791390965
3027701,0.32040378437272077
3027702,496.810399876346
3027703,11.422083138574338
3027704,0.5906972471488632
3027705,9.174806895343474
3027706,57.45580190521367
3027707,1.9711629641976354
3027708,953.683839167324
3027709,377.85414456221713
3027710,3.1099424498021455
3027711,13.786653752022946
3027712,292.9437634568233
3027713,96.96016109031393
3027714,1196.552395272811
3027715,9.214288423369672
3027716,7.258422221116469
3027717,5.5363082714384495
3027718,0.0
3027719,1.4221056099937608
3027720,1534.3770413853558
3027721,0.0
3027722,155.16131760880938
3027723,10.29293207922944
3027724,1034.1291779307394
3027725,382.0646010475759
3027726,208.0612321260651
3027727,58.25637639652296
3027728,40.03699343090563
3027729,2919.441920516494
3027730,10.115581753866445
3027731,0.44639161907956393
3027732,14.175454372569924
3027733,17.728590884745866
3027734,0.2991318543234575
3027735,172.87987868113146
3027736,10.41485978608867
3027737,0.0
3027738,4.992176815259845
3027739,42.218396282465754
3027740,1.3840329770552824
3027741,240.30779044808966
3027742,167.49927467961012
3027743,1.7566202367478765
3027744,6.369110844633259
3027745,158.46803437235621
3027746,28.217131160111528
3027747,331.8717242118034
3027748,1.075700116925025
3027749,4.335268829687024
3027750,5.045834864398014
3027751,0.0
3027752,4.648332562163115
3027753,1472.6248407447185
3027754,0.0
3027755,111.88857477262538
3027756,5.393235930767347
3027757,926.9122856270635
3027758,239.33563586663746
3027759,128.5432976252266
3027760,33.76906350083634
3027761,30.9958266703925
3027762,2823.5578613398643
3027763,14.740891012817386
3027764,0.0
3027765,10.720279557871361
3027766,9.272446657499506
3027767,0.05248014132794633
3027768,139.79174922958532
3027769,2.5747210719378635
3027770,0.0
3027771,3.721307794193129
3027772,32.792116368988644
3027773,0.8834948205969109
3027774,186.39035507758894
3027775,166.42486397822657
3027776,0.6254081728183453
3027777,6.378625914866454
3027778,95.61436571060892
3027779,14.27874713364748
3027780,169.15151688480887
3027781,0.6374222715713748
3027782,2.4823621284081216
3027783,3.4715226011988407
3027784,0.0
3027785,3.0018861885149595
3027786,1368.9822074629246
3027787,0.0
3027788,142.81542363007634
3027789,8.39575518356061
3027790,1691.0796983380874
3027791,341.89709431231586
3027792,257.5494935947456
3027793,25.900799371894184
3027794,45.581792056602055
3027795,2970.2418073435374
3027796,13.832404417334912
3027797,0.7772814902011703
3027798,21.88094087453818
3027799,21.99805984213776
3027800,0.13715778958625877
3027801,202.524212219976
3027802,2.5280060851738626
3027803,0.0
3027804,4.101577806134193
3027805,14.09291214507956
3027806,1.7300680395841914
3027807,377.5924931794921
3027808,233.3098587840186
3027809,1.3612082556363532
3027810,3.5157374522561176
3027811,72.2771749942482
3027812,95.15845313349965
3027813,362.40177403985746
3027814,1.1237548202609386
3027815,5.133748625823032
3027816,3.0541061949615464
3027817,0.3656181984912361
3027818,4.635851349857607
3027819,1659.2267120818617
3027820,0.0
3027821,150.4346525602736
3027822,1.8396902209581516
3027823,980.5295931825895
3027824,326.3099811296211
3027825,259.0299861379923
3027826,70.19767493157333
3027827,70.65043599016015
3027828,2752.679612147115
3027829,10.956957776373125
3027830,0.9790913866366695
3027831,12.510285939283495
3027832,17.62717217496664
3027833,0.11736561213616281
3027834,219.8440196955023
3027835,8.471309532174367
3027836,0.0
3027837,4.9422639790297564
3027838,25.082828519960593
3027839,1.1439379709517483
3027840,155.46384379766656
3027841,190.87693549282199
3027842,0.8532794137028651
3027843,4.968632438638724
3027844,100.40942448786204
3027845,40.043265878373845
3027846,541.056112176123
3027847,0.5566750450024671
3027848,5.454387425418735
3027849,3.2092585974174224
3027850,0.2621128014765309
3027851,2.212070833347651
3027852,1126.2759550290345
3027853,0.0
3027854,127.23010491228395
3027855,5.345920738397856
3027856,1196.3405333767153
3027857,205.6518220294397
3027858,129.99952122221265
3027859,120.70093764573996
3027860,26.685585102788515
3027861,2237.4285560290186
3027862,6.735973450660571
3027863,0.43058333036736257
3027864,7.534227194783961
3027865,14.407649955319867
3027866,0.20519829799196518
3027867,160.25586830321572
3027868,0.0
3027869,0.0
3027870,3.141329614295649
3027871,54.31915523492405
3027872,1.1799706737488014
3027873,48.98271989869465
3027874,122.0583000490266
3027875,0.7634615861721817
3027876,2.8860547306283277
3027877,59.14731872726663
3027878,29.99434448497652
3027879,418.4822703457338
3027880,10.751288401189033
3027881,0.8923701255785945
3027882,6.190672220785205
3027883,0.5793494382499559
3027884,2.2093524252357515
3027885,2566.98944065222
3027886,0.0
3027887,241.3259379988108
3027888,6.072487392808603
3027889,954.0872165970325
3027890,581.1408707688809
3027891,422.56120503214305
3027892,135.60469743502443
3027893,88.28881355473625
3027894,3976.886101373667
3027895,17.394313761749057
3027896,1.1232678182240052
3027897,16.121418048746214
3027898,14.668007151733939
3027899,0.12357041082776454
3027900,242.73081834585042
3027901,2.014434560075494
3027902,0.0
3027903,5.856455318324263
3027904,37.54081822054699
3027905,2.636237358641035
3027906,296.84960359108084
3027907,223.48339403432908
3027908,1.89573242727074
3027909,6.466133449500267
3027910,283.2652503985897
3027911,40.58155405318682
3027912,1098.6528443239013
3027913,1.6133170450545857
3027914,13.172818662006977
3027915,4.10408190123417
3027916,0.3570472717683952
3027917,4.04507754639285
3027918,1753.2816978595167
3027919,0.0
3027920,513.5507848706949
3027921,8.276025109711988
3027922,517.3864277119498
3027923,508.9227669903938
3027924,188.298804546418
3027925,129.9672856108739
3027926,52.93292526830886
3027927,2600.1297040008358
3027928,12.088050668932034
3027929,0.7798118184243927
3027930,18.770924350854795
3027931,11.39834561489717
3027932,0.46029475620295
3027933,164.8786402552653
3027934,8.65853965096652
3027935,3.3133177265919067
3027936,3.70001825982154
3027937,75.67842793769971
3027938,1.747665577192367
3027939,280.19279504326767
3027940,122.45969342339376
3027941,4.66534940082741
3027942,4.543006184496196
3027943,151.42138666472104
3027944,49.8573159177286
3027945,1242.1926957918283
3027946,15.074601650500917
3027947,11.240855140808007
3027948,5.736473087165842
3027949,0.23606567977006762
3027950,3.2423859164615436
3027951,2185.6587339392513
3027952,0.0
3027953,143.24601216569542
3027954,6.539893873103565
3027955,803.8903396263278
3027956,290.2997979243522
3027957,234.34159272243417
3027958,53.1195126814504
3027959,46.248081622400655
3027960,3002.8118909855775
3027961,31.831000355290886
3027962,1.4384714591775203
3027963,19.459439197615346
3027964,15.733479519472784
3027965,0.17285513389094792
3027966,161.43591415602796
3027967,5.9272492560930745
3027968,0.0
3027969,3.1949866371824673
3027970,41.22567414160176
3027971,1.3533632628896164
3027972,130.5803804632058
3027973,164.95193032259695
3027974,1.2161688164557594
3027975,4.452482313983287
3027976,204.35190700766134
3027977,20.22020277652687
3027978,376.20587806006426
3027979,0.7446793934066267
3027980,3.5411570116012356
3027981,5.747390984019365
3027982,0.12258543290411275
3027983,5.216257127886096
3027984,2244.9085932320445
3027985,0.0
3027986,517.007286358863
3027987,10.890089342914782
3027988,834.5671365940289
3027989,656.6641163351366
3027990,178.66026694361312
3027991,134.56070368754382
3027992,86.30177758618764
3027993,3267.1081228708017
3027994,37.92587526510481
3027995,1.3443415989973773
3027996,10.339266394363195
3027997,36.84161144105756
3027998,0.3653542265707983
3027999,206.2501145666856
3028000,17.505340062918854
3028001,10.141079935086003
3028002,7.065094089032762
3028003,79.06027122147206
3028004,5.388567904558806
3028005,402.43692975854754
3028006,186.85158416407472
3028007,9.032712471772184
3028008,7.874039656440945
3028009,356.5877693860696
3028010,72.17413283266619
3028011,1739.7690232482548
3028012,0.0
3028013,25.25519994867016
3028014,9.059712894641395
3028015,0.028756588153630566
3028016,3.9346982042601795
3028017,3325.5514420792997
3028018,0.0
3028019,403.3572249664862
3028020,7.743380195613816
3028021,1674.3855487584183
3028022,633.0347031713802
3028023,580.1924575849835
3028024,82.59581519059613
3028025,74.0562192359885
3028026,5486.620724836518
3028027,17.803296768560205
3028028,0.7452712505892777
3028029,18.839701973227264
3028030,16.636646294281114
3028031,0.05835530313955915
3028032,339.5794363385208
3028033,0.5562579012400711
3028034,3.7692163940381347
3028035,4.563808594262517
3028036,49.7167245365199
3028037,0.66057567047863
3028038,693.0447712696334
3028039,319.0309271402145
3028040,4.856450144085389
3028041,3.5807255569993233
3028042,266.2966097614309
3028043,38.46168213341863
3028044,750.1648437730101
3028045,12.853724042572324
3028046,12.421411594824065
3028047,10.320595558045143
3028048,0.4287210209236797
3028049,3.581374908784122
3028050,2537.827834497121
3028051,0.0
3028052,347.67825448388413
3028053,6.190612747091628
3028054,1783.7777520219422
3028055,470.8991984695009
3028056,272.03282433594444
3028057,219.2552720576803
3028058,83.4784911280836
3028059,3838.7029784618885
3028060,15.330685574565637
3028061,1.0118454251548579
3028062,38.88211104034909
3028063,36.44330950598972
3028064,0.35762232464697685
3028065,285.43615652760764
3028066,3.6543139717931488
3028067,0.5956760759726535
3028068,11.193737422670322
3028069,82.08532060096096
3028070,0.9053186885066296
3028071,122.66788278725954
3028072,247.56624670512429
3028073,2.4050108024110006
3028074,3.6549558061133394
3028075,134.92807913337083
3028076,134.5805066146143
3028077,1037.3175591029167
3028078,8.396950946911396
3028079,6.611428998342759
3028080,5.123143086430634
3028081,0.19965496818522488
3028082,2.7963299432927493
3028083,1673.6346806243637
3028084,0.0
3028085,132.87006711830117
3028086,9.018702682102013
3028087,753.3170768870697
3028088,312.5279268986484
3028089,133.57746011658224
3028090,54.718461115186386
3028091,52.52020146627193
3028092,2702.8720543594104
3028093,12.112135451031111
3028094,0.5933755894667336
3028095,19.801978246711293
3028096,17.527010794128458
3028097,0.08964900895213784
3028098,168.0796853015626
3028099,2.914111528577178
3028100,0.0
3028101,3.514539737785077
3028102,79.95447202992226
3028103,1.4728879744543935
3028104,114.05972480999277
3028105,150.46101384683922
3028106,1.3008388764513732
3028107,5.173092040253048
3028108,139.1459385109743
3028109,33.13830656990633
3028110,457.083051795222
3028111,0.7915591828834685
3028112,3.058488983609689
3028113,1.8094196142139896
3028114,0.0
3028115,1.4597344617879553
3028116,1201.587034356705
3028117,0.0
3028118,236.44926257206077
3028119,12.581812325730468
3028120,496.92017571041436
3028121,441.55189257533186
3028122,111.3493890059542
3028123,44.92254876854031
3028124,73.03560043901219
3028125,1975.036162906324
3028126,35.70359964989786
3028127,0.5294111200649488
3028128,12.777233274171806
3028129,13.303682254617218
3028130,0.26636031905772956
3028131,111.73569940398959
3028132,9.170456141146484
3028133,0.7668032223522928
3028134,2.5896882876532388
3028135,50.68916898050599
3028136,3.628154353444926
3028137,914.232963482036
3028138,131.01811814971234
3028139,3.8330313480404605
3028140,5.5624256247505235
3028141,247.54362510124554
3028142,26.989054516742055
3028143,982.8080322175048
3028144,0.0
3028145,6.297171636716402
3028146,3.957165684732046
3028147,0.15321688172391484
3028148,3.182453237128797
3028149,3087.4106877425143
3028150,0.03251406908416213
3028151,642.723782034528
3028152,20.84326509924636
3028153,1076.8377704155805
3028154,1109.3453879802207
3028155,243.02809833293398
3028156,199.02036926320736
3028157,151.44452821037208
3028158,3879.707285818756
3028159,39.64908338957817
3028160,1.1410549918453563
3028161,20.397706131441943
3028162,42.62394582065959
3028163,0.08487262262124091
3028164,239.00223493720023
3028165,9.893580258351488
3028166,28.452043290837473
3028167,10.82395938915069
3028168,81.8942309048047
3028169,11.114667920224932
3028170,342.6982500100916
3028171,242.0148607686192
3028172,16.896523098532516
3028173,9.496969157113957
3028174,460.3483204918456
3028175,95.02964765836457
3028176,3080.2961456586654
3028177,0.9723254363839902
3028178,19.132768674980248
3028179,3.011085774800919
3028180,0.10094564322453811
3028181,2.4494957613141555
3028182,1532.2715441445114
3028183,0.0
3028184,273.02462802346696
3028185,4.985220732037859
3028186,365.4040086775161
3028187,431.8329538002644
3028188,115.2971857623275
3028189,102.45806628865606
3028190,33.92671214877088
3028191,1462.3963200714659
3028192,16.903534595147903
3028193,0.319665767885584
3028194,11.369058802347896
3028195,16.89842390033973
3028196,0.4525567316919474
3028197,76.34766952698266
3028198,0.0
3028199,14.955495019847124
3028200,2.019983946202716
3028201,120.10285261356005
3028202,3.558881376278882
3028203,159.39681516116093
3028204,75.41922744354116
3028205,5.324786236430984
3028206,5.001651166799294
3028207,137.63778702849294
3028208,26.855589262012554
3028209,1128.920280852352
3028210,0.9854976660904214
3028211,2.126175378981602
3028212,3.6753783218332847
3028213,0.0
3028214,0.22114200079763605
3028215,478.6054910004629
3028216,0.0
3028217,181.74313353452425
3028218,4.970016094403834
3028219,407.8107279781827
3028220,211.39135623575433
3028221,71.70733806861764
3028222,30.877361788340387
3028223,30.571476202460822
3028224,1382.6555349762762
3028225,12.571213247264664
3028226,0.40176963282659933
3028227,7.005112862600326
3028228,9.92896379704324
3028229,0.5130897769552979
3028230,76.03214477058839
3028231,0.10906614615061615
3028232,3.300966511215314
3028233,0.7687003190582793
3028234,19.99811160402782
3028235,0.14989084397537572
3028236,225.69545841782525
3028237,162.89719130809223
3028238,2.5636182023014555
3028239,1.5022821563633109
3028240,117.95328343022564
3028241,16.776008232741056
3028242,340.77049944323335
3028243,2.10507500857316
3028244,1.8044750864073291
3028245,4.716803442715424
3028246,0.11642635907412542
3028247,1.2164565619253787
3028248,2389.58730923314
3028249,0.0
3028250,448.6781092337118
3028251,14.400072016365671
3028252,680.5204158877735
3028253,720.8279819187453
3028254,236.91939267642854
3028255,195.97972814704593
3028256,93.67654259985534
3028257,3042.526476015295
3028258,20.724587928152054
3028259,2.3035862497726547
3028260,19.738074721145647
3028261,21.95869058089572
3028262,0.42592139735160794
3028263,178.86837012732155
3028264,2.800296716353107
3028265,16.69700327847575
3028266,6.291103746596488
3028267,111.36860937501771
3028268,3.0585382162790666
3028269,213.29956040528026
3028270,168.22760387162393
3028271,9.57407459220831
3028272,6.507966055703534
3028273,275.93273213147404
3028274,57.636150073542346
3028275,2018.8311091776516
3028276,1.7838312573265294
3028277,9.92609117108471
3028278,7.36605163179239
3028279,0.0
3028280,3.6477555702136533
3028281,2933.8038221039183
3028282,0.0
3028283,546.2522535399812
3028284,13.842845802115919
3028285,1151.7284731650125
3028286,726.2833387245997
3028287,364.95091610612263
3028288,213.72363836452783
3028289,50.6436975121386
3028290,4544.00458889287
3028291,13.573226175440116
3028292,1.2336065435650418
3028293,32.37864942626928
3028294,18.71520364930253
3028295,0.7590790845924977
3028296,261.09916590178597
3028297,0.0
3028298,6.382607590750939
3028299,5.975100603954551
3028300,56.390006888256906
3028301,0.46657925316358295
3028302,336.9263006952151
3028303,284.47045623295656
3028304,5.302975877834457
3028305,3.495135562122234
3028306,198.80184374372766
3028307,74.61466456021729
3028308,1189.8350147446774
3028309,11.96264680557002
3028310,1.0706998209289524
3028311,3.9828695581062474
3028312,0.0
3028313,2.149207826963555
3028314,2641.363954287142
3028315,0.0
3028316,545.5182722671811
3028317,13.533285239726881
3028318,859.648498192701
3028319,576.4014535124287
3028320,242.19876998483846
3028321,185.80779408951958
3028322,58.810896248225895
3028323,3576.917386559232
3028324,16.89170338417887
3028325,1.0446277577261345
3028326,25.270543711394144
3028327,13.485840386220255
3028328,0.22685370530493496
3028329,226.12770778145682
3028330,0.0
3028331,5.73651954294724
3028332,5.584601001100006
3028333,77.6412503944061
3028334,1.6439375462038346
3028335,139.47100793093313
3028336,221.52909554314314
3028337,3.677851438412945
3028338,2.2876427738569465
3028339,159.19552932351908
3028340,51.884499405023334
3028341,831.8529962786095
3028342,10.592673868158103
3028343,3.9659864868782093
3028344,8.433614012685547
3028345,1.2105727989123143
3028346,9.139687504128279
3028347,6393.7104414083315
3028348,0.0
3028349,958.7004229870884
3028350,74.16577747283667
3028351,1665.7321407705836
3028352,1610.372564457378
3028353,283.5107046915347
3028354,391.26570310526165
3028355,289.7720706238079
3028356,6523.8288665930995
3028357,77.4984749010775
3028358,2.8081153692698586
3028359,51.45204259427966
3028360,47.04312484239517
3028361,0.9974498081678616
3028362,404.2801201781551
3028363,26.503596218843263
3028364,41.786727792725024
3028365,17.965352817740374
3028366,219.5682887898378
3028367,22.33495261261564
3028368,557.211587970882
3028369,368.0601660686787
3028370,13.874184123500884
3028371,15.704437712943712
3028372,827.1273818031204
3028373,177.42419029028113
3028374,5707.35804742534
3028375,0.996887763301073
3028376,59.657106488225146
3028377,4.447430970066882
3028378,0.4232032775718942
3028379,1.341038603240727
3028380,1420.3366791422227
3028381,0.0
3028382,147.60594044763775
3028383,4.153208084685947
3028384,1098.087318912371
3028385,241.92446335928452
3028386,100.58245327537564
3028387,130.25868191684015
3028388,43.306282961509744
3028389,2519.038327501525
3028390,5.939679421713201
3028391,0.8241369028069697
3028392,10.266279616152607
3028393,8.59733553428229
3028394,0.2997954874633672
3028395,166.49201184551538
3028396,0.0
3028397,0.0
3028398,3.018403955519202
3028399,65.07247898512988
3028400,0.6129701159458598
3028401,157.39202518697238
3028402,93.7979481713311
3028403,1.7815220851854467
3028404,4.688081108999615
3028405,108.50041363498094
3028406,22.640299471687566
3028407,507.8006265933116
3028408,5.682011794455445
3028409,4.6570743600567335
3028410,7.745897144078688
3028411,0.16216716113891946
3028412,3.7213684209705558
3028413,2954.1650320428216
3028414,0.0
3028415,485.8794466756691
3028416,9.430537753819628
3028417,1372.223478059829
3028418,578.5142796925666
3028419,236.23669487856517
3028420,292.68332143345003
3028421,89.57000538202078
3028422,4494.845497979401
3028423,15.59097575185743
3028424,0.34946163942798913
3028425,27.407456109166425
3028426,16.42062700301415
3028427,0.0
3028428,280.07933609958025
3028429,1.649514944249198
3028430,2.0705920087416514
3028431,10.337940307587603
3028432,16.53327337364669
3028433,1.0243776347297344
3028434,665.8043209747718
3028435,262.76592147340557
3028436,4.617261218055041
3028437,6.265099965942934
3028438,160.50151857954324
3028439,56.08500379733353
3028440,1225.9625656696849
3028441,18.30411656293275
3028442,5.7431613718902845
3028443,1.913756189641417
3028444,0.0
3028445,0.8812392603508815
3028446,826.8667223654996
3028447,0.0
3028448,121.44694554052164
3028449,2.936172805224127
3028450,1489.6904637101718
3028451,137.97628801212005
3028452,84.07810916971134
3028453,205.61908673017516
3028454,14.132317165946128
3028455,2001.0212469158491
3028456,2.3948531914343176
3028457,0.12175976864417627
3028458,8.084443284491382
3028459,2.548813430004385
3028460,0.09640221328856718
3028461,93.53156968350878
3028462,0.0
3028463,0.0
3028464,0.8960631038891982
3028465,31.07267263489635
3028466,0.3418074605302005
3028467,121.41029585336004
3028468,77.69956539730993
3028469,0.7545767200574404
3028470,1.3556486686834521
3028471,53.666255198635135
3028472,10.066118895672554
3028473,164.01719091283317
3028474,8.313819863667154
3028475,1.6116290136689475
3028476,8.157576278579908
3028477,0.0
3028478,3.2847074545457584
3028479,1785.971456871672
3028480,0.0
3028481,203.36216427288326
3028482,12.971329458361279
3028483,936.0048874915979
3028484,338.05217423504826
3028485,175.37154403846287
3028486,146.6931833806588
3028487,62.879235959730146
3028488,2846.4190175605045
3028489,3.907603813075553
3028490,0.9158411847109309
3028491,17.62727297346791
3028492,12.1112142102895
3028493,0.35624182136788585
3028494,208.55512459084474
3028495,0.0
3028496,0.0
3028497,14.57227162490023
3028498,24.956986116896875
3028499,0.5380713545919178
3028500,403.9664541683103
3028501,198.63965814027446
3028502,1.9553596662817487
3028503,4.84064917828917
3028504,199.22869285602545
3028505,26.597544346016377
3028506,1159.2974089409847
3028507,4.657636647682879
3028508,1.748673276323768
3028509,3.6417434583361823
3028510,0.15825595077901042
3028511,2.471394125047626
3028512,2026.7961323259424
3028513,0.0
3028514,603.3046685123832
3028515,5.837909867393789
3028516,827.8070805475053
3028517,489.85747118717774
3028518,212.34575245828358
3028519,97.92370636020007
3028520,65.49083915516759
3028521,3745.816129094948
3028522,5.233289483809652
3028523,5.461345917231117
3028524,0.0
3028525,35.781357402080396
3028526,0.19402825282191313
3028527,181.80633928990113
3028528,1.8796527673607912
3028529,0.6992279553641374
3028530,5.707483959778053
3028531,31.881501687232145
3028532,1.7356040434013595
3028533,237.6360625129726
3028534,210.61240218256066
3028535,4.627192848366579
3028536,7.343503323782778
3028537,134.27847974460752
3028538,34.45426062048198
3028539,578.9803691641023
3028540,14.754808867000925
3028541,4.808383210284605
3028542,3.8455587012223487
3028543,0.0660762783165767
3028544,0.5877243783832925
3028545,1284.9681226356815
3028546,0.0
3028547,85.67109975363802
3028548,2.243480502320993
3028549,446.825283244517
3028550,164.65280843342927
3028551,85.00253476768896
3028552,149.03356751800726
3028553,20.807206935900062
3028554,1786.1215866610926
3028555,5.534120941891626
3028556,0.4213034653938373
3028557,16.962413445896175
3028558,8.922233137095276
3028559,0.17403600034923716
3028560,98.27320903935751
3028561,0.0
3028562,0.0
3028563,0.7139187205044217
3028564,39.63138407821033
3028565,0.5103873566166863
3028566,328.82573901852646
3028567,89.75455584114893
3028568,0.7329518581357111
3028569,1.0101897512115345
3028570,67.8652431062917
3028571,13.964502493273168
3028572,344.81362954702917
3028573,3.790507950802156
3028574,0.8903259273045808
3028575,4.8887432103238515
3028576,0.07762792258356083
3028577,1.4721093435235055
3028578,3145.013660439116
3028579,0.0
3028580,431.9981615979259
3028581,11.495047098857139
3028582,886.820177155985
3028583,526.6751333111488
3028584,201.25574072905357
3028585,165.67065393174914
3028586,69.82247738608712
3028587,3906.312460611169
3028588,9.42082079415203
3028589,0.29420878533848754
3028590,23.808451382937886
3028591,7.897634112934479
3028592,0.15475081748882957
3028593,208.46326912013805
3028594,0.0
3028595,28.494325232393813
3028596,3.8862864720160752
3028597,26.10002294688182
3028598,0.305253404857251
3028599,396.42647485829383
3028600,231.93326500934538
3028601,2.7923718379269578
3028602,3.1388632401862253
3028603,122.68001321224767
3028604,40.08326035790002
3028605,1053.7546892586358
3028606,35.221316264973446
3028607,1.087380906612291
3028608,3.2577128509518003
3028609,0.0
3028610,5.092362089489895
3028611,2449.975129377121
3028612,0.0
3028613,467.901294381092
3028614,10.574548286997706
3028615,943.3555274265607
3028616,784.6689853278426
3028617,143.94182666433974
3028618,121.76541773112382
3028619,117.54359915878194
3028620,3419.9301801126985
3028621,59.68315571934733
3028622,1.852354349470059
3028623,21.623078201025397
3028624,33.46599938019752
3028625,0.20801266638946853
3028626,217.04503168728996
3028627,15.701325270594856
3028628,20.431190312656028
3028629,2.1657259157039093
3028630,98.76432514723636
3028631,8.252734999420854
3028632,212.13855961913808
3028633,202.10007882501213
3028634,12.545834047542233
3028635,13.083297089807685
3028636,242.2577435816136
3028637,55.41824826909571
3028638,2188.0129579481318
3028639,0.028348898175189402
3028640,11.634954216965891
3028641,7.138366252533351
3028642,0.0
3028643,4.177939083003596
3028644,2093.0688918872092
3028645,0.0
3028646,351.9954597106446
3028647,13.784577130465987
3028648,999.0836743940699
3028649,648.1098919802166
3028650,132.35533155515523
3028651,65.21251138822716
3028652,98.0305875930076
3028653,3199.303033217237
3028654,27.674774831068238
3028655,1.7009222448302754
3028656,17.946245211496194
3028657,92.23979742157498
3028658,0.14622406289880896
3028659,283.28511375465496
3028660,12.884981705290464
3028661,9.900445364083046
3028662,11.35076243718336
3028663,113.67051188924043
3028664,8.427421420071168
3028665,134.46398637586503
3028666,294.4538485579832
3028667,6.740459170507165
3028668,12.004996970599223
3028669,100.18195052622778
3028670,50.832961913793326
3028671,1559.9097609813882
3028672,0.26677015461240405
3028673,17.481309091044647
3028674,9.5137169047817
3028675,0.0
3028676,1.8852209258333774
3028677,3101.1797662808663
3028678,0.0
3028679,601.6745981824428
3028680,9.095685062682659
3028681,2027.773347352635
3028682,549.823530134176
3028683,181.10818606878837
3028684,181.1629970558753
3028685,57.05661303394129
3028686,5252.112540427244
3028687,36.211517009111944
3028688,1.4113851750877184
3028689,23.162716969053616
3028690,13.598410037957072
3028691,0.4073902329538223
3028692,314.90574808537997
3028693,3.325729499172312
3028694,15.282458207430206
3028695,6.00367235753302
3028696,58.88868528993422
3028697,1.9651595315545398
3028698,158.65128820462598
3028699,264.16947976974956
3028700,7.781129995888019
3028701,8.891046828471303
3028702,211.2668659169267
3028703,41.77604112095784
3028704,1334.1400983536303
3028705,2.628190231610382
3028706,12.899943962899838
3028707,3.4505902323975253
3028708,0.289581596901842
3028709,3.0541367872308736
3028710,1627.510929304129
3028711,0.0
3028712,265.8240605267718
3028713,7.23906599827867
3028714,681.4587300711958
3028715,543.1539012980551
3028716,149.49211674283853
3028717,103.58290576768887
3028718,65.09056551353223
3028719,2567.811171927883
3028720,18.27830749877265
3028721,1.121768258786735
3028722,7.623996242170012
3028723,17.32701924361359
3028724,0.4036019657571287
3028725,176.57715974392497
3028726,11.336222265151003
3028727,14.728424308556841
3028728,2.1147264846473908
3028729,74.17762908481448
3028730,4.162955517348504
3028731,291.87842514430605
3028732,143.82783885475894
3028733,6.316033039135928
3028734,6.507452962211946
3028735,235.56432880244319
3028736,23.263102582828456
3028737,1460.628781545864
3028738,0.0
3028739,14.836672213121826
3028740,3.850008970953061
3028741,0.0
3028742,2.706874829438475
3028743,4119.146149206865
3028744,0.0
3028745,353.3701943052972
3028746,6.984222470334288
3028747,1909.1581053894283
3028748,536.9410642411393
3028749,269.87537668731187
3028750,145.2983405776474
3028751,78.37773998776333
3028752,5222.630623071289
3028753,12.813996252922854
3028754,2.1185888471494128
3028755,27.81682327333512
3028756,22.272660141162675
3028757,0.2603080378653341
3028758,420.68345627241416
3028759,0.0
3028760,0.22138567251519375
3028761,9.760532220688455
3028762,43.38499626925261
3028763,1.1371277863016662
3028764,155.2911923932245
3028765,237.19373593975558
3028766,3.2556065697154515
3028767,10.726702272462612
3028768,162.15116286922324
3028769,48.691451056553944
3028770,988.1834413476585
3028771,14.524077583697014
3028772,6.349999429497157
3028773,5.558268070304231
3028774,0.09605408567463732
3028775,6.092668872563213
3028776,2228.2942228100933
3028777,0.0
3028778,390.4671832348383
3028779,14.325056187985611
3028780,1238.3323714687901
3028781,594.8639336489042
3028782,209.1723034782903
3028783,116.30106911651389
3028784,138.62438722539832
3028785,3438.3979700295567
3028786,39.078734016277345
3028787,0.9901507887280376
3028788,19.669341968928475
3028789,35.12245753307567
3028790,0.4692445781605747
3028791,205.31397314220095
3028792,13.552588937678202
3028793,13.076571063671032
3028794,7.7973750129661425
3028795,115.86851578153606
3028796,7.30639391952397
3028797,181.72415707374967
3028798,334.51510668479585
3028799,12.920086134409072
3028800,6.556743472948417
3028801,167.7267638511517
3028802,49.66124150563109
3028803,1795.1100823254237
3028804,0.717227051762244
3028805,6.8311105095317375
3028806,3.1371951847965818
3028807,0.0
3028808,3.985214910580439
3028809,2179.6460439133025
3028810,0.0
3028811,398.84239368639214
3028812,11.017810737559056
3028813,707.3626015171477
3028814,714.885402268131
3028815,149.04374901029001
3028816,123.96014868130182
3028817,110.88575569918198
3028818,2910.5966621326743
3028819,33.144437686230766
3028820,0.6601841065923565
3028821,19.651876853667037
3028822,17.72681288873222
3028823,0.1769009185766269
3028824,178.0346568043516
3028825,15.248972669336682
3028826,33.48060564651547
3028827,5.472068362503475
3028828,67.69732074246468
3028829,7.866416192755347
3028830,224.10902077328072
3028831,171.25368867208942
3028832,8.49948523569379
3028833,8.304017576425796
3028834,187.73061453404696
3028835,40.84429445545598
3028836,2028.0763520170578
3028837,0.0
3028838,12.963346403188313
3028839,4.417282472194129
3028840,0.21592583110830138
3028841,3.3899289208695853
3028842,4717.164363994316
3028843,0.0
3028844,508.103520118985
3028845,15.08999978687903
3028846,1197.9447662430107
3028847,561.4680821777725
3028848,244.91667895673672
3028849,216.54182216085323
3028850,61.59647753199917
3028851,4598.169159893266
3028852,9.181178504647304
3028853,0.014413001933716656
3028854,7.612191617710438
3028855,16.832717214226335
3028856,0.1735333944431236
3028857,238.32632525636856
3028858,0.0
3028859,9.616084238884113
3028860,0.8834062486378825
3028861,87.58099653181523
3028862,2.8982634766985242
3028863,257.9626830182808
3028864,291.4630737252237
3028865,2.659244497948673
3028866,2.4973410751339467
3028867,222.83956104438553
3028868,140.64432659834847
3028869,1112.8459929791936
3028870,9.469233350374086
3028871,1.58344820083582
3028872,14.38210349590383
3028873,0.0
3028874,12.057047587253837
3028875,7139.926002320352
3028876,0.0
3028877,1256.0011995125747
3028878,36.234617359240225
3028879,2201.8518309961505
3028880,1803.736431098818
3028881,432.72809669374885
3028882,472.94099150869295
3028883,394.81905579423216
3028884,7432.107198090709
3028885,90.71368133012061
3028886,3.807971046803212
3028887,112.50946341661883
3028888,121.13917202491315
3028889,0.0
3028890,531.9538680232624
3028891,24.139902408229585
3028892,15.696012877154248
3028893,17.614208006871014
3028894,341.14838669850946
3028895,20.632976385340186
3028896,650.7366497047046
3028897,365.6193299364814
3028898,38.39519835784839
3028899,30.03508191575653
3028900,875.8530241358394
3028901,236.3283342149667
3028902,6382.168610112025
3028903,104.68933461949909
3028904,61.45691624569031
3028905,12.325653598580832
3028906,0.0
3028907,10.827127355971212
3028908,6271.448502476813
3028909,0.0
3028910,877.0352140492238
3028911,30.40002131604183
3028912,2199.7634435760488
3028913,1695.7276297042563
3028914,523.4584599963533
3028915,278.9992245085131
3028916,256.12120673138725
3028917,8630.885394591603
3028918,149.55146652510896
3028919,1.4921227969444437
3028920,32.90126920215282
3028921,78.61394241229279
3028922,0.7480810125218625
3028923,522.3131586973711
3028924,16.08412546293518
3028925,26.523951524427964
3028926,5.6971717960700765
3028927,204.78123896062897
3028928,13.739175628919655
3028929,824.768934473883
3028930,516.1648369389026
3028931,18.793325332143866
3028932,24.642734063396937
3028933,899.3125733190786
3028934,154.52871582767818
3028935,4376.9385034362285
3028936,187.37035795088215
3028937,57.90231907225967
3028938,11.483059180598675
3028939,0.0
3028940,14.466264937056351
3028941,4389.9567746243865
3028942,0.05813385949965298
3028943,692.4954967128318
3028944,12.725263758070485
3028945,2067.471770599243
3028946,1259.2242852282538
3028947,632.5602280279866
3028948,125.15533639720921
3028949,214.4482010402142
3028950,8000.039921541433
3028951,52.963447204175274
3028952,1.9551834283984109
3028953,30.752955894652473
3028954,24.082863649506056
3028955,0.1791820281822114
3028956,505.17753672167464
3028957,16.826529077672213
3028958,15.149234463254258
3028959,8.338625001495856
3028960,122.14733381543998
3028961,7.537025709903444
3028962,817.3682516079754
3028963,584.4038939858343
3028964,22.372621087957974
3028965,42.63894725733637
3028966,560.2493997656345
3028967,89.82017160667533
3028968,1976.758860891685
3028969,125.03825703912688
3028970,30.60787234841423
3028971,12.32156693001159
3028972,0.0
3028973,13.732006823047186
3028974,6031.226602601225
3028975,0.0
3028976,892.8123152735146
3028977,25.926803060922072
3028978,2047.4768567530064
3028979,1668.4780169387877
3028980,515.140861565779
3028981,266.5179131668165
3028982,216.85362718932365
3028983,8469.925885095376
3028984,51.992828018350004
3028985,1.991835794573532
3028986,44.93435896481276
3028987,82.66205197804173
3028988,1.2867734455328892
3028989,514.3915548472073
3028990,19.863531121000626
3028991,26.836783184208155
3028992,4.549118789053704
3028993,188.56536118392788
3028994,9.367966704900693
3028995,700.1087418423783
3028996,507.2175446888712
3028997,24.637674895160018
3028998,20.714582773026855
3028999,857.4897505366715
3029000,135.21306456376706
3029001,3893.4847873102776
3029002,146.2910811623895
3029003,47.93571130188286
3029004,12.372418105107599
3029005,0.0
3029006,17.510879170372068
3029007,3256.3412366470184
3029008,0.0549751054551758
3029009,621.144374116809
3029010,12.652749993015158
3029011,1880.115190859244
3029012,1028.7899466005208
3029013,518.045949073245
3029014,87.49274839354892
3029015,148.45100559984084
3029016,7013.0043200489035
3029017,47.677895174905764
3029018,0.8961516788267772
3029019,17.66880626684218
3029020,50.22437202558802
3029021,0.6174590269392252
3029022,494.2026516146912
3029023,13.151803705510941
3029024,8.47935843436076
3029025,2.352727940918541
3029026,115.3564961307433
3029027,3.9331476520892337
3029028,708.9972590246649
3029029,560.3239278283492
3029030,16.536170340701723
3029031,17.16744855228777
3029032,705.5391564458082
3029033,51.57615185675708
3029034,1362.806584646728
3029035,110.37451827652478
3029036,14.347887213089015
3029037,11.652836012385052
3029038,0.0
3029039,8.150949101003283
3029040,5060.7884772963
3029041,0.0
3029042,885.8930138181913
3029043,23.24335842239779
3029044,1629.8931010772822
3029045,1701.0050938447982
3029046,361.5463154999508
3029047,387.83584193631833
3029048,277.83892488612616
3029049,6279.906514365751
3029050,80.06476764394581
3029051,1.9926284264011533
3029052,55.706884504935346
3029053,65.90617877383649
3029054,0.7346451079562751
3029055,367.57452178343664
3029056,12.755923998860984
3029057,20.771049942055107
3029058,9.05983051171425
3029059,257.26586542185345
3029060,15.807341540282053
3029061,627.0345452095813
3029062,379.1998135162819
3029063,18.70767947865459
3029064,23.760984730832455
3029065,789.19180653413
3029066,140.93945708317128
3029067,5612.664903377672
3029068,107.72682047454191
3029069,50.963861993366
3029070,7.164233160637279
3029071,0.21562150059579527
3029072,5.357736626426421
3029073,1559.30042460523
3029074,0.0
3029075,294.0494694073278
3029076,21.164387564951625
3029077,930.2390430846879
3029078,485.2399891633419
3029079,197.3484971601746
3029080,73.7263415883171
3029081,89.84975999079865
3029082,2722.1278441004283
3029083,45.46472396667282
3029084,1.5879614857071023
3029085,21.696074373071184
3029086,25.490581574157112
3029087,0.40568163572477234
3029088,192.9699901822373
3029089,10.320588963410309
3029090,4.028505892446637
3029091,10.997491438281214
3029092,58.59459077780562
3029093,5.6908558883025036
3029094,214.25699473842155
3029095,195.25886105134884
3029096,2.733429588023369
3029097,6.492282331651978
3029098,182.95517366754154
3029099,45.59329389267516
3029100,1345.9330043296657
3029101,0.8866985405542597
3029102,13.477948772964687
3029103,8.013369641782242
3029104,0.0
3029105,10.877934413147559
3029106,3450.2649140565018
3029107,0.005067007397775503
3029108,469.73062691418903
3029109,26.697723192058834
3029110,1490.6042849191217
3029111,929.010073274821
3029112,402.7842268023605
3029113,89.58011219662671
3029114,146.15811172746643
3029115,5744.774556663096
3029116,108.95259895390828
3029117,1.2268294327821165
3029118,47.97189867528453
3029119,42.646534863806366
3029120,0.6003905417087548
3029121,390.158759853064
3029122,12.519338595021791
3029123,0.0
3029124,3.0799076339790403
3029125,139.78390568026538
3029126,5.938449117359805
3029127,467.3585751128918
3029128,408.0618469763881
3029129,11.264175727481161
3029130,17.92345812781639
3029131,322.8925948672922
3029132,60.7564956301346
3029133,1692.7880294600934
3029134,108.8845043125956
3029135,18.680633601671268
3029136,7.730202000523105
3029137,0.0
3029138,2.765550078975219
3029139,3608.7688215164985
3029140,0.0
3029141,684.2839063974511
3029142,9.504911847976613
3029143,1198.6633972623395
3029144,1257.9706451359693
3029145,214.90246826413377
3029146,280.5678936903954
3029147,226.4526035057936
3029148,4188.43363465604
3029149,41.164126418864555
3029150,1.5630746681716645
3029151,26.553207554566164
3029152,42.8308445357551
3029153,0.8371448471310288
3029154,259.8252058735327
3029155,1.9284459325746004
3029156,31.989780127262723
3029157,6.00366566630656
3029158,134.42357142126247
3029159,7.1997981870964445
3029160,501.3489170041582
3029161,205.03280818263593
3029162,18.898618270359695
3029163,6.2694218335799485
3029164,497.73998912894973
3029165,92.03298859314957
3029166,4300.779992565317
3029167,19.966231341194714
3029168,36.651928329188564
3029169,16.818291613026965
3029170,0.0
3029171,10.768441711094662
3029172,6012.207025456955
3029173,0.0
3029174,1089.5918219167309
3029175,15.75773128269857
3029176,2261.414084331145
3029177,1539.2169951808407
3029178,487.5672173781273
3029179,273.0635334197165
3029180,460.91086487972314
3029181,8214.61173438507
3029182,64.65446346237742
3029183,4.437440618072432
3029184,86.90896908897994
3029185,67.86919343101538
3029186,1.189759626122434
3029187,491.15688711152256
3029188,12.647336979811655
3029189,78.60883344734515
3029190,10.869889327761
3029191,302.1630427697661
3029192,13.352667323624678
3029193,655.1035222189076
3029194,489.6502367947373
3029195,21.37678600151048
3029196,36.71948684395386
3029197,640.1206286016944
3029198,179.64215403679208
3029199,6391.152202847607
3029200,19.748362070032034
3029201,13.438053970461551
3029202,8.82306066196147
3029203,0.05221635506988598
3029204,2.352849607088477
3029205,1736.3540681399083
3029206,0.0
3029207,378.84623253247594
3029208,8.37934354692998
3029209,820.0916147040663
3029210,400.4577427260429
3029211,200.73594643899665
3029212,75.10538799001257
3029213,101.0579340556841
3029214,2729.880074919801
3029215,13.274361904694828
3029216,1.5766797769513827
3029217,20.264128925695506
3029218,24.837437432216305
3029219,0.0
3029220,156.56109135261732
3029221,3.8863732142291676
3029222,3.0234985870709545
3029223,7.761954803242038
3029224,88.79461089365478
3029225,2.1543050858620267
3029226,225.37846897559314
3029227,193.49021145687146
3029228,5.411579231068939
3029229,5.959443728335742
3029230,152.05863479628488
3029231,39.70254104376436
3029232,1444.1326315014455
3029233,0.0
3029234,1.5626732481716359
3029235,4.765900865873405
3029236,0.0
3029237,2.1205978987211247
3029238,2743.776809621746
3029239,0.0
3029240,181.5682032857304
3029241,3.2767288192520367
3029242,1061.6118139178654
3029243,194.1621365837165
3029244,196.86439701912462
3029245,53.12949544091936
3029246,26.86923470149491
3029247,2708.1983276136834
3029248,7.626835456609225
3029249,0.42151834266882965
3029250,16.04183993339305
3029251,11.256453663483457
3029252,0.3772722492715282
3029253,181.96250510413935
3029254,0.0
3029255,0.0
3029256,3.485206293783113
3029257,24.705939260785765
3029258,0.4902361099913865
3029259,59.34635076178509
3029260,140.06718600461923
3029261,0.05881728494095407
3029262,0.5900222407588649
3029263,58.33011765368876
3029264,82.96073529164713
3029265,499.10085602424397
3029266,2.674792574765292
3029267,3.2733761064857827
3029268,4.95590181353128
3029269,0.1246644145959511
3029270,5.4007777983892495
3029271,2313.9097251244016
3029272,0.0029887358203765525
3029273,426.7374994253852
3029274,14.047360291266784
3029275,1086.0847580465877
3029276,723.7612418379609
3029277,265.0640783826299
3029278,132.60936899308177
3029279,115.16349973201598
3029280,3954.9820033615656
3029281,36.191261859983435
3029282,1.0217427274672903
3029283,18.288266597913903
3029284,58.489897213602816
3029285,0.21301661673902528
3029286,261.3415022538239
3029287,13.586078097358211
3029288,10.033907646204376
3029289,8.16217842812545
3029290,82.28152601538471
3029291,4.9528213957513465
3029292,360.70793080047866
3029293,251.77255512438825
3029294,8.101345296660003
3029295,11.177869930258632
3029296,388.0871477042457
3029297,52.958248681713435
3029298,1788.7144152690269
3029299,0.0
3029300,21.4228154235652
3029301,5.809131346871257
3029302,0.06209321664911888
3029303,5.0024559567297855
3029304,3374.2876589772786
3029305,0.07987590318766086
3029306,602.44921367551
3029307,19.36049306816065
3029308,1016.1501299851085
3029309,1129.2031547476947
3029310,159.5260290043203
3029311,239.28006607007862
3029312,193.80475717109357
3029313,3548.336846234973
3029314,48.262368861957164
3029315,2.025915054236922
3029316,26.443694397311408
3029317,26.605262672351767
3029318,1.0700308536558527
3029319,214.36546144448886
3029320,15.111479033562576
3029321,34.59293996505107
3029322,9.19061634166182
3029323,166.73524870583927
3029324,7.894327534718516
3029325,399.6773869324841
3029326,222.76247577831825
3029327,8.933819742419125
3029328,13.003618187830906
3029329,530.763927465144
3029330,101.34357666368365
3029331,4210.759221878706
3029332,0.37883269897154687
3029333,35.108333085076154
3029334,3.7940131890759465
3029335,0.24831443363948263
3029336,8.130579881727796
3029337,3296.952377570751
3029338,0.0
3029339,645.529408623019
3029340,23.363042403174802
3029341,1039.5292275339182
3029342,1093.6355139291275
3029343,217.7811964808354
3029344,241.10922895403067
3029345,130.30382384411774
3029346,4031.7765684045953
3029347,36.03596122239775
3029348,3.071402931606332
3029349,30.814580018396793
3029350,42.01744558100376
3029351,0.730351951455454
3029352,268.5173319097773
3029353,14.695537758501365
3029354,26.295475087905984
3029355,26.200800825473443
3029356,142.03183951488694
3029357,16.770509382827434
3029358,339.43037986122783
3029359,241.68824673224938
3029360,18.029658683841976
3029361,17.01396927574674
3029362,416.3737717553928
3029363,115.38259274167723
3029364,3192.342559906432
3029365,0.5993289573390632
3029366,29.65348884013448
3029367,13.561573788667431
3029368,0.5801857252678364
3029369,6.584323239420819
3029370,2953.371901572734
3029371,0.0
3029372,436.905000852512
3029373,15.760167865918762
3029374,1585.0858705492099
3029375,668.7967579049066
3029376,493.89315969801095
3029377,148.89828377184168
3029378,81.01509058589886
3029379,6413.293304826033
3029380,17.293047788666435
3029381,1.7578889241832538
3029382,13.10996050199967
3029383,35.09532079735475
3029384,0.22750752019928308
3029385,404.41169735627204
3029386,11.25392202991837
3029387,3.6252984881051558
3029388,4.808514375156269
3029389,50.627079186934154
3029390,1.8772348441937976
3029391,522.2985573242307
3029392,404.73797571146565
3029393,7.48835284033092
3029394,7.3090474903829685
3029395,349.3629705486731
3029396,92.8813115105478
3029397,1176.9781054737985
3029398,44.784437123049145
3029399,15.730837632334717
